indicator,geo,geo_name,time,component,value,flag,unit
cedefop-esi,AT,Austria,2017,activity-rate-aged-20-24,84.25,,score (0–100)
cedefop-esi,AT,Austria,2018,activity-rate-aged-20-24,84.5,,score (0–100)
cedefop-esi,AT,Austria,2019,activity-rate-aged-20-24,80.75,,score (0–100)
cedefop-esi,AT,Austria,2020,activity-rate-aged-20-24,81.5,,score (0–100)
cedefop-esi,AT,Austria,2021,activity-rate-aged-20-24,84.75,,score (0–100)
cedefop-esi,AT,Austria,2022,activity-rate-aged-20-24,83.75,,score (0–100)
cedefop-esi,AT,Austria,2023,activity-rate-aged-20-24,84.5,,score (0–100)
cedefop-esi,AT,Austria,2024,activity-rate-aged-20-24,89.25,,score (0–100)
cedefop-esi,BE,Belgium,2017,activity-rate-aged-20-24,27.5,,score (0–100)
cedefop-esi,BE,Belgium,2018,activity-rate-aged-20-24,20.25,,score (0–100)
cedefop-esi,BE,Belgium,2019,activity-rate-aged-20-24,17.75,,score (0–100)
cedefop-esi,BE,Belgium,2020,activity-rate-aged-20-24,18.75,,score (0–100)
cedefop-esi,BE,Belgium,2021,activity-rate-aged-20-24,22.5,,score (0–100)
cedefop-esi,BE,Belgium,2022,activity-rate-aged-20-24,13.5,,score (0–100)
cedefop-esi,BE,Belgium,2023,activity-rate-aged-20-24,18.5,,score (0–100)
cedefop-esi,BE,Belgium,2024,activity-rate-aged-20-24,19.0,,score (0–100)
cedefop-esi,BG,Bulgaria,2017,activity-rate-aged-20-24,5.25,,score (0–100)
cedefop-esi,BG,Bulgaria,2018,activity-rate-aged-20-24,0.0,,score (0–100)
cedefop-esi,BG,Bulgaria,2019,activity-rate-aged-20-24,9.75,,score (0–100)
cedefop-esi,BG,Bulgaria,2020,activity-rate-aged-20-24,2.25,,score (0–100)
cedefop-esi,BG,Bulgaria,2021,activity-rate-aged-20-24,6.0,,score (0–100)
cedefop-esi,BG,Bulgaria,2022,activity-rate-aged-20-24,0.0,,score (0–100)
cedefop-esi,BG,Bulgaria,2023,activity-rate-aged-20-24,0.0,,score (0–100)
cedefop-esi,BG,Bulgaria,2024,activity-rate-aged-20-24,2.0,,score (0–100)
cedefop-esi,CH,Switzerland,2017,activity-rate-aged-20-24,95.75,,score (0–100)
cedefop-esi,CH,Switzerland,2018,activity-rate-aged-20-24,97.75,,score (0–100)
cedefop-esi,CH,Switzerland,2019,activity-rate-aged-20-24,99.75,,score (0–100)
cedefop-esi,CH,Switzerland,2020,activity-rate-aged-20-24,97.5,,score (0–100)
cedefop-esi,CH,Switzerland,2021,activity-rate-aged-20-24,92.25,,score (0–100)
cedefop-esi,CH,Switzerland,2022,activity-rate-aged-20-24,89.75,,score (0–100)
cedefop-esi,CH,Switzerland,2023,activity-rate-aged-20-24,92.25,,score (0–100)
cedefop-esi,CH,Switzerland,2024,activity-rate-aged-20-24,88.5,,score (0–100)
cedefop-esi,CY,Cyprus,2017,activity-rate-aged-20-24,61.25,,score (0–100)
cedefop-esi,CY,Cyprus,2018,activity-rate-aged-20-24,54.75,,score (0–100)
cedefop-esi,CY,Cyprus,2019,activity-rate-aged-20-24,54.0,,score (0–100)
cedefop-esi,CY,Cyprus,2020,activity-rate-aged-20-24,63.5,,score (0–100)
cedefop-esi,CY,Cyprus,2021,activity-rate-aged-20-24,59.25,,score (0–100)
cedefop-esi,CY,Cyprus,2022,activity-rate-aged-20-24,60.0,,score (0–100)
cedefop-esi,CY,Cyprus,2023,activity-rate-aged-20-24,72.75,,score (0–100)
cedefop-esi,CY,Cyprus,2024,activity-rate-aged-20-24,74.25,,score (0–100)
cedefop-esi,CZ,Czechia,2017,activity-rate-aged-20-24,30.25,,score (0–100)
cedefop-esi,CZ,Czechia,2018,activity-rate-aged-20-24,32.0,,score (0–100)
cedefop-esi,CZ,Czechia,2019,activity-rate-aged-20-24,33.0,,score (0–100)
cedefop-esi,CZ,Czechia,2020,activity-rate-aged-20-24,31.75,,score (0–100)
cedefop-esi,CZ,Czechia,2021,activity-rate-aged-20-24,30.75,,score (0–100)
cedefop-esi,CZ,Czechia,2022,activity-rate-aged-20-24,23.25,,score (0–100)
cedefop-esi,CZ,Czechia,2023,activity-rate-aged-20-24,23.75,,score (0–100)
cedefop-esi,CZ,Czechia,2024,activity-rate-aged-20-24,26.0,,score (0–100)
cedefop-esi,DE,Germany,2017,activity-rate-aged-20-24,71.0,,score (0–100)
cedefop-esi,DE,Germany,2018,activity-rate-aged-20-24,70.25,,score (0–100)
cedefop-esi,DE,Germany,2019,activity-rate-aged-20-24,72.0,,score (0–100)
cedefop-esi,DE,Germany,2020,activity-rate-aged-20-24,74.25,,score (0–100)
cedefop-esi,DE,Germany,2021,activity-rate-aged-20-24,77.5,,score (0–100)
cedefop-esi,DE,Germany,2022,activity-rate-aged-20-24,76.5,,score (0–100)
cedefop-esi,DE,Germany,2023,activity-rate-aged-20-24,78.75,,score (0–100)
cedefop-esi,DE,Germany,2024,activity-rate-aged-20-24,84.0,,score (0–100)
cedefop-esi,DK,Denmark,2017,activity-rate-aged-20-24,75.5,,score (0–100)
cedefop-esi,DK,Denmark,2018,activity-rate-aged-20-24,73.5,,score (0–100)
cedefop-esi,DK,Denmark,2019,activity-rate-aged-20-24,76.5,,score (0–100)
cedefop-esi,DK,Denmark,2020,activity-rate-aged-20-24,77.5,,score (0–100)
cedefop-esi,DK,Denmark,2021,activity-rate-aged-20-24,81.0,,score (0–100)
cedefop-esi,DK,Denmark,2022,activity-rate-aged-20-24,79.0,,score (0–100)
cedefop-esi,DK,Denmark,2023,activity-rate-aged-20-24,82.75,,score (0–100)
cedefop-esi,DK,Denmark,2024,activity-rate-aged-20-24,88.0,,score (0–100)
cedefop-esi,EE,Estonia,2017,activity-rate-aged-20-24,57.75,,score (0–100)
cedefop-esi,EE,Estonia,2018,activity-rate-aged-20-24,64.75,,score (0–100)
cedefop-esi,EE,Estonia,2019,activity-rate-aged-20-24,73.75,,score (0–100)
cedefop-esi,EE,Estonia,2020,activity-rate-aged-20-24,82.75,,score (0–100)
cedefop-esi,EE,Estonia,2021,activity-rate-aged-20-24,78.25,,score (0–100)
cedefop-esi,EE,Estonia,2022,activity-rate-aged-20-24,76.25,,score (0–100)
cedefop-esi,EE,Estonia,2023,activity-rate-aged-20-24,72.0,,score (0–100)
cedefop-esi,EE,Estonia,2024,activity-rate-aged-20-24,86.75,,score (0–100)
cedefop-esi,EL,Greece,2017,activity-rate-aged-20-24,18.5,,score (0–100)
cedefop-esi,EL,Greece,2018,activity-rate-aged-20-24,10.25,,score (0–100)
cedefop-esi,EL,Greece,2019,activity-rate-aged-20-24,12.5,,score (0–100)
cedefop-esi,EL,Greece,2020,activity-rate-aged-20-24,8.25,,score (0–100)
cedefop-esi,EL,Greece,2021,activity-rate-aged-20-24,5.25,,score (0–100)
cedefop-esi,EL,Greece,2022,activity-rate-aged-20-24,2.75,,score (0–100)
cedefop-esi,EL,Greece,2023,activity-rate-aged-20-24,5.25,,score (0–100)
cedefop-esi,EL,Greece,2024,activity-rate-aged-20-24,16.75,,score (0–100)
cedefop-esi,ES,Spain,2017,activity-rate-aged-20-24,41.75,,score (0–100)
cedefop-esi,ES,Spain,2018,activity-rate-aged-20-24,37.25,,score (0–100)
cedefop-esi,ES,Spain,2019,activity-rate-aged-20-24,38.5,,score (0–100)
cedefop-esi,ES,Spain,2020,activity-rate-aged-20-24,37.5,,score (0–100)
cedefop-esi,ES,Spain,2021,activity-rate-aged-20-24,37.5,,score (0–100)
cedefop-esi,ES,Spain,2022,activity-rate-aged-20-24,27.0,,score (0–100)
cedefop-esi,ES,Spain,2023,activity-rate-aged-20-24,33.0,,score (0–100)
cedefop-esi,ES,Spain,2024,activity-rate-aged-20-24,36.5,,score (0–100)
cedefop-esi,FI,Finland,2017,activity-rate-aged-20-24,75.5,,score (0–100)
cedefop-esi,FI,Finland,2018,activity-rate-aged-20-24,74.25,,score (0–100)
cedefop-esi,FI,Finland,2019,activity-rate-aged-20-24,77.25,,score (0–100)
cedefop-esi,FI,Finland,2020,activity-rate-aged-20-24,76.5,,score (0–100)
cedefop-esi,FI,Finland,2021,activity-rate-aged-20-24,77.0,,score (0–100)
cedefop-esi,FI,Finland,2022,activity-rate-aged-20-24,73.0,,score (0–100)
cedefop-esi,FI,Finland,2023,activity-rate-aged-20-24,70.25,,score (0–100)
cedefop-esi,FI,Finland,2024,activity-rate-aged-20-24,72.5,,score (0–100)
cedefop-esi,FR,France,2017,activity-rate-aged-20-24,55.75,,score (0–100)
cedefop-esi,FR,France,2018,activity-rate-aged-20-24,55.5,,score (0–100)
cedefop-esi,FR,France,2019,activity-rate-aged-20-24,55.25,,score (0–100)
cedefop-esi,FR,France,2020,activity-rate-aged-20-24,58.75,,score (0–100)
cedefop-esi,FR,France,2021,activity-rate-aged-20-24,55.5,,score (0–100)
cedefop-esi,FR,France,2022,activity-rate-aged-20-24,50.0,,score (0–100)
cedefop-esi,FR,France,2023,activity-rate-aged-20-24,61.5,,score (0–100)
cedefop-esi,FR,France,2024,activity-rate-aged-20-24,67.0,,score (0–100)
cedefop-esi,HR,Croatia,2017,activity-rate-aged-20-24,27.0,,score (0–100)
cedefop-esi,HR,Croatia,2018,activity-rate-aged-20-24,44.0,,score (0–100)
cedefop-esi,HR,Croatia,2019,activity-rate-aged-20-24,41.5,,score (0–100)
cedefop-esi,HR,Croatia,2020,activity-rate-aged-20-24,30.25,,score (0–100)
cedefop-esi,HR,Croatia,2021,activity-rate-aged-20-24,30.75,,score (0–100)
cedefop-esi,HR,Croatia,2022,activity-rate-aged-20-24,29.0,,score (0–100)
cedefop-esi,HR,Croatia,2023,activity-rate-aged-20-24,29.75,,score (0–100)
cedefop-esi,HR,Croatia,2024,activity-rate-aged-20-24,38.75,,score (0–100)
cedefop-esi,HU,Hungary,2017,activity-rate-aged-20-24,28.5,,score (0–100)
cedefop-esi,HU,Hungary,2018,activity-rate-aged-20-24,33.75,,score (0–100)
cedefop-esi,HU,Hungary,2019,activity-rate-aged-20-24,35.25,,score (0–100)
cedefop-esi,HU,Hungary,2020,activity-rate-aged-20-24,34.5,,score (0–100)
cedefop-esi,HU,Hungary,2021,activity-rate-aged-20-24,34.0,,score (0–100)
cedefop-esi,HU,Hungary,2022,activity-rate-aged-20-24,35.25,,score (0–100)
cedefop-esi,HU,Hungary,2023,activity-rate-aged-20-24,38.5,,score (0–100)
cedefop-esi,HU,Hungary,2024,activity-rate-aged-20-24,34.75,,score (0–100)
cedefop-esi,IE,Ireland,2017,activity-rate-aged-20-24,85.0,,score (0–100)
cedefop-esi,IE,Ireland,2018,activity-rate-aged-20-24,92.5,,score (0–100)
cedefop-esi,IE,Ireland,2019,activity-rate-aged-20-24,80.25,,score (0–100)
cedefop-esi,IE,Ireland,2020,activity-rate-aged-20-24,78.25,,score (0–100)
cedefop-esi,IE,Ireland,2021,activity-rate-aged-20-24,79.75,,score (0–100)
cedefop-esi,IE,Ireland,2022,activity-rate-aged-20-24,67.25,,score (0–100)
cedefop-esi,IE,Ireland,2023,activity-rate-aged-20-24,78.5,,score (0–100)
cedefop-esi,IE,Ireland,2024,activity-rate-aged-20-24,85.5,,score (0–100)
cedefop-esi,IS,Iceland,2017,activity-rate-aged-20-24,100.0,,score (0–100)
cedefop-esi,IS,Iceland,2018,activity-rate-aged-20-24,100.0,,score (0–100)
cedefop-esi,IS,Iceland,2019,activity-rate-aged-20-24,100.0,,score (0–100)
cedefop-esi,IS,Iceland,2020,activity-rate-aged-20-24,100.0,,score (0–100)
cedefop-esi,IS,Iceland,2021,activity-rate-aged-20-24,100.0,,score (0–100)
cedefop-esi,IS,Iceland,2022,activity-rate-aged-20-24,97.25,,score (0–100)
cedefop-esi,IS,Iceland,2023,activity-rate-aged-20-24,96.25,,score (0–100)
cedefop-esi,IS,Iceland,2024,activity-rate-aged-20-24,100.0,,score (0–100)
cedefop-esi,IT,Italy,2017,activity-rate-aged-20-24,10.25,,score (0–100)
cedefop-esi,IT,Italy,2018,activity-rate-aged-20-24,13.75,,score (0–100)
cedefop-esi,IT,Italy,2019,activity-rate-aged-20-24,11.0,,score (0–100)
cedefop-esi,IT,Italy,2020,activity-rate-aged-20-24,10.75,,score (0–100)
cedefop-esi,IT,Italy,2021,activity-rate-aged-20-24,11.0,,score (0–100)
cedefop-esi,IT,Italy,2022,activity-rate-aged-20-24,2.25,,score (0–100)
cedefop-esi,IT,Italy,2023,activity-rate-aged-20-24,7.75,,score (0–100)
cedefop-esi,IT,Italy,2024,activity-rate-aged-20-24,12.0,,score (0–100)
cedefop-esi,LT,Lithuania,2017,activity-rate-aged-20-24,47.0,,score (0–100)
cedefop-esi,LT,Lithuania,2018,activity-rate-aged-20-24,47.75,,score (0–100)
cedefop-esi,LT,Lithuania,2019,activity-rate-aged-20-24,45.75,,score (0–100)
cedefop-esi,LT,Lithuania,2020,activity-rate-aged-20-24,51.5,,score (0–100)
cedefop-esi,LT,Lithuania,2021,activity-rate-aged-20-24,54.0,,score (0–100)
cedefop-esi,LT,Lithuania,2022,activity-rate-aged-20-24,53.0,,score (0–100)
cedefop-esi,LT,Lithuania,2023,activity-rate-aged-20-24,51.75,,score (0–100)
cedefop-esi,LT,Lithuania,2024,activity-rate-aged-20-24,58.75,,score (0–100)
cedefop-esi,LU,Luxembourg,2017,activity-rate-aged-20-24,30.0,,score (0–100)
cedefop-esi,LU,Luxembourg,2018,activity-rate-aged-20-24,19.5,,score (0–100)
cedefop-esi,LU,Luxembourg,2019,activity-rate-aged-20-24,21.75,,score (0–100)
cedefop-esi,LU,Luxembourg,2020,activity-rate-aged-20-24,28.25,,score (0–100)
cedefop-esi,LU,Luxembourg,2021,activity-rate-aged-20-24,31.0,,score (0–100)
cedefop-esi,LU,Luxembourg,2022,activity-rate-aged-20-24,24.5,,score (0–100)
cedefop-esi,LU,Luxembourg,2023,activity-rate-aged-20-24,30.0,,score (0–100)
cedefop-esi,LU,Luxembourg,2024,activity-rate-aged-20-24,16.75,,score (0–100)
cedefop-esi,LV,Latvia,2017,activity-rate-aged-20-24,62.75,,score (0–100)
cedefop-esi,LV,Latvia,2018,activity-rate-aged-20-24,62.25,,score (0–100)
cedefop-esi,LV,Latvia,2019,activity-rate-aged-20-24,67.75,,score (0–100)
cedefop-esi,LV,Latvia,2020,activity-rate-aged-20-24,70.0,,score (0–100)
cedefop-esi,LV,Latvia,2021,activity-rate-aged-20-24,59.5,,score (0–100)
cedefop-esi,LV,Latvia,2022,activity-rate-aged-20-24,63.25,,score (0–100)
cedefop-esi,LV,Latvia,2023,activity-rate-aged-20-24,53.25,,score (0–100)
cedefop-esi,LV,Latvia,2024,activity-rate-aged-20-24,67.5,,score (0–100)
cedefop-esi,MT,Malta,2017,activity-rate-aged-20-24,79.75,,score (0–100)
cedefop-esi,MT,Malta,2018,activity-rate-aged-20-24,78.25,,score (0–100)
cedefop-esi,MT,Malta,2019,activity-rate-aged-20-24,82.0,,score (0–100)
cedefop-esi,MT,Malta,2020,activity-rate-aged-20-24,89.0,,score (0–100)
cedefop-esi,MT,Malta,2021,activity-rate-aged-20-24,92.75,,score (0–100)
cedefop-esi,MT,Malta,2022,activity-rate-aged-20-24,88.0,,score (0–100)
cedefop-esi,MT,Malta,2023,activity-rate-aged-20-24,86.0,,score (0–100)
cedefop-esi,MT,Malta,2024,activity-rate-aged-20-24,98.75,,score (0–100)
cedefop-esi,NL,Netherlands,2017,activity-rate-aged-20-24,90.25,,score (0–100)
cedefop-esi,NL,Netherlands,2018,activity-rate-aged-20-24,87.75,,score (0–100)
cedefop-esi,NL,Netherlands,2019,activity-rate-aged-20-24,87.5,,score (0–100)
cedefop-esi,NL,Netherlands,2020,activity-rate-aged-20-24,86.25,,score (0–100)
cedefop-esi,NL,Netherlands,2021,activity-rate-aged-20-24,89.25,,score (0–100)
cedefop-esi,NL,Netherlands,2022,activity-rate-aged-20-24,85.0,,score (0–100)
cedefop-esi,NL,Netherlands,2023,activity-rate-aged-20-24,100.0,,score (0–100)
cedefop-esi,NL,Netherlands,2024,activity-rate-aged-20-24,100.0,,score (0–100)
cedefop-esi,NO,Norway,2017,activity-rate-aged-20-24,80.25,,score (0–100)
cedefop-esi,NO,Norway,2018,activity-rate-aged-20-24,73.5,,score (0–100)
cedefop-esi,NO,Norway,2019,activity-rate-aged-20-24,71.5,,score (0–100)
cedefop-esi,NO,Norway,2020,activity-rate-aged-20-24,77.5,,score (0–100)
cedefop-esi,NO,Norway,2021,activity-rate-aged-20-24,77.0,,score (0–100)
cedefop-esi,NO,Norway,2022,activity-rate-aged-20-24,78.5,,score (0–100)
cedefop-esi,NO,Norway,2023,activity-rate-aged-20-24,82.5,,score (0–100)
cedefop-esi,NO,Norway,2024,activity-rate-aged-20-24,86.75,,score (0–100)
cedefop-esi,PL,Poland,2017,activity-rate-aged-20-24,38.25,,score (0–100)
cedefop-esi,PL,Poland,2018,activity-rate-aged-20-24,44.5,,score (0–100)
cedefop-esi,PL,Poland,2019,activity-rate-aged-20-24,47.5,,score (0–100)
cedefop-esi,PL,Poland,2020,activity-rate-aged-20-24,50.5,,score (0–100)
cedefop-esi,PL,Poland,2021,activity-rate-aged-20-24,52.5,,score (0–100)
cedefop-esi,PL,Poland,2022,activity-rate-aged-20-24,40.5,,score (0–100)
cedefop-esi,PL,Poland,2023,activity-rate-aged-20-24,38.75,,score (0–100)
cedefop-esi,PL,Poland,2024,activity-rate-aged-20-24,41.75,,score (0–100)
cedefop-esi,PT,Portugal,2017,activity-rate-aged-20-24,42.25,,score (0–100)
cedefop-esi,PT,Portugal,2018,activity-rate-aged-20-24,43.0,,score (0–100)
cedefop-esi,PT,Portugal,2019,activity-rate-aged-20-24,46.25,,score (0–100)
cedefop-esi,PT,Portugal,2020,activity-rate-aged-20-24,46.25,,score (0–100)
cedefop-esi,PT,Portugal,2021,activity-rate-aged-20-24,45.5,,score (0–100)
cedefop-esi,PT,Portugal,2022,activity-rate-aged-20-24,29.75,,score (0–100)
cedefop-esi,PT,Portugal,2023,activity-rate-aged-20-24,28.75,,score (0–100)
cedefop-esi,PT,Portugal,2024,activity-rate-aged-20-24,31.0,,score (0–100)
cedefop-esi,RO,Romania,2017,activity-rate-aged-20-24,23.0,,score (0–100)
cedefop-esi,RO,Romania,2018,activity-rate-aged-20-24,10.75,,score (0–100)
cedefop-esi,RO,Romania,2019,activity-rate-aged-20-24,21.75,,score (0–100)
cedefop-esi,RO,Romania,2020,activity-rate-aged-20-24,19.75,,score (0–100)
cedefop-esi,RO,Romania,2021,activity-rate-aged-20-24,19.75,,score (0–100)
cedefop-esi,RO,Romania,2022,activity-rate-aged-20-24,22.75,,score (0–100)
cedefop-esi,RO,Romania,2023,activity-rate-aged-20-24,16.75,,score (0–100)
cedefop-esi,RO,Romania,2024,activity-rate-aged-20-24,10.5,,score (0–100)
cedefop-esi,SE,Sweden,2017,activity-rate-aged-20-24,80.0,,score (0–100)
cedefop-esi,SE,Sweden,2018,activity-rate-aged-20-24,80.75,,score (0–100)
cedefop-esi,SE,Sweden,2019,activity-rate-aged-20-24,81.0,,score (0–100)
cedefop-esi,SE,Sweden,2020,activity-rate-aged-20-24,78.5,,score (0–100)
cedefop-esi,SE,Sweden,2021,activity-rate-aged-20-24,78.75,,score (0–100)
cedefop-esi,SE,Sweden,2022,activity-rate-aged-20-24,75.25,,score (0–100)
cedefop-esi,SE,Sweden,2023,activity-rate-aged-20-24,82.0,,score (0–100)
cedefop-esi,SE,Sweden,2024,activity-rate-aged-20-24,82.75,,score (0–100)
cedefop-esi,SI,Slovenia,2017,activity-rate-aged-20-24,33.5,,score (0–100)
cedefop-esi,SI,Slovenia,2018,activity-rate-aged-20-24,37.0,,score (0–100)
cedefop-esi,SI,Slovenia,2019,activity-rate-aged-20-24,52.25,,score (0–100)
cedefop-esi,SI,Slovenia,2020,activity-rate-aged-20-24,52.25,,score (0–100)
cedefop-esi,SI,Slovenia,2021,activity-rate-aged-20-24,46.5,,score (0–100)
cedefop-esi,SI,Slovenia,2022,activity-rate-aged-20-24,31.75,,score (0–100)
cedefop-esi,SI,Slovenia,2023,activity-rate-aged-20-24,32.0,,score (0–100)
cedefop-esi,SI,Slovenia,2024,activity-rate-aged-20-24,39.5,,score (0–100)
cedefop-esi,SK,Slovakia,2017,activity-rate-aged-20-24,29.75,,score (0–100)
cedefop-esi,SK,Slovakia,2018,activity-rate-aged-20-24,32.5,,score (0–100)
cedefop-esi,SK,Slovakia,2019,activity-rate-aged-20-24,36.75,,score (0–100)
cedefop-esi,SK,Slovakia,2020,activity-rate-aged-20-24,32.0,,score (0–100)
cedefop-esi,SK,Slovakia,2021,activity-rate-aged-20-24,25.5,,score (0–100)
cedefop-esi,SK,Slovakia,2022,activity-rate-aged-20-24,21.25,,score (0–100)
cedefop-esi,SK,Slovakia,2023,activity-rate-aged-20-24,16.0,,score (0–100)
cedefop-esi,SK,Slovakia,2024,activity-rate-aged-20-24,17.5,,score (0–100)
cedefop-esi,UK,United Kingdom,2017,activity-rate-aged-20-24,91.0,,score (0–100)
cedefop-esi,UK,United Kingdom,2018,activity-rate-aged-20-24,91.25,,score (0–100)
cedefop-esi,UK,United Kingdom,2019,activity-rate-aged-20-24,88.5,,score (0–100)
cedefop-esi,UK,United Kingdom,2020,activity-rate-aged-20-24,88.0,,score (0–100)
cedefop-esi,UK,United Kingdom,2021,activity-rate-aged-20-24,89.75,,score (0–100)
cedefop-esi,UK,United Kingdom,2022,activity-rate-aged-20-24,89.75,,score (0–100)
cedefop-esi,UK,United Kingdom,2023,activity-rate-aged-20-24,89.75,,score (0–100)
cedefop-esi,UK,United Kingdom,2024,activity-rate-aged-20-24,89.75,,score (0–100)
cedefop-esi,AT,Austria,2017,activity-rate-aged-25-54,53.333,,score (0–100)
cedefop-esi,AT,Austria,2018,activity-rate-aged-25-54,56.0,,score (0–100)
cedefop-esi,AT,Austria,2019,activity-rate-aged-25-54,58.0,,score (0–100)
cedefop-esi,AT,Austria,2020,activity-rate-aged-25-54,56.667,,score (0–100)
cedefop-esi,AT,Austria,2021,activity-rate-aged-25-54,60.0,,score (0–100)
cedefop-esi,AT,Austria,2022,activity-rate-aged-25-54,55.333,,score (0–100)
cedefop-esi,AT,Austria,2023,activity-rate-aged-25-54,60.0,,score (0–100)
cedefop-esi,AT,Austria,2024,activity-rate-aged-25-54,64.0,,score (0–100)
cedefop-esi,BE,Belgium,2017,activity-rate-aged-25-54,34.0,,score (0–100)
cedefop-esi,BE,Belgium,2018,activity-rate-aged-25-54,34.0,,score (0–100)
cedefop-esi,BE,Belgium,2019,activity-rate-aged-25-54,32.0,,score (0–100)
cedefop-esi,BE,Belgium,2020,activity-rate-aged-25-54,33.333,,score (0–100)
cedefop-esi,BE,Belgium,2021,activity-rate-aged-25-54,32.0,,score (0–100)
cedefop-esi,BE,Belgium,2022,activity-rate-aged-25-54,30.0,,score (0–100)
cedefop-esi,BE,Belgium,2023,activity-rate-aged-25-54,36.0,,score (0–100)
cedefop-esi,BE,Belgium,2024,activity-rate-aged-25-54,40.667,,score (0–100)
cedefop-esi,BG,Bulgaria,2017,activity-rate-aged-25-54,21.333,,score (0–100)
cedefop-esi,BG,Bulgaria,2018,activity-rate-aged-25-54,13.333,,score (0–100)
cedefop-esi,BG,Bulgaria,2019,activity-rate-aged-25-54,28.667,,score (0–100)
cedefop-esi,BG,Bulgaria,2020,activity-rate-aged-25-54,28.667,,score (0–100)
cedefop-esi,BG,Bulgaria,2021,activity-rate-aged-25-54,38.667,,score (0–100)
cedefop-esi,BG,Bulgaria,2022,activity-rate-aged-25-54,31.333,,score (0–100)
cedefop-esi,BG,Bulgaria,2023,activity-rate-aged-25-54,31.333,,score (0–100)
cedefop-esi,BG,Bulgaria,2024,activity-rate-aged-25-54,39.333,,score (0–100)
cedefop-esi,CH,Switzerland,2017,activity-rate-aged-25-54,68.0,,score (0–100)
cedefop-esi,CH,Switzerland,2018,activity-rate-aged-25-54,70.667,,score (0–100)
cedefop-esi,CH,Switzerland,2019,activity-rate-aged-25-54,69.333,,score (0–100)
cedefop-esi,CH,Switzerland,2020,activity-rate-aged-25-54,72.0,,score (0–100)
cedefop-esi,CH,Switzerland,2021,activity-rate-aged-25-54,75.333,,score (0–100)
cedefop-esi,CH,Switzerland,2022,activity-rate-aged-25-54,74.667,,score (0–100)
cedefop-esi,CH,Switzerland,2023,activity-rate-aged-25-54,71.333,,score (0–100)
cedefop-esi,CH,Switzerland,2024,activity-rate-aged-25-54,66.667,,score (0–100)
cedefop-esi,CY,Cyprus,2017,activity-rate-aged-25-54,52.667,,score (0–100)
cedefop-esi,CY,Cyprus,2018,activity-rate-aged-25-54,45.333,,score (0–100)
cedefop-esi,CY,Cyprus,2019,activity-rate-aged-25-54,50.0,,score (0–100)
cedefop-esi,CY,Cyprus,2020,activity-rate-aged-25-54,48.0,,score (0–100)
cedefop-esi,CY,Cyprus,2021,activity-rate-aged-25-54,55.333,,score (0–100)
cedefop-esi,CY,Cyprus,2022,activity-rate-aged-25-54,52.667,,score (0–100)
cedefop-esi,CY,Cyprus,2023,activity-rate-aged-25-54,51.333,,score (0–100)
cedefop-esi,CY,Cyprus,2024,activity-rate-aged-25-54,62.667,,score (0–100)
cedefop-esi,CZ,Czechia,2017,activity-rate-aged-25-54,57.333,,score (0–100)
cedefop-esi,CZ,Czechia,2018,activity-rate-aged-25-54,59.333,,score (0–100)
cedefop-esi,CZ,Czechia,2019,activity-rate-aged-25-54,60.667,,score (0–100)
cedefop-esi,CZ,Czechia,2020,activity-rate-aged-25-54,62.0,,score (0–100)
cedefop-esi,CZ,Czechia,2021,activity-rate-aged-25-54,60.667,,score (0–100)
cedefop-esi,CZ,Czechia,2022,activity-rate-aged-25-54,58.0,,score (0–100)
cedefop-esi,CZ,Czechia,2023,activity-rate-aged-25-54,58.0,,score (0–100)
cedefop-esi,CZ,Czechia,2024,activity-rate-aged-25-54,61.333,,score (0–100)
cedefop-esi,DE,Germany,2017,activity-rate-aged-25-54,50.667,,score (0–100)
cedefop-esi,DE,Germany,2018,activity-rate-aged-25-54,48.667,,score (0–100)
cedefop-esi,DE,Germany,2019,activity-rate-aged-25-54,48.667,,score (0–100)
cedefop-esi,DE,Germany,2020,activity-rate-aged-25-54,51.333,,score (0–100)
cedefop-esi,DE,Germany,2021,activity-rate-aged-25-54,53.333,,score (0–100)
cedefop-esi,DE,Germany,2022,activity-rate-aged-25-54,48.667,,score (0–100)
cedefop-esi,DE,Germany,2023,activity-rate-aged-25-54,48.0,,score (0–100)
cedefop-esi,DE,Germany,2024,activity-rate-aged-25-54,52.0,,score (0–100)
cedefop-esi,DK,Denmark,2017,activity-rate-aged-25-54,42.667,,score (0–100)
cedefop-esi,DK,Denmark,2018,activity-rate-aged-25-54,40.0,,score (0–100)
cedefop-esi,DK,Denmark,2019,activity-rate-aged-25-54,38.667,,score (0–100)
cedefop-esi,DK,Denmark,2020,activity-rate-aged-25-54,40.667,,score (0–100)
cedefop-esi,DK,Denmark,2021,activity-rate-aged-25-54,43.333,,score (0–100)
cedefop-esi,DK,Denmark,2022,activity-rate-aged-25-54,42.0,,score (0–100)
cedefop-esi,DK,Denmark,2023,activity-rate-aged-25-54,47.333,,score (0–100)
cedefop-esi,DK,Denmark,2024,activity-rate-aged-25-54,52.0,,score (0–100)
cedefop-esi,EE,Estonia,2017,activity-rate-aged-25-54,50.667,,score (0–100)
cedefop-esi,EE,Estonia,2018,activity-rate-aged-25-54,50.667,,score (0–100)
cedefop-esi,EE,Estonia,2019,activity-rate-aged-25-54,55.333,,score (0–100)
cedefop-esi,EE,Estonia,2020,activity-rate-aged-25-54,54.667,,score (0–100)
cedefop-esi,EE,Estonia,2021,activity-rate-aged-25-54,50.0,,score (0–100)
cedefop-esi,EE,Estonia,2022,activity-rate-aged-25-54,52.0,,score (0–100)
cedefop-esi,EE,Estonia,2023,activity-rate-aged-25-54,58.667,,score (0–100)
cedefop-esi,EE,Estonia,2024,activity-rate-aged-25-54,72.0,,score (0–100)
cedefop-esi,EL,Greece,2017,activity-rate-aged-25-54,36.0,,score (0–100)
cedefop-esi,EL,Greece,2018,activity-rate-aged-25-54,36.667,,score (0–100)
cedefop-esi,EL,Greece,2019,activity-rate-aged-25-54,33.333,,score (0–100)
cedefop-esi,EL,Greece,2020,activity-rate-aged-25-54,33.333,,score (0–100)
cedefop-esi,EL,Greece,2021,activity-rate-aged-25-54,36.0,,score (0–100)
cedefop-esi,EL,Greece,2022,activity-rate-aged-25-54,26.667,,score (0–100)
cedefop-esi,EL,Greece,2023,activity-rate-aged-25-54,20.667,,score (0–100)
cedefop-esi,EL,Greece,2024,activity-rate-aged-25-54,35.333,,score (0–100)
cedefop-esi,ES,Spain,2017,activity-rate-aged-25-54,49.333,,score (0–100)
cedefop-esi,ES,Spain,2018,activity-rate-aged-25-54,49.333,,score (0–100)
cedefop-esi,ES,Spain,2019,activity-rate-aged-25-54,46.667,,score (0–100)
cedefop-esi,ES,Spain,2020,activity-rate-aged-25-54,46.0,,score (0–100)
cedefop-esi,ES,Spain,2021,activity-rate-aged-25-54,46.667,,score (0–100)
cedefop-esi,ES,Spain,2022,activity-rate-aged-25-54,36.667,,score (0–100)
cedefop-esi,ES,Spain,2023,activity-rate-aged-25-54,47.333,,score (0–100)
cedefop-esi,ES,Spain,2024,activity-rate-aged-25-54,49.333,,score (0–100)
cedefop-esi,FI,Finland,2017,activity-rate-aged-25-54,44.0,,score (0–100)
cedefop-esi,FI,Finland,2018,activity-rate-aged-25-54,42.0,,score (0–100)
cedefop-esi,FI,Finland,2019,activity-rate-aged-25-54,45.333,,score (0–100)
cedefop-esi,FI,Finland,2020,activity-rate-aged-25-54,52.0,,score (0–100)
cedefop-esi,FI,Finland,2021,activity-rate-aged-25-54,51.333,,score (0–100)
cedefop-esi,FI,Finland,2022,activity-rate-aged-25-54,50.0,,score (0–100)
cedefop-esi,FI,Finland,2023,activity-rate-aged-25-54,52.667,,score (0–100)
cedefop-esi,FI,Finland,2024,activity-rate-aged-25-54,54.0,,score (0–100)
cedefop-esi,FR,France,2017,activity-rate-aged-25-54,50.0,,score (0–100)
cedefop-esi,FR,France,2018,activity-rate-aged-25-54,50.0,,score (0–100)
cedefop-esi,FR,France,2019,activity-rate-aged-25-54,49.333,,score (0–100)
cedefop-esi,FR,France,2020,activity-rate-aged-25-54,50.667,,score (0–100)
cedefop-esi,FR,France,2021,activity-rate-aged-25-54,49.333,,score (0–100)
cedefop-esi,FR,France,2022,activity-rate-aged-25-54,46.0,,score (0–100)
cedefop-esi,FR,France,2023,activity-rate-aged-25-54,53.333,,score (0–100)
cedefop-esi,FR,France,2024,activity-rate-aged-25-54,54.667,,score (0–100)
cedefop-esi,HR,Croatia,2017,activity-rate-aged-25-54,30.0,,score (0–100)
cedefop-esi,HR,Croatia,2018,activity-rate-aged-25-54,13.333,,score (0–100)
cedefop-esi,HR,Croatia,2019,activity-rate-aged-25-54,22.0,,score (0–100)
cedefop-esi,HR,Croatia,2020,activity-rate-aged-25-54,22.667,,score (0–100)
cedefop-esi,HR,Croatia,2021,activity-rate-aged-25-54,24.0,,score (0–100)
cedefop-esi,HR,Croatia,2022,activity-rate-aged-25-54,26.0,,score (0–100)
cedefop-esi,HR,Croatia,2023,activity-rate-aged-25-54,35.333,,score (0–100)
cedefop-esi,HR,Croatia,2024,activity-rate-aged-25-54,40.0,,score (0–100)
cedefop-esi,HU,Hungary,2017,activity-rate-aged-25-54,38.667,,score (0–100)
cedefop-esi,HU,Hungary,2018,activity-rate-aged-25-54,40.667,,score (0–100)
cedefop-esi,HU,Hungary,2019,activity-rate-aged-25-54,46.0,,score (0–100)
cedefop-esi,HU,Hungary,2020,activity-rate-aged-25-54,46.667,,score (0–100)
cedefop-esi,HU,Hungary,2021,activity-rate-aged-25-54,46.667,,score (0–100)
cedefop-esi,HU,Hungary,2022,activity-rate-aged-25-54,41.333,,score (0–100)
cedefop-esi,HU,Hungary,2023,activity-rate-aged-25-54,67.333,,score (0–100)
cedefop-esi,HU,Hungary,2024,activity-rate-aged-25-54,74.0,,score (0–100)
cedefop-esi,IE,Ireland,2017,activity-rate-aged-25-54,13.333,,score (0–100)
cedefop-esi,IE,Ireland,2018,activity-rate-aged-25-54,13.333,,score (0–100)
cedefop-esi,IE,Ireland,2019,activity-rate-aged-25-54,19.333,,score (0–100)
cedefop-esi,IE,Ireland,2020,activity-rate-aged-25-54,21.333,,score (0–100)
cedefop-esi,IE,Ireland,2021,activity-rate-aged-25-54,23.333,,score (0–100)
cedefop-esi,IE,Ireland,2022,activity-rate-aged-25-54,16.667,,score (0–100)
cedefop-esi,IE,Ireland,2023,activity-rate-aged-25-54,28.667,,score (0–100)
cedefop-esi,IE,Ireland,2024,activity-rate-aged-25-54,40.667,,score (0–100)
cedefop-esi,IS,Iceland,2017,activity-rate-aged-25-54,74.667,,score (0–100)
cedefop-esi,IS,Iceland,2018,activity-rate-aged-25-54,81.333,,score (0–100)
cedefop-esi,IS,Iceland,2019,activity-rate-aged-25-54,76.667,,score (0–100)
cedefop-esi,IS,Iceland,2020,activity-rate-aged-25-54,73.333,,score (0–100)
cedefop-esi,IS,Iceland,2021,activity-rate-aged-25-54,73.333,,score (0–100)
cedefop-esi,IS,Iceland,2022,activity-rate-aged-25-54,62.0,,score (0–100)
cedefop-esi,IS,Iceland,2023,activity-rate-aged-25-54,56.0,,score (0–100)
cedefop-esi,IS,Iceland,2024,activity-rate-aged-25-54,64.0,,score (0–100)
cedefop-esi,IT,Italy,2017,activity-rate-aged-25-54,0.0,,score (0–100)
cedefop-esi,IT,Italy,2018,activity-rate-aged-25-54,0.0,,score (0–100)
cedefop-esi,IT,Italy,2019,activity-rate-aged-25-54,0.0,,score (0–100)
cedefop-esi,IT,Italy,2020,activity-rate-aged-25-54,0.0,,score (0–100)
cedefop-esi,IT,Italy,2021,activity-rate-aged-25-54,0.0,,score (0–100)
cedefop-esi,IT,Italy,2022,activity-rate-aged-25-54,0.0,,score (0–100)
cedefop-esi,IT,Italy,2023,activity-rate-aged-25-54,0.0,,score (0–100)
cedefop-esi,IT,Italy,2024,activity-rate-aged-25-54,0.0,,score (0–100)
cedefop-esi,LT,Lithuania,2017,activity-rate-aged-25-54,62.0,,score (0–100)
cedefop-esi,LT,Lithuania,2018,activity-rate-aged-25-54,62.0,,score (0–100)
cedefop-esi,LT,Lithuania,2019,activity-rate-aged-25-54,62.0,,score (0–100)
cedefop-esi,LT,Lithuania,2020,activity-rate-aged-25-54,64.0,,score (0–100)
cedefop-esi,LT,Lithuania,2021,activity-rate-aged-25-54,68.667,,score (0–100)
cedefop-esi,LT,Lithuania,2022,activity-rate-aged-25-54,69.333,,score (0–100)
cedefop-esi,LT,Lithuania,2023,activity-rate-aged-25-54,67.333,,score (0–100)
cedefop-esi,LT,Lithuania,2024,activity-rate-aged-25-54,67.333,,score (0–100)
cedefop-esi,LU,Luxembourg,2017,activity-rate-aged-25-54,51.333,,score (0–100)
cedefop-esi,LU,Luxembourg,2018,activity-rate-aged-25-54,48.0,,score (0–100)
cedefop-esi,LU,Luxembourg,2019,activity-rate-aged-25-54,53.333,,score (0–100)
cedefop-esi,LU,Luxembourg,2020,activity-rate-aged-25-54,56.0,,score (0–100)
cedefop-esi,LU,Luxembourg,2021,activity-rate-aged-25-54,56.667,,score (0–100)
cedefop-esi,LU,Luxembourg,2022,activity-rate-aged-25-54,60.667,,score (0–100)
cedefop-esi,LU,Luxembourg,2023,activity-rate-aged-25-54,61.333,,score (0–100)
cedefop-esi,LU,Luxembourg,2024,activity-rate-aged-25-54,66.0,,score (0–100)
cedefop-esi,LV,Latvia,2017,activity-rate-aged-25-54,50.667,,score (0–100)
cedefop-esi,LV,Latvia,2018,activity-rate-aged-25-54,52.0,,score (0–100)
cedefop-esi,LV,Latvia,2019,activity-rate-aged-25-54,57.333,,score (0–100)
cedefop-esi,LV,Latvia,2020,activity-rate-aged-25-54,60.0,,score (0–100)
cedefop-esi,LV,Latvia,2021,activity-rate-aged-25-54,55.333,,score (0–100)
cedefop-esi,LV,Latvia,2022,activity-rate-aged-25-54,62.0,,score (0–100)
cedefop-esi,LV,Latvia,2023,activity-rate-aged-25-54,47.333,,score (0–100)
cedefop-esi,LV,Latvia,2024,activity-rate-aged-25-54,51.333,,score (0–100)
cedefop-esi,MT,Malta,2017,activity-rate-aged-25-54,11.333,,score (0–100)
cedefop-esi,MT,Malta,2018,activity-rate-aged-25-54,21.333,,score (0–100)
cedefop-esi,MT,Malta,2019,activity-rate-aged-25-54,30.0,,score (0–100)
cedefop-esi,MT,Malta,2020,activity-rate-aged-25-54,40.667,,score (0–100)
cedefop-esi,MT,Malta,2021,activity-rate-aged-25-54,48.667,,score (0–100)
cedefop-esi,MT,Malta,2022,activity-rate-aged-25-54,54.667,,score (0–100)
cedefop-esi,MT,Malta,2023,activity-rate-aged-25-54,63.333,,score (0–100)
cedefop-esi,MT,Malta,2024,activity-rate-aged-25-54,70.667,,score (0–100)
cedefop-esi,NL,Netherlands,2017,activity-rate-aged-25-54,47.333,,score (0–100)
cedefop-esi,NL,Netherlands,2018,activity-rate-aged-25-54,46.0,,score (0–100)
cedefop-esi,NL,Netherlands,2019,activity-rate-aged-25-54,44.667,,score (0–100)
cedefop-esi,NL,Netherlands,2020,activity-rate-aged-25-54,46.667,,score (0–100)
cedefop-esi,NL,Netherlands,2021,activity-rate-aged-25-54,49.333,,score (0–100)
cedefop-esi,NL,Netherlands,2022,activity-rate-aged-25-54,50.667,,score (0–100)
cedefop-esi,NL,Netherlands,2023,activity-rate-aged-25-54,58.0,,score (0–100)
cedefop-esi,NL,Netherlands,2024,activity-rate-aged-25-54,60.667,,score (0–100)
cedefop-esi,NO,Norway,2017,activity-rate-aged-25-54,43.333,,score (0–100)
cedefop-esi,NO,Norway,2018,activity-rate-aged-25-54,42.667,,score (0–100)
cedefop-esi,NO,Norway,2019,activity-rate-aged-25-54,37.333,,score (0–100)
cedefop-esi,NO,Norway,2020,activity-rate-aged-25-54,42.0,,score (0–100)
cedefop-esi,NO,Norway,2021,activity-rate-aged-25-54,42.0,,score (0–100)
cedefop-esi,NO,Norway,2022,activity-rate-aged-25-54,40.0,,score (0–100)
cedefop-esi,NO,Norway,2023,activity-rate-aged-25-54,44.0,,score (0–100)
cedefop-esi,NO,Norway,2024,activity-rate-aged-25-54,44.0,,score (0–100)
cedefop-esi,PL,Poland,2017,activity-rate-aged-25-54,34.0,,score (0–100)
cedefop-esi,PL,Poland,2018,activity-rate-aged-25-54,32.667,,score (0–100)
cedefop-esi,PL,Poland,2019,activity-rate-aged-25-54,32.667,,score (0–100)
cedefop-esi,PL,Poland,2020,activity-rate-aged-25-54,34.667,,score (0–100)
cedefop-esi,PL,Poland,2021,activity-rate-aged-25-54,35.333,,score (0–100)
cedefop-esi,PL,Poland,2022,activity-rate-aged-25-54,37.333,,score (0–100)
cedefop-esi,PL,Poland,2023,activity-rate-aged-25-54,49.333,,score (0–100)
cedefop-esi,PL,Poland,2024,activity-rate-aged-25-54,52.0,,score (0–100)
cedefop-esi,PT,Portugal,2017,activity-rate-aged-25-54,58.667,,score (0–100)
cedefop-esi,PT,Portugal,2018,activity-rate-aged-25-54,60.667,,score (0–100)
cedefop-esi,PT,Portugal,2019,activity-rate-aged-25-54,64.0,,score (0–100)
cedefop-esi,PT,Portugal,2020,activity-rate-aged-25-54,65.333,,score (0–100)
cedefop-esi,PT,Portugal,2021,activity-rate-aged-25-54,68.667,,score (0–100)
cedefop-esi,PT,Portugal,2022,activity-rate-aged-25-54,63.333,,score (0–100)
cedefop-esi,PT,Portugal,2023,activity-rate-aged-25-54,69.333,,score (0–100)
cedefop-esi,PT,Portugal,2024,activity-rate-aged-25-54,74.667,,score (0–100)
cedefop-esi,RO,Romania,2017,activity-rate-aged-25-54,16.667,,score (0–100)
cedefop-esi,RO,Romania,2018,activity-rate-aged-25-54,12.667,,score (0–100)
cedefop-esi,RO,Romania,2019,activity-rate-aged-25-54,22.667,,score (0–100)
cedefop-esi,RO,Romania,2020,activity-rate-aged-25-54,24.0,,score (0–100)
cedefop-esi,RO,Romania,2021,activity-rate-aged-25-54,27.333,,score (0–100)
cedefop-esi,RO,Romania,2022,activity-rate-aged-25-54,28.667,,score (0–100)
cedefop-esi,RO,Romania,2023,activity-rate-aged-25-54,4.0,,score (0–100)
cedefop-esi,RO,Romania,2024,activity-rate-aged-25-54,14.0,,score (0–100)
cedefop-esi,SE,Sweden,2017,activity-rate-aged-25-54,72.667,,score (0–100)
cedefop-esi,SE,Sweden,2018,activity-rate-aged-25-54,72.667,,score (0–100)
cedefop-esi,SE,Sweden,2019,activity-rate-aged-25-54,75.333,,score (0–100)
cedefop-esi,SE,Sweden,2020,activity-rate-aged-25-54,75.333,,score (0–100)
cedefop-esi,SE,Sweden,2021,activity-rate-aged-25-54,75.333,,score (0–100)
cedefop-esi,SE,Sweden,2022,activity-rate-aged-25-54,74.667,,score (0–100)
cedefop-esi,SE,Sweden,2023,activity-rate-aged-25-54,74.0,,score (0–100)
cedefop-esi,SE,Sweden,2024,activity-rate-aged-25-54,77.333,,score (0–100)
cedefop-esi,SI,Slovenia,2017,activity-rate-aged-25-54,72.0,,score (0–100)
cedefop-esi,SI,Slovenia,2018,activity-rate-aged-25-54,70.0,,score (0–100)
cedefop-esi,SI,Slovenia,2019,activity-rate-aged-25-54,79.333,,score (0–100)
cedefop-esi,SI,Slovenia,2020,activity-rate-aged-25-54,80.0,,score (0–100)
cedefop-esi,SI,Slovenia,2021,activity-rate-aged-25-54,82.667,,score (0–100)
cedefop-esi,SI,Slovenia,2022,activity-rate-aged-25-54,82.667,,score (0–100)
cedefop-esi,SI,Slovenia,2023,activity-rate-aged-25-54,81.333,,score (0–100)
cedefop-esi,SI,Slovenia,2024,activity-rate-aged-25-54,86.0,,score (0–100)
cedefop-esi,SK,Slovakia,2017,activity-rate-aged-25-54,48.667,,score (0–100)
cedefop-esi,SK,Slovakia,2018,activity-rate-aged-25-54,50.667,,score (0–100)
cedefop-esi,SK,Slovakia,2019,activity-rate-aged-25-54,44.0,,score (0–100)
cedefop-esi,SK,Slovakia,2020,activity-rate-aged-25-54,43.333,,score (0–100)
cedefop-esi,SK,Slovakia,2021,activity-rate-aged-25-54,43.333,,score (0–100)
cedefop-esi,SK,Slovakia,2022,activity-rate-aged-25-54,39.333,,score (0–100)
cedefop-esi,SK,Slovakia,2023,activity-rate-aged-25-54,58.667,,score (0–100)
cedefop-esi,SK,Slovakia,2024,activity-rate-aged-25-54,65.333,,score (0–100)
cedefop-esi,UK,United Kingdom,2017,activity-rate-aged-25-54,38.667,,score (0–100)
cedefop-esi,UK,United Kingdom,2018,activity-rate-aged-25-54,40.667,,score (0–100)
cedefop-esi,UK,United Kingdom,2019,activity-rate-aged-25-54,43.333,,score (0–100)
cedefop-esi,UK,United Kingdom,2020,activity-rate-aged-25-54,46.0,,score (0–100)
cedefop-esi,UK,United Kingdom,2021,activity-rate-aged-25-54,48.0,,score (0–100)
cedefop-esi,UK,United Kingdom,2022,activity-rate-aged-25-54,48.0,,score (0–100)
cedefop-esi,UK,United Kingdom,2023,activity-rate-aged-25-54,48.0,,score (0–100)
cedefop-esi,UK,United Kingdom,2024,activity-rate-aged-25-54,48.0,,score (0–100)
cedefop-esi,AT,Austria,2017,basic-education,60.2,,score (0–100)
cedefop-esi,AT,Austria,2018,basic-education,60.532,,score (0–100)
cedefop-esi,AT,Austria,2019,basic-education,59.475,,score (0–100)
cedefop-esi,AT,Austria,2020,basic-education,60.15,,score (0–100)
cedefop-esi,AT,Austria,2021,basic-education,61.316,,score (0–100)
cedefop-esi,AT,Austria,2022,basic-education,60.899,,score (0–100)
cedefop-esi,AT,Austria,2023,basic-education,59.007,,score (0–100)
cedefop-esi,AT,Austria,2024,basic-education,58.504,,score (0–100)
cedefop-esi,BE,Belgium,2017,basic-education,52.972,,score (0–100)
cedefop-esi,BE,Belgium,2018,basic-education,53.095,,score (0–100)
cedefop-esi,BE,Belgium,2019,basic-education,53.882,,score (0–100)
cedefop-esi,BE,Belgium,2020,basic-education,54.818,,score (0–100)
cedefop-esi,BE,Belgium,2021,basic-education,55.137,,score (0–100)
cedefop-esi,BE,Belgium,2022,basic-education,55.18,,score (0–100)
cedefop-esi,BE,Belgium,2023,basic-education,56.893,,score (0–100)
cedefop-esi,BE,Belgium,2024,basic-education,56.55,,score (0–100)
cedefop-esi,BG,Bulgaria,2017,basic-education,41.425,,score (0–100)
cedefop-esi,BG,Bulgaria,2018,basic-education,42.624,,score (0–100)
cedefop-esi,BG,Bulgaria,2019,basic-education,43.287,,score (0–100)
cedefop-esi,BG,Bulgaria,2020,basic-education,42.966,,score (0–100)
cedefop-esi,BG,Bulgaria,2021,basic-education,43.094,,score (0–100)
cedefop-esi,BG,Bulgaria,2022,basic-education,44.613,,score (0–100)
cedefop-esi,BG,Bulgaria,2023,basic-education,44.508,,score (0–100)
cedefop-esi,BG,Bulgaria,2024,basic-education,45.193,,score (0–100)
cedefop-esi,CH,Switzerland,2017,basic-education,76.868,,score (0–100)
cedefop-esi,CH,Switzerland,2018,basic-education,75.699,,score (0–100)
cedefop-esi,CH,Switzerland,2019,basic-education,74.674,,score (0–100)
cedefop-esi,CH,Switzerland,2020,basic-education,73.934,,score (0–100)
cedefop-esi,CH,Switzerland,2021,basic-education,74.901,,score (0–100)
cedefop-esi,CH,Switzerland,2022,basic-education,75.296,,score (0–100)
cedefop-esi,CH,Switzerland,2023,basic-education,73.549,,score (0–100)
cedefop-esi,CH,Switzerland,2024,basic-education,71.945,,score (0–100)
cedefop-esi,CY,Cyprus,2017,basic-education,35.538,,score (0–100)
cedefop-esi,CY,Cyprus,2018,basic-education,36.824,,score (0–100)
cedefop-esi,CY,Cyprus,2019,basic-education,38.002,,score (0–100)
cedefop-esi,CY,Cyprus,2020,basic-education,37.918,,score (0–100)
cedefop-esi,CY,Cyprus,2021,basic-education,37.555,,score (0–100)
cedefop-esi,CY,Cyprus,2022,basic-education,40.807,,score (0–100)
cedefop-esi,CY,Cyprus,2023,basic-education,42.862,,score (0–100)
cedefop-esi,CY,Cyprus,2024,basic-education,43.548,,score (0–100)
cedefop-esi,CZ,Czechia,2017,basic-education,65.873,,score (0–100)
cedefop-esi,CZ,Czechia,2018,basic-education,66.66,,score (0–100)
cedefop-esi,CZ,Czechia,2019,basic-education,67.94,,score (0–100)
cedefop-esi,CZ,Czechia,2020,basic-education,68.727,,score (0–100)
cedefop-esi,CZ,Czechia,2021,basic-education,68.404,,score (0–100)
cedefop-esi,CZ,Czechia,2022,basic-education,69.665,,score (0–100)
cedefop-esi,CZ,Czechia,2023,basic-education,70.948,,score (0–100)
cedefop-esi,CZ,Czechia,2024,basic-education,70.304,,score (0–100)
cedefop-esi,DE,Germany,2017,basic-education,74.567,,score (0–100)
cedefop-esi,DE,Germany,2018,basic-education,73.904,,score (0–100)
cedefop-esi,DE,Germany,2019,basic-education,73.241,,score (0–100)
cedefop-esi,DE,Germany,2020,basic-education,72.749,,score (0–100)
cedefop-esi,DE,Germany,2021,basic-education,71.474,,score (0–100)
cedefop-esi,DE,Germany,2022,basic-education,69.685,,score (0–100)
cedefop-esi,DE,Germany,2023,basic-education,66.845,,score (0–100)
cedefop-esi,DE,Germany,2024,basic-education,64.392,,score (0–100)
cedefop-esi,DK,Denmark,2017,basic-education,64.403,,score (0–100)
cedefop-esi,DK,Denmark,2018,basic-education,64.538,,score (0–100)
cedefop-esi,DK,Denmark,2019,basic-education,64.673,,score (0–100)
cedefop-esi,DK,Denmark,2020,basic-education,64.465,,score (0–100)
cedefop-esi,DK,Denmark,2021,basic-education,64.444,,score (0–100)
cedefop-esi,DK,Denmark,2022,basic-education,63.61,,score (0–100)
cedefop-esi,DK,Denmark,2023,basic-education,63.44,,score (0–100)
cedefop-esi,DK,Denmark,2024,basic-education,62.091,,score (0–100)
cedefop-esi,EE,Estonia,2017,basic-education,87.724,,score (0–100)
cedefop-esi,EE,Estonia,2018,basic-education,89.393,,score (0–100)
cedefop-esi,EE,Estonia,2019,basic-education,89.0,,score (0–100)
cedefop-esi,EE,Estonia,2020,basic-education,88.714,,score (0–100)
cedefop-esi,EE,Estonia,2021,basic-education,88.701,,score (0–100)
cedefop-esi,EE,Estonia,2022,basic-education,87.671,,score (0–100)
cedefop-esi,EE,Estonia,2023,basic-education,86.355,,score (0–100)
cedefop-esi,EE,Estonia,2024,basic-education,84.611,,score (0–100)
cedefop-esi,EL,Greece,2017,basic-education,44.218,,score (0–100)
cedefop-esi,EL,Greece,2018,basic-education,45.383,,score (0–100)
cedefop-esi,EL,Greece,2019,basic-education,46.098,,score (0–100)
cedefop-esi,EL,Greece,2020,basic-education,46.491,,score (0–100)
cedefop-esi,EL,Greece,2021,basic-education,47.625,,score (0–100)
cedefop-esi,EL,Greece,2022,basic-education,47.966,,score (0–100)
cedefop-esi,EL,Greece,2023,basic-education,47.856,,score (0–100)
cedefop-esi,EL,Greece,2024,basic-education,48.291,,score (0–100)
cedefop-esi,ES,Spain,2017,basic-education,36.133,,score (0–100)
cedefop-esi,ES,Spain,2018,basic-education,36.543,,score (0–100)
cedefop-esi,ES,Spain,2019,basic-education,36.631,,score (0–100)
cedefop-esi,ES,Spain,2020,basic-education,36.89,,score (0–100)
cedefop-esi,ES,Spain,2021,basic-education,37.949,,score (0–100)
cedefop-esi,ES,Spain,2022,basic-education,39.178,,score (0–100)
cedefop-esi,ES,Spain,2023,basic-education,41.583,,score (0–100)
cedefop-esi,ES,Spain,2024,basic-education,41.314,,score (0–100)
cedefop-esi,FI,Finland,2017,basic-education,79.075,,score (0–100)
cedefop-esi,FI,Finland,2018,basic-education,79.318,,score (0–100)
cedefop-esi,FI,Finland,2019,basic-education,79.455,,score (0–100)
cedefop-esi,FI,Finland,2020,basic-education,80.019,,score (0–100)
cedefop-esi,FI,Finland,2021,basic-education,79.295,,score (0–100)
cedefop-esi,FI,Finland,2022,basic-education,79.448,,score (0–100)
cedefop-esi,FI,Finland,2023,basic-education,76.301,,score (0–100)
cedefop-esi,FI,Finland,2024,basic-education,74.506,,score (0–100)
cedefop-esi,FR,France,2017,basic-education,36.043,,score (0–100)
cedefop-esi,FR,France,2018,basic-education,36.142,,score (0–100)
cedefop-esi,FR,France,2019,basic-education,36.155,,score (0–100)
cedefop-esi,FR,France,2020,basic-education,36.597,,score (0–100)
cedefop-esi,FR,France,2021,basic-education,36.102,,score (0–100)
cedefop-esi,FR,France,2022,basic-education,35.693,,score (0–100)
cedefop-esi,FR,France,2023,basic-education,34.513,,score (0–100)
cedefop-esi,FR,France,2024,basic-education,33.846,,score (0–100)
cedefop-esi,HR,Croatia,2017,basic-education,57.12,,score (0–100)
cedefop-esi,HR,Croatia,2018,basic-education,56.998,,score (0–100)
cedefop-esi,HR,Croatia,2019,basic-education,57.883,,score (0–100)
cedefop-esi,HR,Croatia,2020,basic-education,59.432,,score (0–100)
cedefop-esi,HR,Croatia,2021,basic-education,61.055,,score (0–100)
cedefop-esi,HR,Croatia,2022,basic-education,61.973,,score (0–100)
cedefop-esi,HR,Croatia,2023,basic-education,63.746,,score (0–100)
cedefop-esi,HR,Croatia,2024,basic-education,64.686,,score (0–100)
cedefop-esi,HU,Hungary,2017,basic-education,54.283,,score (0–100)
cedefop-esi,HU,Hungary,2018,basic-education,55.187,,score (0–100)
cedefop-esi,HU,Hungary,2019,basic-education,56.606,,score (0–100)
cedefop-esi,HU,Hungary,2020,basic-education,57.725,,score (0–100)
cedefop-esi,HU,Hungary,2021,basic-education,57.005,,score (0–100)
cedefop-esi,HU,Hungary,2022,basic-education,56.369,,score (0–100)
cedefop-esi,HU,Hungary,2023,basic-education,57.317,,score (0–100)
cedefop-esi,HU,Hungary,2024,basic-education,57.559,,score (0–100)
cedefop-esi,IE,Ireland,2017,basic-education,71.324,,score (0–100)
cedefop-esi,IE,Ireland,2018,basic-education,71.17,,score (0–100)
cedefop-esi,IE,Ireland,2019,basic-education,72.016,,score (0–100)
cedefop-esi,IE,Ireland,2020,basic-education,71.576,,score (0–100)
cedefop-esi,IE,Ireland,2021,basic-education,72.177,,score (0–100)
cedefop-esi,IE,Ireland,2022,basic-education,74.063,,score (0–100)
cedefop-esi,IE,Ireland,2023,basic-education,76.664,,score (0–100)
cedefop-esi,IE,Ireland,2024,basic-education,76.835,,score (0–100)
cedefop-esi,IS,Iceland,2017,basic-education,64.219,,score (0–100)
cedefop-esi,IS,Iceland,2018,basic-education,67.573,,score (0–100)
cedefop-esi,IS,Iceland,2019,basic-education,66.964,,score (0–100)
cedefop-esi,IS,Iceland,2020,basic-education,68.089,,score (0–100)
cedefop-esi,IS,Iceland,2021,basic-education,66.513,,score (0–100)
cedefop-esi,IS,Iceland,2022,basic-education,63.502,,score (0–100)
cedefop-esi,IS,Iceland,2023,basic-education,62.891,,score (0–100)
cedefop-esi,IS,Iceland,2024,basic-education,59.451,,score (0–100)
cedefop-esi,IT,Italy,2017,basic-education,39.249,,score (0–100)
cedefop-esi,IT,Italy,2018,basic-education,39.265,,score (0–100)
cedefop-esi,IT,Italy,2019,basic-education,40.095,,score (0–100)
cedefop-esi,IT,Italy,2020,basic-education,40.133,,score (0–100)
cedefop-esi,IT,Italy,2021,basic-education,41.015,,score (0–100)
cedefop-esi,IT,Italy,2022,basic-education,42.155,,score (0–100)
cedefop-esi,IT,Italy,2023,basic-education,43.379,,score (0–100)
cedefop-esi,IT,Italy,2024,basic-education,43.705,,score (0–100)
cedefop-esi,LT,Lithuania,2017,basic-education,66.06,,score (0–100)
cedefop-esi,LT,Lithuania,2018,basic-education,68.238,,score (0–100)
cedefop-esi,LT,Lithuania,2019,basic-education,68.147,,score (0–100)
cedefop-esi,LT,Lithuania,2020,basic-education,70.088,,score (0–100)
cedefop-esi,LT,Lithuania,2021,basic-education,71.552,,score (0–100)
cedefop-esi,LT,Lithuania,2022,basic-education,72.054,,score (0–100)
cedefop-esi,LT,Lithuania,2023,basic-education,70.33,,score (0–100)
cedefop-esi,LT,Lithuania,2024,basic-education,69.762,,score (0–100)
cedefop-esi,LU,Luxembourg,2017,basic-education,54.249,,score (0–100)
cedefop-esi,LU,Luxembourg,2018,basic-education,53.624,,score (0–100)
cedefop-esi,LU,Luxembourg,2019,basic-education,43.816,,score (0–100)
cedefop-esi,LU,Luxembourg,2020,basic-education,51.17,,score (0–100)
cedefop-esi,LU,Luxembourg,2021,basic-education,52.648,,score (0–100)
cedefop-esi,LU,Luxembourg,2022,basic-education,52.69,,score (0–100)
cedefop-esi,LU,Luxembourg,2023,basic-education,60.137,,score (0–100)
cedefop-esi,LU,Luxembourg,2024,basic-education,60.908,,score (0–100)
cedefop-esi,LV,Latvia,2017,basic-education,69.704,,score (0–100)
cedefop-esi,LV,Latvia,2018,basic-education,71.316,,score (0–100)
cedefop-esi,LV,Latvia,2019,basic-education,69.717,,score (0–100)
cedefop-esi,LV,Latvia,2020,basic-education,71.819,,score (0–100)
cedefop-esi,LV,Latvia,2021,basic-education,70.912,,score (0–100)
cedefop-esi,LV,Latvia,2022,basic-education,67.566,,score (0–100)
cedefop-esi,LV,Latvia,2023,basic-education,67.129,,score (0–100)
cedefop-esi,LV,Latvia,2024,basic-education,66.22,,score (0–100)
cedefop-esi,MT,Malta,2017,basic-education,29.658,,score (0–100)
cedefop-esi,MT,Malta,2018,basic-education,30.303,,score (0–100)
cedefop-esi,MT,Malta,2019,basic-education,31.164,,score (0–100)
cedefop-esi,MT,Malta,2020,basic-education,32.67,,score (0–100)
cedefop-esi,MT,Malta,2021,basic-education,37.389,,score (0–100)
cedefop-esi,MT,Malta,2022,basic-education,39.178,,score (0–100)
cedefop-esi,MT,Malta,2023,basic-education,44.348,,score (0–100)
cedefop-esi,MT,Malta,2024,basic-education,45.13,,score (0–100)
cedefop-esi,NL,Netherlands,2017,basic-education,51.615,,score (0–100)
cedefop-esi,NL,Netherlands,2018,basic-education,50.931,,score (0–100)
cedefop-esi,NL,Netherlands,2019,basic-education,52.108,,score (0–100)
cedefop-esi,NL,Netherlands,2020,basic-education,51.98,,score (0–100)
cedefop-esi,NL,Netherlands,2021,basic-education,50.668,,score (0–100)
cedefop-esi,NL,Netherlands,2022,basic-education,50.684,,score (0–100)
cedefop-esi,NL,Netherlands,2023,basic-education,48.817,,score (0–100)
cedefop-esi,NL,Netherlands,2024,basic-education,47.355,,score (0–100)
cedefop-esi,NO,Norway,2017,basic-education,54.614,,score (0–100)
cedefop-esi,NO,Norway,2018,basic-education,54.861,,score (0–100)
cedefop-esi,NO,Norway,2019,basic-education,56.094,,score (0–100)
cedefop-esi,NO,Norway,2020,basic-education,57.242,,score (0–100)
cedefop-esi,NO,Norway,2021,basic-education,59.66,,score (0–100)
cedefop-esi,NO,Norway,2022,basic-education,58.548,,score (0–100)
cedefop-esi,NO,Norway,2023,basic-education,56.471,,score (0–100)
cedefop-esi,NO,Norway,2024,basic-education,54.225,,score (0–100)
cedefop-esi,PL,Poland,2017,basic-education,64.32,,score (0–100)
cedefop-esi,PL,Poland,2018,basic-education,68.243,,score (0–100)
cedefop-esi,PL,Poland,2019,basic-education,68.958,,score (0–100)
cedefop-esi,PL,Poland,2020,basic-education,69.416,,score (0–100)
cedefop-esi,PL,Poland,2021,basic-education,68.714,,score (0–100)
cedefop-esi,PL,Poland,2022,basic-education,71.713,,score (0–100)
cedefop-esi,PL,Poland,2023,basic-education,69.342,,score (0–100)
cedefop-esi,PL,Poland,2024,basic-education,67.613,,score (0–100)
cedefop-esi,PT,Portugal,2017,basic-education,30.924,,score (0–100)
cedefop-esi,PT,Portugal,2018,basic-education,30.811,,score (0–100)
cedefop-esi,PT,Portugal,2019,basic-education,31.168,,score (0–100)
cedefop-esi,PT,Portugal,2020,basic-education,32.702,,score (0–100)
cedefop-esi,PT,Portugal,2021,basic-education,31.434,,score (0–100)
cedefop-esi,PT,Portugal,2022,basic-education,30.596,,score (0–100)
cedefop-esi,PT,Portugal,2023,basic-education,33.634,,score (0–100)
cedefop-esi,PT,Portugal,2024,basic-education,32.967,,score (0–100)
cedefop-esi,RO,Romania,2017,basic-education,27.489,,score (0–100)
cedefop-esi,RO,Romania,2018,basic-education,29.866,,score (0–100)
cedefop-esi,RO,Romania,2019,basic-education,31.429,,score (0–100)
cedefop-esi,RO,Romania,2020,basic-education,32.264,,score (0–100)
cedefop-esi,RO,Romania,2021,basic-education,33.057,,score (0–100)
cedefop-esi,RO,Romania,2022,basic-education,34.492,,score (0–100)
cedefop-esi,RO,Romania,2023,basic-education,37.939,,score (0–100)
cedefop-esi,RO,Romania,2024,basic-education,38.711,,score (0–100)
cedefop-esi,SE,Sweden,2017,basic-education,76.468,,score (0–100)
cedefop-esi,SE,Sweden,2018,basic-education,77.686,,score (0–100)
cedefop-esi,SE,Sweden,2019,basic-education,78.71,,score (0–100)
cedefop-esi,SE,Sweden,2020,basic-education,79.671,,score (0–100)
cedefop-esi,SE,Sweden,2021,basic-education,60.306,,score (0–100)
cedefop-esi,SE,Sweden,2022,basic-education,59.058,,score (0–100)
cedefop-esi,SE,Sweden,2023,basic-education,58.71,,score (0–100)
cedefop-esi,SE,Sweden,2024,basic-education,57.891,,score (0–100)
cedefop-esi,SI,Slovenia,2017,basic-education,78.01,,score (0–100)
cedefop-esi,SI,Slovenia,2018,basic-education,52.819,,score (0–100)
cedefop-esi,SI,Slovenia,2019,basic-education,77.767,,score (0–100)
cedefop-esi,SI,Slovenia,2020,basic-education,76.897,,score (0–100)
cedefop-esi,SI,Slovenia,2021,basic-education,49.11,,score (0–100)
cedefop-esi,SI,Slovenia,2022,basic-education,51.1,,score (0–100)
cedefop-esi,SI,Slovenia,2023,basic-education,51.593,,score (0–100)
cedefop-esi,SI,Slovenia,2024,basic-education,49.452,,score (0–100)
cedefop-esi,SK,Slovakia,2017,basic-education,56.706,,score (0–100)
cedefop-esi,SK,Slovakia,2018,basic-education,58.206,,score (0–100)
cedefop-esi,SK,Slovakia,2019,basic-education,59.02,,score (0–100)
cedefop-esi,SK,Slovakia,2020,basic-education,60.605,,score (0–100)
cedefop-esi,SK,Slovakia,2021,basic-education,59.958,,score (0–100)
cedefop-esi,SK,Slovakia,2022,basic-education,60.019,,score (0–100)
cedefop-esi,SK,Slovakia,2023,basic-education,59.48,,score (0–100)
cedefop-esi,SK,Slovakia,2024,basic-education,58.791,,score (0–100)
cedefop-esi,UK,United Kingdom,2017,basic-education,42.309,,score (0–100)
cedefop-esi,UK,United Kingdom,2018,basic-education,42.557,,score (0–100)
cedefop-esi,UK,United Kingdom,2019,basic-education,43.405,,score (0–100)
cedefop-esi,UK,United Kingdom,2020,basic-education,44.082,,score (0–100)
cedefop-esi,UK,United Kingdom,2021,basic-education,43.793,,score (0–100)
cedefop-esi,UK,United Kingdom,2022,basic-education,42.989,,score (0–100)
cedefop-esi,UK,United Kingdom,2023,basic-education,42.186,,score (0–100)
cedefop-esi,UK,United Kingdom,2024,basic-education,41.382,,score (0–100)
cedefop-esi,AT,Austria,2017,early-leavers-from-training,65.0,,score (0–100)
cedefop-esi,AT,Austria,2018,early-leavers-from-training,66.25,,score (0–100)
cedefop-esi,AT,Austria,2019,early-leavers-from-training,66.25,,score (0–100)
cedefop-esi,AT,Austria,2020,early-leavers-from-training,72.5,,score (0–100)
cedefop-esi,AT,Austria,2021,early-leavers-from-training,65.0,,score (0–100)
cedefop-esi,AT,Austria,2022,early-leavers-from-training,58.75,,score (0–100)
cedefop-esi,AT,Austria,2023,early-leavers-from-training,65.0,,score (0–100)
cedefop-esi,AT,Austria,2024,early-leavers-from-training,65.0,,score (0–100)
cedefop-esi,BE,Belgium,2017,early-leavers-from-training,32.5,,score (0–100)
cedefop-esi,BE,Belgium,2018,early-leavers-from-training,47.5,,score (0–100)
cedefop-esi,BE,Belgium,2019,early-leavers-from-training,50.0,,score (0–100)
cedefop-esi,BE,Belgium,2020,early-leavers-from-training,55.0,,score (0–100)
cedefop-esi,BE,Belgium,2021,early-leavers-from-training,50.0,,score (0–100)
cedefop-esi,BE,Belgium,2022,early-leavers-from-training,52.5,,score (0–100)
cedefop-esi,BE,Belgium,2023,early-leavers-from-training,67.5,,score (0–100)
cedefop-esi,BE,Belgium,2024,early-leavers-from-training,68.75,,score (0–100)
cedefop-esi,BG,Bulgaria,2017,early-leavers-from-training,0.0,,score (0–100)
cedefop-esi,BG,Bulgaria,2018,early-leavers-from-training,0.0,,score (0–100)
cedefop-esi,BG,Bulgaria,2019,early-leavers-from-training,1.25,,score (0–100)
cedefop-esi,BG,Bulgaria,2020,early-leavers-from-training,5.0,,score (0–100)
cedefop-esi,BG,Bulgaria,2021,early-leavers-from-training,2.5,,score (0–100)
cedefop-esi,BG,Bulgaria,2022,early-leavers-from-training,3.75,,score (0–100)
cedefop-esi,BG,Bulgaria,2023,early-leavers-from-training,1.25,,score (0–100)
cedefop-esi,BG,Bulgaria,2024,early-leavers-from-training,21.25,,score (0–100)
cedefop-esi,CH,Switzerland,2017,early-leavers-from-training,83.75,,score (0–100)
cedefop-esi,CH,Switzerland,2018,early-leavers-from-training,83.75,,score (0–100)
cedefop-esi,CH,Switzerland,2019,early-leavers-from-training,85.0,,score (0–100)
cedefop-esi,CH,Switzerland,2020,early-leavers-from-training,86.25,,score (0–100)
cedefop-esi,CH,Switzerland,2021,early-leavers-from-training,87.5,,score (0–100)
cedefop-esi,CH,Switzerland,2022,early-leavers-from-training,90.0,,score (0–100)
cedefop-esi,CH,Switzerland,2023,early-leavers-from-training,76.25,,score (0–100)
cedefop-esi,CH,Switzerland,2024,early-leavers-from-training,66.25,,score (0–100)
cedefop-esi,CY,Cyprus,2017,early-leavers-from-training,76.25,,score (0–100)
cedefop-esi,CY,Cyprus,2018,early-leavers-from-training,67.5,,score (0–100)
cedefop-esi,CY,Cyprus,2019,early-leavers-from-training,55.0,,score (0–100)
cedefop-esi,CY,Cyprus,2020,early-leavers-from-training,66.25,,score (0–100)
cedefop-esi,CY,Cyprus,2021,early-leavers-from-training,58.75,,score (0–100)
cedefop-esi,CY,Cyprus,2022,early-leavers-from-training,53.75,,score (0–100)
cedefop-esi,CY,Cyprus,2023,early-leavers-from-training,65.0,,score (0–100)
cedefop-esi,CY,Cyprus,2024,early-leavers-from-training,61.25,,score (0–100)
cedefop-esi,CZ,Czechia,2017,early-leavers-from-training,62.5,,score (0–100)
cedefop-esi,CZ,Czechia,2018,early-leavers-from-training,63.75,,score (0–100)
cedefop-esi,CZ,Czechia,2019,early-leavers-from-training,68.75,,score (0–100)
cedefop-esi,CZ,Czechia,2020,early-leavers-from-training,72.5,,score (0–100)
cedefop-esi,CZ,Czechia,2021,early-leavers-from-training,72.5,,score (0–100)
cedefop-esi,CZ,Czechia,2022,early-leavers-from-training,63.75,,score (0–100)
cedefop-esi,CZ,Czechia,2023,early-leavers-from-training,70.0,,score (0–100)
cedefop-esi,CZ,Czechia,2024,early-leavers-from-training,68.75,,score (0–100)
cedefop-esi,DE,Germany,2017,early-leavers-from-training,42.5,,score (0–100)
cedefop-esi,DE,Germany,2018,early-leavers-from-training,42.5,,score (0–100)
cedefop-esi,DE,Germany,2019,early-leavers-from-training,46.25,,score (0–100)
cedefop-esi,DE,Germany,2020,early-leavers-from-training,48.75,,score (0–100)
cedefop-esi,DE,Germany,2021,early-leavers-from-training,51.25,,score (0–100)
cedefop-esi,DE,Germany,2022,early-leavers-from-training,48.75,,score (0–100)
cedefop-esi,DE,Germany,2023,early-leavers-from-training,33.75,,score (0–100)
cedefop-esi,DE,Germany,2024,early-leavers-from-training,45.0,,score (0–100)
cedefop-esi,DK,Denmark,2017,early-leavers-from-training,53.75,,score (0–100)
cedefop-esi,DK,Denmark,2018,early-leavers-from-training,57.5,,score (0–100)
cedefop-esi,DK,Denmark,2019,early-leavers-from-training,53.75,,score (0–100)
cedefop-esi,DK,Denmark,2020,early-leavers-from-training,50.0,,score (0–100)
cedefop-esi,DK,Denmark,2021,early-leavers-from-training,50.0,,score (0–100)
cedefop-esi,DK,Denmark,2022,early-leavers-from-training,57.5,,score (0–100)
cedefop-esi,DK,Denmark,2023,early-leavers-from-training,62.5,,score (0–100)
cedefop-esi,DK,Denmark,2024,early-leavers-from-training,63.75,,score (0–100)
cedefop-esi,EE,Estonia,2017,early-leavers-from-training,38.75,,score (0–100)
cedefop-esi,EE,Estonia,2018,early-leavers-from-training,60.0,,score (0–100)
cedefop-esi,EE,Estonia,2019,early-leavers-from-training,60.0,,score (0–100)
cedefop-esi,EE,Estonia,2020,early-leavers-from-training,53.75,,score (0–100)
cedefop-esi,EE,Estonia,2021,early-leavers-from-training,53.75,,score (0–100)
cedefop-esi,EE,Estonia,2022,early-leavers-from-training,57.5,,score (0–100)
cedefop-esi,EE,Estonia,2023,early-leavers-from-training,52.5,,score (0–100)
cedefop-esi,EE,Estonia,2024,early-leavers-from-training,50.0,,score (0–100)
cedefop-esi,EL,Greece,2017,early-leavers-from-training,51.25,,score (0–100)
cedefop-esi,EL,Greece,2018,early-leavers-from-training,63.75,,score (0–100)
cedefop-esi,EL,Greece,2019,early-leavers-from-training,65.0,,score (0–100)
cedefop-esi,EL,Greece,2020,early-leavers-from-training,73.75,,score (0–100)
cedefop-esi,EL,Greece,2021,early-leavers-from-training,77.5,,score (0–100)
cedefop-esi,EL,Greece,2022,early-leavers-from-training,81.25,,score (0–100)
cedefop-esi,EL,Greece,2023,early-leavers-from-training,85.0,,score (0–100)
cedefop-esi,EL,Greece,2024,early-leavers-from-training,78.75,,score (0–100)
cedefop-esi,ES,Spain,2017,early-leavers-from-training,0.0,,score (0–100)
cedefop-esi,ES,Spain,2018,early-leavers-from-training,0.0,,score (0–100)
cedefop-esi,ES,Spain,2019,early-leavers-from-training,0.0,,score (0–100)
cedefop-esi,ES,Spain,2020,early-leavers-from-training,0.0,,score (0–100)
cedefop-esi,ES,Spain,2021,early-leavers-from-training,3.75,,score (0–100)
cedefop-esi,ES,Spain,2022,early-leavers-from-training,0.0,,score (0–100)
cedefop-esi,ES,Spain,2023,early-leavers-from-training,18.75,,score (0–100)
cedefop-esi,ES,Spain,2024,early-leavers-from-training,18.75,,score (0–100)
cedefop-esi,FI,Finland,2017,early-leavers-from-training,41.25,,score (0–100)
cedefop-esi,FI,Finland,2018,early-leavers-from-training,52.5,,score (0–100)
cedefop-esi,FI,Finland,2019,early-leavers-from-training,52.5,,score (0–100)
cedefop-esi,FI,Finland,2020,early-leavers-from-training,53.75,,score (0–100)
cedefop-esi,FI,Finland,2021,early-leavers-from-training,58.75,,score (0–100)
cedefop-esi,FI,Finland,2022,early-leavers-from-training,52.5,,score (0–100)
cedefop-esi,FI,Finland,2023,early-leavers-from-training,58.75,,score (0–100)
cedefop-esi,FI,Finland,2024,early-leavers-from-training,52.5,,score (0–100)
cedefop-esi,FR,France,2017,early-leavers-from-training,35.0,,score (0–100)
cedefop-esi,FR,France,2018,early-leavers-from-training,38.75,,score (0–100)
cedefop-esi,FR,France,2019,early-leavers-from-training,41.25,,score (0–100)
cedefop-esi,FR,France,2020,early-leavers-from-training,43.75,,score (0–100)
cedefop-esi,FR,France,2021,early-leavers-from-training,45.0,,score (0–100)
cedefop-esi,FR,France,2022,early-leavers-from-training,47.5,,score (0–100)
cedefop-esi,FR,France,2023,early-leavers-from-training,47.5,,score (0–100)
cedefop-esi,FR,France,2024,early-leavers-from-training,53.75,,score (0–100)
cedefop-esi,HR,Croatia,2017,early-leavers-from-training,85.0,,score (0–100)
cedefop-esi,HR,Croatia,2018,early-leavers-from-training,86.25,,score (0–100)
cedefop-esi,HR,Croatia,2019,early-leavers-from-training,85.0,,score (0–100)
cedefop-esi,HR,Croatia,2020,early-leavers-from-training,81.25,,score (0–100)
cedefop-esi,HR,Croatia,2021,early-leavers-from-training,83.75,,score (0–100)
cedefop-esi,HR,Croatia,2022,early-leavers-from-training,90.0,,score (0–100)
cedefop-esi,HR,Croatia,2023,early-leavers-from-training,91.25,,score (0–100)
cedefop-esi,HR,Croatia,2024,early-leavers-from-training,95.0,,score (0–100)
cedefop-esi,HU,Hungary,2017,early-leavers-from-training,26.25,,score (0–100)
cedefop-esi,HU,Hungary,2018,early-leavers-from-training,22.5,,score (0–100)
cedefop-esi,HU,Hungary,2019,early-leavers-from-training,23.75,,score (0–100)
cedefop-esi,HU,Hungary,2020,early-leavers-from-training,23.75,,score (0–100)
cedefop-esi,HU,Hungary,2021,early-leavers-from-training,28.75,,score (0–100)
cedefop-esi,HU,Hungary,2022,early-leavers-from-training,28.75,,score (0–100)
cedefop-esi,HU,Hungary,2023,early-leavers-from-training,33.75,,score (0–100)
cedefop-esi,HU,Hungary,2024,early-leavers-from-training,26.25,,score (0–100)
cedefop-esi,IE,Ireland,2017,early-leavers-from-training,55.0,,score (0–100)
cedefop-esi,IE,Ireland,2018,early-leavers-from-training,67.5,,score (0–100)
cedefop-esi,IE,Ireland,2019,early-leavers-from-training,68.75,,score (0–100)
cedefop-esi,IE,Ireland,2020,early-leavers-from-training,68.75,,score (0–100)
cedefop-esi,IE,Ireland,2021,early-leavers-from-training,66.25,,score (0–100)
cedefop-esi,IE,Ireland,2022,early-leavers-from-training,68.75,,score (0–100)
cedefop-esi,IE,Ireland,2023,early-leavers-from-training,87.5,,score (0–100)
cedefop-esi,IE,Ireland,2024,early-leavers-from-training,87.5,,score (0–100)
cedefop-esi,IS,Iceland,2017,early-leavers-from-training,63.75,,score (0–100)
cedefop-esi,IS,Iceland,2018,early-leavers-from-training,76.25,,score (0–100)
cedefop-esi,IS,Iceland,2019,early-leavers-from-training,75.0,,score (0–100)
cedefop-esi,IS,Iceland,2020,early-leavers-from-training,62.5,,score (0–100)
cedefop-esi,IS,Iceland,2021,early-leavers-from-training,66.25,,score (0–100)
cedefop-esi,IS,Iceland,2022,early-leavers-from-training,58.75,,score (0–100)
cedefop-esi,IS,Iceland,2023,early-leavers-from-training,63.75,,score (0–100)
cedefop-esi,IS,Iceland,2024,early-leavers-from-training,80.0,,score (0–100)
cedefop-esi,IT,Italy,2017,early-leavers-from-training,0.0,,score (0–100)
cedefop-esi,IT,Italy,2018,early-leavers-from-training,0.0,,score (0–100)
cedefop-esi,IT,Italy,2019,early-leavers-from-training,0.0,,score (0–100)
cedefop-esi,IT,Italy,2020,early-leavers-from-training,0.0,,score (0–100)
cedefop-esi,IT,Italy,2021,early-leavers-from-training,3.75,,score (0–100)
cedefop-esi,IT,Italy,2022,early-leavers-from-training,3.75,,score (0–100)
cedefop-esi,IT,Italy,2023,early-leavers-from-training,6.25,,score (0–100)
cedefop-esi,IT,Italy,2024,early-leavers-from-training,25.0,,score (0–100)
cedefop-esi,LT,Lithuania,2017,early-leavers-from-training,70.0,,score (0–100)
cedefop-esi,LT,Lithuania,2018,early-leavers-from-training,73.75,,score (0–100)
cedefop-esi,LT,Lithuania,2019,early-leavers-from-training,71.25,,score (0–100)
cedefop-esi,LT,Lithuania,2020,early-leavers-from-training,82.5,,score (0–100)
cedefop-esi,LT,Lithuania,2021,early-leavers-from-training,82.5,,score (0–100)
cedefop-esi,LT,Lithuania,2022,early-leavers-from-training,71.25,,score (0–100)
cedefop-esi,LT,Lithuania,2023,early-leavers-from-training,72.5,,score (0–100)
cedefop-esi,LT,Lithuania,2024,early-leavers-from-training,72.5,,score (0–100)
cedefop-esi,LU,Luxembourg,2017,early-leavers-from-training,66.25,,score (0–100)
cedefop-esi,LU,Luxembourg,2018,early-leavers-from-training,77.5,,score (0–100)
cedefop-esi,LU,Luxembourg,2019,early-leavers-from-training,70.0,,score (0–100)
cedefop-esi,LU,Luxembourg,2020,early-leavers-from-training,76.25,,score (0–100)
cedefop-esi,LU,Luxembourg,2021,early-leavers-from-training,70.0,,score (0–100)
cedefop-esi,LU,Luxembourg,2022,early-leavers-from-training,63.75,,score (0–100)
cedefop-esi,LU,Luxembourg,2023,early-leavers-from-training,58.75,,score (0–100)
cedefop-esi,LU,Luxembourg,2024,early-leavers-from-training,66.25,,score (0–100)
cedefop-esi,LV,Latvia,2017,early-leavers-from-training,65.0,,score (0–100)
cedefop-esi,LV,Latvia,2018,early-leavers-from-training,42.5,,score (0–100)
cedefop-esi,LV,Latvia,2019,early-leavers-from-training,62.5,,score (0–100)
cedefop-esi,LV,Latvia,2020,early-leavers-from-training,71.25,,score (0–100)
cedefop-esi,LV,Latvia,2021,early-leavers-from-training,63.75,,score (0–100)
cedefop-esi,LV,Latvia,2022,early-leavers-from-training,75.0,,score (0–100)
cedefop-esi,LV,Latvia,2023,early-leavers-from-training,71.25,,score (0–100)
cedefop-esi,LV,Latvia,2024,early-leavers-from-training,72.5,,score (0–100)
cedefop-esi,MT,Malta,2017,early-leavers-from-training,43.75,,score (0–100)
cedefop-esi,MT,Malta,2018,early-leavers-from-training,55.0,,score (0–100)
cedefop-esi,MT,Malta,2019,early-leavers-from-training,55.0,,score (0–100)
cedefop-esi,MT,Malta,2020,early-leavers-from-training,67.5,,score (0–100)
cedefop-esi,MT,Malta,2021,early-leavers-from-training,56.25,,score (0–100)
cedefop-esi,MT,Malta,2022,early-leavers-from-training,65.0,,score (0–100)
cedefop-esi,MT,Malta,2023,early-leavers-from-training,62.5,,score (0–100)
cedefop-esi,MT,Malta,2024,early-leavers-from-training,73.75,,score (0–100)
cedefop-esi,NL,Netherlands,2017,early-leavers-from-training,72.5,,score (0–100)
cedefop-esi,NL,Netherlands,2018,early-leavers-from-training,72.5,,score (0–100)
cedefop-esi,NL,Netherlands,2019,early-leavers-from-training,78.75,,score (0–100)
cedefop-esi,NL,Netherlands,2020,early-leavers-from-training,77.5,,score (0–100)
cedefop-esi,NL,Netherlands,2021,early-leavers-from-training,76.25,,score (0–100)
cedefop-esi,NL,Netherlands,2022,early-leavers-from-training,77.5,,score (0–100)
cedefop-esi,NL,Netherlands,2023,early-leavers-from-training,93.75,,score (0–100)
cedefop-esi,NL,Netherlands,2024,early-leavers-from-training,92.5,,score (0–100)
cedefop-esi,NO,Norway,2017,early-leavers-from-training,70.0,,score (0–100)
cedefop-esi,NO,Norway,2018,early-leavers-from-training,66.25,,score (0–100)
cedefop-esi,NO,Norway,2019,early-leavers-from-training,73.75,,score (0–100)
cedefop-esi,NO,Norway,2020,early-leavers-from-training,71.25,,score (0–100)
cedefop-esi,NO,Norway,2021,early-leavers-from-training,68.75,,score (0–100)
cedefop-esi,NO,Norway,2022,early-leavers-from-training,72.5,,score (0–100)
cedefop-esi,NO,Norway,2023,early-leavers-from-training,61.25,,score (0–100)
cedefop-esi,NO,Norway,2024,early-leavers-from-training,56.25,,score (0–100)
cedefop-esi,PL,Poland,2017,early-leavers-from-training,71.25,,score (0–100)
cedefop-esi,PL,Poland,2018,early-leavers-from-training,72.5,,score (0–100)
cedefop-esi,PL,Poland,2019,early-leavers-from-training,76.25,,score (0–100)
cedefop-esi,PL,Poland,2020,early-leavers-from-training,77.5,,score (0–100)
cedefop-esi,PL,Poland,2021,early-leavers-from-training,80.0,,score (0–100)
cedefop-esi,PL,Poland,2022,early-leavers-from-training,73.75,,score (0–100)
cedefop-esi,PL,Poland,2023,early-leavers-from-training,65.0,,score (0–100)
cedefop-esi,PL,Poland,2024,early-leavers-from-training,75.0,,score (0–100)
cedefop-esi,PT,Portugal,2017,early-leavers-from-training,33.75,,score (0–100)
cedefop-esi,PT,Portugal,2018,early-leavers-from-training,31.25,,score (0–100)
cedefop-esi,PT,Portugal,2019,early-leavers-from-training,48.75,,score (0–100)
cedefop-esi,PT,Portugal,2020,early-leavers-from-training,61.25,,score (0–100)
cedefop-esi,PT,Portugal,2021,early-leavers-from-training,63.75,,score (0–100)
cedefop-esi,PT,Portugal,2022,early-leavers-from-training,66.25,,score (0–100)
cedefop-esi,PT,Portugal,2023,early-leavers-from-training,80.0,,score (0–100)
cedefop-esi,PT,Portugal,2024,early-leavers-from-training,81.25,,score (0–100)
cedefop-esi,RO,Romania,2017,early-leavers-from-training,0.0,,score (0–100)
cedefop-esi,RO,Romania,2018,early-leavers-from-training,0.0,,score (0–100)
cedefop-esi,RO,Romania,2019,early-leavers-from-training,3.75,,score (0–100)
cedefop-esi,RO,Romania,2020,early-leavers-from-training,12.5,,score (0–100)
cedefop-esi,RO,Romania,2021,early-leavers-from-training,17.5,,score (0–100)
cedefop-esi,RO,Romania,2022,early-leavers-from-training,13.75,,score (0–100)
cedefop-esi,RO,Romania,2023,early-leavers-from-training,0.0,,score (0–100)
cedefop-esi,RO,Romania,2024,early-leavers-from-training,0.0,,score (0–100)
cedefop-esi,SE,Sweden,2017,early-leavers-from-training,73.75,,score (0–100)
cedefop-esi,SE,Sweden,2018,early-leavers-from-training,71.25,,score (0–100)
cedefop-esi,SE,Sweden,2019,early-leavers-from-training,70.0,,score (0–100)
cedefop-esi,SE,Sweden,2020,early-leavers-from-training,72.5,,score (0–100)
cedefop-esi,SE,Sweden,2021,early-leavers-from-training,75.0,,score (0–100)
cedefop-esi,SE,Sweden,2022,early-leavers-from-training,66.25,,score (0–100)
cedefop-esi,SE,Sweden,2023,early-leavers-from-training,71.25,,score (0–100)
cedefop-esi,SE,Sweden,2024,early-leavers-from-training,73.75,,score (0–100)
cedefop-esi,SI,Slovenia,2017,early-leavers-from-training,71.25,,score (0–100)
cedefop-esi,SI,Slovenia,2018,early-leavers-from-training,72.5,,score (0–100)
cedefop-esi,SI,Slovenia,2019,early-leavers-from-training,83.75,,score (0–100)
cedefop-esi,SI,Slovenia,2020,early-leavers-from-training,82.5,,score (0–100)
cedefop-esi,SI,Slovenia,2021,early-leavers-from-training,78.75,,score (0–100)
cedefop-esi,SI,Slovenia,2022,early-leavers-from-training,81.25,,score (0–100)
cedefop-esi,SI,Slovenia,2023,early-leavers-from-training,91.25,,score (0–100)
cedefop-esi,SI,Slovenia,2024,early-leavers-from-training,76.25,,score (0–100)
cedefop-esi,SK,Slovakia,2017,early-leavers-from-training,46.25,,score (0–100)
cedefop-esi,SK,Slovakia,2018,early-leavers-from-training,45.0,,score (0–100)
cedefop-esi,SK,Slovakia,2019,early-leavers-from-training,28.75,,score (0–100)
cedefop-esi,SK,Slovakia,2020,early-leavers-from-training,36.25,,score (0–100)
cedefop-esi,SK,Slovakia,2021,early-leavers-from-training,31.25,,score (0–100)
cedefop-esi,SK,Slovakia,2022,early-leavers-from-training,36.25,,score (0–100)
cedefop-esi,SK,Slovakia,2023,early-leavers-from-training,27.5,,score (0–100)
cedefop-esi,SK,Slovakia,2024,early-leavers-from-training,33.75,,score (0–100)
cedefop-esi,UK,United Kingdom,2017,early-leavers-from-training,46.25,,score (0–100)
cedefop-esi,UK,United Kingdom,2018,early-leavers-from-training,46.25,,score (0–100)
cedefop-esi,UK,United Kingdom,2019,early-leavers-from-training,51.25,,score (0–100)
cedefop-esi,UK,United Kingdom,2020,early-leavers-from-training,55.0,,score (0–100)
cedefop-esi,UK,United Kingdom,2021,early-leavers-from-training,50.0,,score (0–100)
cedefop-esi,UK,United Kingdom,2022,early-leavers-from-training,50.0,,score (0–100)
cedefop-esi,UK,United Kingdom,2023,early-leavers-from-training,50.0,,score (0–100)
cedefop-esi,UK,United Kingdom,2024,early-leavers-from-training,50.0,,score (0–100)
cedefop-esi,AT,Austria,2017,high-digital-skills,44.887,,score (0–100)
cedefop-esi,AT,Austria,2018,high-digital-skills,48.283,,score (0–100)
cedefop-esi,AT,Austria,2019,high-digital-skills,51.358,,score (0–100)
cedefop-esi,AT,Austria,2020,high-digital-skills,54.189,,score (0–100)
cedefop-esi,AT,Austria,2021,high-digital-skills,57.019,,score (0–100)
cedefop-esi,AT,Austria,2022,high-digital-skills,57.019,,score (0–100)
cedefop-esi,AT,Austria,2023,high-digital-skills,57.019,,score (0–100)
cedefop-esi,AT,Austria,2024,high-digital-skills,57.019,,score (0–100)
cedefop-esi,BE,Belgium,2017,high-digital-skills,41.755,,score (0–100)
cedefop-esi,BE,Belgium,2018,high-digital-skills,42.509,,score (0–100)
cedefop-esi,BE,Belgium,2019,high-digital-skills,41.491,,score (0–100)
cedefop-esi,BE,Belgium,2020,high-digital-skills,44.5,,score (0–100)
cedefop-esi,BE,Belgium,2021,high-digital-skills,47.509,,score (0–100)
cedefop-esi,BE,Belgium,2022,high-digital-skills,47.509,,score (0–100)
cedefop-esi,BE,Belgium,2023,high-digital-skills,47.509,,score (0–100)
cedefop-esi,BE,Belgium,2024,high-digital-skills,47.509,,score (0–100)
cedefop-esi,BG,Bulgaria,2017,high-digital-skills,7.075,,score (0–100)
cedefop-esi,BG,Bulgaria,2018,high-digital-skills,2.019,,score (0–100)
cedefop-esi,BG,Bulgaria,2019,high-digital-skills,3.868,,score (0–100)
cedefop-esi,BG,Bulgaria,2020,high-digital-skills,4.094,,score (0–100)
cedefop-esi,BG,Bulgaria,2021,high-digital-skills,4.321,,score (0–100)
cedefop-esi,BG,Bulgaria,2022,high-digital-skills,4.321,,score (0–100)
cedefop-esi,BG,Bulgaria,2023,high-digital-skills,4.321,,score (0–100)
cedefop-esi,BG,Bulgaria,2024,high-digital-skills,4.321,,score (0–100)
cedefop-esi,CH,Switzerland,2017,high-digital-skills,63.698,,score (0–100)
cedefop-esi,CH,Switzerland,2018,high-digital-skills,63.698,,score (0–100)
cedefop-esi,CH,Switzerland,2019,high-digital-skills,63.698,,score (0–100)
cedefop-esi,CH,Switzerland,2020,high-digital-skills,69.896,,score (0–100)
cedefop-esi,CH,Switzerland,2021,high-digital-skills,76.094,,score (0–100)
cedefop-esi,CH,Switzerland,2022,high-digital-skills,76.094,,score (0–100)
cedefop-esi,CH,Switzerland,2023,high-digital-skills,76.094,,score (0–100)
cedefop-esi,CH,Switzerland,2024,high-digital-skills,76.094,,score (0–100)
cedefop-esi,CY,Cyprus,2017,high-digital-skills,12.0,,score (0–100)
cedefop-esi,CY,Cyprus,2018,high-digital-skills,21.585,,score (0–100)
cedefop-esi,CY,Cyprus,2019,high-digital-skills,18.321,,score (0–100)
cedefop-esi,CY,Cyprus,2020,high-digital-skills,24.472,,score (0–100)
cedefop-esi,CY,Cyprus,2021,high-digital-skills,30.623,,score (0–100)
cedefop-esi,CY,Cyprus,2022,high-digital-skills,30.623,,score (0–100)
cedefop-esi,CY,Cyprus,2023,high-digital-skills,30.623,,score (0–100)
cedefop-esi,CY,Cyprus,2024,high-digital-skills,30.623,,score (0–100)
cedefop-esi,CZ,Czechia,2017,high-digital-skills,26.283,,score (0–100)
cedefop-esi,CZ,Czechia,2018,high-digital-skills,21.547,,score (0–100)
cedefop-esi,CZ,Czechia,2019,high-digital-skills,28.415,,score (0–100)
cedefop-esi,CZ,Czechia,2020,high-digital-skills,30.047,,score (0–100)
cedefop-esi,CZ,Czechia,2021,high-digital-skills,31.679,,score (0–100)
cedefop-esi,CZ,Czechia,2022,high-digital-skills,31.679,,score (0–100)
cedefop-esi,CZ,Czechia,2023,high-digital-skills,31.679,,score (0–100)
cedefop-esi,CZ,Czechia,2024,high-digital-skills,31.679,,score (0–100)
cedefop-esi,DE,Germany,2017,high-digital-skills,49.623,,score (0–100)
cedefop-esi,DE,Germany,2018,high-digital-skills,46.189,,score (0–100)
cedefop-esi,DE,Germany,2019,high-digital-skills,52.283,,score (0–100)
cedefop-esi,DE,Germany,2020,high-digital-skills,54.292,,score (0–100)
cedefop-esi,DE,Germany,2021,high-digital-skills,56.302,,score (0–100)
cedefop-esi,DE,Germany,2022,high-digital-skills,56.302,,score (0–100)
cedefop-esi,DE,Germany,2023,high-digital-skills,56.302,,score (0–100)
cedefop-esi,DE,Germany,2024,high-digital-skills,56.302,,score (0–100)
cedefop-esi,DK,Denmark,2017,high-digital-skills,74.453,,score (0–100)
cedefop-esi,DK,Denmark,2018,high-digital-skills,82.981,,score (0–100)
cedefop-esi,DK,Denmark,2019,high-digital-skills,72.113,,score (0–100)
cedefop-esi,DK,Denmark,2020,high-digital-skills,73.349,,score (0–100)
cedefop-esi,DK,Denmark,2021,high-digital-skills,74.585,,score (0–100)
cedefop-esi,DK,Denmark,2022,high-digital-skills,74.585,,score (0–100)
cedefop-esi,DK,Denmark,2023,high-digital-skills,74.585,,score (0–100)
cedefop-esi,DK,Denmark,2024,high-digital-skills,74.585,,score (0–100)
cedefop-esi,EE,Estonia,2017,high-digital-skills,53.66,,score (0–100)
cedefop-esi,EE,Estonia,2018,high-digital-skills,48.566,,score (0–100)
cedefop-esi,EE,Estonia,2019,high-digital-skills,48.755,,score (0–100)
cedefop-esi,EE,Estonia,2020,high-digital-skills,50.821,,score (0–100)
cedefop-esi,EE,Estonia,2021,high-digital-skills,52.887,,score (0–100)
cedefop-esi,EE,Estonia,2022,high-digital-skills,52.887,,score (0–100)
cedefop-esi,EE,Estonia,2023,high-digital-skills,52.887,,score (0–100)
cedefop-esi,EE,Estonia,2024,high-digital-skills,52.887,,score (0–100)
cedefop-esi,EL,Greece,2017,high-digital-skills,13.415,,score (0–100)
cedefop-esi,EL,Greece,2018,high-digital-skills,19.547,,score (0–100)
cedefop-esi,EL,Greece,2019,high-digital-skills,23.887,,score (0–100)
cedefop-esi,EL,Greece,2020,high-digital-skills,25.453,,score (0–100)
cedefop-esi,EL,Greece,2021,high-digital-skills,27.019,,score (0–100)
cedefop-esi,EL,Greece,2022,high-digital-skills,27.019,,score (0–100)
cedefop-esi,EL,Greece,2023,high-digital-skills,27.019,,score (0–100)
cedefop-esi,EL,Greece,2024,high-digital-skills,27.019,,score (0–100)
cedefop-esi,ES,Spain,2017,high-digital-skills,39.66,,score (0–100)
cedefop-esi,ES,Spain,2018,high-digital-skills,40.981,,score (0–100)
cedefop-esi,ES,Spain,2019,high-digital-skills,42.66,,score (0–100)
cedefop-esi,ES,Spain,2020,high-digital-skills,46.887,,score (0–100)
cedefop-esi,ES,Spain,2021,high-digital-skills,51.113,,score (0–100)
cedefop-esi,ES,Spain,2022,high-digital-skills,51.113,,score (0–100)
cedefop-esi,ES,Spain,2023,high-digital-skills,51.113,,score (0–100)
cedefop-esi,ES,Spain,2024,high-digital-skills,51.113,,score (0–100)
cedefop-esi,FI,Finland,2017,high-digital-skills,60.264,,score (0–100)
cedefop-esi,FI,Finland,2018,high-digital-skills,65.547,,score (0–100)
cedefop-esi,FI,Finland,2019,high-digital-skills,68.358,,score (0–100)
cedefop-esi,FI,Finland,2020,high-digital-skills,72.925,,score (0–100)
cedefop-esi,FI,Finland,2021,high-digital-skills,77.491,,score (0–100)
cedefop-esi,FI,Finland,2022,high-digital-skills,77.491,,score (0–100)
cedefop-esi,FI,Finland,2023,high-digital-skills,77.491,,score (0–100)
cedefop-esi,FI,Finland,2024,high-digital-skills,77.491,,score (0–100)
cedefop-esi,FR,France,2017,high-digital-skills,33.679,,score (0–100)
cedefop-esi,FR,France,2018,high-digital-skills,35.038,,score (0–100)
cedefop-esi,FR,France,2019,high-digital-skills,38.189,,score (0–100)
cedefop-esi,FR,France,2020,high-digital-skills,39.774,,score (0–100)
cedefop-esi,FR,France,2021,high-digital-skills,41.358,,score (0–100)
cedefop-esi,FR,France,2022,high-digital-skills,41.358,,score (0–100)
cedefop-esi,FR,France,2023,high-digital-skills,41.358,,score (0–100)
cedefop-esi,FR,France,2024,high-digital-skills,41.358,,score (0–100)
cedefop-esi,HR,Croatia,2017,high-digital-skills,40.151,,score (0–100)
cedefop-esi,HR,Croatia,2018,high-digital-skills,45.811,,score (0–100)
cedefop-esi,HR,Croatia,2019,high-digital-skills,21.906,,score (0–100)
cedefop-esi,HR,Croatia,2020,high-digital-skills,35.802,,score (0–100)
cedefop-esi,HR,Croatia,2021,high-digital-skills,49.698,,score (0–100)
cedefop-esi,HR,Croatia,2022,high-digital-skills,49.698,,score (0–100)
cedefop-esi,HR,Croatia,2023,high-digital-skills,49.698,,score (0–100)
cedefop-esi,HR,Croatia,2024,high-digital-skills,49.698,,score (0–100)
cedefop-esi,HU,Hungary,2017,high-digital-skills,25.321,,score (0–100)
cedefop-esi,HU,Hungary,2018,high-digital-skills,27.962,,score (0–100)
cedefop-esi,HU,Hungary,2019,high-digital-skills,31.604,,score (0–100)
cedefop-esi,HU,Hungary,2020,high-digital-skills,31.236,,score (0–100)
cedefop-esi,HU,Hungary,2021,high-digital-skills,30.868,,score (0–100)
cedefop-esi,HU,Hungary,2022,high-digital-skills,30.868,,score (0–100)
cedefop-esi,HU,Hungary,2023,high-digital-skills,30.868,,score (0–100)
cedefop-esi,HU,Hungary,2024,high-digital-skills,30.868,,score (0–100)
cedefop-esi,IE,Ireland,2017,high-digital-skills,30.208,,score (0–100)
cedefop-esi,IE,Ireland,2018,high-digital-skills,29.811,,score (0–100)
cedefop-esi,IE,Ireland,2019,high-digital-skills,35.358,,score (0–100)
cedefop-esi,IE,Ireland,2020,high-digital-skills,41.396,,score (0–100)
cedefop-esi,IE,Ireland,2021,high-digital-skills,47.434,,score (0–100)
cedefop-esi,IE,Ireland,2022,high-digital-skills,47.434,,score (0–100)
cedefop-esi,IE,Ireland,2023,high-digital-skills,47.434,,score (0–100)
cedefop-esi,IE,Ireland,2024,high-digital-skills,47.434,,score (0–100)
cedefop-esi,IS,Iceland,2017,high-digital-skills,93.038,,score (0–100)
cedefop-esi,IS,Iceland,2018,high-digital-skills,93.038,,score (0–100)
cedefop-esi,IS,Iceland,2019,high-digital-skills,93.038,,score (0–100)
cedefop-esi,IS,Iceland,2020,high-digital-skills,96.113,,score (0–100)
cedefop-esi,IS,Iceland,2021,high-digital-skills,99.189,,score (0–100)
cedefop-esi,IS,Iceland,2022,high-digital-skills,99.189,,score (0–100)
cedefop-esi,IS,Iceland,2023,high-digital-skills,99.189,,score (0–100)
cedefop-esi,IS,Iceland,2024,high-digital-skills,99.189,,score (0–100)
cedefop-esi,IT,Italy,2017,high-digital-skills,19.472,,score (0–100)
cedefop-esi,IT,Italy,2018,high-digital-skills,19.774,,score (0–100)
cedefop-esi,IT,Italy,2019,high-digital-skills,21.371,,score (0–100)
cedefop-esi,IT,Italy,2020,high-digital-skills,22.969,,score (0–100)
cedefop-esi,IT,Italy,2021,high-digital-skills,24.566,,score (0–100)
cedefop-esi,IT,Italy,2022,high-digital-skills,24.566,,score (0–100)
cedefop-esi,IT,Italy,2023,high-digital-skills,24.566,,score (0–100)
cedefop-esi,IT,Italy,2024,high-digital-skills,24.566,,score (0–100)
cedefop-esi,LT,Lithuania,2017,high-digital-skills,40.17,,score (0–100)
cedefop-esi,LT,Lithuania,2018,high-digital-skills,38.019,,score (0–100)
cedefop-esi,LT,Lithuania,2019,high-digital-skills,43.283,,score (0–100)
cedefop-esi,LT,Lithuania,2020,high-digital-skills,43.623,,score (0–100)
cedefop-esi,LT,Lithuania,2021,high-digital-skills,43.962,,score (0–100)
cedefop-esi,LT,Lithuania,2022,high-digital-skills,43.962,,score (0–100)
cedefop-esi,LT,Lithuania,2023,high-digital-skills,43.962,,score (0–100)
cedefop-esi,LT,Lithuania,2024,high-digital-skills,43.962,,score (0–100)
cedefop-esi,LU,Luxembourg,2017,high-digital-skills,88.472,,score (0–100)
cedefop-esi,LU,Luxembourg,2018,high-digital-skills,85.189,,score (0–100)
cedefop-esi,LU,Luxembourg,2019,high-digital-skills,87.264,,score (0–100)
cedefop-esi,LU,Luxembourg,2020,high-digital-skills,68.877,,score (0–100)
cedefop-esi,LU,Luxembourg,2021,high-digital-skills,50.491,,score (0–100)
cedefop-esi,LU,Luxembourg,2022,high-digital-skills,50.491,,score (0–100)
cedefop-esi,LU,Luxembourg,2023,high-digital-skills,50.491,,score (0–100)
cedefop-esi,LU,Luxembourg,2024,high-digital-skills,50.491,,score (0–100)
cedefop-esi,LV,Latvia,2017,high-digital-skills,31.208,,score (0–100)
cedefop-esi,LV,Latvia,2018,high-digital-skills,33.264,,score (0–100)
cedefop-esi,LV,Latvia,2019,high-digital-skills,33.585,,score (0–100)
cedefop-esi,LV,Latvia,2020,high-digital-skills,31.368,,score (0–100)
cedefop-esi,LV,Latvia,2021,high-digital-skills,29.151,,score (0–100)
cedefop-esi,LV,Latvia,2022,high-digital-skills,29.151,,score (0–100)
cedefop-esi,LV,Latvia,2023,high-digital-skills,29.151,,score (0–100)
cedefop-esi,LV,Latvia,2024,high-digital-skills,29.151,,score (0–100)
cedefop-esi,MT,Malta,2017,high-digital-skills,48.189,,score (0–100)
cedefop-esi,MT,Malta,2018,high-digital-skills,43.302,,score (0–100)
cedefop-esi,MT,Malta,2019,high-digital-skills,56.038,,score (0–100)
cedefop-esi,MT,Malta,2020,high-digital-skills,55.613,,score (0–100)
cedefop-esi,MT,Malta,2021,high-digital-skills,55.189,,score (0–100)
cedefop-esi,MT,Malta,2022,high-digital-skills,55.189,,score (0–100)
cedefop-esi,MT,Malta,2023,high-digital-skills,55.189,,score (0–100)
cedefop-esi,MT,Malta,2024,high-digital-skills,55.189,,score (0–100)
cedefop-esi,NL,Netherlands,2017,high-digital-skills,63.245,,score (0–100)
cedefop-esi,NL,Netherlands,2018,high-digital-skills,67.679,,score (0–100)
cedefop-esi,NL,Netherlands,2019,high-digital-skills,73.302,,score (0–100)
cedefop-esi,NL,Netherlands,2020,high-digital-skills,74.915,,score (0–100)
cedefop-esi,NL,Netherlands,2021,high-digital-skills,76.528,,score (0–100)
cedefop-esi,NL,Netherlands,2022,high-digital-skills,76.528,,score (0–100)
cedefop-esi,NL,Netherlands,2023,high-digital-skills,76.528,,score (0–100)
cedefop-esi,NL,Netherlands,2024,high-digital-skills,76.528,,score (0–100)
cedefop-esi,NO,Norway,2017,high-digital-skills,76.283,,score (0–100)
cedefop-esi,NO,Norway,2018,high-digital-skills,68.792,,score (0–100)
cedefop-esi,NO,Norway,2019,high-digital-skills,79.698,,score (0–100)
cedefop-esi,NO,Norway,2020,high-digital-skills,79.557,,score (0–100)
cedefop-esi,NO,Norway,2021,high-digital-skills,79.415,,score (0–100)
cedefop-esi,NO,Norway,2022,high-digital-skills,79.415,,score (0–100)
cedefop-esi,NO,Norway,2023,high-digital-skills,79.415,,score (0–100)
cedefop-esi,NO,Norway,2024,high-digital-skills,79.415,,score (0–100)
cedefop-esi,PL,Poland,2017,high-digital-skills,11.453,,score (0–100)
cedefop-esi,PL,Poland,2018,high-digital-skills,19.623,,score (0–100)
cedefop-esi,PL,Poland,2019,high-digital-skills,22.887,,score (0–100)
cedefop-esi,PL,Poland,2020,high-digital-skills,23.038,,score (0–100)
cedefop-esi,PL,Poland,2021,high-digital-skills,23.189,,score (0–100)
cedefop-esi,PL,Poland,2022,high-digital-skills,23.189,,score (0–100)
cedefop-esi,PL,Poland,2023,high-digital-skills,23.189,,score (0–100)
cedefop-esi,PL,Poland,2024,high-digital-skills,23.189,,score (0–100)
cedefop-esi,PT,Portugal,2017,high-digital-skills,35.623,,score (0–100)
cedefop-esi,PT,Portugal,2018,high-digital-skills,36.491,,score (0–100)
cedefop-esi,PT,Portugal,2019,high-digital-skills,41.038,,score (0–100)
cedefop-esi,PT,Portugal,2020,high-digital-skills,42.311,,score (0–100)
cedefop-esi,PT,Portugal,2021,high-digital-skills,43.585,,score (0–100)
cedefop-esi,PT,Portugal,2022,high-digital-skills,43.585,,score (0–100)
cedefop-esi,PT,Portugal,2023,high-digital-skills,43.585,,score (0–100)
cedefop-esi,PT,Portugal,2024,high-digital-skills,43.585,,score (0–100)
cedefop-esi,RO,Romania,2017,high-digital-skills,0.0,,score (0–100)
cedefop-esi,RO,Romania,2018,high-digital-skills,0.0,,score (0–100)
cedefop-esi,RO,Romania,2019,high-digital-skills,2.17,,score (0–100)
cedefop-esi,RO,Romania,2020,high-digital-skills,2.34,,score (0–100)
cedefop-esi,RO,Romania,2021,high-digital-skills,2.509,,score (0–100)
cedefop-esi,RO,Romania,2022,high-digital-skills,2.509,,score (0–100)
cedefop-esi,RO,Romania,2023,high-digital-skills,2.509,,score (0–100)
cedefop-esi,RO,Romania,2024,high-digital-skills,2.509,,score (0–100)
cedefop-esi,SE,Sweden,2017,high-digital-skills,49.509,,score (0–100)
cedefop-esi,SE,Sweden,2018,high-digital-skills,56.226,,score (0–100)
cedefop-esi,SE,Sweden,2019,high-digital-skills,70.528,,score (0–100)
cedefop-esi,SE,Sweden,2020,high-digital-skills,70.208,,score (0–100)
cedefop-esi,SE,Sweden,2021,high-digital-skills,69.887,,score (0–100)
cedefop-esi,SE,Sweden,2022,high-digital-skills,69.887,,score (0–100)
cedefop-esi,SE,Sweden,2023,high-digital-skills,69.887,,score (0–100)
cedefop-esi,SE,Sweden,2024,high-digital-skills,69.887,,score (0–100)
cedefop-esi,SI,Slovenia,2017,high-digital-skills,31.358,,score (0–100)
cedefop-esi,SI,Slovenia,2018,high-digital-skills,35.434,,score (0–100)
cedefop-esi,SI,Slovenia,2019,high-digital-skills,39.038,,score (0–100)
cedefop-esi,SI,Slovenia,2020,high-digital-skills,40.34,,score (0–100)
cedefop-esi,SI,Slovenia,2021,high-digital-skills,41.642,,score (0–100)
cedefop-esi,SI,Slovenia,2022,high-digital-skills,41.642,,score (0–100)
cedefop-esi,SI,Slovenia,2023,high-digital-skills,41.642,,score (0–100)
cedefop-esi,SI,Slovenia,2024,high-digital-skills,41.642,,score (0–100)
cedefop-esi,SK,Slovakia,2017,high-digital-skills,32.208,,score (0–100)
cedefop-esi,SK,Slovakia,2018,high-digital-skills,37.962,,score (0–100)
cedefop-esi,SK,Slovakia,2019,high-digital-skills,45.415,,score (0–100)
cedefop-esi,SK,Slovakia,2020,high-digital-skills,39.755,,score (0–100)
cedefop-esi,SK,Slovakia,2021,high-digital-skills,34.094,,score (0–100)
cedefop-esi,SK,Slovakia,2022,high-digital-skills,34.094,,score (0–100)
cedefop-esi,SK,Slovakia,2023,high-digital-skills,34.094,,score (0–100)
cedefop-esi,SK,Slovakia,2024,high-digital-skills,34.094,,score (0–100)
cedefop-esi,UK,United Kingdom,2017,high-digital-skills,58.226,,score (0–100)
cedefop-esi,UK,United Kingdom,2018,high-digital-skills,64.321,,score (0–100)
cedefop-esi,UK,United Kingdom,2019,high-digital-skills,69.849,,score (0–100)
cedefop-esi,UK,United Kingdom,2020,high-digital-skills,72.519,,score (0–100)
cedefop-esi,UK,United Kingdom,2021,high-digital-skills,75.189,,score (0–100)
cedefop-esi,UK,United Kingdom,2022,high-digital-skills,75.189,,score (0–100)
cedefop-esi,UK,United Kingdom,2023,high-digital-skills,75.189,,score (0–100)
cedefop-esi,UK,United Kingdom,2024,high-digital-skills,75.189,,score (0–100)
cedefop-esi,AT,Austria,2017,index,52.111,,score (0–100)
cedefop-esi,AT,Austria,2018,index,51.261,,score (0–100)
cedefop-esi,AT,Austria,2019,index,52.791,,score (0–100)
cedefop-esi,AT,Austria,2020,index,56.49,,score (0–100)
cedefop-esi,AT,Austria,2021,index,58.022,,score (0–100)
cedefop-esi,AT,Austria,2022,index,56.187,,score (0–100)
cedefop-esi,AT,Austria,2023,index,57.038,,score (0–100)
cedefop-esi,AT,Austria,2024,index,59.978,,score (0–100)
cedefop-esi,BE,Belgium,2017,index,43.806,,score (0–100)
cedefop-esi,BE,Belgium,2018,index,45.547,,score (0–100)
cedefop-esi,BE,Belgium,2019,index,46.349,,score (0–100)
cedefop-esi,BE,Belgium,2020,index,49.286,,score (0–100)
cedefop-esi,BE,Belgium,2021,index,49.786,,score (0–100)
cedefop-esi,BE,Belgium,2022,index,48.987,,score (0–100)
cedefop-esi,BE,Belgium,2023,index,48.751,,score (0–100)
cedefop-esi,BE,Belgium,2024,index,50.455,,score (0–100)
cedefop-esi,BG,Bulgaria,2017,index,30.672,,score (0–100)
cedefop-esi,BG,Bulgaria,2018,index,27.404,,score (0–100)
cedefop-esi,BG,Bulgaria,2019,index,35.712,,score (0–100)
cedefop-esi,BG,Bulgaria,2020,index,35.219,,score (0–100)
cedefop-esi,BG,Bulgaria,2021,index,39.167,,score (0–100)
cedefop-esi,BG,Bulgaria,2022,index,37.326,,score (0–100)
cedefop-esi,BG,Bulgaria,2023,index,34.354,,score (0–100)
cedefop-esi,BG,Bulgaria,2024,index,40.984,,score (0–100)
cedefop-esi,CH,Switzerland,2017,index,56.512,,score (0–100)
cedefop-esi,CH,Switzerland,2018,index,57.814,,score (0–100)
cedefop-esi,CH,Switzerland,2019,index,56.993,,score (0–100)
cedefop-esi,CH,Switzerland,2020,index,58.261,,score (0–100)
cedefop-esi,CH,Switzerland,2021,index,60.291,,score (0–100)
cedefop-esi,CH,Switzerland,2022,index,59.798,,score (0–100)
cedefop-esi,CH,Switzerland,2023,index,60.366,,score (0–100)
cedefop-esi,CH,Switzerland,2024,index,62.271,,score (0–100)
cedefop-esi,CY,Cyprus,2017,index,19.395,,score (0–100)
cedefop-esi,CY,Cyprus,2018,index,20.737,,score (0–100)
cedefop-esi,CY,Cyprus,2019,index,21.949,,score (0–100)
cedefop-esi,CY,Cyprus,2020,index,32.055,,score (0–100)
cedefop-esi,CY,Cyprus,2021,index,35.418,,score (0–100)
cedefop-esi,CY,Cyprus,2022,index,34.871,,score (0–100)
cedefop-esi,CY,Cyprus,2023,index,36.602,,score (0–100)
cedefop-esi,CY,Cyprus,2024,index,39.058,,score (0–100)
cedefop-esi,CZ,Czechia,2017,index,66.212,,score (0–100)
cedefop-esi,CZ,Czechia,2018,index,68.762,,score (0–100)
cedefop-esi,CZ,Czechia,2019,index,70.963,,score (0–100)
cedefop-esi,CZ,Czechia,2020,index,72.244,,score (0–100)
cedefop-esi,CZ,Czechia,2021,index,72.512,,score (0–100)
cedefop-esi,CZ,Czechia,2022,index,69.304,,score (0–100)
cedefop-esi,CZ,Czechia,2023,index,69.558,,score (0–100)
cedefop-esi,CZ,Czechia,2024,index,70.367,,score (0–100)
cedefop-esi,DE,Germany,2017,index,54.548,,score (0–100)
cedefop-esi,DE,Germany,2018,index,54.377,,score (0–100)
cedefop-esi,DE,Germany,2019,index,55.611,,score (0–100)
cedefop-esi,DE,Germany,2020,index,57.186,,score (0–100)
cedefop-esi,DE,Germany,2021,index,58.534,,score (0–100)
cedefop-esi,DE,Germany,2022,index,57.769,,score (0–100)
cedefop-esi,DE,Germany,2023,index,57.835,,score (0–100)
cedefop-esi,DE,Germany,2024,index,59.935,,score (0–100)
cedefop-esi,DK,Denmark,2017,index,62.354,,score (0–100)
cedefop-esi,DK,Denmark,2018,index,61.239,,score (0–100)
cedefop-esi,DK,Denmark,2019,index,60.953,,score (0–100)
cedefop-esi,DK,Denmark,2020,index,62.832,,score (0–100)
cedefop-esi,DK,Denmark,2021,index,64.314,,score (0–100)
cedefop-esi,DK,Denmark,2022,index,62.614,,score (0–100)
cedefop-esi,DK,Denmark,2023,index,63.468,,score (0–100)
cedefop-esi,DK,Denmark,2024,index,66.715,,score (0–100)
cedefop-esi,EE,Estonia,2017,index,54.594,,score (0–100)
cedefop-esi,EE,Estonia,2018,index,57.184,,score (0–100)
cedefop-esi,EE,Estonia,2019,index,62.901,,score (0–100)
cedefop-esi,EE,Estonia,2020,index,64.081,,score (0–100)
cedefop-esi,EE,Estonia,2021,index,63.763,,score (0–100)
cedefop-esi,EE,Estonia,2022,index,61.765,,score (0–100)
cedefop-esi,EE,Estonia,2023,index,63.188,,score (0–100)
cedefop-esi,EE,Estonia,2024,index,64.76,,score (0–100)
cedefop-esi,EL,Greece,2017,index,18.696,,score (0–100)
cedefop-esi,EL,Greece,2018,index,17.654,,score (0–100)
cedefop-esi,EL,Greece,2019,index,18.435,,score (0–100)
cedefop-esi,EL,Greece,2020,index,19.628,,score (0–100)
cedefop-esi,EL,Greece,2021,index,22.237,,score (0–100)
cedefop-esi,EL,Greece,2022,index,23.845,,score (0–100)
cedefop-esi,EL,Greece,2023,index,25.557,,score (0–100)
cedefop-esi,EL,Greece,2024,index,28.07,,score (0–100)
cedefop-esi,ES,Spain,2017,index,13.565,,score (0–100)
cedefop-esi,ES,Spain,2018,index,15.384,,score (0–100)
cedefop-esi,ES,Spain,2019,index,17.515,,score (0–100)
cedefop-esi,ES,Spain,2020,index,19.49,,score (0–100)
cedefop-esi,ES,Spain,2021,index,20.08,,score (0–100)
cedefop-esi,ES,Spain,2022,index,19.374,,score (0–100)
cedefop-esi,ES,Spain,2023,index,20.957,,score (0–100)
cedefop-esi,ES,Spain,2024,index,24.185,,score (0–100)
cedefop-esi,FI,Finland,2017,index,61.071,,score (0–100)
cedefop-esi,FI,Finland,2018,index,59.979,,score (0–100)
cedefop-esi,FI,Finland,2019,index,62.92,,score (0–100)
cedefop-esi,FI,Finland,2020,index,66.797,,score (0–100)
cedefop-esi,FI,Finland,2021,index,68.402,,score (0–100)
cedefop-esi,FI,Finland,2022,index,66.761,,score (0–100)
cedefop-esi,FI,Finland,2023,index,65.978,,score (0–100)
cedefop-esi,FI,Finland,2024,index,66.601,,score (0–100)
cedefop-esi,FR,France,2017,index,37.65,,score (0–100)
cedefop-esi,FR,France,2018,index,39.708,,score (0–100)
cedefop-esi,FR,France,2019,index,39.399,,score (0–100)
cedefop-esi,FR,France,2020,index,43.857,,score (0–100)
cedefop-esi,FR,France,2021,index,44.182,,score (0–100)
cedefop-esi,FR,France,2022,index,44.41,,score (0–100)
cedefop-esi,FR,France,2023,index,44.308,,score (0–100)
cedefop-esi,FR,France,2024,index,46.41,,score (0–100)
cedefop-esi,HR,Croatia,2017,index,49.125,,score (0–100)
cedefop-esi,HR,Croatia,2018,index,51.123,,score (0–100)
cedefop-esi,HR,Croatia,2019,index,50.461,,score (0–100)
cedefop-esi,HR,Croatia,2020,index,53.998,,score (0–100)
cedefop-esi,HR,Croatia,2021,index,60.257,,score (0–100)
cedefop-esi,HR,Croatia,2022,index,61.076,,score (0–100)
cedefop-esi,HR,Croatia,2023,index,58.989,,score (0–100)
cedefop-esi,HR,Croatia,2024,index,61.825,,score (0–100)
cedefop-esi,HU,Hungary,2017,index,48.972,,score (0–100)
cedefop-esi,HU,Hungary,2018,index,50.651,,score (0–100)
cedefop-esi,HU,Hungary,2019,index,54.604,,score (0–100)
cedefop-esi,HU,Hungary,2020,index,56.353,,score (0–100)
cedefop-esi,HU,Hungary,2021,index,56.214,,score (0–100)
cedefop-esi,HU,Hungary,2022,index,56.896,,score (0–100)
cedefop-esi,HU,Hungary,2023,index,61.083,,score (0–100)
cedefop-esi,HU,Hungary,2024,index,62.145,,score (0–100)
cedefop-esi,IE,Ireland,2017,index,25.432,,score (0–100)
cedefop-esi,IE,Ireland,2018,index,32.685,,score (0–100)
cedefop-esi,IE,Ireland,2019,index,37.219,,score (0–100)
cedefop-esi,IE,Ireland,2020,index,38.899,,score (0–100)
cedefop-esi,IE,Ireland,2021,index,42.165,,score (0–100)
cedefop-esi,IE,Ireland,2022,index,41.56,,score (0–100)
cedefop-esi,IE,Ireland,2023,index,45.377,,score (0–100)
cedefop-esi,IE,Ireland,2024,index,47.757,,score (0–100)
cedefop-esi,IS,Iceland,2017,index,60.749,,score (0–100)
cedefop-esi,IS,Iceland,2018,index,61.788,,score (0–100)
cedefop-esi,IS,Iceland,2019,index,60.128,,score (0–100)
cedefop-esi,IS,Iceland,2020,index,59.807,,score (0–100)
cedefop-esi,IS,Iceland,2021,index,64.169,,score (0–100)
cedefop-esi,IS,Iceland,2022,index,60.145,,score (0–100)
cedefop-esi,IS,Iceland,2023,index,62.305,,score (0–100)
cedefop-esi,IS,Iceland,2024,index,65.69,,score (0–100)
cedefop-esi,IT,Italy,2017,index,16.565,,score (0–100)
cedefop-esi,IT,Italy,2018,index,18.281,,score (0–100)
cedefop-esi,IT,Italy,2019,index,17.113,,score (0–100)
cedefop-esi,IT,Italy,2020,index,17.212,,score (0–100)
cedefop-esi,IT,Italy,2021,index,19.398,,score (0–100)
cedefop-esi,IT,Italy,2022,index,15.376,,score (0–100)
cedefop-esi,IT,Italy,2023,index,19.153,,score (0–100)
cedefop-esi,IT,Italy,2024,index,26.034,,score (0–100)
cedefop-esi,LT,Lithuania,2017,index,47.599,,score (0–100)
cedefop-esi,LT,Lithuania,2018,index,51.014,,score (0–100)
cedefop-esi,LT,Lithuania,2019,index,52.419,,score (0–100)
cedefop-esi,LT,Lithuania,2020,index,55.299,,score (0–100)
cedefop-esi,LT,Lithuania,2021,index,54.898,,score (0–100)
cedefop-esi,LT,Lithuania,2022,index,52.514,,score (0–100)
cedefop-esi,LT,Lithuania,2023,index,53.676,,score (0–100)
cedefop-esi,LT,Lithuania,2024,index,54.396,,score (0–100)
cedefop-esi,LU,Luxembourg,2017,index,63.478,,score (0–100)
cedefop-esi,LU,Luxembourg,2018,index,61.862,,score (0–100)
cedefop-esi,LU,Luxembourg,2019,index,63.266,,score (0–100)
cedefop-esi,LU,Luxembourg,2020,index,65.222,,score (0–100)
cedefop-esi,LU,Luxembourg,2021,index,64.631,,score (0–100)
cedefop-esi,LU,Luxembourg,2022,index,61.362,,score (0–100)
cedefop-esi,LU,Luxembourg,2023,index,61.073,,score (0–100)
cedefop-esi,LU,Luxembourg,2024,index,63.902,,score (0–100)
cedefop-esi,LV,Latvia,2017,index,50.32,,score (0–100)
cedefop-esi,LV,Latvia,2018,index,50.682,,score (0–100)
cedefop-esi,LV,Latvia,2019,index,53.319,,score (0–100)
cedefop-esi,LV,Latvia,2020,index,51.106,,score (0–100)
cedefop-esi,LV,Latvia,2021,index,49.754,,score (0–100)
cedefop-esi,LV,Latvia,2022,index,54.354,,score (0–100)
cedefop-esi,LV,Latvia,2023,index,54.11,,score (0–100)
cedefop-esi,LV,Latvia,2024,index,58.652,,score (0–100)
cedefop-esi,MT,Malta,2017,index,51.305,,score (0–100)
cedefop-esi,MT,Malta,2018,index,54.816,,score (0–100)
cedefop-esi,MT,Malta,2019,index,57.656,,score (0–100)
cedefop-esi,MT,Malta,2020,index,57.792,,score (0–100)
cedefop-esi,MT,Malta,2021,index,59.089,,score (0–100)
cedefop-esi,MT,Malta,2022,index,59.987,,score (0–100)
cedefop-esi,MT,Malta,2023,index,61.048,,score (0–100)
cedefop-esi,MT,Malta,2024,index,63.337,,score (0–100)
cedefop-esi,NL,Netherlands,2017,index,50.81,,score (0–100)
cedefop-esi,NL,Netherlands,2018,index,54.677,,score (0–100)
cedefop-esi,NL,Netherlands,2019,index,57.554,,score (0–100)
cedefop-esi,NL,Netherlands,2020,index,60.925,,score (0–100)
cedefop-esi,NL,Netherlands,2021,index,62.134,,score (0–100)
cedefop-esi,NL,Netherlands,2022,index,61.516,,score (0–100)
cedefop-esi,NL,Netherlands,2023,index,61.828,,score (0–100)
cedefop-esi,NL,Netherlands,2024,index,63.009,,score (0–100)
cedefop-esi,NO,Norway,2017,index,59.377,,score (0–100)
cedefop-esi,NO,Norway,2018,index,58.517,,score (0–100)
cedefop-esi,NO,Norway,2019,index,61.313,,score (0–100)
cedefop-esi,NO,Norway,2020,index,61.11,,score (0–100)
cedefop-esi,NO,Norway,2021,index,61.653,,score (0–100)
cedefop-esi,NO,Norway,2022,index,60.5,,score (0–100)
cedefop-esi,NO,Norway,2023,index,58.692,,score (0–100)
cedefop-esi,NO,Norway,2024,index,59.411,,score (0–100)
cedefop-esi,PL,Poland,2017,index,51.755,,score (0–100)
cedefop-esi,PL,Poland,2018,index,55.568,,score (0–100)
cedefop-esi,PL,Poland,2019,index,58.157,,score (0–100)
cedefop-esi,PL,Poland,2020,index,61.19,,score (0–100)
cedefop-esi,PL,Poland,2021,index,62.147,,score (0–100)
cedefop-esi,PL,Poland,2022,index,61.528,,score (0–100)
cedefop-esi,PL,Poland,2023,index,60.58,,score (0–100)
cedefop-esi,PL,Poland,2024,index,63.664,,score (0–100)
cedefop-esi,PT,Portugal,2017,index,33.398,,score (0–100)
cedefop-esi,PT,Portugal,2018,index,33.062,,score (0–100)
cedefop-esi,PT,Portugal,2019,index,37.139,,score (0–100)
cedefop-esi,PT,Portugal,2020,index,41.276,,score (0–100)
cedefop-esi,PT,Portugal,2021,index,42.886,,score (0–100)
cedefop-esi,PT,Portugal,2022,index,42.157,,score (0–100)
cedefop-esi,PT,Portugal,2023,index,44.01,,score (0–100)
cedefop-esi,PT,Portugal,2024,index,45.343,,score (0–100)
cedefop-esi,RO,Romania,2017,index,28.196,,score (0–100)
cedefop-esi,RO,Romania,2018,index,27.155,,score (0–100)
cedefop-esi,RO,Romania,2019,index,35.395,,score (0–100)
cedefop-esi,RO,Romania,2020,index,37.251,,score (0–100)
cedefop-esi,RO,Romania,2021,index,39.841,,score (0–100)
cedefop-esi,RO,Romania,2022,index,40.303,,score (0–100)
cedefop-esi,RO,Romania,2023,index,31.975,,score (0–100)
cedefop-esi,RO,Romania,2024,index,32.808,,score (0–100)
cedefop-esi,SE,Sweden,2017,index,63.641,,score (0–100)
cedefop-esi,SE,Sweden,2018,index,66.017,,score (0–100)
cedefop-esi,SE,Sweden,2019,index,67.483,,score (0–100)
cedefop-esi,SE,Sweden,2020,index,68.556,,score (0–100)
cedefop-esi,SE,Sweden,2021,index,67.148,,score (0–100)
cedefop-esi,SE,Sweden,2022,index,63.94,,score (0–100)
cedefop-esi,SE,Sweden,2023,index,66.256,,score (0–100)
cedefop-esi,SE,Sweden,2024,index,67.349,,score (0–100)
cedefop-esi,SI,Slovenia,2017,index,54.796,,score (0–100)
cedefop-esi,SI,Slovenia,2018,index,53.141,,score (0–100)
cedefop-esi,SI,Slovenia,2019,index,62.629,,score (0–100)
cedefop-esi,SI,Slovenia,2020,index,66.69,,score (0–100)
cedefop-esi,SI,Slovenia,2021,index,63.92,,score (0–100)
cedefop-esi,SI,Slovenia,2022,index,62.446,,score (0–100)
cedefop-esi,SI,Slovenia,2023,index,64.378,,score (0–100)
cedefop-esi,SI,Slovenia,2024,index,65.317,,score (0–100)
cedefop-esi,SK,Slovakia,2017,index,50.384,,score (0–100)
cedefop-esi,SK,Slovakia,2018,index,51.547,,score (0–100)
cedefop-esi,SK,Slovakia,2019,index,50.755,,score (0–100)
cedefop-esi,SK,Slovakia,2020,index,51.412,,score (0–100)
cedefop-esi,SK,Slovakia,2021,index,51.667,,score (0–100)
cedefop-esi,SK,Slovakia,2022,index,52.025,,score (0–100)
cedefop-esi,SK,Slovakia,2023,index,52.032,,score (0–100)
cedefop-esi,SK,Slovakia,2024,index,55.423,,score (0–100)
cedefop-esi,UK,United Kingdom,2017,index,37.348,,score (0–100)
cedefop-esi,UK,United Kingdom,2018,index,39.489,,score (0–100)
cedefop-esi,UK,United Kingdom,2019,index,40.023,,score (0–100)
cedefop-esi,UK,United Kingdom,2020,index,41.694,,score (0–100)
cedefop-esi,UK,United Kingdom,2021,index,42.563,,score (0–100)
cedefop-esi,UK,United Kingdom,2022,index,42.458,,score (0–100)
cedefop-esi,UK,United Kingdom,2023,index,42.352,,score (0–100)
cedefop-esi,UK,United Kingdom,2024,index,42.247,,score (0–100)
cedefop-esi,AT,Austria,2017,labour-market-participation,68.792,,score (0–100)
cedefop-esi,AT,Austria,2018,labour-market-participation,70.25,,score (0–100)
cedefop-esi,AT,Austria,2019,labour-market-participation,69.375,,score (0–100)
cedefop-esi,AT,Austria,2020,labour-market-participation,69.083,,score (0–100)
cedefop-esi,AT,Austria,2021,labour-market-participation,72.375,,score (0–100)
cedefop-esi,AT,Austria,2022,labour-market-participation,69.542,,score (0–100)
cedefop-esi,AT,Austria,2023,labour-market-participation,72.25,,score (0–100)
cedefop-esi,AT,Austria,2024,labour-market-participation,76.625,,score (0–100)
cedefop-esi,BE,Belgium,2017,labour-market-participation,30.75,,score (0–100)
cedefop-esi,BE,Belgium,2018,labour-market-participation,27.125,,score (0–100)
cedefop-esi,BE,Belgium,2019,labour-market-participation,24.875,,score (0–100)
cedefop-esi,BE,Belgium,2020,labour-market-participation,26.042,,score (0–100)
cedefop-esi,BE,Belgium,2021,labour-market-participation,27.25,,score (0–100)
cedefop-esi,BE,Belgium,2022,labour-market-participation,21.75,,score (0–100)
cedefop-esi,BE,Belgium,2023,labour-market-participation,27.25,,score (0–100)
cedefop-esi,BE,Belgium,2024,labour-market-participation,29.833,,score (0–100)
cedefop-esi,BG,Bulgaria,2017,labour-market-participation,13.292,,score (0–100)
cedefop-esi,BG,Bulgaria,2018,labour-market-participation,6.667,,score (0–100)
cedefop-esi,BG,Bulgaria,2019,labour-market-participation,19.208,,score (0–100)
cedefop-esi,BG,Bulgaria,2020,labour-market-participation,15.458,,score (0–100)
cedefop-esi,BG,Bulgaria,2021,labour-market-participation,22.333,,score (0–100)
cedefop-esi,BG,Bulgaria,2022,labour-market-participation,15.667,,score (0–100)
cedefop-esi,BG,Bulgaria,2023,labour-market-participation,15.667,,score (0–100)
cedefop-esi,BG,Bulgaria,2024,labour-market-participation,20.667,,score (0–100)
cedefop-esi,CH,Switzerland,2017,labour-market-participation,81.875,,score (0–100)
cedefop-esi,CH,Switzerland,2018,labour-market-participation,84.208,,score (0–100)
cedefop-esi,CH,Switzerland,2019,labour-market-participation,84.542,,score (0–100)
cedefop-esi,CH,Switzerland,2020,labour-market-participation,84.75,,score (0–100)
cedefop-esi,CH,Switzerland,2021,labour-market-participation,83.792,,score (0–100)
cedefop-esi,CH,Switzerland,2022,labour-market-participation,82.208,,score (0–100)
cedefop-esi,CH,Switzerland,2023,labour-market-participation,81.792,,score (0–100)
cedefop-esi,CH,Switzerland,2024,labour-market-participation,77.583,,score (0–100)
cedefop-esi,CY,Cyprus,2017,labour-market-participation,56.958,,score (0–100)
cedefop-esi,CY,Cyprus,2018,labour-market-participation,50.042,,score (0–100)
cedefop-esi,CY,Cyprus,2019,labour-market-participation,52.0,,score (0–100)
cedefop-esi,CY,Cyprus,2020,labour-market-participation,55.75,,score (0–100)
cedefop-esi,CY,Cyprus,2021,labour-market-participation,57.292,,score (0–100)
cedefop-esi,CY,Cyprus,2022,labour-market-participation,56.333,,score (0–100)
cedefop-esi,CY,Cyprus,2023,labour-market-participation,62.042,,score (0–100)
cedefop-esi,CY,Cyprus,2024,labour-market-participation,68.458,,score (0–100)
cedefop-esi,CZ,Czechia,2017,labour-market-participation,43.792,,score (0–100)
cedefop-esi,CZ,Czechia,2018,labour-market-participation,45.667,,score (0–100)
cedefop-esi,CZ,Czechia,2019,labour-market-participation,46.833,,score (0–100)
cedefop-esi,CZ,Czechia,2020,labour-market-participation,46.875,,score (0–100)
cedefop-esi,CZ,Czechia,2021,labour-market-participation,45.708,,score (0–100)
cedefop-esi,CZ,Czechia,2022,labour-market-participation,40.625,,score (0–100)
cedefop-esi,CZ,Czechia,2023,labour-market-participation,40.875,,score (0–100)
cedefop-esi,CZ,Czechia,2024,labour-market-participation,43.667,,score (0–100)
cedefop-esi,DE,Germany,2017,labour-market-participation,60.833,,score (0–100)
cedefop-esi,DE,Germany,2018,labour-market-participation,59.458,,score (0–100)
cedefop-esi,DE,Germany,2019,labour-market-participation,60.333,,score (0–100)
cedefop-esi,DE,Germany,2020,labour-market-participation,62.792,,score (0–100)
cedefop-esi,DE,Germany,2021,labour-market-participation,65.417,,score (0–100)
cedefop-esi,DE,Germany,2022,labour-market-participation,62.583,,score (0–100)
cedefop-esi,DE,Germany,2023,labour-market-participation,63.375,,score (0–100)
cedefop-esi,DE,Germany,2024,labour-market-participation,68.0,,score (0–100)
cedefop-esi,DK,Denmark,2017,labour-market-participation,59.083,,score (0–100)
cedefop-esi,DK,Denmark,2018,labour-market-participation,56.75,,score (0–100)
cedefop-esi,DK,Denmark,2019,labour-market-participation,57.583,,score (0–100)
cedefop-esi,DK,Denmark,2020,labour-market-participation,59.083,,score (0–100)
cedefop-esi,DK,Denmark,2021,labour-market-participation,62.167,,score (0–100)
cedefop-esi,DK,Denmark,2022,labour-market-participation,60.5,,score (0–100)
cedefop-esi,DK,Denmark,2023,labour-market-participation,65.042,,score (0–100)
cedefop-esi,DK,Denmark,2024,labour-market-participation,70.0,,score (0–100)
cedefop-esi,EE,Estonia,2017,labour-market-participation,54.208,,score (0–100)
cedefop-esi,EE,Estonia,2018,labour-market-participation,57.708,,score (0–100)
cedefop-esi,EE,Estonia,2019,labour-market-participation,64.542,,score (0–100)
cedefop-esi,EE,Estonia,2020,labour-market-participation,68.708,,score (0–100)
cedefop-esi,EE,Estonia,2021,labour-market-participation,64.125,,score (0–100)
cedefop-esi,EE,Estonia,2022,labour-market-participation,64.125,,score (0–100)
cedefop-esi,EE,Estonia,2023,labour-market-participation,65.333,,score (0–100)
cedefop-esi,EE,Estonia,2024,labour-market-participation,79.375,,score (0–100)
cedefop-esi,EL,Greece,2017,labour-market-participation,27.25,,score (0–100)
cedefop-esi,EL,Greece,2018,labour-market-participation,23.458,,score (0–100)
cedefop-esi,EL,Greece,2019,labour-market-participation,22.917,,score (0–100)
cedefop-esi,EL,Greece,2020,labour-market-participation,20.792,,score (0–100)
cedefop-esi,EL,Greece,2021,labour-market-participation,20.625,,score (0–100)
cedefop-esi,EL,Greece,2022,labour-market-participation,14.708,,score (0–100)
cedefop-esi,EL,Greece,2023,labour-market-participation,12.958,,score (0–100)
cedefop-esi,EL,Greece,2024,labour-market-participation,26.042,,score (0–100)
cedefop-esi,ES,Spain,2017,labour-market-participation,45.542,,score (0–100)
cedefop-esi,ES,Spain,2018,labour-market-participation,43.292,,score (0–100)
cedefop-esi,ES,Spain,2019,labour-market-participation,42.583,,score (0–100)
cedefop-esi,ES,Spain,2020,labour-market-participation,41.75,,score (0–100)
cedefop-esi,ES,Spain,2021,labour-market-participation,42.083,,score (0–100)
cedefop-esi,ES,Spain,2022,labour-market-participation,31.833,,score (0–100)
cedefop-esi,ES,Spain,2023,labour-market-participation,40.167,,score (0–100)
cedefop-esi,ES,Spain,2024,labour-market-participation,42.917,,score (0–100)
cedefop-esi,FI,Finland,2017,labour-market-participation,59.75,,score (0–100)
cedefop-esi,FI,Finland,2018,labour-market-participation,58.125,,score (0–100)
cedefop-esi,FI,Finland,2019,labour-market-participation,61.292,,score (0–100)
cedefop-esi,FI,Finland,2020,labour-market-participation,64.25,,score (0–100)
cedefop-esi,FI,Finland,2021,labour-market-participation,64.167,,score (0–100)
cedefop-esi,FI,Finland,2022,labour-market-participation,61.5,,score (0–100)
cedefop-esi,FI,Finland,2023,labour-market-participation,61.458,,score (0–100)
cedefop-esi,FI,Finland,2024,labour-market-participation,63.25,,score (0–100)
cedefop-esi,FR,France,2017,labour-market-participation,52.875,,score (0–100)
cedefop-esi,FR,France,2018,labour-market-participation,52.75,,score (0–100)
cedefop-esi,FR,France,2019,labour-market-participation,52.292,,score (0–100)
cedefop-esi,FR,France,2020,labour-market-participation,54.708,,score (0–100)
cedefop-esi,FR,France,2021,labour-market-participation,52.417,,score (0–100)
cedefop-esi,FR,France,2022,labour-market-participation,48.0,,score (0–100)
cedefop-esi,FR,France,2023,labour-market-participation,57.417,,score (0–100)
cedefop-esi,FR,France,2024,labour-market-participation,60.833,,score (0–100)
cedefop-esi,HR,Croatia,2017,labour-market-participation,28.5,,score (0–100)
cedefop-esi,HR,Croatia,2018,labour-market-participation,28.667,,score (0–100)
cedefop-esi,HR,Croatia,2019,labour-market-participation,31.75,,score (0–100)
cedefop-esi,HR,Croatia,2020,labour-market-participation,26.458,,score (0–100)
cedefop-esi,HR,Croatia,2021,labour-market-participation,27.375,,score (0–100)
cedefop-esi,HR,Croatia,2022,labour-market-participation,27.5,,score (0–100)
cedefop-esi,HR,Croatia,2023,labour-market-participation,32.542,,score (0–100)
cedefop-esi,HR,Croatia,2024,labour-market-participation,39.375,,score (0–100)
cedefop-esi,HU,Hungary,2017,labour-market-participation,33.583,,score (0–100)
cedefop-esi,HU,Hungary,2018,labour-market-participation,37.208,,score (0–100)
cedefop-esi,HU,Hungary,2019,labour-market-participation,40.625,,score (0–100)
cedefop-esi,HU,Hungary,2020,labour-market-participation,40.583,,score (0–100)
cedefop-esi,HU,Hungary,2021,labour-market-participation,40.333,,score (0–100)
cedefop-esi,HU,Hungary,2022,labour-market-participation,38.292,,score (0–100)
cedefop-esi,HU,Hungary,2023,labour-market-participation,52.917,,score (0–100)
cedefop-esi,HU,Hungary,2024,labour-market-participation,54.375,,score (0–100)
cedefop-esi,IE,Ireland,2017,labour-market-participation,49.167,,score (0–100)
cedefop-esi,IE,Ireland,2018,labour-market-participation,52.917,,score (0–100)
cedefop-esi,IE,Ireland,2019,labour-market-participation,49.792,,score (0–100)
cedefop-esi,IE,Ireland,2020,labour-market-participation,49.792,,score (0–100)
cedefop-esi,IE,Ireland,2021,labour-market-participation,51.542,,score (0–100)
cedefop-esi,IE,Ireland,2022,labour-market-participation,41.958,,score (0–100)
cedefop-esi,IE,Ireland,2023,labour-market-participation,53.583,,score (0–100)
cedefop-esi,IE,Ireland,2024,labour-market-participation,63.083,,score (0–100)
cedefop-esi,IS,Iceland,2017,labour-market-participation,87.333,,score (0–100)
cedefop-esi,IS,Iceland,2018,labour-market-participation,90.667,,score (0–100)
cedefop-esi,IS,Iceland,2019,labour-market-participation,88.333,,score (0–100)
cedefop-esi,IS,Iceland,2020,labour-market-participation,86.667,,score (0–100)
cedefop-esi,IS,Iceland,2021,labour-market-participation,86.667,,score (0–100)
cedefop-esi,IS,Iceland,2022,labour-market-participation,79.625,,score (0–100)
cedefop-esi,IS,Iceland,2023,labour-market-participation,76.125,,score (0–100)
cedefop-esi,IS,Iceland,2024,labour-market-participation,82.0,,score (0–100)
cedefop-esi,IT,Italy,2017,labour-market-participation,5.125,,score (0–100)
cedefop-esi,IT,Italy,2018,labour-market-participation,6.875,,score (0–100)
cedefop-esi,IT,Italy,2019,labour-market-participation,5.5,,score (0–100)
cedefop-esi,IT,Italy,2020,labour-market-participation,5.375,,score (0–100)
cedefop-esi,IT,Italy,2021,labour-market-participation,5.5,,score (0–100)
cedefop-esi,IT,Italy,2022,labour-market-participation,1.125,,score (0–100)
cedefop-esi,IT,Italy,2023,labour-market-participation,3.875,,score (0–100)
cedefop-esi,IT,Italy,2024,labour-market-participation,6.0,,score (0–100)
cedefop-esi,LT,Lithuania,2017,labour-market-participation,54.5,,score (0–100)
cedefop-esi,LT,Lithuania,2018,labour-market-participation,54.875,,score (0–100)
cedefop-esi,LT,Lithuania,2019,labour-market-participation,53.875,,score (0–100)
cedefop-esi,LT,Lithuania,2020,labour-market-participation,57.75,,score (0–100)
cedefop-esi,LT,Lithuania,2021,labour-market-participation,61.333,,score (0–100)
cedefop-esi,LT,Lithuania,2022,labour-market-participation,61.167,,score (0–100)
cedefop-esi,LT,Lithuania,2023,labour-market-participation,59.542,,score (0–100)
cedefop-esi,LT,Lithuania,2024,labour-market-participation,63.042,,score (0–100)
cedefop-esi,LU,Luxembourg,2017,labour-market-participation,40.667,,score (0–100)
cedefop-esi,LU,Luxembourg,2018,labour-market-participation,33.75,,score (0–100)
cedefop-esi,LU,Luxembourg,2019,labour-market-participation,37.542,,score (0–100)
cedefop-esi,LU,Luxembourg,2020,labour-market-participation,42.125,,score (0–100)
cedefop-esi,LU,Luxembourg,2021,labour-market-participation,43.833,,score (0–100)
cedefop-esi,LU,Luxembourg,2022,labour-market-participation,42.583,,score (0–100)
cedefop-esi,LU,Luxembourg,2023,labour-market-participation,45.667,,score (0–100)
cedefop-esi,LU,Luxembourg,2024,labour-market-participation,41.375,,score (0–100)
cedefop-esi,LV,Latvia,2017,labour-market-participation,56.708,,score (0–100)
cedefop-esi,LV,Latvia,2018,labour-market-participation,57.125,,score (0–100)
cedefop-esi,LV,Latvia,2019,labour-market-participation,62.542,,score (0–100)
cedefop-esi,LV,Latvia,2020,labour-market-participation,65.0,,score (0–100)
cedefop-esi,LV,Latvia,2021,labour-market-participation,57.417,,score (0–100)
cedefop-esi,LV,Latvia,2022,labour-market-participation,62.625,,score (0–100)
cedefop-esi,LV,Latvia,2023,labour-market-participation,50.292,,score (0–100)
cedefop-esi,LV,Latvia,2024,labour-market-participation,59.417,,score (0–100)
cedefop-esi,MT,Malta,2017,labour-market-participation,45.542,,score (0–100)
cedefop-esi,MT,Malta,2018,labour-market-participation,49.792,,score (0–100)
cedefop-esi,MT,Malta,2019,labour-market-participation,56.0,,score (0–100)
cedefop-esi,MT,Malta,2020,labour-market-participation,64.833,,score (0–100)
cedefop-esi,MT,Malta,2021,labour-market-participation,70.708,,score (0–100)
cedefop-esi,MT,Malta,2022,labour-market-participation,71.333,,score (0–100)
cedefop-esi,MT,Malta,2023,labour-market-participation,74.667,,score (0–100)
cedefop-esi,MT,Malta,2024,labour-market-participation,84.708,,score (0–100)
cedefop-esi,NL,Netherlands,2017,labour-market-participation,68.792,,score (0–100)
cedefop-esi,NL,Netherlands,2018,labour-market-participation,66.875,,score (0–100)
cedefop-esi,NL,Netherlands,2019,labour-market-participation,66.083,,score (0–100)
cedefop-esi,NL,Netherlands,2020,labour-market-participation,66.458,,score (0–100)
cedefop-esi,NL,Netherlands,2021,labour-market-participation,69.292,,score (0–100)
cedefop-esi,NL,Netherlands,2022,labour-market-participation,67.833,,score (0–100)
cedefop-esi,NL,Netherlands,2023,labour-market-participation,79.0,,score (0–100)
cedefop-esi,NL,Netherlands,2024,labour-market-participation,80.333,,score (0–100)
cedefop-esi,NO,Norway,2017,labour-market-participation,61.792,,score (0–100)
cedefop-esi,NO,Norway,2018,labour-market-participation,58.083,,score (0–100)
cedefop-esi,NO,Norway,2019,labour-market-participation,54.417,,score (0–100)
cedefop-esi,NO,Norway,2020,labour-market-participation,59.75,,score (0–100)
cedefop-esi,NO,Norway,2021,labour-market-participation,59.5,,score (0–100)
cedefop-esi,NO,Norway,2022,labour-market-participation,59.25,,score (0–100)
cedefop-esi,NO,Norway,2023,labour-market-participation,63.25,,score (0–100)
cedefop-esi,NO,Norway,2024,labour-market-participation,65.375,,score (0–100)
cedefop-esi,PL,Poland,2017,labour-market-participation,36.125,,score (0–100)
cedefop-esi,PL,Poland,2018,labour-market-participation,38.583,,score (0–100)
cedefop-esi,PL,Poland,2019,labour-market-participation,40.083,,score (0–100)
cedefop-esi,PL,Poland,2020,labour-market-participation,42.583,,score (0–100)
cedefop-esi,PL,Poland,2021,labour-market-participation,43.917,,score (0–100)
cedefop-esi,PL,Poland,2022,labour-market-participation,38.917,,score (0–100)
cedefop-esi,PL,Poland,2023,labour-market-participation,44.042,,score (0–100)
cedefop-esi,PL,Poland,2024,labour-market-participation,46.875,,score (0–100)
cedefop-esi,PT,Portugal,2017,labour-market-participation,50.458,,score (0–100)
cedefop-esi,PT,Portugal,2018,labour-market-participation,51.833,,score (0–100)
cedefop-esi,PT,Portugal,2019,labour-market-participation,55.125,,score (0–100)
cedefop-esi,PT,Portugal,2020,labour-market-participation,55.792,,score (0–100)
cedefop-esi,PT,Portugal,2021,labour-market-participation,57.083,,score (0–100)
cedefop-esi,PT,Portugal,2022,labour-market-participation,46.542,,score (0–100)
cedefop-esi,PT,Portugal,2023,labour-market-participation,49.042,,score (0–100)
cedefop-esi,PT,Portugal,2024,labour-market-participation,52.833,,score (0–100)
cedefop-esi,RO,Romania,2017,labour-market-participation,19.833,,score (0–100)
cedefop-esi,RO,Romania,2018,labour-market-participation,11.708,,score (0–100)
cedefop-esi,RO,Romania,2019,labour-market-participation,22.208,,score (0–100)
cedefop-esi,RO,Romania,2020,labour-market-participation,21.875,,score (0–100)
cedefop-esi,RO,Romania,2021,labour-market-participation,23.542,,score (0–100)
cedefop-esi,RO,Romania,2022,labour-market-participation,25.708,,score (0–100)
cedefop-esi,RO,Romania,2023,labour-market-participation,10.375,,score (0–100)
cedefop-esi,RO,Romania,2024,labour-market-participation,12.25,,score (0–100)
cedefop-esi,SE,Sweden,2017,labour-market-participation,76.333,,score (0–100)
cedefop-esi,SE,Sweden,2018,labour-market-participation,76.708,,score (0–100)
cedefop-esi,SE,Sweden,2019,labour-market-participation,78.167,,score (0–100)
cedefop-esi,SE,Sweden,2020,labour-market-participation,76.917,,score (0–100)
cedefop-esi,SE,Sweden,2021,labour-market-participation,77.042,,score (0–100)
cedefop-esi,SE,Sweden,2022,labour-market-participation,74.958,,score (0–100)
cedefop-esi,SE,Sweden,2023,labour-market-participation,78.0,,score (0–100)
cedefop-esi,SE,Sweden,2024,labour-market-participation,80.042,,score (0–100)
cedefop-esi,SI,Slovenia,2017,labour-market-participation,52.75,,score (0–100)
cedefop-esi,SI,Slovenia,2018,labour-market-participation,53.5,,score (0–100)
cedefop-esi,SI,Slovenia,2019,labour-market-participation,65.792,,score (0–100)
cedefop-esi,SI,Slovenia,2020,labour-market-participation,66.125,,score (0–100)
cedefop-esi,SI,Slovenia,2021,labour-market-participation,64.583,,score (0–100)
cedefop-esi,SI,Slovenia,2022,labour-market-participation,57.208,,score (0–100)
cedefop-esi,SI,Slovenia,2023,labour-market-participation,56.667,,score (0–100)
cedefop-esi,SI,Slovenia,2024,labour-market-participation,62.75,,score (0–100)
cedefop-esi,SK,Slovakia,2017,labour-market-participation,39.208,,score (0–100)
cedefop-esi,SK,Slovakia,2018,labour-market-participation,41.583,,score (0–100)
cedefop-esi,SK,Slovakia,2019,labour-market-participation,40.375,,score (0–100)
cedefop-esi,SK,Slovakia,2020,labour-market-participation,37.667,,score (0–100)
cedefop-esi,SK,Slovakia,2021,labour-market-participation,34.417,,score (0–100)
cedefop-esi,SK,Slovakia,2022,labour-market-participation,30.292,,score (0–100)
cedefop-esi,SK,Slovakia,2023,labour-market-participation,37.333,,score (0–100)
cedefop-esi,SK,Slovakia,2024,labour-market-participation,41.417,,score (0–100)
cedefop-esi,UK,United Kingdom,2017,labour-market-participation,64.833,,score (0–100)
cedefop-esi,UK,United Kingdom,2018,labour-market-participation,65.958,,score (0–100)
cedefop-esi,UK,United Kingdom,2019,labour-market-participation,65.917,,score (0–100)
cedefop-esi,UK,United Kingdom,2020,labour-market-participation,67.0,,score (0–100)
cedefop-esi,UK,United Kingdom,2021,labour-market-participation,68.875,,score (0–100)
cedefop-esi,UK,United Kingdom,2022,labour-market-participation,68.875,,score (0–100)
cedefop-esi,UK,United Kingdom,2023,labour-market-participation,68.875,,score (0–100)
cedefop-esi,UK,United Kingdom,2024,labour-market-participation,68.875,,score (0–100)
cedefop-esi,AT,Austria,2017,long-term-unemployment,66.667,,score (0–100)
cedefop-esi,AT,Austria,2018,long-term-unemployment,57.778,,score (0–100)
cedefop-esi,AT,Austria,2019,long-term-unemployment,60.0,,score (0–100)
cedefop-esi,AT,Austria,2020,long-term-unemployment,73.333,,score (0–100)
cedefop-esi,AT,Austria,2021,long-term-unemployment,80.0,,score (0–100)
cedefop-esi,AT,Austria,2022,long-term-unemployment,73.333,,score (0–100)
cedefop-esi,AT,Austria,2023,long-term-unemployment,66.667,,score (0–100)
cedefop-esi,AT,Austria,2024,long-term-unemployment,84.444,,score (0–100)
cedefop-esi,BE,Belgium,2017,long-term-unemployment,22.222,,score (0–100)
cedefop-esi,BE,Belgium,2018,long-term-unemployment,28.889,,score (0–100)
cedefop-esi,BE,Belgium,2019,long-term-unemployment,42.222,,score (0–100)
cedefop-esi,BE,Belgium,2020,long-term-unemployment,53.333,,score (0–100)
cedefop-esi,BE,Belgium,2021,long-term-unemployment,64.444,,score (0–100)
cedefop-esi,BE,Belgium,2022,long-term-unemployment,64.444,,score (0–100)
cedefop-esi,BE,Belgium,2023,long-term-unemployment,53.333,,score (0–100)
cedefop-esi,BE,Belgium,2024,long-term-unemployment,60.0,,score (0–100)
cedefop-esi,BG,Bulgaria,2017,long-term-unemployment,0.0,,score (0–100)
cedefop-esi,BG,Bulgaria,2018,long-term-unemployment,0.0,,score (0–100)
cedefop-esi,BG,Bulgaria,2019,long-term-unemployment,24.444,,score (0–100)
cedefop-esi,BG,Bulgaria,2020,long-term-unemployment,31.111,,score (0–100)
cedefop-esi,BG,Bulgaria,2021,long-term-unemployment,46.667,,score (0–100)
cedefop-esi,BG,Bulgaria,2022,long-term-unemployment,51.111,,score (0–100)
cedefop-esi,BG,Bulgaria,2023,long-term-unemployment,53.333,,score (0–100)
cedefop-esi,BG,Bulgaria,2024,long-term-unemployment,60.0,,score (0–100)
cedefop-esi,CH,Switzerland,2017,long-term-unemployment,71.111,,score (0–100)
cedefop-esi,CH,Switzerland,2018,long-term-unemployment,71.111,,score (0–100)
cedefop-esi,CH,Switzerland,2019,long-term-unemployment,73.333,,score (0–100)
cedefop-esi,CH,Switzerland,2020,long-term-unemployment,73.333,,score (0–100)
cedefop-esi,CH,Switzerland,2021,long-term-unemployment,77.778,,score (0–100)
cedefop-esi,CH,Switzerland,2022,long-term-unemployment,77.778,,score (0–100)
cedefop-esi,CH,Switzerland,2023,long-term-unemployment,68.889,,score (0–100)
cedefop-esi,CH,Switzerland,2024,long-term-unemployment,77.778,,score (0–100)
cedefop-esi,CY,Cyprus,2017,long-term-unemployment,0.0,,score (0–100)
cedefop-esi,CY,Cyprus,2018,long-term-unemployment,0.0,,score (0–100)
cedefop-esi,CY,Cyprus,2019,long-term-unemployment,11.111,,score (0–100)
cedefop-esi,CY,Cyprus,2020,long-term-unemployment,51.111,,score (0–100)
cedefop-esi,CY,Cyprus,2021,long-term-unemployment,64.444,,score (0–100)
cedefop-esi,CY,Cyprus,2022,long-term-unemployment,64.444,,score (0–100)
cedefop-esi,CY,Cyprus,2023,long-term-unemployment,53.333,,score (0–100)
cedefop-esi,CY,Cyprus,2024,long-term-unemployment,60.0,,score (0–100)
cedefop-esi,CZ,Czechia,2017,long-term-unemployment,57.778,,score (0–100)
cedefop-esi,CZ,Czechia,2018,long-term-unemployment,73.333,,score (0–100)
cedefop-esi,CZ,Czechia,2019,long-term-unemployment,88.889,,score (0–100)
cedefop-esi,CZ,Czechia,2020,long-term-unemployment,95.556,,score (0–100)
cedefop-esi,CZ,Czechia,2021,long-term-unemployment,97.778,,score (0–100)
cedefop-esi,CZ,Czechia,2022,long-term-unemployment,97.778,,score (0–100)
cedefop-esi,CZ,Czechia,2023,long-term-unemployment,93.333,,score (0–100)
cedefop-esi,CZ,Czechia,2024,long-term-unemployment,97.778,,score (0–100)
cedefop-esi,DE,Germany,2017,long-term-unemployment,66.667,,score (0–100)
cedefop-esi,DE,Germany,2018,long-term-unemployment,73.333,,score (0–100)
cedefop-esi,DE,Germany,2019,long-term-unemployment,77.778,,score (0–100)
cedefop-esi,DE,Germany,2020,long-term-unemployment,80.0,,score (0–100)
cedefop-esi,DE,Germany,2021,long-term-unemployment,84.444,,score (0–100)
cedefop-esi,DE,Germany,2022,long-term-unemployment,86.667,,score (0–100)
cedefop-esi,DE,Germany,2023,long-term-unemployment,84.444,,score (0–100)
cedefop-esi,DE,Germany,2024,long-term-unemployment,88.889,,score (0–100)
cedefop-esi,DK,Denmark,2017,long-term-unemployment,75.556,,score (0–100)
cedefop-esi,DK,Denmark,2018,long-term-unemployment,84.444,,score (0–100)
cedefop-esi,DK,Denmark,2019,long-term-unemployment,84.444,,score (0–100)
cedefop-esi,DK,Denmark,2020,long-term-unemployment,88.889,,score (0–100)
cedefop-esi,DK,Denmark,2021,long-term-unemployment,93.333,,score (0–100)
cedefop-esi,DK,Denmark,2022,long-term-unemployment,91.111,,score (0–100)
cedefop-esi,DK,Denmark,2023,long-term-unemployment,88.889,,score (0–100)
cedefop-esi,DK,Denmark,2024,long-term-unemployment,100.0,,score (0–100)
cedefop-esi,EE,Estonia,2017,long-term-unemployment,57.778,,score (0–100)
cedefop-esi,EE,Estonia,2018,long-term-unemployment,62.222,,score (0–100)
cedefop-esi,EE,Estonia,2019,long-term-unemployment,66.667,,score (0–100)
cedefop-esi,EE,Estonia,2020,long-term-unemployment,82.222,,score (0–100)
cedefop-esi,EE,Estonia,2021,long-term-unemployment,91.111,,score (0–100)
cedefop-esi,EE,Estonia,2022,long-term-unemployment,84.444,,score (0–100)
cedefop-esi,EE,Estonia,2023,long-term-unemployment,75.556,,score (0–100)
cedefop-esi,EE,Estonia,2024,long-term-unemployment,82.222,,score (0–100)
cedefop-esi,EL,Greece,2017,long-term-unemployment,0.0,,score (0–100)
cedefop-esi,EL,Greece,2018,long-term-unemployment,0.0,,score (0–100)
cedefop-esi,EL,Greece,2019,long-term-unemployment,0.0,,score (0–100)
cedefop-esi,EL,Greece,2020,long-term-unemployment,0.0,,score (0–100)
cedefop-esi,EL,Greece,2021,long-term-unemployment,0.0,,score (0–100)
cedefop-esi,EL,Greece,2022,long-term-unemployment,0.0,,score (0–100)
cedefop-esi,EL,Greece,2023,long-term-unemployment,0.0,,score (0–100)
cedefop-esi,EL,Greece,2024,long-term-unemployment,0.0,,score (0–100)
cedefop-esi,ES,Spain,2017,long-term-unemployment,0.0,,score (0–100)
cedefop-esi,ES,Spain,2018,long-term-unemployment,0.0,,score (0–100)
cedefop-esi,ES,Spain,2019,long-term-unemployment,0.0,,score (0–100)
cedefop-esi,ES,Spain,2020,long-term-unemployment,0.0,,score (0–100)
cedefop-esi,ES,Spain,2021,long-term-unemployment,0.0,,score (0–100)
cedefop-esi,ES,Spain,2022,long-term-unemployment,0.0,,score (0–100)
cedefop-esi,ES,Spain,2023,long-term-unemployment,0.0,,score (0–100)
cedefop-esi,ES,Spain,2024,long-term-unemployment,0.0,,score (0–100)
cedefop-esi,FI,Finland,2017,long-term-unemployment,46.667,,score (0–100)
cedefop-esi,FI,Finland,2018,long-term-unemployment,46.667,,score (0–100)
cedefop-esi,FI,Finland,2019,long-term-unemployment,53.333,,score (0–100)
cedefop-esi,FI,Finland,2020,long-term-unemployment,66.667,,score (0–100)
cedefop-esi,FI,Finland,2021,long-term-unemployment,77.778,,score (0–100)
cedefop-esi,FI,Finland,2022,long-term-unemployment,77.778,,score (0–100)
cedefop-esi,FI,Finland,2023,long-term-unemployment,71.111,,score (0–100)
cedefop-esi,FI,Finland,2024,long-term-unemployment,77.778,,score (0–100)
cedefop-esi,FR,France,2017,long-term-unemployment,42.222,,score (0–100)
cedefop-esi,FR,France,2018,long-term-unemployment,42.222,,score (0–100)
cedefop-esi,FR,France,2019,long-term-unemployment,46.667,,score (0–100)
cedefop-esi,FR,France,2020,long-term-unemployment,55.556,,score (0–100)
cedefop-esi,FR,France,2021,long-term-unemployment,60.0,,score (0–100)
cedefop-esi,FR,France,2022,long-term-unemployment,68.889,,score (0–100)
cedefop-esi,FR,France,2023,long-term-unemployment,60.0,,score (0–100)
cedefop-esi,FR,France,2024,long-term-unemployment,66.667,,score (0–100)
cedefop-esi,HR,Croatia,2017,long-term-unemployment,0.0,,score (0–100)
cedefop-esi,HR,Croatia,2018,long-term-unemployment,0.0,,score (0–100)
cedefop-esi,HR,Croatia,2019,long-term-unemployment,8.889,,score (0–100)
cedefop-esi,HR,Croatia,2020,long-term-unemployment,35.556,,score (0–100)
cedefop-esi,HR,Croatia,2021,long-term-unemployment,57.778,,score (0–100)
cedefop-esi,HR,Croatia,2022,long-term-unemployment,64.444,,score (0–100)
cedefop-esi,HR,Croatia,2023,long-term-unemployment,48.889,,score (0–100)
cedefop-esi,HR,Croatia,2024,long-term-unemployment,57.778,,score (0–100)
cedefop-esi,HU,Hungary,2017,long-term-unemployment,44.444,,score (0–100)
cedefop-esi,HU,Hungary,2018,long-term-unemployment,60.0,,score (0–100)
cedefop-esi,HU,Hungary,2019,long-term-unemployment,75.556,,score (0–100)
cedefop-esi,HU,Hungary,2020,long-term-unemployment,80.0,,score (0–100)
cedefop-esi,HU,Hungary,2021,long-term-unemployment,86.667,,score (0–100)
cedefop-esi,HU,Hungary,2022,long-term-unemployment,86.667,,score (0–100)
cedefop-esi,HU,Hungary,2023,long-term-unemployment,82.222,,score (0–100)
cedefop-esi,HU,Hungary,2024,long-term-unemployment,84.444,,score (0–100)
cedefop-esi,IE,Ireland,2017,long-term-unemployment,0.0,,score (0–100)
cedefop-esi,IE,Ireland,2018,long-term-unemployment,17.778,,score (0–100)
cedefop-esi,IE,Ireland,2019,long-term-unemployment,44.444,,score (0–100)
cedefop-esi,IE,Ireland,2020,long-term-unemployment,64.444,,score (0–100)
cedefop-esi,IE,Ireland,2021,long-term-unemployment,75.556,,score (0–100)
cedefop-esi,IE,Ireland,2022,long-term-unemployment,80.0,,score (0–100)
cedefop-esi,IE,Ireland,2023,long-term-unemployment,71.111,,score (0–100)
cedefop-esi,IE,Ireland,2024,long-term-unemployment,82.222,,score (0–100)
cedefop-esi,IS,Iceland,2017,long-term-unemployment,100.0,,score (0–100)
cedefop-esi,IS,Iceland,2018,long-term-unemployment,100.0,,score (0–100)
cedefop-esi,IS,Iceland,2019,long-term-unemployment,100.0,,score (0–100)
cedefop-esi,IS,Iceland,2020,long-term-unemployment,100.0,,score (0–100)
cedefop-esi,IS,Iceland,2021,long-term-unemployment,100.0,,score (0–100)
cedefop-esi,IS,Iceland,2022,long-term-unemployment,100.0,,score (0–100)
cedefop-esi,IS,Iceland,2023,long-term-unemployment,86.667,,score (0–100)
cedefop-esi,IS,Iceland,2024,long-term-unemployment,100.0,,score (0–100)
cedefop-esi,IT,Italy,2017,long-term-unemployment,0.0,,score (0–100)
cedefop-esi,IT,Italy,2018,long-term-unemployment,0.0,,score (0–100)
cedefop-esi,IT,Italy,2019,long-term-unemployment,0.0,,score (0–100)
cedefop-esi,IT,Italy,2020,long-term-unemployment,0.0,,score (0–100)
cedefop-esi,IT,Italy,2021,long-term-unemployment,0.0,,score (0–100)
cedefop-esi,IT,Italy,2022,long-term-unemployment,0.0,,score (0–100)
cedefop-esi,IT,Italy,2023,long-term-unemployment,0.0,,score (0–100)
cedefop-esi,IT,Italy,2024,long-term-unemployment,8.889,,score (0–100)
cedefop-esi,LT,Lithuania,2017,long-term-unemployment,24.444,,score (0–100)
cedefop-esi,LT,Lithuania,2018,long-term-unemployment,44.444,,score (0–100)
cedefop-esi,LT,Lithuania,2019,long-term-unemployment,51.111,,score (0–100)
cedefop-esi,LT,Lithuania,2020,long-term-unemployment,66.667,,score (0–100)
cedefop-esi,LT,Lithuania,2021,long-term-unemployment,68.889,,score (0–100)
cedefop-esi,LT,Lithuania,2022,long-term-unemployment,55.556,,score (0–100)
cedefop-esi,LT,Lithuania,2023,long-term-unemployment,53.333,,score (0–100)
cedefop-esi,LT,Lithuania,2024,long-term-unemployment,60.0,,score (0–100)
cedefop-esi,LU,Luxembourg,2017,long-term-unemployment,68.889,,score (0–100)
cedefop-esi,LU,Luxembourg,2018,long-term-unemployment,62.222,,score (0–100)
cedefop-esi,LU,Luxembourg,2019,long-term-unemployment,64.444,,score (0–100)
cedefop-esi,LU,Luxembourg,2020,long-term-unemployment,80.0,,score (0–100)
cedefop-esi,LU,Luxembourg,2021,long-term-unemployment,82.222,,score (0–100)
cedefop-esi,LU,Luxembourg,2022,long-term-unemployment,73.333,,score (0–100)
cedefop-esi,LU,Luxembourg,2023,long-term-unemployment,71.111,,score (0–100)
cedefop-esi,LU,Luxembourg,2024,long-term-unemployment,82.222,,score (0–100)
cedefop-esi,LV,Latvia,2017,long-term-unemployment,2.222,,score (0–100)
cedefop-esi,LV,Latvia,2018,long-term-unemployment,13.333,,score (0–100)
cedefop-esi,LV,Latvia,2019,long-term-unemployment,31.111,,score (0–100)
cedefop-esi,LV,Latvia,2020,long-term-unemployment,35.556,,score (0–100)
cedefop-esi,LV,Latvia,2021,long-term-unemployment,51.111,,score (0–100)
cedefop-esi,LV,Latvia,2022,long-term-unemployment,57.778,,score (0–100)
cedefop-esi,LV,Latvia,2023,long-term-unemployment,60.0,,score (0–100)
cedefop-esi,LV,Latvia,2024,long-term-unemployment,66.667,,score (0–100)
cedefop-esi,MT,Malta,2017,long-term-unemployment,51.111,,score (0–100)
cedefop-esi,MT,Malta,2018,long-term-unemployment,57.778,,score (0–100)
cedefop-esi,MT,Malta,2019,long-term-unemployment,66.667,,score (0–100)
cedefop-esi,MT,Malta,2020,long-term-unemployment,71.111,,score (0–100)
cedefop-esi,MT,Malta,2021,long-term-unemployment,91.111,,score (0–100)
cedefop-esi,MT,Malta,2022,long-term-unemployment,86.667,,score (0–100)
cedefop-esi,MT,Malta,2023,long-term-unemployment,91.111,,score (0–100)
cedefop-esi,MT,Malta,2024,long-term-unemployment,88.889,,score (0–100)
cedefop-esi,NL,Netherlands,2017,long-term-unemployment,51.111,,score (0–100)
cedefop-esi,NL,Netherlands,2018,long-term-unemployment,60.0,,score (0–100)
cedefop-esi,NL,Netherlands,2019,long-term-unemployment,73.333,,score (0–100)
cedefop-esi,NL,Netherlands,2020,long-term-unemployment,84.444,,score (0–100)
cedefop-esi,NL,Netherlands,2021,long-term-unemployment,91.111,,score (0–100)
cedefop-esi,NL,Netherlands,2022,long-term-unemployment,95.556,,score (0–100)
cedefop-esi,NL,Netherlands,2023,long-term-unemployment,93.333,,score (0–100)
cedefop-esi,NL,Netherlands,2024,long-term-unemployment,95.556,,score (0–100)
cedefop-esi,NO,Norway,2017,long-term-unemployment,82.222,,score (0–100)
cedefop-esi,NO,Norway,2018,long-term-unemployment,75.556,,score (0–100)
cedefop-esi,NO,Norway,2019,long-term-unemployment,77.778,,score (0–100)
cedefop-esi,NO,Norway,2020,long-term-unemployment,82.222,,score (0–100)
cedefop-esi,NO,Norway,2021,long-term-unemployment,86.667,,score (0–100)
cedefop-esi,NO,Norway,2022,long-term-unemployment,84.444,,score (0–100)
cedefop-esi,NO,Norway,2023,long-term-unemployment,88.889,,score (0–100)
cedefop-esi,NO,Norway,2024,long-term-unemployment,97.778,,score (0–100)
cedefop-esi,PL,Poland,2017,long-term-unemployment,44.444,,score (0–100)
cedefop-esi,PL,Poland,2018,long-term-unemployment,62.222,,score (0–100)
cedefop-esi,PL,Poland,2019,long-term-unemployment,77.778,,score (0–100)
cedefop-esi,PL,Poland,2020,long-term-unemployment,88.889,,score (0–100)
cedefop-esi,PL,Poland,2021,long-term-unemployment,95.556,,score (0–100)
cedefop-esi,PL,Poland,2022,long-term-unemployment,97.778,,score (0–100)
cedefop-esi,PL,Poland,2023,long-term-unemployment,91.111,,score (0–100)
cedefop-esi,PL,Poland,2024,long-term-unemployment,91.111,,score (0–100)
cedefop-esi,PT,Portugal,2017,long-term-unemployment,0.0,,score (0–100)
cedefop-esi,PT,Portugal,2018,long-term-unemployment,0.0,,score (0–100)
cedefop-esi,PT,Portugal,2019,long-term-unemployment,8.889,,score (0–100)
cedefop-esi,PT,Portugal,2020,long-term-unemployment,40.0,,score (0–100)
cedefop-esi,PT,Portugal,2021,long-term-unemployment,48.889,,score (0–100)
cedefop-esi,PT,Portugal,2022,long-term-unemployment,60.0,,score (0–100)
cedefop-esi,PT,Portugal,2023,long-term-unemployment,46.667,,score (0–100)
cedefop-esi,PT,Portugal,2024,long-term-unemployment,51.111,,score (0–100)
cedefop-esi,RO,Romania,2017,long-term-unemployment,31.111,,score (0–100)
cedefop-esi,RO,Romania,2018,long-term-unemployment,35.556,,score (0–100)
cedefop-esi,RO,Romania,2019,long-term-unemployment,57.778,,score (0–100)
cedefop-esi,RO,Romania,2020,long-term-unemployment,62.222,,score (0–100)
cedefop-esi,RO,Romania,2021,long-term-unemployment,66.667,,score (0–100)
cedefop-esi,RO,Romania,2022,long-term-unemployment,71.111,,score (0–100)
cedefop-esi,RO,Romania,2023,long-term-unemployment,66.667,,score (0–100)
cedefop-esi,RO,Romania,2024,long-term-unemployment,62.222,,score (0–100)
cedefop-esi,SE,Sweden,2017,long-term-unemployment,60.0,,score (0–100)
cedefop-esi,SE,Sweden,2018,long-term-unemployment,66.667,,score (0–100)
cedefop-esi,SE,Sweden,2019,long-term-unemployment,66.667,,score (0–100)
cedefop-esi,SE,Sweden,2020,long-term-unemployment,73.333,,score (0–100)
cedefop-esi,SE,Sweden,2021,long-term-unemployment,77.778,,score (0–100)
cedefop-esi,SE,Sweden,2022,long-term-unemployment,71.111,,score (0–100)
cedefop-esi,SE,Sweden,2023,long-term-unemployment,66.667,,score (0–100)
cedefop-esi,SE,Sweden,2024,long-term-unemployment,68.889,,score (0–100)
cedefop-esi,SI,Slovenia,2017,long-term-unemployment,6.667,,score (0–100)
cedefop-esi,SI,Slovenia,2018,long-term-unemployment,15.556,,score (0–100)
cedefop-esi,SI,Slovenia,2019,long-term-unemployment,42.222,,score (0–100)
cedefop-esi,SI,Slovenia,2020,long-term-unemployment,62.222,,score (0–100)
cedefop-esi,SI,Slovenia,2021,long-term-unemployment,68.889,,score (0–100)
cedefop-esi,SI,Slovenia,2022,long-term-unemployment,68.889,,score (0–100)
cedefop-esi,SI,Slovenia,2023,long-term-unemployment,68.889,,score (0–100)
cedefop-esi,SI,Slovenia,2024,long-term-unemployment,75.556,,score (0–100)
cedefop-esi,SK,Slovakia,2017,long-term-unemployment,0.0,,score (0–100)
cedefop-esi,SK,Slovakia,2018,long-term-unemployment,0.0,,score (0–100)
cedefop-esi,SK,Slovakia,2019,long-term-unemployment,0.0,,score (0–100)
cedefop-esi,SK,Slovakia,2020,long-term-unemployment,6.667,,score (0–100)
cedefop-esi,SK,Slovakia,2021,long-term-unemployment,24.444,,score (0–100)
cedefop-esi,SK,Slovakia,2022,long-term-unemployment,28.889,,score (0–100)
cedefop-esi,SK,Slovakia,2023,long-term-unemployment,24.444,,score (0–100)
cedefop-esi,SK,Slovakia,2024,long-term-unemployment,20.0,,score (0–100)
cedefop-esi,AT,Austria,2017,low-wage-workers-isced-5-8,46.222,,score (0–100)
cedefop-esi,AT,Austria,2018,low-wage-workers-isced-5-8,59.056,,score (0–100)
cedefop-esi,AT,Austria,2019,low-wage-workers-isced-5-8,53.889,,score (0–100)
cedefop-esi,AT,Austria,2020,low-wage-workers-isced-5-8,48.778,,score (0–100)
cedefop-esi,AT,Austria,2021,low-wage-workers-isced-5-8,61.556,,score (0–100)
cedefop-esi,AT,Austria,2022,low-wage-workers-isced-5-8,60.833,,score (0–100)
cedefop-esi,AT,Austria,2023,low-wage-workers-isced-5-8,46.389,,score (0–100)
cedefop-esi,AT,Austria,2024,low-wage-workers-isced-5-8,46.722,,score (0–100)
cedefop-esi,BE,Belgium,2017,low-wage-workers-isced-5-8,77.167,,score (0–100)
cedefop-esi,BE,Belgium,2018,low-wage-workers-isced-5-8,74.944,,score (0–100)
cedefop-esi,BE,Belgium,2019,low-wage-workers-isced-5-8,73.833,,score (0–100)
cedefop-esi,BE,Belgium,2020,low-wage-workers-isced-5-8,69.611,,score (0–100)
cedefop-esi,BE,Belgium,2021,low-wage-workers-isced-5-8,60.5,,score (0–100)
cedefop-esi,BE,Belgium,2022,low-wage-workers-isced-5-8,62.944,,score (0–100)
cedefop-esi,BE,Belgium,2023,low-wage-workers-isced-5-8,57.222,,score (0–100)
cedefop-esi,BE,Belgium,2024,low-wage-workers-isced-5-8,63.5,,score (0–100)
cedefop-esi,BG,Bulgaria,2017,low-wage-workers-isced-5-8,86.611,,score (0–100)
cedefop-esi,BG,Bulgaria,2018,low-wage-workers-isced-5-8,50.833,,score (0–100)
cedefop-esi,BG,Bulgaria,2019,low-wage-workers-isced-5-8,53.389,,score (0–100)
cedefop-esi,BG,Bulgaria,2020,low-wage-workers-isced-5-8,54.556,,score (0–100)
cedefop-esi,BG,Bulgaria,2021,low-wage-workers-isced-5-8,51.778,,score (0–100)
cedefop-esi,BG,Bulgaria,2022,low-wage-workers-isced-5-8,42.0,,score (0–100)
cedefop-esi,BG,Bulgaria,2023,low-wage-workers-isced-5-8,37.556,,score (0–100)
cedefop-esi,BG,Bulgaria,2024,low-wage-workers-isced-5-8,41.5,,score (0–100)
cedefop-esi,CH,Switzerland,2017,low-wage-workers-isced-5-8,62.889,,score (0–100)
cedefop-esi,CH,Switzerland,2018,low-wage-workers-isced-5-8,58.611,,score (0–100)
cedefop-esi,CH,Switzerland,2019,low-wage-workers-isced-5-8,55.944,,score (0–100)
cedefop-esi,CH,Switzerland,2020,low-wage-workers-isced-5-8,53.444,,score (0–100)
cedefop-esi,CH,Switzerland,2021,low-wage-workers-isced-5-8,49.944,,score (0–100)
cedefop-esi,CH,Switzerland,2022,low-wage-workers-isced-5-8,54.278,,score (0–100)
cedefop-esi,CH,Switzerland,2023,low-wage-workers-isced-5-8,48.778,,score (0–100)
cedefop-esi,CH,Switzerland,2024,low-wage-workers-isced-5-8,48.778,,score (0–100)
cedefop-esi,CY,Cyprus,2017,low-wage-workers-isced-5-8,23.278,,score (0–100)
cedefop-esi,CY,Cyprus,2018,low-wage-workers-isced-5-8,32.278,,score (0–100)
cedefop-esi,CY,Cyprus,2019,low-wage-workers-isced-5-8,28.833,,score (0–100)
cedefop-esi,CY,Cyprus,2020,low-wage-workers-isced-5-8,34.611,,score (0–100)
cedefop-esi,CY,Cyprus,2021,low-wage-workers-isced-5-8,41.5,,score (0–100)
cedefop-esi,CY,Cyprus,2022,low-wage-workers-isced-5-8,50.444,,score (0–100)
cedefop-esi,CY,Cyprus,2023,low-wage-workers-isced-5-8,39.778,,score (0–100)
cedefop-esi,CY,Cyprus,2024,low-wage-workers-isced-5-8,28.222,,score (0–100)
cedefop-esi,CZ,Czechia,2017,low-wage-workers-isced-5-8,80.333,,score (0–100)
cedefop-esi,CZ,Czechia,2018,low-wage-workers-isced-5-8,84.556,,score (0–100)
cedefop-esi,CZ,Czechia,2019,low-wage-workers-isced-5-8,87.944,,score (0–100)
cedefop-esi,CZ,Czechia,2020,low-wage-workers-isced-5-8,88.389,,score (0–100)
cedefop-esi,CZ,Czechia,2021,low-wage-workers-isced-5-8,89.333,,score (0–100)
cedefop-esi,CZ,Czechia,2022,low-wage-workers-isced-5-8,84.889,,score (0–100)
cedefop-esi,CZ,Czechia,2023,low-wage-workers-isced-5-8,84.611,,score (0–100)
cedefop-esi,CZ,Czechia,2024,low-wage-workers-isced-5-8,94.056,,score (0–100)
cedefop-esi,DE,Germany,2017,low-wage-workers-isced-5-8,54.778,,score (0–100)
cedefop-esi,DE,Germany,2018,low-wage-workers-isced-5-8,55.611,,score (0–100)
cedefop-esi,DE,Germany,2019,low-wage-workers-isced-5-8,56.056,,score (0–100)
cedefop-esi,DE,Germany,2020,low-wage-workers-isced-5-8,54.722,,score (0–100)
cedefop-esi,DE,Germany,2021,low-wage-workers-isced-5-8,58.0,,score (0–100)
cedefop-esi,DE,Germany,2022,low-wage-workers-isced-5-8,58.167,,score (0–100)
cedefop-esi,DE,Germany,2023,low-wage-workers-isced-5-8,58.667,,score (0–100)
cedefop-esi,DE,Germany,2024,low-wage-workers-isced-5-8,63.778,,score (0–100)
cedefop-esi,DK,Denmark,2017,low-wage-workers-isced-5-8,78.111,,score (0–100)
cedefop-esi,DK,Denmark,2018,low-wage-workers-isced-5-8,76.444,,score (0–100)
cedefop-esi,DK,Denmark,2019,low-wage-workers-isced-5-8,66.833,,score (0–100)
cedefop-esi,DK,Denmark,2020,low-wage-workers-isced-5-8,73.556,,score (0–100)
cedefop-esi,DK,Denmark,2021,low-wage-workers-isced-5-8,69.889,,score (0–100)
cedefop-esi,DK,Denmark,2022,low-wage-workers-isced-5-8,63.056,,score (0–100)
cedefop-esi,DK,Denmark,2023,low-wage-workers-isced-5-8,60.944,,score (0–100)
cedefop-esi,DK,Denmark,2024,low-wage-workers-isced-5-8,56.111,,score (0–100)
cedefop-esi,EE,Estonia,2017,low-wage-workers-isced-5-8,26.5,,score (0–100)
cedefop-esi,EE,Estonia,2018,low-wage-workers-isced-5-8,18.889,,score (0–100)
cedefop-esi,EE,Estonia,2019,low-wage-workers-isced-5-8,17.889,,score (0–100)
cedefop-esi,EE,Estonia,2020,low-wage-workers-isced-5-8,31.333,,score (0–100)
cedefop-esi,EE,Estonia,2021,low-wage-workers-isced-5-8,21.556,,score (0–100)
cedefop-esi,EE,Estonia,2022,low-wage-workers-isced-5-8,24.333,,score (0–100)
cedefop-esi,EE,Estonia,2023,low-wage-workers-isced-5-8,20.944,,score (0–100)
cedefop-esi,EE,Estonia,2024,low-wage-workers-isced-5-8,12.333,,score (0–100)
cedefop-esi,EL,Greece,2017,low-wage-workers-isced-5-8,54.667,,score (0–100)
cedefop-esi,EL,Greece,2018,low-wage-workers-isced-5-8,52.611,,score (0–100)
cedefop-esi,EL,Greece,2019,low-wage-workers-isced-5-8,53.0,,score (0–100)
cedefop-esi,EL,Greece,2020,low-wage-workers-isced-5-8,54.222,,score (0–100)
cedefop-esi,EL,Greece,2021,low-wage-workers-isced-5-8,63.722,,score (0–100)
cedefop-esi,EL,Greece,2022,low-wage-workers-isced-5-8,76.611,,score (0–100)
cedefop-esi,EL,Greece,2023,low-wage-workers-isced-5-8,71.833,,score (0–100)
cedefop-esi,EL,Greece,2024,low-wage-workers-isced-5-8,79.389,,score (0–100)
cedefop-esi,ES,Spain,2017,low-wage-workers-isced-5-8,23.611,,score (0–100)
cedefop-esi,ES,Spain,2018,low-wage-workers-isced-5-8,21.0,,score (0–100)
cedefop-esi,ES,Spain,2019,low-wage-workers-isced-5-8,20.778,,score (0–100)
cedefop-esi,ES,Spain,2020,low-wage-workers-isced-5-8,24.056,,score (0–100)
cedefop-esi,ES,Spain,2021,low-wage-workers-isced-5-8,20.056,,score (0–100)
cedefop-esi,ES,Spain,2022,low-wage-workers-isced-5-8,29.722,,score (0–100)
cedefop-esi,ES,Spain,2023,low-wage-workers-isced-5-8,11.611,,score (0–100)
cedefop-esi,ES,Spain,2024,low-wage-workers-isced-5-8,24.222,,score (0–100)
cedefop-esi,FI,Finland,2017,low-wage-workers-isced-5-8,84.667,,score (0–100)
cedefop-esi,FI,Finland,2018,low-wage-workers-isced-5-8,80.722,,score (0–100)
cedefop-esi,FI,Finland,2019,low-wage-workers-isced-5-8,85.278,,score (0–100)
cedefop-esi,FI,Finland,2020,low-wage-workers-isced-5-8,81.056,,score (0–100)
cedefop-esi,FI,Finland,2021,low-wage-workers-isced-5-8,85.0,,score (0–100)
cedefop-esi,FI,Finland,2022,low-wage-workers-isced-5-8,82.056,,score (0–100)
cedefop-esi,FI,Finland,2023,low-wage-workers-isced-5-8,80.889,,score (0–100)
cedefop-esi,FI,Finland,2024,low-wage-workers-isced-5-8,84.111,,score (0–100)
cedefop-esi,FR,France,2017,low-wage-workers-isced-5-8,65.0,,score (0–100)
cedefop-esi,FR,France,2018,low-wage-workers-isced-5-8,67.667,,score (0–100)
cedefop-esi,FR,France,2019,low-wage-workers-isced-5-8,68.944,,score (0–100)
cedefop-esi,FR,France,2020,low-wage-workers-isced-5-8,68.889,,score (0–100)
cedefop-esi,FR,France,2021,low-wage-workers-isced-5-8,68.722,,score (0–100)
cedefop-esi,FR,France,2022,low-wage-workers-isced-5-8,68.444,,score (0–100)
cedefop-esi,FR,France,2023,low-wage-workers-isced-5-8,69.333,,score (0–100)
cedefop-esi,FR,France,2024,low-wage-workers-isced-5-8,63.667,,score (0–100)
cedefop-esi,HR,Croatia,2017,low-wage-workers-isced-5-8,78.556,,score (0–100)
cedefop-esi,HR,Croatia,2018,low-wage-workers-isced-5-8,69.278,,score (0–100)
cedefop-esi,HR,Croatia,2019,low-wage-workers-isced-5-8,69.5,,score (0–100)
cedefop-esi,HR,Croatia,2020,low-wage-workers-isced-5-8,81.278,,score (0–100)
cedefop-esi,HR,Croatia,2021,low-wage-workers-isced-5-8,76.056,,score (0–100)
cedefop-esi,HR,Croatia,2022,low-wage-workers-isced-5-8,61.444,,score (0–100)
cedefop-esi,HR,Croatia,2023,low-wage-workers-isced-5-8,72.5,,score (0–100)
cedefop-esi,HR,Croatia,2024,low-wage-workers-isced-5-8,74.056,,score (0–100)
cedefop-esi,HU,Hungary,2017,low-wage-workers-isced-5-8,91.667,,score (0–100)
cedefop-esi,HU,Hungary,2018,low-wage-workers-isced-5-8,86.111,,score (0–100)
cedefop-esi,HU,Hungary,2019,low-wage-workers-isced-5-8,82.389,,score (0–100)
cedefop-esi,HU,Hungary,2020,low-wage-workers-isced-5-8,78.167,,score (0–100)
cedefop-esi,HU,Hungary,2021,low-wage-workers-isced-5-8,17.944,,score (0–100)
cedefop-esi,HU,Hungary,2022,low-wage-workers-isced-5-8,64.111,,score (0–100)
cedefop-esi,HU,Hungary,2023,low-wage-workers-isced-5-8,82.5,,score (0–100)
cedefop-esi,HU,Hungary,2024,low-wage-workers-isced-5-8,79.333,,score (0–100)
cedefop-esi,IE,Ireland,2017,low-wage-workers-isced-5-8,21.0,,score (0–100)
cedefop-esi,IE,Ireland,2018,low-wage-workers-isced-5-8,25.333,,score (0–100)
cedefop-esi,IE,Ireland,2019,low-wage-workers-isced-5-8,28.0,,score (0–100)
cedefop-esi,IE,Ireland,2020,low-wage-workers-isced-5-8,23.444,,score (0–100)
cedefop-esi,IE,Ireland,2021,low-wage-workers-isced-5-8,29.556,,score (0–100)
cedefop-esi,IE,Ireland,2022,low-wage-workers-isced-5-8,15.333,,score (0–100)
cedefop-esi,IE,Ireland,2023,low-wage-workers-isced-5-8,13.833,,score (0–100)
cedefop-esi,IE,Ireland,2024,low-wage-workers-isced-5-8,0.889,,score (0–100)
cedefop-esi,IS,Iceland,2017,low-wage-workers-isced-5-8,61.889,,score (0–100)
cedefop-esi,IS,Iceland,2018,low-wage-workers-isced-5-8,60.889,,score (0–100)
cedefop-esi,IS,Iceland,2019,low-wage-workers-isced-5-8,64.056,,score (0–100)
cedefop-esi,IS,Iceland,2020,low-wage-workers-isced-5-8,61.833,,score (0–100)
cedefop-esi,IS,Iceland,2021,low-wage-workers-isced-5-8,61.833,,score (0–100)
cedefop-esi,IS,Iceland,2022,low-wage-workers-isced-5-8,61.833,,score (0–100)
cedefop-esi,IS,Iceland,2023,low-wage-workers-isced-5-8,61.833,,score (0–100)
cedefop-esi,IS,Iceland,2024,low-wage-workers-isced-5-8,61.833,,score (0–100)
cedefop-esi,IT,Italy,2017,low-wage-workers-isced-5-8,35.167,,score (0–100)
cedefop-esi,IT,Italy,2018,low-wage-workers-isced-5-8,39.833,,score (0–100)
cedefop-esi,IT,Italy,2019,low-wage-workers-isced-5-8,41.222,,score (0–100)
cedefop-esi,IT,Italy,2020,low-wage-workers-isced-5-8,47.556,,score (0–100)
cedefop-esi,IT,Italy,2021,low-wage-workers-isced-5-8,45.889,,score (0–100)
cedefop-esi,IT,Italy,2022,low-wage-workers-isced-5-8,53.5,,score (0–100)
cedefop-esi,IT,Italy,2023,low-wage-workers-isced-5-8,43.0,,score (0–100)
cedefop-esi,IT,Italy,2024,low-wage-workers-isced-5-8,45.5,,score (0–100)
cedefop-esi,LT,Lithuania,2017,low-wage-workers-isced-5-8,34.444,,score (0–100)
cedefop-esi,LT,Lithuania,2018,low-wage-workers-isced-5-8,36.111,,score (0–100)
cedefop-esi,LT,Lithuania,2019,low-wage-workers-isced-5-8,49.556,,score (0–100)
cedefop-esi,LT,Lithuania,2020,low-wage-workers-isced-5-8,42.444,,score (0–100)
cedefop-esi,LT,Lithuania,2021,low-wage-workers-isced-5-8,41.167,,score (0–100)
cedefop-esi,LT,Lithuania,2022,low-wage-workers-isced-5-8,36.278,,score (0–100)
cedefop-esi,LT,Lithuania,2023,low-wage-workers-isced-5-8,38.056,,score (0–100)
cedefop-esi,LT,Lithuania,2024,low-wage-workers-isced-5-8,23.5,,score (0–100)
cedefop-esi,LU,Luxembourg,2017,low-wage-workers-isced-5-8,49.611,,score (0–100)
cedefop-esi,LU,Luxembourg,2018,low-wage-workers-isced-5-8,20.722,,score (0–100)
cedefop-esi,LU,Luxembourg,2019,low-wage-workers-isced-5-8,37.944,,score (0–100)
cedefop-esi,LU,Luxembourg,2020,low-wage-workers-isced-5-8,36.667,,score (0–100)
cedefop-esi,LU,Luxembourg,2021,low-wage-workers-isced-5-8,32.5,,score (0–100)
cedefop-esi,LU,Luxembourg,2022,low-wage-workers-isced-5-8,37.722,,score (0–100)
cedefop-esi,LU,Luxembourg,2023,low-wage-workers-isced-5-8,25.333,,score (0–100)
cedefop-esi,LU,Luxembourg,2024,low-wage-workers-isced-5-8,34.444,,score (0–100)
cedefop-esi,LV,Latvia,2017,low-wage-workers-isced-5-8,60.333,,score (0–100)
cedefop-esi,LV,Latvia,2018,low-wage-workers-isced-5-8,62.556,,score (0–100)
cedefop-esi,LV,Latvia,2019,low-wage-workers-isced-5-8,51.333,,score (0–100)
cedefop-esi,LV,Latvia,2020,low-wage-workers-isced-5-8,51.556,,score (0–100)
cedefop-esi,LV,Latvia,2021,low-wage-workers-isced-5-8,52.278,,score (0–100)
cedefop-esi,LV,Latvia,2022,low-wage-workers-isced-5-8,60.333,,score (0–100)
cedefop-esi,LV,Latvia,2023,low-wage-workers-isced-5-8,51.944,,score (0–100)
cedefop-esi,LV,Latvia,2024,low-wage-workers-isced-5-8,49.167,,score (0–100)
cedefop-esi,MT,Malta,2017,low-wage-workers-isced-5-8,80.944,,score (0–100)
cedefop-esi,MT,Malta,2018,low-wage-workers-isced-5-8,93.611,,score (0–100)
cedefop-esi,MT,Malta,2019,low-wage-workers-isced-5-8,87.5,,score (0–100)
cedefop-esi,MT,Malta,2020,low-wage-workers-isced-5-8,83.833,,score (0–100)
cedefop-esi,MT,Malta,2021,low-wage-workers-isced-5-8,88.333,,score (0–100)
cedefop-esi,MT,Malta,2022,low-wage-workers-isced-5-8,78.833,,score (0–100)
cedefop-esi,MT,Malta,2023,low-wage-workers-isced-5-8,75.333,,score (0–100)
cedefop-esi,MT,Malta,2024,low-wage-workers-isced-5-8,67.278,,score (0–100)
cedefop-esi,NL,Netherlands,2017,low-wage-workers-isced-5-8,71.889,,score (0–100)
cedefop-esi,NL,Netherlands,2018,low-wage-workers-isced-5-8,55.833,,score (0–100)
cedefop-esi,NL,Netherlands,2019,low-wage-workers-isced-5-8,59.611,,score (0–100)
cedefop-esi,NL,Netherlands,2020,low-wage-workers-isced-5-8,63.222,,score (0–100)
cedefop-esi,NL,Netherlands,2021,low-wage-workers-isced-5-8,65.444,,score (0–100)
cedefop-esi,NL,Netherlands,2022,low-wage-workers-isced-5-8,62.389,,score (0–100)
cedefop-esi,NL,Netherlands,2023,low-wage-workers-isced-5-8,61.667,,score (0–100)
cedefop-esi,NL,Netherlands,2024,low-wage-workers-isced-5-8,58.333,,score (0–100)
cedefop-esi,NO,Norway,2017,low-wage-workers-isced-5-8,52.722,,score (0–100)
cedefop-esi,NO,Norway,2018,low-wage-workers-isced-5-8,55.667,,score (0–100)
cedefop-esi,NO,Norway,2019,low-wage-workers-isced-5-8,45.556,,score (0–100)
cedefop-esi,NO,Norway,2020,low-wage-workers-isced-5-8,48.167,,score (0–100)
cedefop-esi,NO,Norway,2021,low-wage-workers-isced-5-8,52.944,,score (0–100)
cedefop-esi,NO,Norway,2022,low-wage-workers-isced-5-8,55.778,,score (0–100)
cedefop-esi,NO,Norway,2023,low-wage-workers-isced-5-8,55.778,,score (0–100)
cedefop-esi,NO,Norway,2024,low-wage-workers-isced-5-8,55.778,,score (0–100)
cedefop-esi,PL,Poland,2017,low-wage-workers-isced-5-8,58.444,,score (0–100)
cedefop-esi,PL,Poland,2018,low-wage-workers-isced-5-8,66.5,,score (0–100)
cedefop-esi,PL,Poland,2019,low-wage-workers-isced-5-8,64.611,,score (0–100)
cedefop-esi,PL,Poland,2020,low-wage-workers-isced-5-8,71.278,,score (0–100)
cedefop-esi,PL,Poland,2021,low-wage-workers-isced-5-8,69.722,,score (0–100)
cedefop-esi,PL,Poland,2022,low-wage-workers-isced-5-8,75.167,,score (0–100)
cedefop-esi,PL,Poland,2023,low-wage-workers-isced-5-8,78.556,,score (0–100)
cedefop-esi,PL,Poland,2024,low-wage-workers-isced-5-8,82.667,,score (0–100)
cedefop-esi,PT,Portugal,2017,low-wage-workers-isced-5-8,75.611,,score (0–100)
cedefop-esi,PT,Portugal,2018,low-wage-workers-isced-5-8,75.389,,score (0–100)
cedefop-esi,PT,Portugal,2019,low-wage-workers-isced-5-8,81.222,,score (0–100)
cedefop-esi,PT,Portugal,2020,low-wage-workers-isced-5-8,75.944,,score (0–100)
cedefop-esi,PT,Portugal,2021,low-wage-workers-isced-5-8,79.389,,score (0–100)
cedefop-esi,PT,Portugal,2022,low-wage-workers-isced-5-8,80.889,,score (0–100)
cedefop-esi,PT,Portugal,2023,low-wage-workers-isced-5-8,78.611,,score (0–100)
cedefop-esi,PT,Portugal,2024,low-wage-workers-isced-5-8,65.278,,score (0–100)
cedefop-esi,RO,Romania,2017,low-wage-workers-isced-5-8,97.722,,score (0–100)
cedefop-esi,RO,Romania,2018,low-wage-workers-isced-5-8,99.278,,score (0–100)
cedefop-esi,RO,Romania,2019,low-wage-workers-isced-5-8,90.167,,score (0–100)
cedefop-esi,RO,Romania,2020,low-wage-workers-isced-5-8,90.833,,score (0–100)
cedefop-esi,RO,Romania,2021,low-wage-workers-isced-5-8,92.167,,score (0–100)
cedefop-esi,RO,Romania,2022,low-wage-workers-isced-5-8,84.167,,score (0–100)
cedefop-esi,RO,Romania,2023,low-wage-workers-isced-5-8,96.389,,score (0–100)
cedefop-esi,RO,Romania,2024,low-wage-workers-isced-5-8,91.0,,score (0–100)
cedefop-esi,SE,Sweden,2017,low-wage-workers-isced-5-8,31.667,,score (0–100)
cedefop-esi,SE,Sweden,2018,low-wage-workers-isced-5-8,38.5,,score (0–100)
cedefop-esi,SE,Sweden,2019,low-wage-workers-isced-5-8,47.333,,score (0–100)
cedefop-esi,SE,Sweden,2020,low-wage-workers-isced-5-8,55.056,,score (0–100)
cedefop-esi,SE,Sweden,2021,low-wage-workers-isced-5-8,56.167,,score (0–100)
cedefop-esi,SE,Sweden,2022,low-wage-workers-isced-5-8,52.167,,score (0–100)
cedefop-esi,SE,Sweden,2023,low-wage-workers-isced-5-8,62.0,,score (0–100)
cedefop-esi,SE,Sweden,2024,low-wage-workers-isced-5-8,51.444,,score (0–100)
cedefop-esi,SI,Slovenia,2017,low-wage-workers-isced-5-8,65.056,,score (0–100)
cedefop-esi,SI,Slovenia,2018,low-wage-workers-isced-5-8,62.722,,score (0–100)
cedefop-esi,SI,Slovenia,2019,low-wage-workers-isced-5-8,59.833,,score (0–100)
cedefop-esi,SI,Slovenia,2020,low-wage-workers-isced-5-8,59.611,,score (0–100)
cedefop-esi,SI,Slovenia,2021,low-wage-workers-isced-5-8,56.222,,score (0–100)
cedefop-esi,SI,Slovenia,2022,low-wage-workers-isced-5-8,61.389,,score (0–100)
cedefop-esi,SI,Slovenia,2023,low-wage-workers-isced-5-8,48.611,,score (0–100)
cedefop-esi,SI,Slovenia,2024,low-wage-workers-isced-5-8,53.722,,score (0–100)
cedefop-esi,SK,Slovakia,2017,low-wage-workers-isced-5-8,96.611,,score (0–100)
cedefop-esi,SK,Slovakia,2018,low-wage-workers-isced-5-8,88.222,,score (0–100)
cedefop-esi,SK,Slovakia,2019,low-wage-workers-isced-5-8,87.611,,score (0–100)
cedefop-esi,SK,Slovakia,2020,low-wage-workers-isced-5-8,91.889,,score (0–100)
cedefop-esi,SK,Slovakia,2021,low-wage-workers-isced-5-8,92.444,,score (0–100)
cedefop-esi,SK,Slovakia,2022,low-wage-workers-isced-5-8,82.111,,score (0–100)
cedefop-esi,SK,Slovakia,2023,low-wage-workers-isced-5-8,75.889,,score (0–100)
cedefop-esi,SK,Slovakia,2024,low-wage-workers-isced-5-8,81.333,,score (0–100)
cedefop-esi,UK,United Kingdom,2017,low-wage-workers-isced-5-8,42.556,,score (0–100)
cedefop-esi,UK,United Kingdom,2018,low-wage-workers-isced-5-8,42.111,,score (0–100)
cedefop-esi,UK,United Kingdom,2019,low-wage-workers-isced-5-8,2.389,,score (0–100)
cedefop-esi,UK,United Kingdom,2020,low-wage-workers-isced-5-8,18.944,,score (0–100)
cedefop-esi,UK,United Kingdom,2021,low-wage-workers-isced-5-8,18.944,,score (0–100)
cedefop-esi,UK,United Kingdom,2022,low-wage-workers-isced-5-8,18.944,,score (0–100)
cedefop-esi,UK,United Kingdom,2023,low-wage-workers-isced-5-8,18.944,,score (0–100)
cedefop-esi,UK,United Kingdom,2024,low-wage-workers-isced-5-8,18.944,,score (0–100)
cedefop-esi,AT,Austria,2017,over-qualification-rate-tertiary-graduates,23.08,,score (0–100)
cedefop-esi,AT,Austria,2018,over-qualification-rate-tertiary-graduates,20.32,,score (0–100)
cedefop-esi,AT,Austria,2019,over-qualification-rate-tertiary-graduates,25.84,,score (0–100)
cedefop-esi,AT,Austria,2020,over-qualification-rate-tertiary-graduates,30.92,,score (0–100)
cedefop-esi,AT,Austria,2021,over-qualification-rate-tertiary-graduates,25.6,,score (0–100)
cedefop-esi,AT,Austria,2022,over-qualification-rate-tertiary-graduates,33.28,,score (0–100)
cedefop-esi,AT,Austria,2023,over-qualification-rate-tertiary-graduates,34.08,,score (0–100)
cedefop-esi,AT,Austria,2024,over-qualification-rate-tertiary-graduates,34.08,,score (0–100)
cedefop-esi,BE,Belgium,2017,over-qualification-rate-tertiary-graduates,61.96,,score (0–100)
cedefop-esi,BE,Belgium,2018,over-qualification-rate-tertiary-graduates,60.24,,score (0–100)
cedefop-esi,BE,Belgium,2019,over-qualification-rate-tertiary-graduates,62.08,,score (0–100)
cedefop-esi,BE,Belgium,2020,over-qualification-rate-tertiary-graduates,66.8,,score (0–100)
cedefop-esi,BE,Belgium,2021,over-qualification-rate-tertiary-graduates,66.64,,score (0–100)
cedefop-esi,BE,Belgium,2022,over-qualification-rate-tertiary-graduates,67.64,,score (0–100)
cedefop-esi,BE,Belgium,2023,over-qualification-rate-tertiary-graduates,55.6,,score (0–100)
cedefop-esi,BE,Belgium,2024,over-qualification-rate-tertiary-graduates,55.6,,score (0–100)
cedefop-esi,BG,Bulgaria,2017,over-qualification-rate-tertiary-graduates,3.72,,score (0–100)
cedefop-esi,BG,Bulgaria,2018,over-qualification-rate-tertiary-graduates,21.64,,score (0–100)
cedefop-esi,BG,Bulgaria,2019,over-qualification-rate-tertiary-graduates,22.84,,score (0–100)
cedefop-esi,BG,Bulgaria,2020,over-qualification-rate-tertiary-graduates,12.96,,score (0–100)
cedefop-esi,BG,Bulgaria,2021,over-qualification-rate-tertiary-graduates,33.52,,score (0–100)
cedefop-esi,BG,Bulgaria,2022,over-qualification-rate-tertiary-graduates,35.52,,score (0–100)
cedefop-esi,BG,Bulgaria,2023,over-qualification-rate-tertiary-graduates,25.0,,score (0–100)
cedefop-esi,BG,Bulgaria,2024,over-qualification-rate-tertiary-graduates,25.0,,score (0–100)
cedefop-esi,CH,Switzerland,2017,over-qualification-rate-tertiary-graduates,53.96,,score (0–100)
cedefop-esi,CH,Switzerland,2018,over-qualification-rate-tertiary-graduates,59.08,,score (0–100)
cedefop-esi,CH,Switzerland,2019,over-qualification-rate-tertiary-graduates,55.68,,score (0–100)
cedefop-esi,CH,Switzerland,2020,over-qualification-rate-tertiary-graduates,62.72,,score (0–100)
cedefop-esi,CH,Switzerland,2021,over-qualification-rate-tertiary-graduates,62.96,,score (0–100)
cedefop-esi,CH,Switzerland,2022,over-qualification-rate-tertiary-graduates,63.64,,score (0–100)
cedefop-esi,CH,Switzerland,2023,over-qualification-rate-tertiary-graduates,68.24,,score (0–100)
cedefop-esi,CH,Switzerland,2024,over-qualification-rate-tertiary-graduates,68.24,,score (0–100)
cedefop-esi,CY,Cyprus,2017,over-qualification-rate-tertiary-graduates,0.0,,score (0–100)
cedefop-esi,CY,Cyprus,2018,over-qualification-rate-tertiary-graduates,0.0,,score (0–100)
cedefop-esi,CY,Cyprus,2019,over-qualification-rate-tertiary-graduates,0.0,,score (0–100)
cedefop-esi,CY,Cyprus,2020,over-qualification-rate-tertiary-graduates,0.0,,score (0–100)
cedefop-esi,CY,Cyprus,2021,over-qualification-rate-tertiary-graduates,0.0,,score (0–100)
cedefop-esi,CY,Cyprus,2022,over-qualification-rate-tertiary-graduates,0.0,,score (0–100)
cedefop-esi,CY,Cyprus,2023,over-qualification-rate-tertiary-graduates,0.0,,score (0–100)
cedefop-esi,CY,Cyprus,2024,over-qualification-rate-tertiary-graduates,0.0,,score (0–100)
cedefop-esi,CZ,Czechia,2017,over-qualification-rate-tertiary-graduates,68.52,,score (0–100)
cedefop-esi,CZ,Czechia,2018,over-qualification-rate-tertiary-graduates,76.72,,score (0–100)
cedefop-esi,CZ,Czechia,2019,over-qualification-rate-tertiary-graduates,65.48,,score (0–100)
cedefop-esi,CZ,Czechia,2020,over-qualification-rate-tertiary-graduates,74.44,,score (0–100)
cedefop-esi,CZ,Czechia,2021,over-qualification-rate-tertiary-graduates,84.24,,score (0–100)
cedefop-esi,CZ,Czechia,2022,over-qualification-rate-tertiary-graduates,69.64,,score (0–100)
cedefop-esi,CZ,Czechia,2023,over-qualification-rate-tertiary-graduates,74.56,,score (0–100)
cedefop-esi,CZ,Czechia,2024,over-qualification-rate-tertiary-graduates,74.56,,score (0–100)
cedefop-esi,DE,Germany,2017,over-qualification-rate-tertiary-graduates,68.76,,score (0–100)
cedefop-esi,DE,Germany,2018,over-qualification-rate-tertiary-graduates,64.72,,score (0–100)
cedefop-esi,DE,Germany,2019,over-qualification-rate-tertiary-graduates,65.36,,score (0–100)
cedefop-esi,DE,Germany,2020,over-qualification-rate-tertiary-graduates,66.72,,score (0–100)
cedefop-esi,DE,Germany,2021,over-qualification-rate-tertiary-graduates,67.76,,score (0–100)
cedefop-esi,DE,Germany,2022,over-qualification-rate-tertiary-graduates,68.6,,score (0–100)
cedefop-esi,DE,Germany,2023,over-qualification-rate-tertiary-graduates,69.56,,score (0–100)
cedefop-esi,DE,Germany,2024,over-qualification-rate-tertiary-graduates,69.56,,score (0–100)
cedefop-esi,DK,Denmark,2017,over-qualification-rate-tertiary-graduates,65.04,,score (0–100)
cedefop-esi,DK,Denmark,2018,over-qualification-rate-tertiary-graduates,78.84,,score (0–100)
cedefop-esi,DK,Denmark,2019,over-qualification-rate-tertiary-graduates,76.2,,score (0–100)
cedefop-esi,DK,Denmark,2020,over-qualification-rate-tertiary-graduates,79.24,,score (0–100)
cedefop-esi,DK,Denmark,2021,over-qualification-rate-tertiary-graduates,83.6,,score (0–100)
cedefop-esi,DK,Denmark,2022,over-qualification-rate-tertiary-graduates,80.4,,score (0–100)
cedefop-esi,DK,Denmark,2023,over-qualification-rate-tertiary-graduates,74.28,,score (0–100)
cedefop-esi,DK,Denmark,2024,over-qualification-rate-tertiary-graduates,74.28,,score (0–100)
cedefop-esi,EE,Estonia,2017,over-qualification-rate-tertiary-graduates,62.8,,score (0–100)
cedefop-esi,EE,Estonia,2018,over-qualification-rate-tertiary-graduates,58.84,,score (0–100)
cedefop-esi,EE,Estonia,2019,over-qualification-rate-tertiary-graduates,83.0,,score (0–100)
cedefop-esi,EE,Estonia,2020,over-qualification-rate-tertiary-graduates,82.0,,score (0–100)
cedefop-esi,EE,Estonia,2021,over-qualification-rate-tertiary-graduates,78.12,,score (0–100)
cedefop-esi,EE,Estonia,2022,over-qualification-rate-tertiary-graduates,71.64,,score (0–100)
cedefop-esi,EE,Estonia,2023,over-qualification-rate-tertiary-graduates,91.08,,score (0–100)
cedefop-esi,EE,Estonia,2024,over-qualification-rate-tertiary-graduates,91.08,,score (0–100)
cedefop-esi,EL,Greece,2017,over-qualification-rate-tertiary-graduates,0.0,,score (0–100)
cedefop-esi,EL,Greece,2018,over-qualification-rate-tertiary-graduates,0.0,,score (0–100)
cedefop-esi,EL,Greece,2019,over-qualification-rate-tertiary-graduates,0.0,,score (0–100)
cedefop-esi,EL,Greece,2020,over-qualification-rate-tertiary-graduates,0.0,,score (0–100)
cedefop-esi,EL,Greece,2021,over-qualification-rate-tertiary-graduates,0.0,,score (0–100)
cedefop-esi,EL,Greece,2022,over-qualification-rate-tertiary-graduates,0.0,,score (0–100)
cedefop-esi,EL,Greece,2023,over-qualification-rate-tertiary-graduates,0.0,,score (0–100)
cedefop-esi,EL,Greece,2024,over-qualification-rate-tertiary-graduates,0.0,,score (0–100)
cedefop-esi,ES,Spain,2017,over-qualification-rate-tertiary-graduates,0.0,,score (0–100)
cedefop-esi,ES,Spain,2018,over-qualification-rate-tertiary-graduates,0.0,,score (0–100)
cedefop-esi,ES,Spain,2019,over-qualification-rate-tertiary-graduates,0.0,,score (0–100)
cedefop-esi,ES,Spain,2020,over-qualification-rate-tertiary-graduates,0.0,,score (0–100)
cedefop-esi,ES,Spain,2021,over-qualification-rate-tertiary-graduates,0.0,,score (0–100)
cedefop-esi,ES,Spain,2022,over-qualification-rate-tertiary-graduates,0.0,,score (0–100)
cedefop-esi,ES,Spain,2023,over-qualification-rate-tertiary-graduates,0.0,,score (0–100)
cedefop-esi,ES,Spain,2024,over-qualification-rate-tertiary-graduates,0.0,,score (0–100)
cedefop-esi,FI,Finland,2017,over-qualification-rate-tertiary-graduates,72.48,,score (0–100)
cedefop-esi,FI,Finland,2018,over-qualification-rate-tertiary-graduates,48.68,,score (0–100)
cedefop-esi,FI,Finland,2019,over-qualification-rate-tertiary-graduates,63.72,,score (0–100)
cedefop-esi,FI,Finland,2020,over-qualification-rate-tertiary-graduates,71.52,,score (0–100)
cedefop-esi,FI,Finland,2021,over-qualification-rate-tertiary-graduates,70.36,,score (0–100)
cedefop-esi,FI,Finland,2022,over-qualification-rate-tertiary-graduates,76.24,,score (0–100)
cedefop-esi,FI,Finland,2023,over-qualification-rate-tertiary-graduates,71.04,,score (0–100)
cedefop-esi,FI,Finland,2024,over-qualification-rate-tertiary-graduates,71.04,,score (0–100)
cedefop-esi,FR,France,2017,over-qualification-rate-tertiary-graduates,39.96,,score (0–100)
cedefop-esi,FR,France,2018,over-qualification-rate-tertiary-graduates,47.56,,score (0–100)
cedefop-esi,FR,France,2019,over-qualification-rate-tertiary-graduates,34.76,,score (0–100)
cedefop-esi,FR,France,2020,over-qualification-rate-tertiary-graduates,51.08,,score (0–100)
cedefop-esi,FR,France,2021,over-qualification-rate-tertiary-graduates,46.56,,score (0–100)
cedefop-esi,FR,France,2022,over-qualification-rate-tertiary-graduates,55.04,,score (0–100)
cedefop-esi,FR,France,2023,over-qualification-rate-tertiary-graduates,49.28,,score (0–100)
cedefop-esi,FR,France,2024,over-qualification-rate-tertiary-graduates,49.28,,score (0–100)
cedefop-esi,HR,Croatia,2017,over-qualification-rate-tertiary-graduates,55.16,,score (0–100)
cedefop-esi,HR,Croatia,2018,over-qualification-rate-tertiary-graduates,55.2,,score (0–100)
cedefop-esi,HR,Croatia,2019,over-qualification-rate-tertiary-graduates,58.68,,score (0–100)
cedefop-esi,HR,Croatia,2020,over-qualification-rate-tertiary-graduates,60.44,,score (0–100)
cedefop-esi,HR,Croatia,2021,over-qualification-rate-tertiary-graduates,75.16,,score (0–100)
cedefop-esi,HR,Croatia,2022,over-qualification-rate-tertiary-graduates,78.44,,score (0–100)
cedefop-esi,HR,Croatia,2023,over-qualification-rate-tertiary-graduates,62.16,,score (0–100)
cedefop-esi,HR,Croatia,2024,over-qualification-rate-tertiary-graduates,62.16,,score (0–100)
cedefop-esi,HU,Hungary,2017,over-qualification-rate-tertiary-graduates,71.4,,score (0–100)
cedefop-esi,HU,Hungary,2018,over-qualification-rate-tertiary-graduates,60.88,,score (0–100)
cedefop-esi,HU,Hungary,2019,over-qualification-rate-tertiary-graduates,67.76,,score (0–100)
cedefop-esi,HU,Hungary,2020,over-qualification-rate-tertiary-graduates,66.16,,score (0–100)
cedefop-esi,HU,Hungary,2021,over-qualification-rate-tertiary-graduates,66.88,,score (0–100)
cedefop-esi,HU,Hungary,2022,over-qualification-rate-tertiary-graduates,77.88,,score (0–100)
cedefop-esi,HU,Hungary,2023,over-qualification-rate-tertiary-graduates,76.6,,score (0–100)
cedefop-esi,HU,Hungary,2024,over-qualification-rate-tertiary-graduates,76.6,,score (0–100)
cedefop-esi,IE,Ireland,2017,over-qualification-rate-tertiary-graduates,5.4,,score (0–100)
cedefop-esi,IE,Ireland,2018,over-qualification-rate-tertiary-graduates,12.6,,score (0–100)
cedefop-esi,IE,Ireland,2019,over-qualification-rate-tertiary-graduates,10.96,,score (0–100)
cedefop-esi,IE,Ireland,2020,over-qualification-rate-tertiary-graduates,7.2,,score (0–100)
cedefop-esi,IE,Ireland,2021,over-qualification-rate-tertiary-graduates,14.16,,score (0–100)
cedefop-esi,IE,Ireland,2022,over-qualification-rate-tertiary-graduates,22.52,,score (0–100)
cedefop-esi,IE,Ireland,2023,over-qualification-rate-tertiary-graduates,28.08,,score (0–100)
cedefop-esi,IE,Ireland,2024,over-qualification-rate-tertiary-graduates,28.08,,score (0–100)
cedefop-esi,IS,Iceland,2017,over-qualification-rate-tertiary-graduates,56.52,,score (0–100)
cedefop-esi,IS,Iceland,2018,over-qualification-rate-tertiary-graduates,49.36,,score (0–100)
cedefop-esi,IS,Iceland,2019,over-qualification-rate-tertiary-graduates,42.36,,score (0–100)
cedefop-esi,IS,Iceland,2020,over-qualification-rate-tertiary-graduates,45.16,,score (0–100)
cedefop-esi,IS,Iceland,2021,over-qualification-rate-tertiary-graduates,63.68,,score (0–100)
cedefop-esi,IS,Iceland,2022,over-qualification-rate-tertiary-graduates,68.48,,score (0–100)
cedefop-esi,IS,Iceland,2023,over-qualification-rate-tertiary-graduates,68.48,,score (0–100)
cedefop-esi,IS,Iceland,2024,over-qualification-rate-tertiary-graduates,68.48,,score (0–100)
cedefop-esi,IT,Italy,2017,over-qualification-rate-tertiary-graduates,31.2,,score (0–100)
cedefop-esi,IT,Italy,2018,over-qualification-rate-tertiary-graduates,32.12,,score (0–100)
cedefop-esi,IT,Italy,2019,over-qualification-rate-tertiary-graduates,29.44,,score (0–100)
cedefop-esi,IT,Italy,2020,over-qualification-rate-tertiary-graduates,28.24,,score (0–100)
cedefop-esi,IT,Italy,2021,over-qualification-rate-tertiary-graduates,32.16,,score (0–100)
cedefop-esi,IT,Italy,2022,over-qualification-rate-tertiary-graduates,40.4,,score (0–100)
cedefop-esi,IT,Italy,2023,over-qualification-rate-tertiary-graduates,39.84,,score (0–100)
cedefop-esi,IT,Italy,2024,over-qualification-rate-tertiary-graduates,39.84,,score (0–100)
cedefop-esi,LT,Lithuania,2017,over-qualification-rate-tertiary-graduates,31.6,,score (0–100)
cedefop-esi,LT,Lithuania,2018,over-qualification-rate-tertiary-graduates,34.68,,score (0–100)
cedefop-esi,LT,Lithuania,2019,over-qualification-rate-tertiary-graduates,35.92,,score (0–100)
cedefop-esi,LT,Lithuania,2020,over-qualification-rate-tertiary-graduates,32.4,,score (0–100)
cedefop-esi,LT,Lithuania,2021,over-qualification-rate-tertiary-graduates,27.04,,score (0–100)
cedefop-esi,LT,Lithuania,2022,over-qualification-rate-tertiary-graduates,31.44,,score (0–100)
cedefop-esi,LT,Lithuania,2023,over-qualification-rate-tertiary-graduates,43.92,,score (0–100)
cedefop-esi,LT,Lithuania,2024,over-qualification-rate-tertiary-graduates,43.92,,score (0–100)
cedefop-esi,LU,Luxembourg,2017,over-qualification-rate-tertiary-graduates,100.0,,score (0–100)
cedefop-esi,LU,Luxembourg,2018,over-qualification-rate-tertiary-graduates,100.0,,score (0–100)
cedefop-esi,LU,Luxembourg,2019,over-qualification-rate-tertiary-graduates,100.0,,score (0–100)
cedefop-esi,LU,Luxembourg,2020,over-qualification-rate-tertiary-graduates,100.0,,score (0–100)
cedefop-esi,LU,Luxembourg,2021,over-qualification-rate-tertiary-graduates,100.0,,score (0–100)
cedefop-esi,LU,Luxembourg,2022,over-qualification-rate-tertiary-graduates,100.0,,score (0–100)
cedefop-esi,LU,Luxembourg,2023,over-qualification-rate-tertiary-graduates,100.0,,score (0–100)
cedefop-esi,LU,Luxembourg,2024,over-qualification-rate-tertiary-graduates,100.0,,score (0–100)
cedefop-esi,LV,Latvia,2017,over-qualification-rate-tertiary-graduates,55.36,,score (0–100)
cedefop-esi,LV,Latvia,2018,over-qualification-rate-tertiary-graduates,61.28,,score (0–100)
cedefop-esi,LV,Latvia,2019,over-qualification-rate-tertiary-graduates,59.84,,score (0–100)
cedefop-esi,LV,Latvia,2020,over-qualification-rate-tertiary-graduates,40.16,,score (0–100)
cedefop-esi,LV,Latvia,2021,over-qualification-rate-tertiary-graduates,30.6,,score (0–100)
cedefop-esi,LV,Latvia,2022,over-qualification-rate-tertiary-graduates,69.6,,score (0–100)
cedefop-esi,LV,Latvia,2023,over-qualification-rate-tertiary-graduates,79.28,,score (0–100)
cedefop-esi,LV,Latvia,2024,over-qualification-rate-tertiary-graduates,79.28,,score (0–100)
cedefop-esi,MT,Malta,2017,over-qualification-rate-tertiary-graduates,76.4,,score (0–100)
cedefop-esi,MT,Malta,2018,over-qualification-rate-tertiary-graduates,81.16,,score (0–100)
cedefop-esi,MT,Malta,2019,over-qualification-rate-tertiary-graduates,78.36,,score (0–100)
cedefop-esi,MT,Malta,2020,over-qualification-rate-tertiary-graduates,62.84,,score (0–100)
cedefop-esi,MT,Malta,2021,over-qualification-rate-tertiary-graduates,55.8,,score (0–100)
cedefop-esi,MT,Malta,2022,over-qualification-rate-tertiary-graduates,59.76,,score (0–100)
cedefop-esi,MT,Malta,2023,over-qualification-rate-tertiary-graduates,59.32,,score (0–100)
cedefop-esi,MT,Malta,2024,over-qualification-rate-tertiary-graduates,59.32,,score (0–100)
cedefop-esi,NL,Netherlands,2017,over-qualification-rate-tertiary-graduates,64.8,,score (0–100)
cedefop-esi,NL,Netherlands,2018,over-qualification-rate-tertiary-graduates,75.32,,score (0–100)
cedefop-esi,NL,Netherlands,2019,over-qualification-rate-tertiary-graduates,71.96,,score (0–100)
cedefop-esi,NL,Netherlands,2020,over-qualification-rate-tertiary-graduates,76.4,,score (0–100)
cedefop-esi,NL,Netherlands,2021,over-qualification-rate-tertiary-graduates,72.24,,score (0–100)
cedefop-esi,NL,Netherlands,2022,over-qualification-rate-tertiary-graduates,74.96,,score (0–100)
cedefop-esi,NL,Netherlands,2023,over-qualification-rate-tertiary-graduates,77.88,,score (0–100)
cedefop-esi,NL,Netherlands,2024,over-qualification-rate-tertiary-graduates,77.88,,score (0–100)
cedefop-esi,NO,Norway,2017,over-qualification-rate-tertiary-graduates,51.2,,score (0–100)
cedefop-esi,NO,Norway,2018,over-qualification-rate-tertiary-graduates,57.04,,score (0–100)
cedefop-esi,NO,Norway,2019,over-qualification-rate-tertiary-graduates,71.68,,score (0–100)
cedefop-esi,NO,Norway,2020,over-qualification-rate-tertiary-graduates,60.28,,score (0–100)
cedefop-esi,NO,Norway,2021,over-qualification-rate-tertiary-graduates,66.24,,score (0–100)
cedefop-esi,NO,Norway,2022,over-qualification-rate-tertiary-graduates,67.96,,score (0–100)
cedefop-esi,NO,Norway,2023,over-qualification-rate-tertiary-graduates,56.12,,score (0–100)
cedefop-esi,NO,Norway,2024,over-qualification-rate-tertiary-graduates,56.12,,score (0–100)
cedefop-esi,PL,Poland,2017,over-qualification-rate-tertiary-graduates,31.32,,score (0–100)
cedefop-esi,PL,Poland,2018,over-qualification-rate-tertiary-graduates,29.36,,score (0–100)
cedefop-esi,PL,Poland,2019,over-qualification-rate-tertiary-graduates,29.2,,score (0–100)
cedefop-esi,PL,Poland,2020,over-qualification-rate-tertiary-graduates,36.8,,score (0–100)
cedefop-esi,PL,Poland,2021,over-qualification-rate-tertiary-graduates,38.36,,score (0–100)
cedefop-esi,PL,Poland,2022,over-qualification-rate-tertiary-graduates,39.36,,score (0–100)
cedefop-esi,PL,Poland,2023,over-qualification-rate-tertiary-graduates,45.2,,score (0–100)
cedefop-esi,PL,Poland,2024,over-qualification-rate-tertiary-graduates,45.2,,score (0–100)
cedefop-esi,PT,Portugal,2017,over-qualification-rate-tertiary-graduates,62.12,,score (0–100)
cedefop-esi,PT,Portugal,2018,over-qualification-rate-tertiary-graduates,57.32,,score (0–100)
cedefop-esi,PT,Portugal,2019,over-qualification-rate-tertiary-graduates,55.44,,score (0–100)
cedefop-esi,PT,Portugal,2020,over-qualification-rate-tertiary-graduates,51.32,,score (0–100)
cedefop-esi,PT,Portugal,2021,over-qualification-rate-tertiary-graduates,57.56,,score (0–100)
cedefop-esi,PT,Portugal,2022,over-qualification-rate-tertiary-graduates,59.88,,score (0–100)
cedefop-esi,PT,Portugal,2023,over-qualification-rate-tertiary-graduates,61.12,,score (0–100)
cedefop-esi,PT,Portugal,2024,over-qualification-rate-tertiary-graduates,61.12,,score (0–100)
cedefop-esi,RO,Romania,2017,over-qualification-rate-tertiary-graduates,40.44,,score (0–100)
cedefop-esi,RO,Romania,2018,over-qualification-rate-tertiary-graduates,42.48,,score (0–100)
cedefop-esi,RO,Romania,2019,over-qualification-rate-tertiary-graduates,45.2,,score (0–100)
cedefop-esi,RO,Romania,2020,over-qualification-rate-tertiary-graduates,41.4,,score (0–100)
cedefop-esi,RO,Romania,2021,over-qualification-rate-tertiary-graduates,59.96,,score (0–100)
cedefop-esi,RO,Romania,2022,over-qualification-rate-tertiary-graduates,56.04,,score (0–100)
cedefop-esi,RO,Romania,2023,over-qualification-rate-tertiary-graduates,61.44,,score (0–100)
cedefop-esi,RO,Romania,2024,over-qualification-rate-tertiary-graduates,61.44,,score (0–100)
cedefop-esi,SE,Sweden,2017,over-qualification-rate-tertiary-graduates,60.08,,score (0–100)
cedefop-esi,SE,Sweden,2018,over-qualification-rate-tertiary-graduates,62.16,,score (0–100)
cedefop-esi,SE,Sweden,2019,over-qualification-rate-tertiary-graduates,61.8,,score (0–100)
cedefop-esi,SE,Sweden,2020,over-qualification-rate-tertiary-graduates,61.92,,score (0–100)
cedefop-esi,SE,Sweden,2021,over-qualification-rate-tertiary-graduates,73.12,,score (0–100)
cedefop-esi,SE,Sweden,2022,over-qualification-rate-tertiary-graduates,73.76,,score (0–100)
cedefop-esi,SE,Sweden,2023,over-qualification-rate-tertiary-graduates,80.36,,score (0–100)
cedefop-esi,SE,Sweden,2024,over-qualification-rate-tertiary-graduates,80.36,,score (0–100)
cedefop-esi,SI,Slovenia,2017,over-qualification-rate-tertiary-graduates,43.6,,score (0–100)
cedefop-esi,SI,Slovenia,2018,over-qualification-rate-tertiary-graduates,32.52,,score (0–100)
cedefop-esi,SI,Slovenia,2019,over-qualification-rate-tertiary-graduates,39.28,,score (0–100)
cedefop-esi,SI,Slovenia,2020,over-qualification-rate-tertiary-graduates,50.88,,score (0–100)
cedefop-esi,SI,Slovenia,2021,over-qualification-rate-tertiary-graduates,49.6,,score (0–100)
cedefop-esi,SI,Slovenia,2022,over-qualification-rate-tertiary-graduates,51.24,,score (0–100)
cedefop-esi,SI,Slovenia,2023,over-qualification-rate-tertiary-graduates,46.8,,score (0–100)
cedefop-esi,SI,Slovenia,2024,over-qualification-rate-tertiary-graduates,46.8,,score (0–100)
cedefop-esi,SK,Slovakia,2017,over-qualification-rate-tertiary-graduates,27.72,,score (0–100)
cedefop-esi,SK,Slovakia,2018,over-qualification-rate-tertiary-graduates,28.52,,score (0–100)
cedefop-esi,SK,Slovakia,2019,over-qualification-rate-tertiary-graduates,28.72,,score (0–100)
cedefop-esi,SK,Slovakia,2020,over-qualification-rate-tertiary-graduates,20.84,,score (0–100)
cedefop-esi,SK,Slovakia,2021,over-qualification-rate-tertiary-graduates,21.32,,score (0–100)
cedefop-esi,SK,Slovakia,2022,over-qualification-rate-tertiary-graduates,30.44,,score (0–100)
cedefop-esi,SK,Slovakia,2023,over-qualification-rate-tertiary-graduates,29.72,,score (0–100)
cedefop-esi,SK,Slovakia,2024,over-qualification-rate-tertiary-graduates,29.72,,score (0–100)
cedefop-esi,UK,United Kingdom,2017,over-qualification-rate-tertiary-graduates,26.04,,score (0–100)
cedefop-esi,UK,United Kingdom,2018,over-qualification-rate-tertiary-graduates,28.6,,score (0–100)
cedefop-esi,UK,United Kingdom,2019,over-qualification-rate-tertiary-graduates,31.08,,score (0–100)
cedefop-esi,UK,United Kingdom,2020,over-qualification-rate-tertiary-graduates,30.04,,score (0–100)
cedefop-esi,UK,United Kingdom,2021,over-qualification-rate-tertiary-graduates,35.72,,score (0–100)
cedefop-esi,UK,United Kingdom,2022,over-qualification-rate-tertiary-graduates,35.72,,score (0–100)
cedefop-esi,UK,United Kingdom,2023,over-qualification-rate-tertiary-graduates,35.72,,score (0–100)
cedefop-esi,UK,United Kingdom,2024,over-qualification-rate-tertiary-graduates,35.72,,score (0–100)
cedefop-esi,AT,Austria,2017,pre-primary-pupil-to-teacher-ratio,50.0,,score (0–100)
cedefop-esi,AT,Austria,2018,pre-primary-pupil-to-teacher-ratio,51.176,,score (0–100)
cedefop-esi,AT,Austria,2019,pre-primary-pupil-to-teacher-ratio,48.235,,score (0–100)
cedefop-esi,AT,Austria,2020,pre-primary-pupil-to-teacher-ratio,49.412,,score (0–100)
cedefop-esi,AT,Austria,2021,pre-primary-pupil-to-teacher-ratio,52.941,,score (0–100)
cedefop-esi,AT,Austria,2022,pre-primary-pupil-to-teacher-ratio,52.941,,score (0–100)
cedefop-esi,AT,Austria,2023,pre-primary-pupil-to-teacher-ratio,48.824,,score (0–100)
cedefop-esi,AT,Austria,2024,pre-primary-pupil-to-teacher-ratio,48.824,,score (0–100)
cedefop-esi,BE,Belgium,2017,pre-primary-pupil-to-teacher-ratio,42.353,,score (0–100)
cedefop-esi,BE,Belgium,2018,pre-primary-pupil-to-teacher-ratio,42.353,,score (0–100)
cedefop-esi,BE,Belgium,2019,pre-primary-pupil-to-teacher-ratio,42.941,,score (0–100)
cedefop-esi,BE,Belgium,2020,pre-primary-pupil-to-teacher-ratio,44.118,,score (0–100)
cedefop-esi,BE,Belgium,2021,pre-primary-pupil-to-teacher-ratio,47.059,,score (0–100)
cedefop-esi,BE,Belgium,2022,pre-primary-pupil-to-teacher-ratio,48.235,,score (0–100)
cedefop-esi,BE,Belgium,2023,pre-primary-pupil-to-teacher-ratio,50.588,,score (0–100)
cedefop-esi,BE,Belgium,2024,pre-primary-pupil-to-teacher-ratio,50.588,,score (0–100)
cedefop-esi,BG,Bulgaria,2017,pre-primary-pupil-to-teacher-ratio,54.706,,score (0–100)
cedefop-esi,BG,Bulgaria,2018,pre-primary-pupil-to-teacher-ratio,57.059,,score (0–100)
cedefop-esi,BG,Bulgaria,2019,pre-primary-pupil-to-teacher-ratio,57.647,,score (0–100)
cedefop-esi,BG,Bulgaria,2020,pre-primary-pupil-to-teacher-ratio,57.059,,score (0–100)
cedefop-esi,BG,Bulgaria,2021,pre-primary-pupil-to-teacher-ratio,58.235,,score (0–100)
cedefop-esi,BG,Bulgaria,2022,pre-primary-pupil-to-teacher-ratio,61.176,,score (0–100)
cedefop-esi,BG,Bulgaria,2023,pre-primary-pupil-to-teacher-ratio,59.412,,score (0–100)
cedefop-esi,BG,Bulgaria,2024,pre-primary-pupil-to-teacher-ratio,59.412,,score (0–100)
cedefop-esi,CY,Cyprus,2017,pre-primary-pupil-to-teacher-ratio,47.059,,score (0–100)
cedefop-esi,CY,Cyprus,2018,pre-primary-pupil-to-teacher-ratio,47.059,,score (0–100)
cedefop-esi,CY,Cyprus,2019,pre-primary-pupil-to-teacher-ratio,47.647,,score (0–100)
cedefop-esi,CY,Cyprus,2020,pre-primary-pupil-to-teacher-ratio,45.294,,score (0–100)
cedefop-esi,CY,Cyprus,2021,pre-primary-pupil-to-teacher-ratio,43.529,,score (0–100)
cedefop-esi,CY,Cyprus,2022,pre-primary-pupil-to-teacher-ratio,50.588,,score (0–100)
cedefop-esi,CY,Cyprus,2023,pre-primary-pupil-to-teacher-ratio,52.941,,score (0–100)
cedefop-esi,CY,Cyprus,2024,pre-primary-pupil-to-teacher-ratio,52.941,,score (0–100)
cedefop-esi,CZ,Czechia,2017,pre-primary-pupil-to-teacher-ratio,50.0,,score (0–100)
cedefop-esi,CZ,Czechia,2018,pre-primary-pupil-to-teacher-ratio,50.588,,score (0–100)
cedefop-esi,CZ,Czechia,2019,pre-primary-pupil-to-teacher-ratio,51.765,,score (0–100)
cedefop-esi,CZ,Czechia,2020,pre-primary-pupil-to-teacher-ratio,52.353,,score (0–100)
cedefop-esi,CZ,Czechia,2021,pre-primary-pupil-to-teacher-ratio,52.941,,score (0–100)
cedefop-esi,CZ,Czechia,2022,pre-primary-pupil-to-teacher-ratio,57.059,,score (0–100)
cedefop-esi,CZ,Czechia,2023,pre-primary-pupil-to-teacher-ratio,60.588,,score (0–100)
cedefop-esi,CZ,Czechia,2024,pre-primary-pupil-to-teacher-ratio,60.588,,score (0–100)
cedefop-esi,DE,Germany,2017,pre-primary-pupil-to-teacher-ratio,72.353,,score (0–100)
cedefop-esi,DE,Germany,2018,pre-primary-pupil-to-teacher-ratio,72.941,,score (0–100)
cedefop-esi,DE,Germany,2019,pre-primary-pupil-to-teacher-ratio,73.529,,score (0–100)
cedefop-esi,DE,Germany,2020,pre-primary-pupil-to-teacher-ratio,74.118,,score (0–100)
cedefop-esi,DE,Germany,2021,pre-primary-pupil-to-teacher-ratio,74.706,,score (0–100)
cedefop-esi,DE,Germany,2022,pre-primary-pupil-to-teacher-ratio,75.294,,score (0–100)
cedefop-esi,DE,Germany,2023,pre-primary-pupil-to-teacher-ratio,76.471,,score (0–100)
cedefop-esi,DE,Germany,2024,pre-primary-pupil-to-teacher-ratio,76.471,,score (0–100)
cedefop-esi,DK,Denmark,2017,pre-primary-pupil-to-teacher-ratio,67.647,,score (0–100)
cedefop-esi,DK,Denmark,2018,pre-primary-pupil-to-teacher-ratio,67.647,,score (0–100)
cedefop-esi,DK,Denmark,2019,pre-primary-pupil-to-teacher-ratio,67.647,,score (0–100)
cedefop-esi,DK,Denmark,2020,pre-primary-pupil-to-teacher-ratio,67.647,,score (0–100)
cedefop-esi,DK,Denmark,2021,pre-primary-pupil-to-teacher-ratio,68.824,,score (0–100)
cedefop-esi,DK,Denmark,2022,pre-primary-pupil-to-teacher-ratio,68.824,,score (0–100)
cedefop-esi,DK,Denmark,2023,pre-primary-pupil-to-teacher-ratio,69.412,,score (0–100)
cedefop-esi,DK,Denmark,2024,pre-primary-pupil-to-teacher-ratio,69.412,,score (0–100)
cedefop-esi,EL,Greece,2017,pre-primary-pupil-to-teacher-ratio,65.294,,score (0–100)
cedefop-esi,EL,Greece,2018,pre-primary-pupil-to-teacher-ratio,66.471,,score (0–100)
cedefop-esi,EL,Greece,2019,pre-primary-pupil-to-teacher-ratio,68.235,,score (0–100)
cedefop-esi,EL,Greece,2020,pre-primary-pupil-to-teacher-ratio,69.412,,score (0–100)
cedefop-esi,EL,Greece,2021,pre-primary-pupil-to-teacher-ratio,70.0,,score (0–100)
cedefop-esi,EL,Greece,2022,pre-primary-pupil-to-teacher-ratio,71.176,,score (0–100)
cedefop-esi,EL,Greece,2023,pre-primary-pupil-to-teacher-ratio,72.941,,score (0–100)
cedefop-esi,EL,Greece,2024,pre-primary-pupil-to-teacher-ratio,72.941,,score (0–100)
cedefop-esi,ES,Spain,2017,pre-primary-pupil-to-teacher-ratio,41.765,,score (0–100)
cedefop-esi,ES,Spain,2018,pre-primary-pupil-to-teacher-ratio,43.529,,score (0–100)
cedefop-esi,ES,Spain,2019,pre-primary-pupil-to-teacher-ratio,44.706,,score (0–100)
cedefop-esi,ES,Spain,2020,pre-primary-pupil-to-teacher-ratio,45.882,,score (0–100)
cedefop-esi,ES,Spain,2021,pre-primary-pupil-to-teacher-ratio,47.059,,score (0–100)
cedefop-esi,ES,Spain,2022,pre-primary-pupil-to-teacher-ratio,48.235,,score (0–100)
cedefop-esi,ES,Spain,2023,pre-primary-pupil-to-teacher-ratio,54.706,,score (0–100)
cedefop-esi,ES,Spain,2024,pre-primary-pupil-to-teacher-ratio,54.706,,score (0–100)
cedefop-esi,FI,Finland,2017,pre-primary-pupil-to-teacher-ratio,69.412,,score (0–100)
cedefop-esi,FI,Finland,2018,pre-primary-pupil-to-teacher-ratio,70.588,,score (0–100)
cedefop-esi,FI,Finland,2019,pre-primary-pupil-to-teacher-ratio,72.353,,score (0–100)
cedefop-esi,FI,Finland,2020,pre-primary-pupil-to-teacher-ratio,74.118,,score (0–100)
cedefop-esi,FI,Finland,2021,pre-primary-pupil-to-teacher-ratio,75.294,,score (0–100)
cedefop-esi,FI,Finland,2022,pre-primary-pupil-to-teacher-ratio,78.235,,score (0–100)
cedefop-esi,FI,Finland,2023,pre-primary-pupil-to-teacher-ratio,80.0,,score (0–100)
cedefop-esi,FI,Finland,2024,pre-primary-pupil-to-teacher-ratio,80.0,,score (0–100)
cedefop-esi,FR,France,2017,pre-primary-pupil-to-teacher-ratio,0.0,,score (0–100)
cedefop-esi,FR,France,2018,pre-primary-pupil-to-teacher-ratio,0.0,,score (0–100)
cedefop-esi,FR,France,2019,pre-primary-pupil-to-teacher-ratio,0.0,,score (0–100)
cedefop-esi,FR,France,2020,pre-primary-pupil-to-teacher-ratio,0.0,,score (0–100)
cedefop-esi,FR,France,2021,pre-primary-pupil-to-teacher-ratio,0.0,,score (0–100)
cedefop-esi,FR,France,2022,pre-primary-pupil-to-teacher-ratio,0.0,,score (0–100)
cedefop-esi,FR,France,2023,pre-primary-pupil-to-teacher-ratio,0.0,,score (0–100)
cedefop-esi,FR,France,2024,pre-primary-pupil-to-teacher-ratio,0.0,,score (0–100)
cedefop-esi,HR,Croatia,2017,pre-primary-pupil-to-teacher-ratio,58.824,,score (0–100)
cedefop-esi,HR,Croatia,2018,pre-primary-pupil-to-teacher-ratio,60.0,,score (0–100)
cedefop-esi,HR,Croatia,2019,pre-primary-pupil-to-teacher-ratio,61.765,,score (0–100)
cedefop-esi,HR,Croatia,2020,pre-primary-pupil-to-teacher-ratio,64.118,,score (0–100)
cedefop-esi,HR,Croatia,2021,pre-primary-pupil-to-teacher-ratio,66.471,,score (0–100)
cedefop-esi,HR,Croatia,2022,pre-primary-pupil-to-teacher-ratio,67.059,,score (0–100)
cedefop-esi,HR,Croatia,2023,pre-primary-pupil-to-teacher-ratio,70.0,,score (0–100)
cedefop-esi,HR,Croatia,2024,pre-primary-pupil-to-teacher-ratio,70.0,,score (0–100)
cedefop-esi,HU,Hungary,2017,pre-primary-pupil-to-teacher-ratio,55.882,,score (0–100)
cedefop-esi,HU,Hungary,2018,pre-primary-pupil-to-teacher-ratio,56.471,,score (0–100)
cedefop-esi,HU,Hungary,2019,pre-primary-pupil-to-teacher-ratio,57.059,,score (0–100)
cedefop-esi,HU,Hungary,2020,pre-primary-pupil-to-teacher-ratio,56.471,,score (0–100)
cedefop-esi,HU,Hungary,2021,pre-primary-pupil-to-teacher-ratio,54.706,,score (0–100)
cedefop-esi,HU,Hungary,2022,pre-primary-pupil-to-teacher-ratio,52.941,,score (0–100)
cedefop-esi,HU,Hungary,2023,pre-primary-pupil-to-teacher-ratio,54.706,,score (0–100)
cedefop-esi,HU,Hungary,2024,pre-primary-pupil-to-teacher-ratio,54.706,,score (0–100)
cedefop-esi,IS,Iceland,2017,pre-primary-pupil-to-teacher-ratio,97.647,,score (0–100)
cedefop-esi,IS,Iceland,2018,pre-primary-pupil-to-teacher-ratio,98.824,,score (0–100)
cedefop-esi,IS,Iceland,2019,pre-primary-pupil-to-teacher-ratio,98.235,,score (0–100)
cedefop-esi,IS,Iceland,2020,pre-primary-pupil-to-teacher-ratio,99.412,,score (0–100)
cedefop-esi,IS,Iceland,2021,pre-primary-pupil-to-teacher-ratio,100.0,,score (0–100)
cedefop-esi,IS,Iceland,2022,pre-primary-pupil-to-teacher-ratio,100.0,,score (0–100)
cedefop-esi,IS,Iceland,2023,pre-primary-pupil-to-teacher-ratio,100.0,,score (0–100)
cedefop-esi,IS,Iceland,2024,pre-primary-pupil-to-teacher-ratio,100.0,,score (0–100)
cedefop-esi,IT,Italy,2017,pre-primary-pupil-to-teacher-ratio,51.765,,score (0–100)
cedefop-esi,IT,Italy,2018,pre-primary-pupil-to-teacher-ratio,53.529,,score (0–100)
cedefop-esi,IT,Italy,2019,pre-primary-pupil-to-teacher-ratio,56.471,,score (0–100)
cedefop-esi,IT,Italy,2020,pre-primary-pupil-to-teacher-ratio,57.647,,score (0–100)
cedefop-esi,IT,Italy,2021,pre-primary-pupil-to-teacher-ratio,58.824,,score (0–100)
cedefop-esi,IT,Italy,2022,pre-primary-pupil-to-teacher-ratio,60.0,,score (0–100)
cedefop-esi,IT,Italy,2023,pre-primary-pupil-to-teacher-ratio,63.529,,score (0–100)
cedefop-esi,IT,Italy,2024,pre-primary-pupil-to-teacher-ratio,63.529,,score (0–100)
cedefop-esi,LT,Lithuania,2017,pre-primary-pupil-to-teacher-ratio,67.059,,score (0–100)
cedefop-esi,LT,Lithuania,2018,pre-primary-pupil-to-teacher-ratio,68.235,,score (0–100)
cedefop-esi,LT,Lithuania,2019,pre-primary-pupil-to-teacher-ratio,65.882,,score (0–100)
cedefop-esi,LT,Lithuania,2020,pre-primary-pupil-to-teacher-ratio,68.824,,score (0–100)
cedefop-esi,LT,Lithuania,2021,pre-primary-pupil-to-teacher-ratio,71.765,,score (0–100)
cedefop-esi,LT,Lithuania,2022,pre-primary-pupil-to-teacher-ratio,72.941,,score (0–100)
cedefop-esi,LT,Lithuania,2023,pre-primary-pupil-to-teacher-ratio,69.412,,score (0–100)
cedefop-esi,LT,Lithuania,2024,pre-primary-pupil-to-teacher-ratio,69.412,,score (0–100)
cedefop-esi,LU,Luxembourg,2017,pre-primary-pupil-to-teacher-ratio,65.882,,score (0–100)
cedefop-esi,LU,Luxembourg,2018,pre-primary-pupil-to-teacher-ratio,61.765,,score (0–100)
cedefop-esi,LU,Luxembourg,2019,pre-primary-pupil-to-teacher-ratio,44.118,,score (0–100)
cedefop-esi,LU,Luxembourg,2020,pre-primary-pupil-to-teacher-ratio,58.235,,score (0–100)
cedefop-esi,LU,Luxembourg,2021,pre-primary-pupil-to-teacher-ratio,60.0,,score (0–100)
cedefop-esi,LU,Luxembourg,2022,pre-primary-pupil-to-teacher-ratio,61.176,,score (0–100)
cedefop-esi,LU,Luxembourg,2023,pre-primary-pupil-to-teacher-ratio,75.294,,score (0–100)
cedefop-esi,LU,Luxembourg,2024,pre-primary-pupil-to-teacher-ratio,75.294,,score (0–100)
cedefop-esi,LV,Latvia,2017,pre-primary-pupil-to-teacher-ratio,70.0,,score (0–100)
cedefop-esi,LV,Latvia,2018,pre-primary-pupil-to-teacher-ratio,72.353,,score (0–100)
cedefop-esi,LV,Latvia,2019,pre-primary-pupil-to-teacher-ratio,68.824,,score (0–100)
cedefop-esi,LV,Latvia,2020,pre-primary-pupil-to-teacher-ratio,74.118,,score (0–100)
cedefop-esi,LV,Latvia,2021,pre-primary-pupil-to-teacher-ratio,71.765,,score (0–100)
cedefop-esi,LV,Latvia,2022,pre-primary-pupil-to-teacher-ratio,63.529,,score (0–100)
cedefop-esi,LV,Latvia,2023,pre-primary-pupil-to-teacher-ratio,62.353,,score (0–100)
cedefop-esi,LV,Latvia,2024,pre-primary-pupil-to-teacher-ratio,62.353,,score (0–100)
cedefop-esi,MT,Malta,2017,pre-primary-pupil-to-teacher-ratio,53.529,,score (0–100)
cedefop-esi,MT,Malta,2018,pre-primary-pupil-to-teacher-ratio,56.471,,score (0–100)
cedefop-esi,MT,Malta,2019,pre-primary-pupil-to-teacher-ratio,58.235,,score (0–100)
cedefop-esi,MT,Malta,2020,pre-primary-pupil-to-teacher-ratio,56.471,,score (0–100)
cedefop-esi,MT,Malta,2021,pre-primary-pupil-to-teacher-ratio,63.529,,score (0–100)
cedefop-esi,MT,Malta,2022,pre-primary-pupil-to-teacher-ratio,64.118,,score (0–100)
cedefop-esi,MT,Malta,2023,pre-primary-pupil-to-teacher-ratio,70.588,,score (0–100)
cedefop-esi,MT,Malta,2024,pre-primary-pupil-to-teacher-ratio,70.588,,score (0–100)
cedefop-esi,NL,Netherlands,2017,pre-primary-pupil-to-teacher-ratio,33.529,,score (0–100)
cedefop-esi,NL,Netherlands,2018,pre-primary-pupil-to-teacher-ratio,32.353,,score (0–100)
cedefop-esi,NL,Netherlands,2019,pre-primary-pupil-to-teacher-ratio,34.118,,score (0–100)
cedefop-esi,NL,Netherlands,2020,pre-primary-pupil-to-teacher-ratio,34.118,,score (0–100)
cedefop-esi,NL,Netherlands,2021,pre-primary-pupil-to-teacher-ratio,34.706,,score (0–100)
cedefop-esi,NL,Netherlands,2022,pre-primary-pupil-to-teacher-ratio,36.471,,score (0–100)
cedefop-esi,NL,Netherlands,2023,pre-primary-pupil-to-teacher-ratio,35.882,,score (0–100)
cedefop-esi,NL,Netherlands,2024,pre-primary-pupil-to-teacher-ratio,35.882,,score (0–100)
cedefop-esi,NO,Norway,2017,pre-primary-pupil-to-teacher-ratio,35.294,,score (0–100)
cedefop-esi,NO,Norway,2018,pre-primary-pupil-to-teacher-ratio,39.412,,score (0–100)
cedefop-esi,NO,Norway,2019,pre-primary-pupil-to-teacher-ratio,44.706,,score (0–100)
cedefop-esi,NO,Norway,2020,pre-primary-pupil-to-teacher-ratio,47.647,,score (0–100)
cedefop-esi,NO,Norway,2021,pre-primary-pupil-to-teacher-ratio,58.235,,score (0–100)
cedefop-esi,NO,Norway,2022,pre-primary-pupil-to-teacher-ratio,60.0,,score (0–100)
cedefop-esi,NO,Norway,2023,pre-primary-pupil-to-teacher-ratio,62.353,,score (0–100)
cedefop-esi,NO,Norway,2024,pre-primary-pupil-to-teacher-ratio,62.353,,score (0–100)
cedefop-esi,PL,Poland,2017,pre-primary-pupil-to-teacher-ratio,40.588,,score (0–100)
cedefop-esi,PL,Poland,2018,pre-primary-pupil-to-teacher-ratio,46.471,,score (0–100)
cedefop-esi,PL,Poland,2019,pre-primary-pupil-to-teacher-ratio,44.118,,score (0–100)
cedefop-esi,PL,Poland,2020,pre-primary-pupil-to-teacher-ratio,41.765,,score (0–100)
cedefop-esi,PL,Poland,2021,pre-primary-pupil-to-teacher-ratio,44.118,,score (0–100)
cedefop-esi,PL,Poland,2022,pre-primary-pupil-to-teacher-ratio,55.294,,score (0–100)
cedefop-esi,PL,Poland,2023,pre-primary-pupil-to-teacher-ratio,54.118,,score (0–100)
cedefop-esi,PL,Poland,2024,pre-primary-pupil-to-teacher-ratio,54.118,,score (0–100)
cedefop-esi,PT,Portugal,2017,pre-primary-pupil-to-teacher-ratio,27.059,,score (0–100)
cedefop-esi,PT,Portugal,2018,pre-primary-pupil-to-teacher-ratio,28.235,,score (0–100)
cedefop-esi,PT,Portugal,2019,pre-primary-pupil-to-teacher-ratio,30.588,,score (0–100)
cedefop-esi,PT,Portugal,2020,pre-primary-pupil-to-teacher-ratio,35.882,,score (0–100)
cedefop-esi,PT,Portugal,2021,pre-primary-pupil-to-teacher-ratio,35.882,,score (0–100)
cedefop-esi,PT,Portugal,2022,pre-primary-pupil-to-teacher-ratio,35.882,,score (0–100)
cedefop-esi,PT,Portugal,2023,pre-primary-pupil-to-teacher-ratio,37.647,,score (0–100)
cedefop-esi,PT,Portugal,2024,pre-primary-pupil-to-teacher-ratio,37.647,,score (0–100)
cedefop-esi,RO,Romania,2017,pre-primary-pupil-to-teacher-ratio,35.294,,score (0–100)
cedefop-esi,RO,Romania,2018,pre-primary-pupil-to-teacher-ratio,38.235,,score (0–100)
cedefop-esi,RO,Romania,2019,pre-primary-pupil-to-teacher-ratio,40.0,,score (0–100)
cedefop-esi,RO,Romania,2020,pre-primary-pupil-to-teacher-ratio,40.588,,score (0–100)
cedefop-esi,RO,Romania,2021,pre-primary-pupil-to-teacher-ratio,40.0,,score (0–100)
cedefop-esi,RO,Romania,2022,pre-primary-pupil-to-teacher-ratio,40.588,,score (0–100)
cedefop-esi,RO,Romania,2023,pre-primary-pupil-to-teacher-ratio,44.706,,score (0–100)
cedefop-esi,RO,Romania,2024,pre-primary-pupil-to-teacher-ratio,44.706,,score (0–100)
cedefop-esi,SE,Sweden,2017,pre-primary-pupil-to-teacher-ratio,91.765,,score (0–100)
cedefop-esi,SE,Sweden,2018,pre-primary-pupil-to-teacher-ratio,91.765,,score (0–100)
cedefop-esi,SE,Sweden,2019,pre-primary-pupil-to-teacher-ratio,92.353,,score (0–100)
cedefop-esi,SE,Sweden,2020,pre-primary-pupil-to-teacher-ratio,92.353,,score (0–100)
cedefop-esi,SE,Sweden,2021,pre-primary-pupil-to-teacher-ratio,47.059,,score (0–100)
cedefop-esi,SE,Sweden,2022,pre-primary-pupil-to-teacher-ratio,47.059,,score (0–100)
cedefop-esi,SE,Sweden,2023,pre-primary-pupil-to-teacher-ratio,48.235,,score (0–100)
cedefop-esi,SE,Sweden,2024,pre-primary-pupil-to-teacher-ratio,48.235,,score (0–100)
cedefop-esi,SI,Slovenia,2017,pre-primary-pupil-to-teacher-ratio,74.706,,score (0–100)
cedefop-esi,SI,Slovenia,2018,pre-primary-pupil-to-teacher-ratio,12.941,,score (0–100)
cedefop-esi,SI,Slovenia,2019,pre-primary-pupil-to-teacher-ratio,75.882,,score (0–100)
cedefop-esi,SI,Slovenia,2020,pre-primary-pupil-to-teacher-ratio,74.706,,score (0–100)
cedefop-esi,SI,Slovenia,2021,pre-primary-pupil-to-teacher-ratio,8.235,,score (0–100)
cedefop-esi,SI,Slovenia,2022,pre-primary-pupil-to-teacher-ratio,14.706,,score (0–100)
cedefop-esi,SI,Slovenia,2023,pre-primary-pupil-to-teacher-ratio,17.647,,score (0–100)
cedefop-esi,SI,Slovenia,2024,pre-primary-pupil-to-teacher-ratio,17.647,,score (0–100)
cedefop-esi,SK,Slovakia,2017,pre-primary-pupil-to-teacher-ratio,56.471,,score (0–100)
cedefop-esi,SK,Slovakia,2018,pre-primary-pupil-to-teacher-ratio,57.647,,score (0–100)
cedefop-esi,SK,Slovakia,2019,pre-primary-pupil-to-teacher-ratio,58.824,,score (0–100)
cedefop-esi,SK,Slovakia,2020,pre-primary-pupil-to-teacher-ratio,60.0,,score (0–100)
cedefop-esi,SK,Slovakia,2021,pre-primary-pupil-to-teacher-ratio,61.176,,score (0–100)
cedefop-esi,SK,Slovakia,2022,pre-primary-pupil-to-teacher-ratio,61.765,,score (0–100)
cedefop-esi,SK,Slovakia,2023,pre-primary-pupil-to-teacher-ratio,62.353,,score (0–100)
cedefop-esi,SK,Slovakia,2024,pre-primary-pupil-to-teacher-ratio,62.353,,score (0–100)
cedefop-esi,UK,United Kingdom,2017,pre-primary-pupil-to-teacher-ratio,0.0,,score (0–100)
cedefop-esi,UK,United Kingdom,2018,pre-primary-pupil-to-teacher-ratio,0.0,,score (0–100)
cedefop-esi,UK,United Kingdom,2019,pre-primary-pupil-to-teacher-ratio,0.0,,score (0–100)
cedefop-esi,UK,United Kingdom,2020,pre-primary-pupil-to-teacher-ratio,0.0,,score (0–100)
cedefop-esi,UK,United Kingdom,2021,pre-primary-pupil-to-teacher-ratio,0.0,,score (0–100)
cedefop-esi,UK,United Kingdom,2022,pre-primary-pupil-to-teacher-ratio,0.0,,score (0–100)
cedefop-esi,UK,United Kingdom,2023,pre-primary-pupil-to-teacher-ratio,0.0,,score (0–100)
cedefop-esi,UK,United Kingdom,2024,pre-primary-pupil-to-teacher-ratio,0.0,,score (0–100)
cedefop-esi,AT,Austria,2017,qualification-mismatch,33.833,,score (0–100)
cedefop-esi,AT,Austria,2018,qualification-mismatch,31.429,,score (0–100)
cedefop-esi,AT,Austria,2019,qualification-mismatch,31.792,,score (0–100)
cedefop-esi,AT,Austria,2020,qualification-mismatch,32.711,,score (0–100)
cedefop-esi,AT,Austria,2021,qualification-mismatch,32.64,,score (0–100)
cedefop-esi,AT,Austria,2022,qualification-mismatch,32.64,,score (0–100)
cedefop-esi,AT,Austria,2023,qualification-mismatch,32.64,,score (0–100)
cedefop-esi,AT,Austria,2024,qualification-mismatch,32.64,,score (0–100)
cedefop-esi,BE,Belgium,2017,qualification-mismatch,33.744,,score (0–100)
cedefop-esi,BE,Belgium,2018,qualification-mismatch,34.136,,score (0–100)
cedefop-esi,BE,Belgium,2019,qualification-mismatch,32.937,,score (0–100)
cedefop-esi,BE,Belgium,2020,qualification-mismatch,38.776,,score (0–100)
cedefop-esi,BE,Belgium,2021,qualification-mismatch,37.27,,score (0–100)
cedefop-esi,BE,Belgium,2022,qualification-mismatch,37.27,,score (0–100)
cedefop-esi,BE,Belgium,2023,qualification-mismatch,37.27,,score (0–100)
cedefop-esi,BE,Belgium,2024,qualification-mismatch,37.27,,score (0–100)
cedefop-esi,BG,Bulgaria,2017,qualification-mismatch,68.782,,score (0–100)
cedefop-esi,BG,Bulgaria,2018,qualification-mismatch,70.689,,score (0–100)
cedefop-esi,BG,Bulgaria,2019,qualification-mismatch,71.489,,score (0–100)
cedefop-esi,BG,Bulgaria,2020,qualification-mismatch,65.401,,score (0–100)
cedefop-esi,BG,Bulgaria,2021,qualification-mismatch,66.205,,score (0–100)
cedefop-esi,BG,Bulgaria,2022,qualification-mismatch,66.205,,score (0–100)
cedefop-esi,BG,Bulgaria,2023,qualification-mismatch,66.205,,score (0–100)
cedefop-esi,BG,Bulgaria,2024,qualification-mismatch,66.205,,score (0–100)
cedefop-esi,CH,Switzerland,2017,qualification-mismatch,25.414,,score (0–100)
cedefop-esi,CH,Switzerland,2018,qualification-mismatch,25.281,,score (0–100)
cedefop-esi,CH,Switzerland,2019,qualification-mismatch,26.061,,score (0–100)
cedefop-esi,CH,Switzerland,2020,qualification-mismatch,25.513,,score (0–100)
cedefop-esi,CH,Switzerland,2021,qualification-mismatch,30.865,,score (0–100)
cedefop-esi,CH,Switzerland,2022,qualification-mismatch,30.865,,score (0–100)
cedefop-esi,CH,Switzerland,2023,qualification-mismatch,30.865,,score (0–100)
cedefop-esi,CH,Switzerland,2024,qualification-mismatch,30.865,,score (0–100)
cedefop-esi,CY,Cyprus,2017,qualification-mismatch,25.525,,score (0–100)
cedefop-esi,CY,Cyprus,2018,qualification-mismatch,28.038,,score (0–100)
cedefop-esi,CY,Cyprus,2019,qualification-mismatch,29.238,,score (0–100)
cedefop-esi,CY,Cyprus,2020,qualification-mismatch,31.962,,score (0–100)
cedefop-esi,CY,Cyprus,2021,qualification-mismatch,35.004,,score (0–100)
cedefop-esi,CY,Cyprus,2022,qualification-mismatch,35.004,,score (0–100)
cedefop-esi,CY,Cyprus,2023,qualification-mismatch,35.004,,score (0–100)
cedefop-esi,CY,Cyprus,2024,qualification-mismatch,35.004,,score (0–100)
cedefop-esi,CZ,Czechia,2017,qualification-mismatch,100.0,,score (0–100)
cedefop-esi,CZ,Czechia,2018,qualification-mismatch,95.763,,score (0–100)
cedefop-esi,CZ,Czechia,2019,qualification-mismatch,96.416,,score (0–100)
cedefop-esi,CZ,Czechia,2020,qualification-mismatch,96.12,,score (0–100)
cedefop-esi,CZ,Czechia,2021,qualification-mismatch,97.494,,score (0–100)
cedefop-esi,CZ,Czechia,2022,qualification-mismatch,97.494,,score (0–100)
cedefop-esi,CZ,Czechia,2023,qualification-mismatch,97.494,,score (0–100)
cedefop-esi,CZ,Czechia,2024,qualification-mismatch,97.494,,score (0–100)
cedefop-esi,DE,Germany,2017,qualification-mismatch,20.991,,score (0–100)
cedefop-esi,DE,Germany,2018,qualification-mismatch,18.489,,score (0–100)
cedefop-esi,DE,Germany,2019,qualification-mismatch,17.409,,score (0–100)
cedefop-esi,DE,Germany,2020,qualification-mismatch,16.581,,score (0–100)
cedefop-esi,DE,Germany,2021,qualification-mismatch,14.553,,score (0–100)
cedefop-esi,DE,Germany,2022,qualification-mismatch,14.553,,score (0–100)
cedefop-esi,DE,Germany,2023,qualification-mismatch,14.553,,score (0–100)
cedefop-esi,DE,Germany,2024,qualification-mismatch,14.553,,score (0–100)
cedefop-esi,DK,Denmark,2017,qualification-mismatch,41.523,,score (0–100)
cedefop-esi,DK,Denmark,2018,qualification-mismatch,41.988,,score (0–100)
cedefop-esi,DK,Denmark,2019,qualification-mismatch,42.782,,score (0–100)
cedefop-esi,DK,Denmark,2020,qualification-mismatch,41.871,,score (0–100)
cedefop-esi,DK,Denmark,2021,qualification-mismatch,44.704,,score (0–100)
cedefop-esi,DK,Denmark,2022,qualification-mismatch,44.704,,score (0–100)
cedefop-esi,DK,Denmark,2023,qualification-mismatch,44.704,,score (0–100)
cedefop-esi,DK,Denmark,2024,qualification-mismatch,44.704,,score (0–100)
cedefop-esi,EE,Estonia,2017,qualification-mismatch,17.869,,score (0–100)
cedefop-esi,EE,Estonia,2018,qualification-mismatch,21.541,,score (0–100)
cedefop-esi,EE,Estonia,2019,qualification-mismatch,20.097,,score (0–100)
cedefop-esi,EE,Estonia,2020,qualification-mismatch,17.531,,score (0–100)
cedefop-esi,EE,Estonia,2021,qualification-mismatch,17.847,,score (0–100)
cedefop-esi,EE,Estonia,2022,qualification-mismatch,17.847,,score (0–100)
cedefop-esi,EE,Estonia,2023,qualification-mismatch,17.847,,score (0–100)
cedefop-esi,EE,Estonia,2024,qualification-mismatch,17.847,,score (0–100)
cedefop-esi,EL,Greece,2017,qualification-mismatch,0.0,,score (0–100)
cedefop-esi,EL,Greece,2018,qualification-mismatch,0.0,,score (0–100)
cedefop-esi,EL,Greece,2019,qualification-mismatch,0.0,,score (0–100)
cedefop-esi,EL,Greece,2020,qualification-mismatch,0.0,,score (0–100)
cedefop-esi,EL,Greece,2021,qualification-mismatch,5.048,,score (0–100)
cedefop-esi,EL,Greece,2022,qualification-mismatch,5.048,,score (0–100)
cedefop-esi,EL,Greece,2023,qualification-mismatch,5.048,,score (0–100)
cedefop-esi,EL,Greece,2024,qualification-mismatch,5.048,,score (0–100)
cedefop-esi,ES,Spain,2017,qualification-mismatch,7.773,,score (0–100)
cedefop-esi,ES,Spain,2018,qualification-mismatch,7.975,,score (0–100)
cedefop-esi,ES,Spain,2019,qualification-mismatch,11.086,,score (0–100)
cedefop-esi,ES,Spain,2020,qualification-mismatch,11.096,,score (0–100)
cedefop-esi,ES,Spain,2021,qualification-mismatch,10.68,,score (0–100)
cedefop-esi,ES,Spain,2022,qualification-mismatch,10.68,,score (0–100)
cedefop-esi,ES,Spain,2023,qualification-mismatch,10.68,,score (0–100)
cedefop-esi,ES,Spain,2024,qualification-mismatch,10.68,,score (0–100)
cedefop-esi,FI,Finland,2017,qualification-mismatch,55.181,,score (0–100)
cedefop-esi,FI,Finland,2018,qualification-mismatch,57.41,,score (0–100)
cedefop-esi,FI,Finland,2019,qualification-mismatch,53.476,,score (0–100)
cedefop-esi,FI,Finland,2020,qualification-mismatch,57.315,,score (0–100)
cedefop-esi,FI,Finland,2021,qualification-mismatch,56.189,,score (0–100)
cedefop-esi,FI,Finland,2022,qualification-mismatch,56.189,,score (0–100)
cedefop-esi,FI,Finland,2023,qualification-mismatch,56.189,,score (0–100)
cedefop-esi,FI,Finland,2024,qualification-mismatch,56.189,,score (0–100)
cedefop-esi,FR,France,2017,qualification-mismatch,31.23,,score (0–100)
cedefop-esi,FR,France,2018,qualification-mismatch,34.043,,score (0–100)
cedefop-esi,FR,France,2019,qualification-mismatch,33.373,,score (0–100)
cedefop-esi,FR,France,2020,qualification-mismatch,35.943,,score (0–100)
cedefop-esi,FR,France,2021,qualification-mismatch,38.153,,score (0–100)
cedefop-esi,FR,France,2022,qualification-mismatch,38.153,,score (0–100)
cedefop-esi,FR,France,2023,qualification-mismatch,38.153,,score (0–100)
cedefop-esi,FR,France,2024,qualification-mismatch,38.153,,score (0–100)
cedefop-esi,HU,Hungary,2017,qualification-mismatch,81.43,,score (0–100)
cedefop-esi,HU,Hungary,2018,qualification-mismatch,80.479,,score (0–100)
cedefop-esi,HU,Hungary,2019,qualification-mismatch,80.962,,score (0–100)
cedefop-esi,HU,Hungary,2020,qualification-mismatch,81.402,,score (0–100)
cedefop-esi,HU,Hungary,2021,qualification-mismatch,81.184,,score (0–100)
cedefop-esi,HU,Hungary,2022,qualification-mismatch,81.184,,score (0–100)
cedefop-esi,HU,Hungary,2023,qualification-mismatch,81.184,,score (0–100)
cedefop-esi,HU,Hungary,2024,qualification-mismatch,81.184,,score (0–100)
cedefop-esi,IE,Ireland,2017,qualification-mismatch,3.672,,score (0–100)
cedefop-esi,IE,Ireland,2018,qualification-mismatch,3.427,,score (0–100)
cedefop-esi,IE,Ireland,2019,qualification-mismatch,5.984,,score (0–100)
cedefop-esi,IE,Ireland,2020,qualification-mismatch,8.35,,score (0–100)
cedefop-esi,IE,Ireland,2021,qualification-mismatch,9.082,,score (0–100)
cedefop-esi,IE,Ireland,2022,qualification-mismatch,9.082,,score (0–100)
cedefop-esi,IE,Ireland,2023,qualification-mismatch,9.082,,score (0–100)
cedefop-esi,IE,Ireland,2024,qualification-mismatch,9.082,,score (0–100)
cedefop-esi,IS,Iceland,2017,qualification-mismatch,23.373,,score (0–100)
cedefop-esi,IS,Iceland,2018,qualification-mismatch,17.421,,score (0–100)
cedefop-esi,IS,Iceland,2019,qualification-mismatch,14.379,,score (0–100)
cedefop-esi,IS,Iceland,2020,qualification-mismatch,13.961,,score (0–100)
cedefop-esi,IS,Iceland,2021,qualification-mismatch,19.108,,score (0–100)
cedefop-esi,IS,Iceland,2022,qualification-mismatch,19.108,,score (0–100)
cedefop-esi,IS,Iceland,2023,qualification-mismatch,19.108,,score (0–100)
cedefop-esi,IS,Iceland,2024,qualification-mismatch,19.108,,score (0–100)
cedefop-esi,IT,Italy,2017,qualification-mismatch,18.298,,score (0–100)
cedefop-esi,IT,Italy,2018,qualification-mismatch,19.268,,score (0–100)
cedefop-esi,IT,Italy,2019,qualification-mismatch,18.601,,score (0–100)
cedefop-esi,IT,Italy,2020,qualification-mismatch,18.342,,score (0–100)
cedefop-esi,IT,Italy,2021,qualification-mismatch,19.344,,score (0–100)
cedefop-esi,IT,Italy,2022,qualification-mismatch,19.344,,score (0–100)
cedefop-esi,IT,Italy,2023,qualification-mismatch,19.344,,score (0–100)
cedefop-esi,IT,Italy,2024,qualification-mismatch,19.344,,score (0–100)
cedefop-esi,LT,Lithuania,2017,qualification-mismatch,30.156,,score (0–100)
cedefop-esi,LT,Lithuania,2018,qualification-mismatch,33.096,,score (0–100)
cedefop-esi,LT,Lithuania,2019,qualification-mismatch,32.963,,score (0–100)
cedefop-esi,LT,Lithuania,2020,qualification-mismatch,34.567,,score (0–100)
cedefop-esi,LT,Lithuania,2021,qualification-mismatch,33.02,,score (0–100)
cedefop-esi,LT,Lithuania,2022,qualification-mismatch,33.02,,score (0–100)
cedefop-esi,LT,Lithuania,2023,qualification-mismatch,33.02,,score (0–100)
cedefop-esi,LT,Lithuania,2024,qualification-mismatch,33.02,,score (0–100)
cedefop-esi,LU,Luxembourg,2017,qualification-mismatch,49.433,,score (0–100)
cedefop-esi,LU,Luxembourg,2018,qualification-mismatch,45.98,,score (0–100)
cedefop-esi,LU,Luxembourg,2019,qualification-mismatch,57.517,,score (0–100)
cedefop-esi,LU,Luxembourg,2020,qualification-mismatch,50.635,,score (0–100)
cedefop-esi,LU,Luxembourg,2021,qualification-mismatch,50.764,,score (0–100)
cedefop-esi,LU,Luxembourg,2022,qualification-mismatch,50.764,,score (0–100)
cedefop-esi,LU,Luxembourg,2023,qualification-mismatch,50.764,,score (0–100)
cedefop-esi,LU,Luxembourg,2024,qualification-mismatch,50.764,,score (0–100)
cedefop-esi,LV,Latvia,2017,qualification-mismatch,46.112,,score (0–100)
cedefop-esi,LV,Latvia,2018,qualification-mismatch,49.932,,score (0–100)
cedefop-esi,LV,Latvia,2019,qualification-mismatch,48.317,,score (0–100)
cedefop-esi,LV,Latvia,2020,qualification-mismatch,27.439,,score (0–100)
cedefop-esi,LV,Latvia,2021,qualification-mismatch,28.116,,score (0–100)
cedefop-esi,LV,Latvia,2022,qualification-mismatch,28.116,,score (0–100)
cedefop-esi,LV,Latvia,2023,qualification-mismatch,28.116,,score (0–100)
cedefop-esi,LV,Latvia,2024,qualification-mismatch,28.116,,score (0–100)
cedefop-esi,NL,Netherlands,2017,qualification-mismatch,18.204,,score (0–100)
cedefop-esi,NL,Netherlands,2018,qualification-mismatch,22.535,,score (0–100)
cedefop-esi,NL,Netherlands,2019,qualification-mismatch,21.275,,score (0–100)
cedefop-esi,NL,Netherlands,2020,qualification-mismatch,21.267,,score (0–100)
cedefop-esi,NL,Netherlands,2021,qualification-mismatch,20.621,,score (0–100)
cedefop-esi,NL,Netherlands,2022,qualification-mismatch,20.621,,score (0–100)
cedefop-esi,NL,Netherlands,2023,qualification-mismatch,20.621,,score (0–100)
cedefop-esi,NL,Netherlands,2024,qualification-mismatch,20.621,,score (0–100)
cedefop-esi,NO,Norway,2017,qualification-mismatch,31.567,,score (0–100)
cedefop-esi,NO,Norway,2018,qualification-mismatch,32.604,,score (0–100)
cedefop-esi,NO,Norway,2019,qualification-mismatch,33.432,,score (0–100)
cedefop-esi,NO,Norway,2020,qualification-mismatch,32.855,,score (0–100)
cedefop-esi,NO,Norway,2021,qualification-mismatch,31.39,,score (0–100)
cedefop-esi,NO,Norway,2022,qualification-mismatch,31.39,,score (0–100)
cedefop-esi,NO,Norway,2023,qualification-mismatch,31.39,,score (0–100)
cedefop-esi,NO,Norway,2024,qualification-mismatch,31.39,,score (0–100)
cedefop-esi,PL,Poland,2017,qualification-mismatch,74.944,,score (0–100)
cedefop-esi,PL,Poland,2018,qualification-mismatch,75.802,,score (0–100)
cedefop-esi,PL,Poland,2019,qualification-mismatch,76.866,,score (0–100)
cedefop-esi,PL,Poland,2020,qualification-mismatch,77.902,,score (0–100)
cedefop-esi,PL,Poland,2021,qualification-mismatch,77.565,,score (0–100)
cedefop-esi,PL,Poland,2022,qualification-mismatch,77.565,,score (0–100)
cedefop-esi,PL,Poland,2023,qualification-mismatch,77.565,,score (0–100)
cedefop-esi,PL,Poland,2024,qualification-mismatch,77.565,,score (0–100)
cedefop-esi,PT,Portugal,2017,qualification-mismatch,3.813,,score (0–100)
cedefop-esi,PT,Portugal,2018,qualification-mismatch,3.111,,score (0–100)
cedefop-esi,PT,Portugal,2019,qualification-mismatch,2.028,,score (0–100)
cedefop-esi,PT,Portugal,2020,qualification-mismatch,3.716,,score (0–100)
cedefop-esi,PT,Portugal,2021,qualification-mismatch,1.474,,score (0–100)
cedefop-esi,PT,Portugal,2022,qualification-mismatch,1.474,,score (0–100)
cedefop-esi,PT,Portugal,2023,qualification-mismatch,1.474,,score (0–100)
cedefop-esi,PT,Portugal,2024,qualification-mismatch,1.474,,score (0–100)
cedefop-esi,RO,Romania,2017,qualification-mismatch,52.722,,score (0–100)
cedefop-esi,RO,Romania,2018,qualification-mismatch,56.211,,score (0–100)
cedefop-esi,RO,Romania,2019,qualification-mismatch,58.502,,score (0–100)
cedefop-esi,RO,Romania,2020,qualification-mismatch,60.462,,score (0–100)
cedefop-esi,RO,Romania,2021,qualification-mismatch,63.834,,score (0–100)
cedefop-esi,RO,Romania,2022,qualification-mismatch,63.834,,score (0–100)
cedefop-esi,RO,Romania,2023,qualification-mismatch,63.834,,score (0–100)
cedefop-esi,RO,Romania,2024,qualification-mismatch,63.834,,score (0–100)
cedefop-esi,SE,Sweden,2017,qualification-mismatch,63.315,,score (0–100)
cedefop-esi,SE,Sweden,2018,qualification-mismatch,62.701,,score (0–100)
cedefop-esi,SE,Sweden,2019,qualification-mismatch,60.522,,score (0–100)
cedefop-esi,SE,Sweden,2020,qualification-mismatch,59.705,,score (0–100)
cedefop-esi,SE,Sweden,2021,qualification-mismatch,60.551,,score (0–100)
cedefop-esi,SE,Sweden,2022,qualification-mismatch,60.551,,score (0–100)
cedefop-esi,SE,Sweden,2023,qualification-mismatch,60.551,,score (0–100)
cedefop-esi,SE,Sweden,2024,qualification-mismatch,60.551,,score (0–100)
cedefop-esi,SI,Slovenia,2017,qualification-mismatch,67.673,,score (0–100)
cedefop-esi,SI,Slovenia,2018,qualification-mismatch,70.191,,score (0–100)
cedefop-esi,SI,Slovenia,2019,qualification-mismatch,68.776,,score (0–100)
cedefop-esi,SI,Slovenia,2020,qualification-mismatch,67.942,,score (0–100)
cedefop-esi,SI,Slovenia,2021,qualification-mismatch,71.987,,score (0–100)
cedefop-esi,SI,Slovenia,2022,qualification-mismatch,71.987,,score (0–100)
cedefop-esi,SI,Slovenia,2023,qualification-mismatch,71.987,,score (0–100)
cedefop-esi,SI,Slovenia,2024,qualification-mismatch,71.987,,score (0–100)
cedefop-esi,SK,Slovakia,2017,qualification-mismatch,90.799,,score (0–100)
cedefop-esi,SK,Slovakia,2018,qualification-mismatch,89.994,,score (0–100)
cedefop-esi,SK,Slovakia,2019,qualification-mismatch,86.68,,score (0–100)
cedefop-esi,SK,Slovakia,2020,qualification-mismatch,83.55,,score (0–100)
cedefop-esi,SK,Slovakia,2021,qualification-mismatch,82.146,,score (0–100)
cedefop-esi,SK,Slovakia,2022,qualification-mismatch,82.146,,score (0–100)
cedefop-esi,SK,Slovakia,2023,qualification-mismatch,82.146,,score (0–100)
cedefop-esi,SK,Slovakia,2024,qualification-mismatch,82.146,,score (0–100)
cedefop-esi,UK,United Kingdom,2017,qualification-mismatch,15.404,,score (0–100)
cedefop-esi,UK,United Kingdom,2018,qualification-mismatch,11.353,,score (0–100)
cedefop-esi,UK,United Kingdom,2019,qualification-mismatch,11.267,,score (0–100)
cedefop-esi,UK,United Kingdom,2020,qualification-mismatch,9.358,,score (0–100)
cedefop-esi,UK,United Kingdom,2021,qualification-mismatch,12.514,,score (0–100)
cedefop-esi,UK,United Kingdom,2022,qualification-mismatch,12.514,,score (0–100)
cedefop-esi,UK,United Kingdom,2023,qualification-mismatch,12.514,,score (0–100)
cedefop-esi,UK,United Kingdom,2024,qualification-mismatch,12.514,,score (0–100)
cedefop-esi,AT,Austria,2017,reading-maths-science-scores-aged-15,61.43,,score (0–100)
cedefop-esi,AT,Austria,2018,reading-maths-science-scores-aged-15,60.968,,score (0–100)
cedefop-esi,AT,Austria,2019,reading-maths-science-scores-aged-15,60.507,,score (0–100)
cedefop-esi,AT,Austria,2020,reading-maths-science-scores-aged-15,60.045,,score (0–100)
cedefop-esi,AT,Austria,2021,reading-maths-science-scores-aged-15,58.656,,score (0–100)
cedefop-esi,AT,Austria,2022,reading-maths-science-scores-aged-15,57.267,,score (0–100)
cedefop-esi,AT,Austria,2023,reading-maths-science-scores-aged-15,55.877,,score (0–100)
cedefop-esi,AT,Austria,2024,reading-maths-science-scores-aged-15,54.488,,score (0–100)
cedefop-esi,BE,Belgium,2017,reading-maths-science-scores-aged-15,73.533,,score (0–100)
cedefop-esi,BE,Belgium,2018,reading-maths-science-scores-aged-15,72.513,,score (0–100)
cedefop-esi,BE,Belgium,2019,reading-maths-science-scores-aged-15,71.493,,score (0–100)
cedefop-esi,BE,Belgium,2020,reading-maths-science-scores-aged-15,70.474,,score (0–100)
cedefop-esi,BE,Belgium,2021,reading-maths-science-scores-aged-15,66.475,,score (0–100)
cedefop-esi,BE,Belgium,2022,reading-maths-science-scores-aged-15,62.476,,score (0–100)
cedefop-esi,BE,Belgium,2023,reading-maths-science-scores-aged-15,58.477,,score (0–100)
cedefop-esi,BE,Belgium,2024,reading-maths-science-scores-aged-15,54.478,,score (0–100)
cedefop-esi,BG,Bulgaria,2017,reading-maths-science-scores-aged-15,0.0,,score (0–100)
cedefop-esi,BG,Bulgaria,2018,reading-maths-science-scores-aged-15,0.0,,score (0–100)
cedefop-esi,BG,Bulgaria,2019,reading-maths-science-scores-aged-15,0.0,,score (0–100)
cedefop-esi,BG,Bulgaria,2020,reading-maths-science-scores-aged-15,0.0,,score (0–100)
cedefop-esi,BG,Bulgaria,2021,reading-maths-science-scores-aged-15,0.0,,score (0–100)
cedefop-esi,BG,Bulgaria,2022,reading-maths-science-scores-aged-15,0.0,,score (0–100)
cedefop-esi,BG,Bulgaria,2023,reading-maths-science-scores-aged-15,0.0,,score (0–100)
cedefop-esi,BG,Bulgaria,2024,reading-maths-science-scores-aged-15,0.0,,score (0–100)
cedefop-esi,CH,Switzerland,2017,reading-maths-science-scores-aged-15,78.021,,score (0–100)
cedefop-esi,CH,Switzerland,2018,reading-maths-science-scores-aged-15,74.827,,score (0–100)
cedefop-esi,CH,Switzerland,2019,reading-maths-science-scores-aged-15,71.633,,score (0–100)
cedefop-esi,CH,Switzerland,2020,reading-maths-science-scores-aged-15,68.439,,score (0–100)
cedefop-esi,CH,Switzerland,2021,reading-maths-science-scores-aged-15,68.373,,score (0–100)
cedefop-esi,CH,Switzerland,2022,reading-maths-science-scores-aged-15,68.307,,score (0–100)
cedefop-esi,CH,Switzerland,2023,reading-maths-science-scores-aged-15,68.241,,score (0–100)
cedefop-esi,CH,Switzerland,2024,reading-maths-science-scores-aged-15,68.175,,score (0–100)
cedefop-esi,CY,Cyprus,2017,reading-maths-science-scores-aged-15,0.0,,score (0–100)
cedefop-esi,CY,Cyprus,2018,reading-maths-science-scores-aged-15,0.0,,score (0–100)
cedefop-esi,CY,Cyprus,2019,reading-maths-science-scores-aged-15,0.0,,score (0–100)
cedefop-esi,CY,Cyprus,2020,reading-maths-science-scores-aged-15,0.0,,score (0–100)
cedefop-esi,CY,Cyprus,2021,reading-maths-science-scores-aged-15,0.0,,score (0–100)
cedefop-esi,CY,Cyprus,2022,reading-maths-science-scores-aged-15,0.0,,score (0–100)
cedefop-esi,CY,Cyprus,2023,reading-maths-science-scores-aged-15,0.0,,score (0–100)
cedefop-esi,CY,Cyprus,2024,reading-maths-science-scores-aged-15,0.0,,score (0–100)
cedefop-esi,CZ,Czechia,2017,reading-maths-science-scores-aged-15,59.767,,score (0–100)
cedefop-esi,CZ,Czechia,2018,reading-maths-science-scores-aged-15,61.606,,score (0–100)
cedefop-esi,CZ,Czechia,2019,reading-maths-science-scores-aged-15,63.446,,score (0–100)
cedefop-esi,CZ,Czechia,2020,reading-maths-science-scores-aged-15,65.285,,score (0–100)
cedefop-esi,CZ,Czechia,2021,reading-maths-science-scores-aged-15,63.998,,score (0–100)
cedefop-esi,CZ,Czechia,2022,reading-maths-science-scores-aged-15,62.71,,score (0–100)
cedefop-esi,CZ,Czechia,2023,reading-maths-science-scores-aged-15,61.423,,score (0–100)
cedefop-esi,CZ,Czechia,2024,reading-maths-science-scores-aged-15,60.135,,score (0–100)
cedefop-esi,DE,Germany,2017,reading-maths-science-scores-aged-15,80.085,,score (0–100)
cedefop-esi,DE,Germany,2018,reading-maths-science-scores-aged-15,77.091,,score (0–100)
cedefop-esi,DE,Germany,2019,reading-maths-science-scores-aged-15,74.097,,score (0–100)
cedefop-esi,DE,Germany,2020,reading-maths-science-scores-aged-15,71.103,,score (0–100)
cedefop-esi,DE,Germany,2021,reading-maths-science-scores-aged-15,65.783,,score (0–100)
cedefop-esi,DE,Germany,2022,reading-maths-science-scores-aged-15,60.463,,score (0–100)
cedefop-esi,DE,Germany,2023,reading-maths-science-scores-aged-15,55.143,,score (0–100)
cedefop-esi,DE,Germany,2024,reading-maths-science-scores-aged-15,49.822,,score (0–100)
cedefop-esi,DK,Denmark,2017,reading-maths-science-scores-aged-15,75.623,,score (0–100)
cedefop-esi,DK,Denmark,2018,reading-maths-science-scores-aged-15,74.359,,score (0–100)
cedefop-esi,DK,Denmark,2019,reading-maths-science-scores-aged-15,73.094,,score (0–100)
cedefop-esi,DK,Denmark,2020,reading-maths-science-scores-aged-15,71.83,,score (0–100)
cedefop-esi,DK,Denmark,2021,reading-maths-science-scores-aged-15,68.763,,score (0–100)
cedefop-esi,DK,Denmark,2022,reading-maths-science-scores-aged-15,65.697,,score (0–100)
cedefop-esi,DK,Denmark,2023,reading-maths-science-scores-aged-15,62.631,,score (0–100)
cedefop-esi,DK,Denmark,2024,reading-maths-science-scores-aged-15,59.565,,score (0–100)
cedefop-esi,EE,Estonia,2017,reading-maths-science-scores-aged-15,99.163,,score (0–100)
cedefop-esi,EE,Estonia,2018,reading-maths-science-scores-aged-15,99.643,,score (0–100)
cedefop-esi,EE,Estonia,2019,reading-maths-science-scores-aged-15,100.0,,score (0–100)
cedefop-esi,EE,Estonia,2020,reading-maths-science-scores-aged-15,100.0,,score (0–100)
cedefop-esi,EE,Estonia,2021,reading-maths-science-scores-aged-15,97.687,,score (0–100)
cedefop-esi,EE,Estonia,2022,reading-maths-science-scores-aged-15,94.77,,score (0–100)
cedefop-esi,EE,Estonia,2023,reading-maths-science-scores-aged-15,91.854,,score (0–100)
cedefop-esi,EE,Estonia,2024,reading-maths-science-scores-aged-15,88.937,,score (0–100)
cedefop-esi,EL,Greece,2017,reading-maths-science-scores-aged-15,21.764,,score (0–100)
cedefop-esi,EL,Greece,2018,reading-maths-science-scores-aged-15,19.793,,score (0–100)
cedefop-esi,EL,Greece,2019,reading-maths-science-scores-aged-15,17.821,,score (0–100)
cedefop-esi,EL,Greece,2020,reading-maths-science-scores-aged-15,15.85,,score (0–100)
cedefop-esi,EL,Greece,2021,reading-maths-science-scores-aged-15,10.846,,score (0–100)
cedefop-esi,EL,Greece,2022,reading-maths-science-scores-aged-15,5.841,,score (0–100)
cedefop-esi,EL,Greece,2023,reading-maths-science-scores-aged-15,0.837,,score (0–100)
cedefop-esi,EL,Greece,2024,reading-maths-science-scores-aged-15,0.0,,score (0–100)
cedefop-esi,ES,Spain,2017,reading-maths-science-scores-aged-15,60.473,,score (0–100)
cedefop-esi,ES,Spain,2018,reading-maths-science-scores-aged-15,56.912,,score (0–100)
cedefop-esi,ES,Spain,2019,reading-maths-science-scores-aged-15,53.352,,score (0–100)
cedefop-esi,ES,Spain,2020,reading-maths-science-scores-aged-15,49.791,,score (0–100)
cedefop-esi,ES,Spain,2021,reading-maths-science-scores-aged-15,48.322,,score (0–100)
cedefop-esi,ES,Spain,2022,reading-maths-science-scores-aged-15,46.853,,score (0–100)
cedefop-esi,ES,Spain,2023,reading-maths-science-scores-aged-15,45.383,,score (0–100)
cedefop-esi,ES,Spain,2024,reading-maths-science-scores-aged-15,43.914,,score (0–100)
cedefop-esi,FI,Finland,2017,reading-maths-science-scores-aged-15,97.319,,score (0–100)
cedefop-esi,FI,Finland,2018,reading-maths-science-scores-aged-15,94.848,,score (0–100)
cedefop-esi,FI,Finland,2019,reading-maths-science-scores-aged-15,92.378,,score (0–100)
cedefop-esi,FI,Finland,2020,reading-maths-science-scores-aged-15,89.908,,score (0–100)
cedefop-esi,FI,Finland,2021,reading-maths-science-scores-aged-15,83.638,,score (0–100)
cedefop-esi,FI,Finland,2022,reading-maths-science-scores-aged-15,77.369,,score (0–100)
cedefop-esi,FI,Finland,2023,reading-maths-science-scores-aged-15,71.099,,score (0–100)
cedefop-esi,FI,Finland,2024,reading-maths-science-scores-aged-15,64.83,,score (0–100)
cedefop-esi,FR,France,2017,reading-maths-science-scores-aged-15,65.57,,score (0–100)
cedefop-esi,FR,France,2018,reading-maths-science-scores-aged-15,64.758,,score (0–100)
cedefop-esi,FR,France,2019,reading-maths-science-scores-aged-15,63.946,,score (0–100)
cedefop-esi,FR,France,2020,reading-maths-science-scores-aged-15,63.134,,score (0–100)
cedefop-esi,FR,France,2021,reading-maths-science-scores-aged-15,58.627,,score (0–100)
cedefop-esi,FR,France,2022,reading-maths-science-scores-aged-15,54.12,,score (0–100)
cedefop-esi,FR,France,2023,reading-maths-science-scores-aged-15,49.613,,score (0–100)
cedefop-esi,FR,France,2024,reading-maths-science-scores-aged-15,45.107,,score (0–100)
cedefop-esi,HR,Croatia,2017,reading-maths-science-scores-aged-15,41.684,,score (0–100)
cedefop-esi,HR,Croatia,2018,reading-maths-science-scores-aged-15,40.28,,score (0–100)
cedefop-esi,HR,Croatia,2019,reading-maths-science-scores-aged-15,38.877,,score (0–100)
cedefop-esi,HR,Croatia,2020,reading-maths-science-scores-aged-15,37.473,,score (0–100)
cedefop-esi,HR,Croatia,2021,reading-maths-science-scores-aged-15,38.033,,score (0–100)
cedefop-esi,HR,Croatia,2022,reading-maths-science-scores-aged-15,38.594,,score (0–100)
cedefop-esi,HR,Croatia,2023,reading-maths-science-scores-aged-15,39.154,,score (0–100)
cedefop-esi,HR,Croatia,2024,reading-maths-science-scores-aged-15,39.714,,score (0–100)
cedefop-esi,HU,Hungary,2017,reading-maths-science-scores-aged-15,40.432,,score (0–100)
cedefop-esi,HU,Hungary,2018,reading-maths-science-scores-aged-15,42.377,,score (0–100)
cedefop-esi,HU,Hungary,2019,reading-maths-science-scores-aged-15,44.322,,score (0–100)
cedefop-esi,HU,Hungary,2020,reading-maths-science-scores-aged-15,46.267,,score (0–100)
cedefop-esi,HU,Hungary,2021,reading-maths-science-scores-aged-15,45.645,,score (0–100)
cedefop-esi,HU,Hungary,2022,reading-maths-science-scores-aged-15,45.024,,score (0–100)
cedefop-esi,HU,Hungary,2023,reading-maths-science-scores-aged-15,44.402,,score (0–100)
cedefop-esi,HU,Hungary,2024,reading-maths-science-scores-aged-15,43.781,,score (0–100)
cedefop-esi,IE,Ireland,2017,reading-maths-science-scores-aged-15,81.22,,score (0–100)
cedefop-esi,IE,Ireland,2018,reading-maths-science-scores-aged-15,79.484,,score (0–100)
cedefop-esi,IE,Ireland,2019,reading-maths-science-scores-aged-15,77.747,,score (0–100)
cedefop-esi,IE,Ireland,2020,reading-maths-science-scores-aged-15,76.01,,score (0–100)
cedefop-esi,IE,Ireland,2021,reading-maths-science-scores-aged-15,75.782,,score (0–100)
cedefop-esi,IE,Ireland,2022,reading-maths-science-scores-aged-15,75.555,,score (0–100)
cedefop-esi,IE,Ireland,2023,reading-maths-science-scores-aged-15,75.327,,score (0–100)
cedefop-esi,IE,Ireland,2024,reading-maths-science-scores-aged-15,75.1,,score (0–100)
cedefop-esi,IS,Iceland,2017,reading-maths-science-scores-aged-15,48.152,,score (0–100)
cedefop-esi,IS,Iceland,2018,reading-maths-science-scores-aged-15,48.335,,score (0–100)
cedefop-esi,IS,Iceland,2019,reading-maths-science-scores-aged-15,48.518,,score (0–100)
cedefop-esi,IS,Iceland,2020,reading-maths-science-scores-aged-15,48.7,,score (0–100)
cedefop-esi,IS,Iceland,2021,reading-maths-science-scores-aged-15,38.663,,score (0–100)
cedefop-esi,IS,Iceland,2022,reading-maths-science-scores-aged-15,28.625,,score (0–100)
cedefop-esi,IS,Iceland,2023,reading-maths-science-scores-aged-15,18.588,,score (0–100)
cedefop-esi,IS,Iceland,2024,reading-maths-science-scores-aged-15,8.551,,score (0–100)
cedefop-esi,IT,Italy,2017,reading-maths-science-scores-aged-15,52.954,,score (0–100)
cedefop-esi,IT,Italy,2018,reading-maths-science-scores-aged-15,49.798,,score (0–100)
cedefop-esi,IT,Italy,2019,reading-maths-science-scores-aged-15,46.641,,score (0–100)
cedefop-esi,IT,Italy,2020,reading-maths-science-scores-aged-15,43.485,,score (0–100)
cedefop-esi,IT,Italy,2021,reading-maths-science-scores-aged-15,43.429,,score (0–100)
cedefop-esi,IT,Italy,2022,reading-maths-science-scores-aged-15,43.374,,score (0–100)
cedefop-esi,IT,Italy,2023,reading-maths-science-scores-aged-15,43.319,,score (0–100)
cedefop-esi,IT,Italy,2024,reading-maths-science-scores-aged-15,43.263,,score (0–100)
cedefop-esi,LT,Lithuania,2017,reading-maths-science-scores-aged-15,41.647,,score (0–100)
cedefop-esi,LT,Lithuania,2018,reading-maths-science-scores-aged-15,43.337,,score (0–100)
cedefop-esi,LT,Lithuania,2019,reading-maths-science-scores-aged-15,45.028,,score (0–100)
cedefop-esi,LT,Lithuania,2020,reading-maths-science-scores-aged-15,46.718,,score (0–100)
cedefop-esi,LT,Lithuania,2021,reading-maths-science-scores-aged-15,45.965,,score (0–100)
cedefop-esi,LT,Lithuania,2022,reading-maths-science-scores-aged-15,45.211,,score (0–100)
cedefop-esi,LT,Lithuania,2023,reading-maths-science-scores-aged-15,44.457,,score (0–100)
cedefop-esi,LT,Lithuania,2024,reading-maths-science-scores-aged-15,43.704,,score (0–100)
cedefop-esi,LU,Luxembourg,2017,reading-maths-science-scores-aged-15,50.987,,score (0–100)
cedefop-esi,LU,Luxembourg,2018,reading-maths-science-scores-aged-15,48.393,,score (0–100)
cedefop-esi,LU,Luxembourg,2019,reading-maths-science-scores-aged-15,45.8,,score (0–100)
cedefop-esi,LU,Luxembourg,2020,reading-maths-science-scores-aged-15,43.206,,score (0–100)
cedefop-esi,LU,Luxembourg,2021,reading-maths-science-scores-aged-15,43.206,,score (0–100)
cedefop-esi,LU,Luxembourg,2022,reading-maths-science-scores-aged-15,43.206,,score (0–100)
cedefop-esi,LU,Luxembourg,2023,reading-maths-science-scores-aged-15,43.206,,score (0–100)
cedefop-esi,LU,Luxembourg,2024,reading-maths-science-scores-aged-15,43.206,,score (0–100)
cedefop-esi,LV,Latvia,2017,reading-maths-science-scores-aged-15,55.015,,score (0–100)
cedefop-esi,LV,Latvia,2018,reading-maths-science-scores-aged-15,55.249,,score (0–100)
cedefop-esi,LV,Latvia,2019,reading-maths-science-scores-aged-15,55.482,,score (0–100)
cedefop-esi,LV,Latvia,2020,reading-maths-science-scores-aged-15,55.716,,score (0–100)
cedefop-esi,LV,Latvia,2021,reading-maths-science-scores-aged-15,54.686,,score (0–100)
cedefop-esi,LV,Latvia,2022,reading-maths-science-scores-aged-15,53.656,,score (0–100)
cedefop-esi,LV,Latvia,2023,reading-maths-science-scores-aged-15,52.626,,score (0–100)
cedefop-esi,LV,Latvia,2024,reading-maths-science-scores-aged-15,51.596,,score (0–100)
cedefop-esi,MT,Malta,2017,reading-maths-science-scores-aged-15,27.487,,score (0–100)
cedefop-esi,MT,Malta,2018,reading-maths-science-scores-aged-15,25.717,,score (0–100)
cedefop-esi,MT,Malta,2019,reading-maths-science-scores-aged-15,23.947,,score (0–100)
cedefop-esi,MT,Malta,2020,reading-maths-science-scores-aged-15,22.176,,score (0–100)
cedefop-esi,MT,Malta,2021,reading-maths-science-scores-aged-15,22.211,,score (0–100)
cedefop-esi,MT,Malta,2022,reading-maths-science-scores-aged-15,22.246,,score (0–100)
cedefop-esi,MT,Malta,2023,reading-maths-science-scores-aged-15,22.28,,score (0–100)
cedefop-esi,MT,Malta,2024,reading-maths-science-scores-aged-15,22.315,,score (0–100)
cedefop-esi,NL,Netherlands,2017,reading-maths-science-scores-aged-15,79.916,,score (0–100)
cedefop-esi,NL,Netherlands,2018,reading-maths-science-scores-aged-15,77.774,,score (0–100)
cedefop-esi,NL,Netherlands,2019,reading-maths-science-scores-aged-15,75.632,,score (0–100)
cedefop-esi,NL,Netherlands,2020,reading-maths-science-scores-aged-15,73.49,,score (0–100)
cedefop-esi,NL,Netherlands,2021,reading-maths-science-scores-aged-15,66.905,,score (0–100)
cedefop-esi,NL,Netherlands,2022,reading-maths-science-scores-aged-15,60.32,,score (0–100)
cedefop-esi,NL,Netherlands,2023,reading-maths-science-scores-aged-15,53.736,,score (0–100)
cedefop-esi,NL,Netherlands,2024,reading-maths-science-scores-aged-15,47.151,,score (0–100)
cedefop-esi,NO,Norway,2017,reading-maths-science-scores-aged-15,75.844,,score (0–100)
cedefop-esi,NO,Norway,2018,reading-maths-science-scores-aged-15,72.893,,score (0–100)
cedefop-esi,NO,Norway,2019,reading-maths-science-scores-aged-15,69.942,,score (0–100)
cedefop-esi,NO,Norway,2020,reading-maths-science-scores-aged-15,66.991,,score (0–100)
cedefop-esi,NO,Norway,2021,reading-maths-science-scores-aged-15,60.361,,score (0–100)
cedefop-esi,NO,Norway,2022,reading-maths-science-scores-aged-15,53.731,,score (0–100)
cedefop-esi,NO,Norway,2023,reading-maths-science-scores-aged-15,47.101,,score (0–100)
cedefop-esi,NO,Norway,2024,reading-maths-science-scores-aged-15,40.471,,score (0–100)
cedefop-esi,PL,Poland,2017,reading-maths-science-scores-aged-15,75.138,,score (0–100)
cedefop-esi,PL,Poland,2018,reading-maths-science-scores-aged-15,78.659,,score (0–100)
cedefop-esi,PL,Poland,2019,reading-maths-science-scores-aged-15,82.18,,score (0–100)
cedefop-esi,PL,Poland,2020,reading-maths-science-scores-aged-15,85.702,,score (0–100)
cedefop-esi,PL,Poland,2021,reading-maths-science-scores-aged-15,79.652,,score (0–100)
cedefop-esi,PL,Poland,2022,reading-maths-science-scores-aged-15,73.603,,score (0–100)
cedefop-esi,PL,Poland,2023,reading-maths-science-scores-aged-15,67.554,,score (0–100)
cedefop-esi,PL,Poland,2024,reading-maths-science-scores-aged-15,61.505,,score (0–100)
cedefop-esi,PT,Portugal,2017,reading-maths-science-scores-aged-15,67.002,,score (0–100)
cedefop-esi,PT,Portugal,2018,reading-maths-science-scores-aged-15,65.056,,score (0–100)
cedefop-esi,PT,Portugal,2019,reading-maths-science-scores-aged-15,63.109,,score (0–100)
cedefop-esi,PT,Portugal,2020,reading-maths-science-scores-aged-15,61.163,,score (0–100)
cedefop-esi,PT,Portugal,2021,reading-maths-science-scores-aged-15,56.938,,score (0–100)
cedefop-esi,PT,Portugal,2022,reading-maths-science-scores-aged-15,52.713,,score (0–100)
cedefop-esi,PT,Portugal,2023,reading-maths-science-scores-aged-15,48.489,,score (0–100)
cedefop-esi,PT,Portugal,2024,reading-maths-science-scores-aged-15,44.264,,score (0–100)
cedefop-esi,RO,Romania,2017,reading-maths-science-scores-aged-15,0.0,,score (0–100)
cedefop-esi,RO,Romania,2018,reading-maths-science-scores-aged-15,0.0,,score (0–100)
cedefop-esi,RO,Romania,2019,reading-maths-science-scores-aged-15,0.0,,score (0–100)
cedefop-esi,RO,Romania,2020,reading-maths-science-scores-aged-15,0.0,,score (0–100)
cedefop-esi,RO,Romania,2021,reading-maths-science-scores-aged-15,0.0,,score (0–100)
cedefop-esi,RO,Romania,2022,reading-maths-science-scores-aged-15,0.0,,score (0–100)
cedefop-esi,RO,Romania,2023,reading-maths-science-scores-aged-15,0.0,,score (0–100)
cedefop-esi,RO,Romania,2024,reading-maths-science-scores-aged-15,0.0,,score (0–100)
cedefop-esi,SE,Sweden,2017,reading-maths-science-scores-aged-15,65.685,,score (0–100)
cedefop-esi,SE,Sweden,2018,reading-maths-science-scores-aged-15,68.315,,score (0–100)
cedefop-esi,SE,Sweden,2019,reading-maths-science-scores-aged-15,70.945,,score (0–100)
cedefop-esi,SE,Sweden,2020,reading-maths-science-scores-aged-15,73.576,,score (0–100)
cedefop-esi,SE,Sweden,2021,reading-maths-science-scores-aged-15,69.132,,score (0–100)
cedefop-esi,SE,Sweden,2022,reading-maths-science-scores-aged-15,64.688,,score (0–100)
cedefop-esi,SE,Sweden,2023,reading-maths-science-scores-aged-15,60.244,,score (0–100)
cedefop-esi,SE,Sweden,2024,reading-maths-science-scores-aged-15,55.8,,score (0–100)
cedefop-esi,SI,Slovenia,2017,reading-maths-science-scores-aged-15,81.568,,score (0–100)
cedefop-esi,SI,Slovenia,2018,reading-maths-science-scores-aged-15,79.379,,score (0–100)
cedefop-esi,SI,Slovenia,2019,reading-maths-science-scores-aged-15,77.189,,score (0–100)
cedefop-esi,SI,Slovenia,2020,reading-maths-science-scores-aged-15,75.0,,score (0–100)
cedefop-esi,SI,Slovenia,2021,reading-maths-science-scores-aged-15,69.292,,score (0–100)
cedefop-esi,SI,Slovenia,2022,reading-maths-science-scores-aged-15,63.584,,score (0–100)
cedefop-esi,SI,Slovenia,2023,reading-maths-science-scores-aged-15,57.876,,score (0–100)
cedefop-esi,SI,Slovenia,2024,reading-maths-science-scores-aged-15,52.169,,score (0–100)
cedefop-esi,SK,Slovakia,2017,reading-maths-science-scores-aged-15,26.87,,score (0–100)
cedefop-esi,SK,Slovakia,2018,reading-maths-science-scores-aged-15,29.442,,score (0–100)
cedefop-esi,SK,Slovakia,2019,reading-maths-science-scores-aged-15,32.015,,score (0–100)
cedefop-esi,SK,Slovakia,2020,reading-maths-science-scores-aged-15,34.587,,score (0–100)
cedefop-esi,SK,Slovakia,2021,reading-maths-science-scores-aged-15,31.148,,score (0–100)
cedefop-esi,SK,Slovakia,2022,reading-maths-science-scores-aged-15,27.71,,score (0–100)
cedefop-esi,SK,Slovakia,2023,reading-maths-science-scores-aged-15,24.272,,score (0–100)
cedefop-esi,SK,Slovakia,2024,reading-maths-science-scores-aged-15,20.833,,score (0–100)
cedefop-esi,UK,United Kingdom,2017,reading-maths-science-scores-aged-15,70.46,,score (0–100)
cedefop-esi,UK,United Kingdom,2018,reading-maths-science-scores-aged-15,71.857,,score (0–100)
cedefop-esi,UK,United Kingdom,2019,reading-maths-science-scores-aged-15,73.255,,score (0–100)
cedefop-esi,UK,United Kingdom,2020,reading-maths-science-scores-aged-15,74.653,,score (0–100)
cedefop-esi,UK,United Kingdom,2021,reading-maths-science-scores-aged-15,71.975,,score (0–100)
cedefop-esi,UK,United Kingdom,2022,reading-maths-science-scores-aged-15,69.297,,score (0–100)
cedefop-esi,UK,United Kingdom,2023,reading-maths-science-scores-aged-15,66.619,,score (0–100)
cedefop-esi,UK,United Kingdom,2024,reading-maths-science-scores-aged-15,63.941,,score (0–100)
cedefop-esi,AT,Austria,2017,recent-graduates-in-employment,73.0,,score (0–100)
cedefop-esi,AT,Austria,2018,recent-graduates-in-employment,75.333,,score (0–100)
cedefop-esi,AT,Austria,2019,recent-graduates-in-employment,81.333,,score (0–100)
cedefop-esi,AT,Austria,2020,recent-graduates-in-employment,78.667,,score (0–100)
cedefop-esi,AT,Austria,2021,recent-graduates-in-employment,80.0,,score (0–100)
cedefop-esi,AT,Austria,2022,recent-graduates-in-employment,78.0,,score (0–100)
cedefop-esi,AT,Austria,2023,recent-graduates-in-employment,75.667,,score (0–100)
cedefop-esi,AT,Austria,2024,recent-graduates-in-employment,78.0,,score (0–100)
cedefop-esi,BE,Belgium,2017,recent-graduates-in-employment,48.333,,score (0–100)
cedefop-esi,BE,Belgium,2018,recent-graduates-in-employment,54.0,,score (0–100)
cedefop-esi,BE,Belgium,2019,recent-graduates-in-employment,56.333,,score (0–100)
cedefop-esi,BE,Belgium,2020,recent-graduates-in-employment,61.333,,score (0–100)
cedefop-esi,BE,Belgium,2021,recent-graduates-in-employment,61.667,,score (0–100)
cedefop-esi,BE,Belgium,2022,recent-graduates-in-employment,59.667,,score (0–100)
cedefop-esi,BE,Belgium,2023,recent-graduates-in-employment,60.667,,score (0–100)
cedefop-esi,BE,Belgium,2024,recent-graduates-in-employment,59.667,,score (0–100)
cedefop-esi,BG,Bulgaria,2017,recent-graduates-in-employment,32.0,,score (0–100)
cedefop-esi,BG,Bulgaria,2018,recent-graduates-in-employment,23.333,,score (0–100)
cedefop-esi,BG,Bulgaria,2019,recent-graduates-in-employment,42.333,,score (0–100)
cedefop-esi,BG,Bulgaria,2020,recent-graduates-in-employment,45.333,,score (0–100)
cedefop-esi,BG,Bulgaria,2021,recent-graduates-in-employment,52.333,,score (0–100)
cedefop-esi,BG,Bulgaria,2022,recent-graduates-in-employment,45.667,,score (0–100)
cedefop-esi,BG,Bulgaria,2023,recent-graduates-in-employment,29.333,,score (0–100)
cedefop-esi,BG,Bulgaria,2024,recent-graduates-in-employment,46.0,,score (0–100)
cedefop-esi,CH,Switzerland,2017,recent-graduates-in-employment,65.333,,score (0–100)
cedefop-esi,CH,Switzerland,2018,recent-graduates-in-employment,72.667,,score (0–100)
cedefop-esi,CH,Switzerland,2019,recent-graduates-in-employment,70.667,,score (0–100)
cedefop-esi,CH,Switzerland,2020,recent-graduates-in-employment,77.667,,score (0–100)
cedefop-esi,CH,Switzerland,2021,recent-graduates-in-employment,76.333,,score (0–100)
cedefop-esi,CH,Switzerland,2022,recent-graduates-in-employment,79.667,,score (0–100)
cedefop-esi,CH,Switzerland,2023,recent-graduates-in-employment,74.667,,score (0–100)
cedefop-esi,CH,Switzerland,2024,recent-graduates-in-employment,62.333,,score (0–100)
cedefop-esi,CY,Cyprus,2017,recent-graduates-in-employment,13.0,,score (0–100)
cedefop-esi,CY,Cyprus,2018,recent-graduates-in-employment,28.0,,score (0–100)
cedefop-esi,CY,Cyprus,2019,recent-graduates-in-employment,22.0,,score (0–100)
cedefop-esi,CY,Cyprus,2020,recent-graduates-in-employment,46.333,,score (0–100)
cedefop-esi,CY,Cyprus,2021,recent-graduates-in-employment,55.667,,score (0–100)
cedefop-esi,CY,Cyprus,2022,recent-graduates-in-employment,45.333,,score (0–100)
cedefop-esi,CY,Cyprus,2023,recent-graduates-in-employment,51.333,,score (0–100)
cedefop-esi,CY,Cyprus,2024,recent-graduates-in-employment,54.667,,score (0–100)
cedefop-esi,CZ,Czechia,2017,recent-graduates-in-employment,57.333,,score (0–100)
cedefop-esi,CZ,Czechia,2018,recent-graduates-in-employment,72.333,,score (0–100)
cedefop-esi,CZ,Czechia,2019,recent-graduates-in-employment,83.0,,score (0–100)
cedefop-esi,CZ,Czechia,2020,recent-graduates-in-employment,82.0,,score (0–100)
cedefop-esi,CZ,Czechia,2021,recent-graduates-in-employment,74.333,,score (0–100)
cedefop-esi,CZ,Czechia,2022,recent-graduates-in-employment,74.333,,score (0–100)
cedefop-esi,CZ,Czechia,2023,recent-graduates-in-employment,64.0,,score (0–100)
cedefop-esi,CZ,Czechia,2024,recent-graduates-in-employment,57.333,,score (0–100)
cedefop-esi,DE,Germany,2017,recent-graduates-in-employment,84.667,,score (0–100)
cedefop-esi,DE,Germany,2018,recent-graduates-in-employment,83.667,,score (0–100)
cedefop-esi,DE,Germany,2019,recent-graduates-in-employment,86.333,,score (0–100)
cedefop-esi,DE,Germany,2020,recent-graduates-in-employment,90.333,,score (0–100)
cedefop-esi,DE,Germany,2021,recent-graduates-in-employment,92.333,,score (0–100)
cedefop-esi,DE,Germany,2022,recent-graduates-in-employment,82.0,,score (0–100)
cedefop-esi,DE,Germany,2023,recent-graduates-in-employment,87.333,,score (0–100)
cedefop-esi,DE,Germany,2024,recent-graduates-in-employment,90.667,,score (0–100)
cedefop-esi,DK,Denmark,2017,recent-graduates-in-employment,52.667,,score (0–100)
cedefop-esi,DK,Denmark,2018,recent-graduates-in-employment,58.667,,score (0–100)
cedefop-esi,DK,Denmark,2019,recent-graduates-in-employment,55.667,,score (0–100)
cedefop-esi,DK,Denmark,2020,recent-graduates-in-employment,65.667,,score (0–100)
cedefop-esi,DK,Denmark,2021,recent-graduates-in-employment,67.0,,score (0–100)
cedefop-esi,DK,Denmark,2022,recent-graduates-in-employment,62.0,,score (0–100)
cedefop-esi,DK,Denmark,2023,recent-graduates-in-employment,64.333,,score (0–100)
cedefop-esi,DK,Denmark,2024,recent-graduates-in-employment,67.0,,score (0–100)
cedefop-esi,EE,Estonia,2017,recent-graduates-in-employment,49.333,,score (0–100)
cedefop-esi,EE,Estonia,2018,recent-graduates-in-employment,38.333,,score (0–100)
cedefop-esi,EE,Estonia,2019,recent-graduates-in-employment,51.333,,score (0–100)
cedefop-esi,EE,Estonia,2020,recent-graduates-in-employment,56.667,,score (0–100)
cedefop-esi,EE,Estonia,2021,recent-graduates-in-employment,57.667,,score (0–100)
cedefop-esi,EE,Estonia,2022,recent-graduates-in-employment,49.0,,score (0–100)
cedefop-esi,EE,Estonia,2023,recent-graduates-in-employment,52.667,,score (0–100)
cedefop-esi,EE,Estonia,2024,recent-graduates-in-employment,41.333,,score (0–100)
cedefop-esi,EL,Greece,2017,recent-graduates-in-employment,0.0,,score (0–100)
cedefop-esi,EL,Greece,2018,recent-graduates-in-employment,0.0,,score (0–100)
cedefop-esi,EL,Greece,2019,recent-graduates-in-employment,0.0,,score (0–100)
cedefop-esi,EL,Greece,2020,recent-graduates-in-employment,0.0,,score (0–100)
cedefop-esi,EL,Greece,2021,recent-graduates-in-employment,0.0,,score (0–100)
cedefop-esi,EL,Greece,2022,recent-graduates-in-employment,0.0,,score (0–100)
cedefop-esi,EL,Greece,2023,recent-graduates-in-employment,0.0,,score (0–100)
cedefop-esi,EL,Greece,2024,recent-graduates-in-employment,3.667,,score (0–100)
cedefop-esi,ES,Spain,2017,recent-graduates-in-employment,0.667,,score (0–100)
cedefop-esi,ES,Spain,2018,recent-graduates-in-employment,10.0,,score (0–100)
cedefop-esi,ES,Spain,2019,recent-graduates-in-employment,23.0,,score (0–100)
cedefop-esi,ES,Spain,2020,recent-graduates-in-employment,34.667,,score (0–100)
cedefop-esi,ES,Spain,2021,recent-graduates-in-employment,26.667,,score (0–100)
cedefop-esi,ES,Spain,2022,recent-graduates-in-employment,15.333,,score (0–100)
cedefop-esi,ES,Spain,2023,recent-graduates-in-employment,26.0,,score (0–100)
cedefop-esi,ES,Spain,2024,recent-graduates-in-employment,47.0,,score (0–100)
cedefop-esi,FI,Finland,2017,recent-graduates-in-employment,35.0,,score (0–100)
cedefop-esi,FI,Finland,2018,recent-graduates-in-employment,41.333,,score (0–100)
cedefop-esi,FI,Finland,2019,recent-graduates-in-employment,40.0,,score (0–100)
cedefop-esi,FI,Finland,2020,recent-graduates-in-employment,55.667,,score (0–100)
cedefop-esi,FI,Finland,2021,recent-graduates-in-employment,64.667,,score (0–100)
cedefop-esi,FI,Finland,2022,recent-graduates-in-employment,55.0,,score (0–100)
cedefop-esi,FI,Finland,2023,recent-graduates-in-employment,55.0,,score (0–100)
cedefop-esi,FI,Finland,2024,recent-graduates-in-employment,63.0,,score (0–100)
cedefop-esi,FR,France,2017,recent-graduates-in-employment,22.667,,score (0–100)
cedefop-esi,FR,France,2018,recent-graduates-in-employment,25.333,,score (0–100)
cedefop-esi,FR,France,2019,recent-graduates-in-employment,28.667,,score (0–100)
cedefop-esi,FR,France,2020,recent-graduates-in-employment,43.0,,score (0–100)
cedefop-esi,FR,France,2021,recent-graduates-in-employment,35.667,,score (0–100)
cedefop-esi,FR,France,2022,recent-graduates-in-employment,33.0,,score (0–100)
cedefop-esi,FR,France,2023,recent-graduates-in-employment,43.667,,score (0–100)
cedefop-esi,FR,France,2024,recent-graduates-in-employment,45.333,,score (0–100)
cedefop-esi,HR,Croatia,2017,recent-graduates-in-employment,0.0,,score (0–100)
cedefop-esi,HR,Croatia,2018,recent-graduates-in-employment,25.0,,score (0–100)
cedefop-esi,HR,Croatia,2019,recent-graduates-in-employment,3.0,,score (0–100)
cedefop-esi,HR,Croatia,2020,recent-graduates-in-employment,20.667,,score (0–100)
cedefop-esi,HR,Croatia,2021,recent-graduates-in-employment,36.0,,score (0–100)
cedefop-esi,HR,Croatia,2022,recent-graduates-in-employment,34.0,,score (0–100)
cedefop-esi,HR,Croatia,2023,recent-graduates-in-employment,32.0,,score (0–100)
cedefop-esi,HR,Croatia,2024,recent-graduates-in-employment,45.0,,score (0–100)
cedefop-esi,HU,Hungary,2017,recent-graduates-in-employment,51.333,,score (0–100)
cedefop-esi,HU,Hungary,2018,recent-graduates-in-employment,66.667,,score (0–100)
cedefop-esi,HU,Hungary,2019,recent-graduates-in-employment,65.667,,score (0–100)
cedefop-esi,HU,Hungary,2020,recent-graduates-in-employment,75.0,,score (0–100)
cedefop-esi,HU,Hungary,2021,recent-graduates-in-employment,68.667,,score (0–100)
cedefop-esi,HU,Hungary,2022,recent-graduates-in-employment,57.333,,score (0–100)
cedefop-esi,HU,Hungary,2023,recent-graduates-in-employment,68.333,,score (0–100)
cedefop-esi,HU,Hungary,2024,recent-graduates-in-employment,79.667,,score (0–100)
cedefop-esi,IE,Ireland,2017,recent-graduates-in-employment,43.0,,score (0–100)
cedefop-esi,IE,Ireland,2018,recent-graduates-in-employment,57.333,,score (0–100)
cedefop-esi,IE,Ireland,2019,recent-graduates-in-employment,61.667,,score (0–100)
cedefop-esi,IE,Ireland,2020,recent-graduates-in-employment,64.333,,score (0–100)
cedefop-esi,IE,Ireland,2021,recent-graduates-in-employment,65.0,,score (0–100)
cedefop-esi,IE,Ireland,2022,recent-graduates-in-employment,48.333,,score (0–100)
cedefop-esi,IE,Ireland,2023,recent-graduates-in-employment,70.667,,score (0–100)
cedefop-esi,IE,Ireland,2024,recent-graduates-in-employment,74.0,,score (0–100)
cedefop-esi,IS,Iceland,2017,recent-graduates-in-employment,90.0,,score (0–100)
cedefop-esi,IS,Iceland,2018,recent-graduates-in-employment,99.0,,score (0–100)
cedefop-esi,IS,Iceland,2019,recent-graduates-in-employment,99.333,,score (0–100)
cedefop-esi,IS,Iceland,2020,recent-graduates-in-employment,98.0,,score (0–100)
cedefop-esi,IS,Iceland,2021,recent-graduates-in-employment,88.333,,score (0–100)
cedefop-esi,IS,Iceland,2022,recent-graduates-in-employment,76.667,,score (0–100)
cedefop-esi,IS,Iceland,2023,recent-graduates-in-employment,83.5,,score (0–100)
cedefop-esi,IS,Iceland,2024,recent-graduates-in-employment,90.333,,score (0–100)
cedefop-esi,IT,Italy,2017,recent-graduates-in-employment,0.0,,score (0–100)
cedefop-esi,IT,Italy,2018,recent-graduates-in-employment,0.0,,score (0–100)
cedefop-esi,IT,Italy,2019,recent-graduates-in-employment,0.0,,score (0–100)
cedefop-esi,IT,Italy,2020,recent-graduates-in-employment,0.0,,score (0–100)
cedefop-esi,IT,Italy,2021,recent-graduates-in-employment,0.0,,score (0–100)
cedefop-esi,IT,Italy,2022,recent-graduates-in-employment,0.0,,score (0–100)
cedefop-esi,IT,Italy,2023,recent-graduates-in-employment,0.0,,score (0–100)
cedefop-esi,IT,Italy,2024,recent-graduates-in-employment,0.667,,score (0–100)
cedefop-esi,LT,Lithuania,2017,recent-graduates-in-employment,57.0,,score (0–100)
cedefop-esi,LT,Lithuania,2018,recent-graduates-in-employment,58.0,,score (0–100)
cedefop-esi,LT,Lithuania,2019,recent-graduates-in-employment,63.0,,score (0–100)
cedefop-esi,LT,Lithuania,2020,recent-graduates-in-employment,65.667,,score (0–100)
cedefop-esi,LT,Lithuania,2021,recent-graduates-in-employment,50.333,,score (0–100)
cedefop-esi,LT,Lithuania,2022,recent-graduates-in-employment,31.667,,score (0–100)
cedefop-esi,LT,Lithuania,2023,recent-graduates-in-employment,49.667,,score (0–100)
cedefop-esi,LT,Lithuania,2024,recent-graduates-in-employment,61.333,,score (0–100)
cedefop-esi,LU,Luxembourg,2017,recent-graduates-in-employment,65.667,,score (0–100)
cedefop-esi,LU,Luxembourg,2018,recent-graduates-in-employment,68.0,,score (0–100)
cedefop-esi,LU,Luxembourg,2019,recent-graduates-in-employment,78.333,,score (0–100)
cedefop-esi,LU,Luxembourg,2020,recent-graduates-in-employment,76.333,,score (0–100)
cedefop-esi,LU,Luxembourg,2021,recent-graduates-in-employment,81.333,,score (0–100)
cedefop-esi,LU,Luxembourg,2022,recent-graduates-in-employment,51.667,,score (0–100)
cedefop-esi,LU,Luxembourg,2023,recent-graduates-in-employment,61.333,,score (0–100)
cedefop-esi,LU,Luxembourg,2024,recent-graduates-in-employment,94.667,,score (0–100)
cedefop-esi,LV,Latvia,2017,recent-graduates-in-employment,46.0,,score (0–100)
cedefop-esi,LV,Latvia,2018,recent-graduates-in-employment,54.667,,score (0–100)
cedefop-esi,LV,Latvia,2019,recent-graduates-in-employment,43.333,,score (0–100)
cedefop-esi,LV,Latvia,2020,recent-graduates-in-employment,63.667,,score (0–100)
cedefop-esi,LV,Latvia,2021,recent-graduates-in-employment,63.667,,score (0–100)
cedefop-esi,LV,Latvia,2022,recent-graduates-in-employment,47.0,,score (0–100)
cedefop-esi,LV,Latvia,2023,recent-graduates-in-employment,43.667,,score (0–100)
cedefop-esi,LV,Latvia,2024,recent-graduates-in-employment,67.667,,score (0–100)
cedefop-esi,MT,Malta,2017,recent-graduates-in-employment,100.0,,score (0–100)
cedefop-esi,MT,Malta,2018,recent-graduates-in-employment,100.0,,score (0–100)
cedefop-esi,MT,Malta,2019,recent-graduates-in-employment,96.0,,score (0–100)
cedefop-esi,MT,Malta,2020,recent-graduates-in-employment,99.333,,score (0–100)
cedefop-esi,MT,Malta,2021,recent-graduates-in-employment,95.0,,score (0–100)
cedefop-esi,MT,Malta,2022,recent-graduates-in-employment,90.0,,score (0–100)
cedefop-esi,MT,Malta,2023,recent-graduates-in-employment,80.0,,score (0–100)
cedefop-esi,MT,Malta,2024,recent-graduates-in-employment,86.0,,score (0–100)
cedefop-esi,NL,Netherlands,2017,recent-graduates-in-employment,77.333,,score (0–100)
cedefop-esi,NL,Netherlands,2018,recent-graduates-in-employment,83.667,,score (0–100)
cedefop-esi,NL,Netherlands,2019,recent-graduates-in-employment,84.667,,score (0–100)
cedefop-esi,NL,Netherlands,2020,recent-graduates-in-employment,90.0,,score (0–100)
cedefop-esi,NL,Netherlands,2021,recent-graduates-in-employment,89.667,,score (0–100)
cedefop-esi,NL,Netherlands,2022,recent-graduates-in-employment,81.0,,score (0–100)
cedefop-esi,NL,Netherlands,2023,recent-graduates-in-employment,94.667,,score (0–100)
cedefop-esi,NL,Netherlands,2024,recent-graduates-in-employment,93.0,,score (0–100)
cedefop-esi,NO,Norway,2017,recent-graduates-in-employment,86.333,,score (0–100)
cedefop-esi,NO,Norway,2018,recent-graduates-in-employment,83.667,,score (0–100)
cedefop-esi,NO,Norway,2019,recent-graduates-in-employment,80.667,,score (0–100)
cedefop-esi,NO,Norway,2020,recent-graduates-in-employment,86.333,,score (0–100)
cedefop-esi,NO,Norway,2021,recent-graduates-in-employment,85.0,,score (0–100)
cedefop-esi,NO,Norway,2022,recent-graduates-in-employment,82.333,,score (0–100)
cedefop-esi,NO,Norway,2023,recent-graduates-in-employment,86.667,,score (0–100)
cedefop-esi,NO,Norway,2024,recent-graduates-in-employment,82.333,,score (0–100)
cedefop-esi,PL,Poland,2017,recent-graduates-in-employment,41.333,,score (0–100)
cedefop-esi,PL,Poland,2018,recent-graduates-in-employment,50.667,,score (0–100)
cedefop-esi,PL,Poland,2019,recent-graduates-in-employment,57.0,,score (0–100)
cedefop-esi,PL,Poland,2020,recent-graduates-in-employment,60.333,,score (0–100)
cedefop-esi,PL,Poland,2021,recent-graduates-in-employment,63.333,,score (0–100)
cedefop-esi,PL,Poland,2022,recent-graduates-in-employment,59.0,,score (0–100)
cedefop-esi,PL,Poland,2023,recent-graduates-in-employment,43.333,,score (0–100)
cedefop-esi,PL,Poland,2024,recent-graduates-in-employment,65.667,,score (0–100)
cedefop-esi,PT,Portugal,2017,recent-graduates-in-employment,24.0,,score (0–100)
cedefop-esi,PT,Portugal,2018,recent-graduates-in-employment,29.333,,score (0–100)
cedefop-esi,PT,Portugal,2019,recent-graduates-in-employment,52.333,,score (0–100)
cedefop-esi,PT,Portugal,2020,recent-graduates-in-employment,52.0,,score (0–100)
cedefop-esi,PT,Portugal,2021,recent-graduates-in-employment,51.0,,score (0–100)
cedefop-esi,PT,Portugal,2022,recent-graduates-in-employment,35.667,,score (0–100)
cedefop-esi,PT,Portugal,2023,recent-graduates-in-employment,37.0,,score (0–100)
cedefop-esi,PT,Portugal,2024,recent-graduates-in-employment,55.667,,score (0–100)
cedefop-esi,RO,Romania,2017,recent-graduates-in-employment,10.333,,score (0–100)
cedefop-esi,RO,Romania,2018,recent-graduates-in-employment,14.333,,score (0–100)
cedefop-esi,RO,Romania,2019,recent-graduates-in-employment,36.667,,score (0–100)
cedefop-esi,RO,Romania,2020,recent-graduates-in-employment,41.333,,score (0–100)
cedefop-esi,RO,Romania,2021,recent-graduates-in-employment,37.0,,score (0–100)
cedefop-esi,RO,Romania,2022,recent-graduates-in-employment,39.0,,score (0–100)
cedefop-esi,RO,Romania,2023,recent-graduates-in-employment,17.0,,score (0–100)
cedefop-esi,RO,Romania,2024,recent-graduates-in-employment,16.333,,score (0–100)
cedefop-esi,SE,Sweden,2017,recent-graduates-in-employment,69.667,,score (0–100)
cedefop-esi,SE,Sweden,2018,recent-graduates-in-employment,72.333,,score (0–100)
cedefop-esi,SE,Sweden,2019,recent-graduates-in-employment,77.667,,score (0–100)
cedefop-esi,SE,Sweden,2020,recent-graduates-in-employment,77.0,,score (0–100)
cedefop-esi,SE,Sweden,2021,recent-graduates-in-employment,79.0,,score (0–100)
cedefop-esi,SE,Sweden,2022,recent-graduates-in-employment,71.333,,score (0–100)
cedefop-esi,SE,Sweden,2023,recent-graduates-in-employment,74.0,,score (0–100)
cedefop-esi,SE,Sweden,2024,recent-graduates-in-employment,77.0,,score (0–100)
cedefop-esi,SI,Slovenia,2017,recent-graduates-in-employment,21.667,,score (0–100)
cedefop-esi,SI,Slovenia,2018,recent-graduates-in-employment,39.0,,score (0–100)
cedefop-esi,SI,Slovenia,2019,recent-graduates-in-employment,55.333,,score (0–100)
cedefop-esi,SI,Slovenia,2020,recent-graduates-in-employment,64.0,,score (0–100)
cedefop-esi,SI,Slovenia,2021,recent-graduates-in-employment,70.0,,score (0–100)
cedefop-esi,SI,Slovenia,2022,recent-graduates-in-employment,59.333,,score (0–100)
cedefop-esi,SI,Slovenia,2023,recent-graduates-in-employment,67.0,,score (0–100)
cedefop-esi,SI,Slovenia,2024,recent-graduates-in-employment,64.0,,score (0–100)
cedefop-esi,SK,Slovakia,2017,recent-graduates-in-employment,34.0,,score (0–100)
cedefop-esi,SK,Slovakia,2018,recent-graduates-in-employment,48.667,,score (0–100)
cedefop-esi,SK,Slovakia,2019,recent-graduates-in-employment,55.0,,score (0–100)
cedefop-esi,SK,Slovakia,2020,recent-graduates-in-employment,61.333,,score (0–100)
cedefop-esi,SK,Slovakia,2021,recent-graduates-in-employment,63.0,,score (0–100)
cedefop-esi,SK,Slovakia,2022,recent-graduates-in-employment,59.333,,score (0–100)
cedefop-esi,SK,Slovakia,2023,recent-graduates-in-employment,48.333,,score (0–100)
cedefop-esi,SK,Slovakia,2024,recent-graduates-in-employment,63.0,,score (0–100)
cedefop-esi,UK,United Kingdom,2017,recent-graduates-in-employment,69.333,,score (0–100)
cedefop-esi,UK,United Kingdom,2018,recent-graduates-in-employment,64.667,,score (0–100)
cedefop-esi,UK,United Kingdom,2019,recent-graduates-in-employment,72.0,,score (0–100)
cedefop-esi,UK,United Kingdom,2020,recent-graduates-in-employment,72.333,,score (0–100)
cedefop-esi,UK,United Kingdom,2021,recent-graduates-in-employment,68.0,,score (0–100)
cedefop-esi,UK,United Kingdom,2022,recent-graduates-in-employment,68.0,,score (0–100)
cedefop-esi,UK,United Kingdom,2023,recent-graduates-in-employment,68.0,,score (0–100)
cedefop-esi,UK,United Kingdom,2024,recent-graduates-in-employment,68.0,,score (0–100)
cedefop-esi,AT,Austria,2017,recent-training,43.226,,score (0–100)
cedefop-esi,AT,Austria,2018,recent-training,44.839,,score (0–100)
cedefop-esi,AT,Austria,2019,recent-training,47.742,,score (0–100)
cedefop-esi,AT,Austria,2020,recent-training,45.484,,score (0–100)
cedefop-esi,AT,Austria,2021,recent-training,44.194,,score (0–100)
cedefop-esi,AT,Austria,2022,recent-training,34.516,,score (0–100)
cedefop-esi,AT,Austria,2023,recent-training,43.871,,score (0–100)
cedefop-esi,AT,Austria,2024,recent-training,47.742,,score (0–100)
cedefop-esi,BE,Belgium,2017,recent-training,19.032,,score (0–100)
cedefop-esi,BE,Belgium,2018,recent-training,19.355,,score (0–100)
cedefop-esi,BE,Belgium,2019,recent-training,24.194,,score (0–100)
cedefop-esi,BE,Belgium,2020,recent-training,24.194,,score (0–100)
cedefop-esi,BE,Belgium,2021,recent-training,23.226,,score (0–100)
cedefop-esi,BE,Belgium,2022,recent-training,20.645,,score (0–100)
cedefop-esi,BE,Belgium,2023,recent-training,29.677,,score (0–100)
cedefop-esi,BE,Belgium,2024,recent-training,30.0,,score (0–100)
cedefop-esi,BG,Bulgaria,2017,recent-training,3.226,,score (0–100)
cedefop-esi,BG,Bulgaria,2018,recent-training,3.871,,score (0–100)
cedefop-esi,BG,Bulgaria,2019,recent-training,4.194,,score (0–100)
cedefop-esi,BG,Bulgaria,2020,recent-training,4.839,,score (0–100)
cedefop-esi,BG,Bulgaria,2021,recent-training,3.226,,score (0–100)
cedefop-esi,BG,Bulgaria,2022,recent-training,1.935,,score (0–100)
cedefop-esi,BG,Bulgaria,2023,recent-training,2.581,,score (0–100)
cedefop-esi,BG,Bulgaria,2024,recent-training,2.258,,score (0–100)
cedefop-esi,CH,Switzerland,2017,recent-training,96.129,,score (0–100)
cedefop-esi,CH,Switzerland,2018,recent-training,98.065,,score (0–100)
cedefop-esi,CH,Switzerland,2019,recent-training,97.419,,score (0–100)
cedefop-esi,CH,Switzerland,2020,recent-training,98.71,,score (0–100)
cedefop-esi,CH,Switzerland,2021,recent-training,100.0,,score (0–100)
cedefop-esi,CH,Switzerland,2022,recent-training,85.806,,score (0–100)
cedefop-esi,CH,Switzerland,2023,recent-training,70.323,,score (0–100)
cedefop-esi,CH,Switzerland,2024,recent-training,67.742,,score (0–100)
cedefop-esi,CY,Cyprus,2017,recent-training,20.968,,score (0–100)
cedefop-esi,CY,Cyprus,2018,recent-training,19.032,,score (0–100)
cedefop-esi,CY,Cyprus,2019,recent-training,19.032,,score (0–100)
cedefop-esi,CY,Cyprus,2020,recent-training,18.387,,score (0–100)
cedefop-esi,CY,Cyprus,2021,recent-training,15.806,,score (0–100)
cedefop-esi,CY,Cyprus,2022,recent-training,11.935,,score (0–100)
cedefop-esi,CY,Cyprus,2023,recent-training,28.065,,score (0–100)
cedefop-esi,CY,Cyprus,2024,recent-training,30.645,,score (0–100)
cedefop-esi,CZ,Czechia,2017,recent-training,24.194,,score (0–100)
cedefop-esi,CZ,Czechia,2018,recent-training,25.161,,score (0–100)
cedefop-esi,CZ,Czechia,2019,recent-training,28.387,,score (0–100)
cedefop-esi,CZ,Czechia,2020,recent-training,24.194,,score (0–100)
cedefop-esi,CZ,Czechia,2021,recent-training,22.903,,score (0–100)
cedefop-esi,CZ,Czechia,2022,recent-training,14.516,,score (0–100)
cedefop-esi,CZ,Czechia,2023,recent-training,15.484,,score (0–100)
cedefop-esi,CZ,Czechia,2024,recent-training,27.097,,score (0–100)
cedefop-esi,DE,Germany,2017,recent-training,22.903,,score (0–100)
cedefop-esi,DE,Germany,2018,recent-training,24.194,,score (0–100)
cedefop-esi,DE,Germany,2019,recent-training,23.871,,score (0–100)
cedefop-esi,DE,Germany,2020,recent-training,23.226,,score (0–100)
cedefop-esi,DE,Germany,2021,recent-training,23.226,,score (0–100)
cedefop-esi,DE,Germany,2022,recent-training,21.613,,score (0–100)
cedefop-esi,DE,Germany,2023,recent-training,21.613,,score (0–100)
cedefop-esi,DE,Germany,2024,recent-training,22.903,,score (0–100)
cedefop-esi,DK,Denmark,2017,recent-training,98.387,,score (0–100)
cedefop-esi,DK,Denmark,2018,recent-training,87.097,,score (0–100)
cedefop-esi,DK,Denmark,2019,recent-training,83.548,,score (0–100)
cedefop-esi,DK,Denmark,2020,recent-training,72.581,,score (0–100)
cedefop-esi,DK,Denmark,2021,recent-training,78.387,,score (0–100)
cedefop-esi,DK,Denmark,2022,recent-training,61.29,,score (0–100)
cedefop-esi,DK,Denmark,2023,recent-training,68.71,,score (0–100)
cedefop-esi,DK,Denmark,2024,recent-training,86.774,,score (0–100)
cedefop-esi,EE,Estonia,2017,recent-training,35.161,,score (0–100)
cedefop-esi,EE,Estonia,2018,recent-training,46.129,,score (0–100)
cedefop-esi,EE,Estonia,2019,recent-training,50.968,,score (0–100)
cedefop-esi,EE,Estonia,2020,recent-training,59.032,,score (0–100)
cedefop-esi,EE,Estonia,2021,recent-training,60.0,,score (0–100)
cedefop-esi,EE,Estonia,2022,recent-training,50.323,,score (0–100)
cedefop-esi,EE,Estonia,2023,recent-training,56.129,,score (0–100)
cedefop-esi,EE,Estonia,2024,recent-training,64.839,,score (0–100)
cedefop-esi,EL,Greece,2017,recent-training,7.419,,score (0–100)
cedefop-esi,EL,Greece,2018,recent-training,9.677,,score (0–100)
cedefop-esi,EL,Greece,2019,recent-training,11.29,,score (0–100)
cedefop-esi,EL,Greece,2020,recent-training,11.29,,score (0–100)
cedefop-esi,EL,Greece,2021,recent-training,9.355,,score (0–100)
cedefop-esi,EL,Greece,2022,recent-training,10.0,,score (0–100)
cedefop-esi,EL,Greece,2023,recent-training,8.065,,score (0–100)
cedefop-esi,EL,Greece,2024,recent-training,8.065,,score (0–100)
cedefop-esi,ES,Spain,2017,recent-training,28.71,,score (0–100)
cedefop-esi,ES,Spain,2018,recent-training,27.097,,score (0–100)
cedefop-esi,ES,Spain,2019,recent-training,28.71,,score (0–100)
cedefop-esi,ES,Spain,2020,recent-training,30.645,,score (0–100)
cedefop-esi,ES,Spain,2021,recent-training,30.968,,score (0–100)
cedefop-esi,ES,Spain,2022,recent-training,32.258,,score (0–100)
cedefop-esi,ES,Spain,2023,recent-training,43.226,,score (0–100)
cedefop-esi,ES,Spain,2024,recent-training,46.129,,score (0–100)
cedefop-esi,FI,Finland,2017,recent-training,78.71,,score (0–100)
cedefop-esi,FI,Finland,2018,recent-training,81.935,,score (0–100)
cedefop-esi,FI,Finland,2019,recent-training,85.161,,score (0–100)
cedefop-esi,FI,Finland,2020,recent-training,88.71,,score (0–100)
cedefop-esi,FI,Finland,2021,recent-training,90.323,,score (0–100)
cedefop-esi,FI,Finland,2022,recent-training,84.839,,score (0–100)
cedefop-esi,FI,Finland,2023,recent-training,95.161,,score (0–100)
cedefop-esi,FI,Finland,2024,recent-training,78.065,,score (0–100)
cedefop-esi,FR,France,2017,recent-training,56.774,,score (0–100)
cedefop-esi,FR,France,2018,recent-training,57.419,,score (0–100)
cedefop-esi,FR,France,2019,recent-training,57.097,,score (0–100)
cedefop-esi,FR,France,2020,recent-training,56.774,,score (0–100)
cedefop-esi,FR,France,2021,recent-training,59.677,,score (0–100)
cedefop-esi,FR,France,2022,recent-training,38.71,,score (0–100)
cedefop-esi,FR,France,2023,recent-training,32.258,,score (0–100)
cedefop-esi,FR,France,2024,recent-training,39.677,,score (0–100)
cedefop-esi,HR,Croatia,2017,recent-training,6.774,,score (0–100)
cedefop-esi,HR,Croatia,2018,recent-training,6.452,,score (0–100)
cedefop-esi,HR,Croatia,2019,recent-training,4.194,,score (0–100)
cedefop-esi,HR,Croatia,2020,recent-training,6.129,,score (0–100)
cedefop-esi,HR,Croatia,2021,recent-training,8.065,,score (0–100)
cedefop-esi,HR,Croatia,2022,recent-training,7.097,,score (0–100)
cedefop-esi,HR,Croatia,2023,recent-training,13.226,,score (0–100)
cedefop-esi,HR,Croatia,2024,recent-training,10.968,,score (0–100)
cedefop-esi,HU,Hungary,2017,recent-training,19.677,,score (0–100)
cedefop-esi,HU,Hungary,2018,recent-training,17.097,,score (0–100)
cedefop-esi,HU,Hungary,2019,recent-training,16.774,,score (0–100)
cedefop-esi,HU,Hungary,2020,recent-training,16.129,,score (0–100)
cedefop-esi,HU,Hungary,2021,recent-training,15.484,,score (0–100)
cedefop-esi,HU,Hungary,2022,recent-training,13.226,,score (0–100)
cedefop-esi,HU,Hungary,2023,recent-training,15.806,,score (0–100)
cedefop-esi,HU,Hungary,2024,recent-training,22.258,,score (0–100)
cedefop-esi,IE,Ireland,2017,recent-training,17.742,,score (0–100)
cedefop-esi,IE,Ireland,2018,recent-training,17.742,,score (0–100)
cedefop-esi,IE,Ireland,2019,recent-training,25.806,,score (0–100)
cedefop-esi,IE,Ireland,2020,recent-training,37.097,,score (0–100)
cedefop-esi,IE,Ireland,2021,recent-training,37.419,,score (0–100)
cedefop-esi,IE,Ireland,2022,recent-training,32.258,,score (0–100)
cedefop-esi,IE,Ireland,2023,recent-training,40.645,,score (0–100)
cedefop-esi,IE,Ireland,2024,recent-training,34.839,,score (0–100)
cedefop-esi,IS,Iceland,2017,recent-training,87.419,,score (0–100)
cedefop-esi,IS,Iceland,2018,recent-training,76.452,,score (0–100)
cedefop-esi,IS,Iceland,2019,recent-training,72.903,,score (0–100)
cedefop-esi,IS,Iceland,2020,recent-training,66.129,,score (0–100)
cedefop-esi,IS,Iceland,2021,recent-training,68.387,,score (0–100)
cedefop-esi,IS,Iceland,2022,recent-training,62.258,,score (0–100)
cedefop-esi,IS,Iceland,2023,recent-training,73.871,,score (0–100)
cedefop-esi,IS,Iceland,2024,recent-training,84.194,,score (0–100)
cedefop-esi,IT,Italy,2017,recent-training,20.323,,score (0–100)
cedefop-esi,IT,Italy,2018,recent-training,23.548,,score (0–100)
cedefop-esi,IT,Italy,2019,recent-training,22.258,,score (0–100)
cedefop-esi,IT,Italy,2020,recent-training,22.903,,score (0–100)
cedefop-esi,IT,Italy,2021,recent-training,22.903,,score (0–100)
cedefop-esi,IT,Italy,2022,recent-training,20.0,,score (0–100)
cedefop-esi,IT,Italy,2023,recent-training,28.71,,score (0–100)
cedefop-esi,IT,Italy,2024,recent-training,27.742,,score (0–100)
cedefop-esi,LT,Lithuania,2017,recent-training,15.484,,score (0–100)
cedefop-esi,LT,Lithuania,2018,recent-training,16.129,,score (0–100)
cedefop-esi,LT,Lithuania,2019,recent-training,15.806,,score (0–100)
cedefop-esi,LT,Lithuania,2020,recent-training,18.065,,score (0–100)
cedefop-esi,LT,Lithuania,2021,recent-training,19.355,,score (0–100)
cedefop-esi,LT,Lithuania,2022,recent-training,20.0,,score (0–100)
cedefop-esi,LT,Lithuania,2023,recent-training,24.194,,score (0–100)
cedefop-esi,LT,Lithuania,2024,recent-training,24.194,,score (0–100)
cedefop-esi,LU,Luxembourg,2017,recent-training,54.839,,score (0–100)
cedefop-esi,LU,Luxembourg,2018,recent-training,50.968,,score (0–100)
cedefop-esi,LU,Luxembourg,2019,recent-training,52.258,,score (0–100)
cedefop-esi,LU,Luxembourg,2020,recent-training,54.839,,score (0–100)
cedefop-esi,LU,Luxembourg,2021,recent-training,58.387,,score (0–100)
cedefop-esi,LU,Luxembourg,2022,recent-training,49.355,,score (0–100)
cedefop-esi,LU,Luxembourg,2023,recent-training,54.516,,score (0–100)
cedefop-esi,LU,Luxembourg,2024,recent-training,55.161,,score (0–100)
cedefop-esi,LV,Latvia,2017,recent-training,15.161,,score (0–100)
cedefop-esi,LV,Latvia,2018,recent-training,20.323,,score (0–100)
cedefop-esi,LV,Latvia,2019,recent-training,20.968,,score (0–100)
cedefop-esi,LV,Latvia,2020,recent-training,18.387,,score (0–100)
cedefop-esi,LV,Latvia,2021,recent-training,20.645,,score (0–100)
cedefop-esi,LV,Latvia,2022,recent-training,18.065,,score (0–100)
cedefop-esi,LV,Latvia,2023,recent-training,24.516,,score (0–100)
cedefop-esi,LV,Latvia,2024,recent-training,28.065,,score (0–100)
cedefop-esi,MT,Malta,2017,recent-training,20.645,,score (0–100)
cedefop-esi,MT,Malta,2018,recent-training,21.935,,score (0–100)
cedefop-esi,MT,Malta,2019,recent-training,30.968,,score (0–100)
cedefop-esi,MT,Malta,2020,recent-training,31.935,,score (0–100)
cedefop-esi,MT,Malta,2021,recent-training,35.161,,score (0–100)
cedefop-esi,MT,Malta,2022,recent-training,32.258,,score (0–100)
cedefop-esi,MT,Malta,2023,recent-training,41.613,,score (0–100)
cedefop-esi,MT,Malta,2024,recent-training,38.065,,score (0–100)
cedefop-esi,NL,Netherlands,2017,recent-training,57.742,,score (0–100)
cedefop-esi,NL,Netherlands,2018,recent-training,57.419,,score (0–100)
cedefop-esi,NL,Netherlands,2019,recent-training,58.387,,score (0–100)
cedefop-esi,NL,Netherlands,2020,recent-training,58.387,,score (0–100)
cedefop-esi,NL,Netherlands,2021,recent-training,59.677,,score (0–100)
cedefop-esi,NL,Netherlands,2022,recent-training,57.419,,score (0–100)
cedefop-esi,NL,Netherlands,2023,recent-training,82.581,,score (0–100)
cedefop-esi,NL,Netherlands,2024,recent-training,81.935,,score (0–100)
cedefop-esi,NO,Norway,2017,recent-training,61.613,,score (0–100)
cedefop-esi,NO,Norway,2018,recent-training,60.0,,score (0–100)
cedefop-esi,NO,Norway,2019,recent-training,60.968,,score (0–100)
cedefop-esi,NO,Norway,2020,recent-training,60.323,,score (0–100)
cedefop-esi,NO,Norway,2021,recent-training,59.032,,score (0–100)
cedefop-esi,NO,Norway,2022,recent-training,49.677,,score (0–100)
cedefop-esi,NO,Norway,2023,recent-training,59.677,,score (0–100)
cedefop-esi,NO,Norway,2024,recent-training,64.839,,score (0–100)
cedefop-esi,PL,Poland,2017,recent-training,8.065,,score (0–100)
cedefop-esi,PL,Poland,2018,recent-training,8.71,,score (0–100)
cedefop-esi,PL,Poland,2019,recent-training,9.677,,score (0–100)
cedefop-esi,PL,Poland,2020,recent-training,15.161,,score (0–100)
cedefop-esi,PL,Poland,2021,recent-training,12.258,,score (0–100)
cedefop-esi,PL,Poland,2022,recent-training,8.71,,score (0–100)
cedefop-esi,PL,Poland,2023,recent-training,14.194,,score (0–100)
cedefop-esi,PL,Poland,2024,recent-training,21.29,,score (0–100)
cedefop-esi,PT,Portugal,2017,recent-training,28.065,,score (0–100)
cedefop-esi,PT,Portugal,2018,recent-training,27.742,,score (0–100)
cedefop-esi,PT,Portugal,2019,recent-training,28.387,,score (0–100)
cedefop-esi,PT,Portugal,2020,recent-training,30.0,,score (0–100)
cedefop-esi,PT,Portugal,2021,recent-training,30.645,,score (0–100)
cedefop-esi,PT,Portugal,2022,recent-training,29.032,,score (0–100)
cedefop-esi,PT,Portugal,2023,recent-training,38.387,,score (0–100)
cedefop-esi,PT,Portugal,2024,recent-training,41.29,,score (0–100)
cedefop-esi,RO,Romania,2017,recent-training,0.968,,score (0–100)
cedefop-esi,RO,Romania,2018,recent-training,0.645,,score (0–100)
cedefop-esi,RO,Romania,2019,recent-training,0.323,,score (0–100)
cedefop-esi,RO,Romania,2020,recent-training,0.0,,score (0–100)
cedefop-esi,RO,Romania,2021,recent-training,0.968,,score (0–100)
cedefop-esi,RO,Romania,2022,recent-training,0.0,,score (0–100)
cedefop-esi,RO,Romania,2023,recent-training,12.581,,score (0–100)
cedefop-esi,RO,Romania,2024,recent-training,14.194,,score (0–100)
cedefop-esi,SE,Sweden,2017,recent-training,91.613,,score (0–100)
cedefop-esi,SE,Sweden,2018,recent-training,92.258,,score (0–100)
cedefop-esi,SE,Sweden,2019,recent-training,94.839,,score (0–100)
cedefop-esi,SE,Sweden,2020,recent-training,98.065,,score (0–100)
cedefop-esi,SE,Sweden,2021,recent-training,100.0,,score (0–100)
cedefop-esi,SE,Sweden,2022,recent-training,89.032,,score (0–100)
cedefop-esi,SE,Sweden,2023,recent-training,100.0,,score (0–100)
cedefop-esi,SE,Sweden,2024,recent-training,100.0,,score (0–100)
cedefop-esi,SI,Slovenia,2017,recent-training,35.161,,score (0–100)
cedefop-esi,SI,Slovenia,2018,recent-training,34.194,,score (0–100)
cedefop-esi,SI,Slovenia,2019,recent-training,35.484,,score (0–100)
cedefop-esi,SI,Slovenia,2020,recent-training,33.548,,score (0–100)
cedefop-esi,SI,Slovenia,2021,recent-training,32.903,,score (0–100)
cedefop-esi,SI,Slovenia,2022,recent-training,23.871,,score (0–100)
cedefop-esi,SI,Slovenia,2023,recent-training,57.742,,score (0–100)
cedefop-esi,SI,Slovenia,2024,recent-training,68.71,,score (0–100)
cedefop-esi,SK,Slovakia,2017,recent-training,6.774,,score (0–100)
cedefop-esi,SK,Slovakia,2018,recent-training,6.129,,score (0–100)
cedefop-esi,SK,Slovakia,2019,recent-training,7.742,,score (0–100)
cedefop-esi,SK,Slovakia,2020,recent-training,9.677,,score (0–100)
cedefop-esi,SK,Slovakia,2021,recent-training,8.387,,score (0–100)
cedefop-esi,SK,Slovakia,2022,recent-training,5.806,,score (0–100)
cedefop-esi,SK,Slovakia,2023,recent-training,12.258,,score (0–100)
cedefop-esi,SK,Slovakia,2024,recent-training,38.065,,score (0–100)
cedefop-esi,UK,United Kingdom,2017,recent-training,47.419,,score (0–100)
cedefop-esi,UK,United Kingdom,2018,recent-training,43.226,,score (0–100)
cedefop-esi,UK,United Kingdom,2019,recent-training,42.903,,score (0–100)
cedefop-esi,UK,United Kingdom,2020,recent-training,43.871,,score (0–100)
cedefop-esi,UK,United Kingdom,2021,recent-training,44.516,,score (0–100)
cedefop-esi,UK,United Kingdom,2022,recent-training,44.516,,score (0–100)
cedefop-esi,UK,United Kingdom,2023,recent-training,44.516,,score (0–100)
cedefop-esi,UK,United Kingdom,2024,recent-training,44.516,,score (0–100)
cedefop-esi,AT,Austria,2017,skills-activation,68.496,,score (0–100)
cedefop-esi,AT,Austria,2018,skills-activation,70.067,,score (0–100)
cedefop-esi,AT,Austria,2019,skills-activation,70.829,,score (0–100)
cedefop-esi,AT,Austria,2020,skills-activation,72.025,,score (0–100)
cedefop-esi,AT,Austria,2021,skills-activation,71.688,,score (0–100)
cedefop-esi,AT,Austria,2022,skills-activation,67.996,,score (0–100)
cedefop-esi,AT,Austria,2023,skills-activation,70.758,,score (0–100)
cedefop-esi,AT,Austria,2024,skills-activation,73.412,,score (0–100)
cedefop-esi,BE,Belgium,2017,skills-activation,34.792,,score (0–100)
cedefop-esi,BE,Belgium,2018,skills-activation,38.612,,score (0–100)
cedefop-esi,BE,Belgium,2019,skills-activation,38.704,,score (0–100)
cedefop-esi,BE,Belgium,2020,skills-activation,41.788,,score (0–100)
cedefop-esi,BE,Belgium,2021,skills-activation,40.958,,score (0–100)
cedefop-esi,BE,Belgium,2022,skills-activation,38.558,,score (0–100)
cedefop-esi,BE,Belgium,2023,skills-activation,46.008,,score (0–100)
cedefop-esi,BE,Belgium,2024,skills-activation,47.475,,score (0–100)
cedefop-esi,BG,Bulgaria,2017,skills-activation,13.046,,score (0–100)
cedefop-esi,BG,Bulgaria,2018,skills-activation,8.0,,score (0–100)
cedefop-esi,BG,Bulgaria,2019,skills-activation,18.446,,score (0–100)
cedefop-esi,BG,Bulgaria,2020,skills-activation,18.296,,score (0–100)
cedefop-esi,BG,Bulgaria,2021,skills-activation,22.383,,score (0–100)
cedefop-esi,BG,Bulgaria,2022,skills-activation,18.092,,score (0–100)
cedefop-esi,BG,Bulgaria,2023,skills-activation,14.075,,score (0–100)
cedefop-esi,BG,Bulgaria,2024,skills-activation,25.908,,score (0–100)
cedefop-esi,CH,Switzerland,2017,skills-activation,79.129,,score (0–100)
cedefop-esi,CH,Switzerland,2018,skills-activation,81.762,,score (0–100)
cedefop-esi,CH,Switzerland,2019,skills-activation,81.904,,score (0–100)
cedefop-esi,CH,Switzerland,2020,skills-activation,83.783,,score (0–100)
cedefop-esi,CH,Switzerland,2021,skills-activation,83.412,,score (0–100)
cedefop-esi,CH,Switzerland,2022,skills-activation,84.038,,score (0–100)
cedefop-esi,CH,Switzerland,2023,skills-activation,78.704,,score (0–100)
cedefop-esi,CH,Switzerland,2024,skills-activation,71.133,,score (0–100)
cedefop-esi,CY,Cyprus,2017,skills-activation,53.954,,score (0–100)
cedefop-esi,CY,Cyprus,2018,skills-activation,50.871,,score (0–100)
cedefop-esi,CY,Cyprus,2019,skills-activation,46.9,,score (0–100)
cedefop-esi,CY,Cyprus,2020,skills-activation,57.017,,score (0–100)
cedefop-esi,CY,Cyprus,2021,skills-activation,57.404,,score (0–100)
cedefop-esi,CY,Cyprus,2022,skills-activation,53.358,,score (0–100)
cedefop-esi,CY,Cyprus,2023,skills-activation,60.788,,score (0–100)
cedefop-esi,CY,Cyprus,2024,skills-activation,63.538,,score (0–100)
cedefop-esi,CZ,Czechia,2017,skills-activation,52.112,,score (0–100)
cedefop-esi,CZ,Czechia,2018,skills-activation,56.425,,score (0–100)
cedefop-esi,CZ,Czechia,2019,skills-activation,60.642,,score (0–100)
cedefop-esi,CZ,Czechia,2020,skills-activation,61.587,,score (0–100)
cedefop-esi,CZ,Czechia,2021,skills-activation,59.471,,score (0–100)
cedefop-esi,CZ,Czechia,2022,skills-activation,54.304,,score (0–100)
cedefop-esi,CZ,Czechia,2023,skills-activation,54.238,,score (0–100)
cedefop-esi,CZ,Czechia,2024,skills-activation,53.925,,score (0–100)
cedefop-esi,DE,Germany,2017,skills-activation,60.1,,score (0–100)
cedefop-esi,DE,Germany,2018,skills-activation,59.212,,score (0–100)
cedefop-esi,DE,Germany,2019,skills-activation,61.308,,score (0–100)
cedefop-esi,DE,Germany,2020,skills-activation,64.088,,score (0–100)
cedefop-esi,DE,Germany,2021,skills-activation,66.55,,score (0–100)
cedefop-esi,DE,Germany,2022,skills-activation,62.317,,score (0–100)
cedefop-esi,DE,Germany,2023,skills-activation,59.279,,score (0–100)
cedefop-esi,DE,Germany,2024,skills-activation,65.633,,score (0–100)
cedefop-esi,DK,Denmark,2017,skills-activation,56.2,,score (0–100)
cedefop-esi,DK,Denmark,2018,skills-activation,57.358,,score (0–100)
cedefop-esi,DK,Denmark,2019,skills-activation,56.05,,score (0–100)
cedefop-esi,DK,Denmark,2020,skills-activation,57.675,,score (0–100)
cedefop-esi,DK,Denmark,2021,skills-activation,59.483,,score (0–100)
cedefop-esi,DK,Denmark,2022,skills-activation,59.9,,score (0–100)
cedefop-esi,DK,Denmark,2023,skills-activation,64.137,,score (0–100)
cedefop-esi,DK,Denmark,2024,skills-activation,67.525,,score (0–100)
cedefop-esi,EE,Estonia,2017,skills-activation,48.596,,score (0–100)
cedefop-esi,EE,Estonia,2018,skills-activation,54.521,,score (0–100)
cedefop-esi,EE,Estonia,2019,skills-activation,60.538,,score (0–100)
cedefop-esi,EE,Estonia,2020,skills-activation,61.813,,score (0–100)
cedefop-esi,EE,Estonia,2021,skills-activation,59.721,,score (0–100)
cedefop-esi,EE,Estonia,2022,skills-activation,59.112,,score (0–100)
cedefop-esi,EE,Estonia,2023,skills-activation,58.95,,score (0–100)
cedefop-esi,EE,Estonia,2024,skills-activation,62.954,,score (0–100)
cedefop-esi,EL,Greece,2017,skills-activation,29.0,,score (0–100)
cedefop-esi,EL,Greece,2018,skills-activation,30.854,,score (0–100)
cedefop-esi,EL,Greece,2019,skills-activation,30.958,,score (0–100)
cedefop-esi,EL,Greece,2020,skills-activation,32.521,,score (0–100)
cedefop-esi,EL,Greece,2021,skills-activation,33.563,,score (0–100)
cedefop-esi,EL,Greece,2022,skills-activation,31.729,,score (0–100)
cedefop-esi,EL,Greece,2023,skills-activation,31.979,,score (0–100)
cedefop-esi,EL,Greece,2024,skills-activation,37.379,,score (0–100)
cedefop-esi,ES,Spain,2017,skills-activation,22.904,,score (0–100)
cedefop-esi,ES,Spain,2018,skills-activation,23.646,,score (0–100)
cedefop-esi,ES,Spain,2019,skills-activation,25.892,,score (0–100)
cedefop-esi,ES,Spain,2020,skills-activation,27.808,,score (0–100)
cedefop-esi,ES,Spain,2021,skills-activation,27.5,,score (0–100)
cedefop-esi,ES,Spain,2022,skills-activation,18.983,,score (0–100)
cedefop-esi,ES,Spain,2023,skills-activation,30.908,,score (0–100)
cedefop-esi,ES,Spain,2024,skills-activation,36.483,,score (0–100)
cedefop-esi,FI,Finland,2017,skills-activation,49.25,,score (0–100)
cedefop-esi,FI,Finland,2018,skills-activation,53.079,,score (0–100)
cedefop-esi,FI,Finland,2019,skills-activation,54.396,,score (0–100)
cedefop-esi,FI,Finland,2020,skills-activation,59.383,,score (0–100)
cedefop-esi,FI,Finland,2021,skills-activation,62.642,,score (0–100)
cedefop-esi,FI,Finland,2022,skills-activation,57.5,,score (0–100)
cedefop-esi,FI,Finland,2023,skills-activation,59.354,,score (0–100)
cedefop-esi,FI,Finland,2024,skills-activation,59.975,,score (0–100)
cedefop-esi,FR,France,2017,skills-activation,41.471,,score (0–100)
cedefop-esi,FR,France,2018,skills-activation,43.067,,score (0–100)
cedefop-esi,FR,France,2019,skills-activation,44.254,,score (0–100)
cedefop-esi,FR,France,2020,skills-activation,49.079,,score (0–100)
cedefop-esi,FR,France,2021,skills-activation,46.842,,score (0–100)
cedefop-esi,FR,France,2022,skills-activation,44.85,,score (0–100)
cedefop-esi,FR,France,2023,skills-activation,51.692,,score (0–100)
cedefop-esi,FR,France,2024,skills-activation,55.608,,score (0–100)
cedefop-esi,HR,Croatia,2017,skills-activation,39.75,,score (0–100)
cedefop-esi,HR,Croatia,2018,skills-activation,45.208,,score (0–100)
cedefop-esi,HR,Croatia,2019,skills-activation,41.975,,score (0–100)
cedefop-esi,HR,Croatia,2020,skills-activation,41.738,,score (0–100)
cedefop-esi,HR,Croatia,2021,skills-activation,46.012,,score (0–100)
cedefop-esi,HR,Croatia,2022,skills-activation,47.55,,score (0–100)
cedefop-esi,HR,Croatia,2023,skills-activation,50.046,,score (0–100)
cedefop-esi,HR,Croatia,2024,skills-activation,57.188,,score (0–100)
cedefop-esi,HU,Hungary,2017,skills-activation,34.933,,score (0–100)
cedefop-esi,HU,Hungary,2018,skills-activation,38.687,,score (0–100)
cedefop-esi,HU,Hungary,2019,skills-activation,40.571,,score (0–100)
cedefop-esi,HU,Hungary,2020,skills-activation,42.417,,score (0–100)
cedefop-esi,HU,Hungary,2021,skills-activation,42.525,,score (0–100)
cedefop-esi,HU,Hungary,2022,skills-activation,39.238,,score (0–100)
cedefop-esi,HU,Hungary,2023,skills-activation,50.25,,score (0–100)
cedefop-esi,HU,Hungary,2024,skills-activation,50.996,,score (0–100)
cedefop-esi,IE,Ireland,2017,skills-activation,49.683,,score (0–100)
cedefop-esi,IE,Ireland,2018,skills-activation,58.175,,score (0–100)
cedefop-esi,IE,Ireland,2019,skills-activation,57.854,,score (0–100)
cedefop-esi,IE,Ireland,2020,skills-activation,58.387,,score (0–100)
cedefop-esi,IE,Ireland,2021,skills-activation,58.646,,score (0–100)
cedefop-esi,IE,Ireland,2022,skills-activation,51.271,,score (0–100)
cedefop-esi,IE,Ireland,2023,skills-activation,67.175,,score (0–100)
cedefop-esi,IE,Ireland,2024,skills-activation,72.592,,score (0–100)
cedefop-esi,IS,Iceland,2017,skills-activation,80.792,,score (0–100)
cedefop-esi,IS,Iceland,2018,skills-activation,88.008,,score (0–100)
cedefop-esi,IS,Iceland,2019,skills-activation,86.533,,score (0–100)
cedefop-esi,IS,Iceland,2020,skills-activation,81.683,,score (0–100)
cedefop-esi,IS,Iceland,2021,skills-activation,80.875,,score (0–100)
cedefop-esi,IS,Iceland,2022,skills-activation,72.771,,score (0–100)
cedefop-esi,IS,Iceland,2023,skills-activation,73.888,,score (0–100)
cedefop-esi,IS,Iceland,2024,skills-activation,83.067,,score (0–100)
cedefop-esi,IT,Italy,2017,skills-activation,2.563,,score (0–100)
cedefop-esi,IT,Italy,2018,skills-activation,3.438,,score (0–100)
cedefop-esi,IT,Italy,2019,skills-activation,2.75,,score (0–100)
cedefop-esi,IT,Italy,2020,skills-activation,2.687,,score (0–100)
cedefop-esi,IT,Italy,2021,skills-activation,3.875,,score (0–100)
cedefop-esi,IT,Italy,2022,skills-activation,1.688,,score (0–100)
cedefop-esi,IT,Italy,2023,skills-activation,3.813,,score (0–100)
cedefop-esi,IT,Italy,2024,skills-activation,10.633,,score (0–100)
cedefop-esi,LT,Lithuania,2017,skills-activation,59.65,,score (0–100)
cedefop-esi,LT,Lithuania,2018,skills-activation,61.163,,score (0–100)
cedefop-esi,LT,Lithuania,2019,skills-activation,60.913,,score (0–100)
cedefop-esi,LT,Lithuania,2020,skills-activation,66.758,,score (0–100)
cedefop-esi,LT,Lithuania,2021,skills-activation,65.483,,score (0–100)
cedefop-esi,LT,Lithuania,2022,skills-activation,58.292,,score (0–100)
cedefop-esi,LT,Lithuania,2023,skills-activation,61.454,,score (0–100)
cedefop-esi,LT,Lithuania,2024,skills-activation,65.537,,score (0–100)
cedefop-esi,LU,Luxembourg,2017,skills-activation,53.342,,score (0–100)
cedefop-esi,LU,Luxembourg,2018,skills-activation,53.725,,score (0–100)
cedefop-esi,LU,Luxembourg,2019,skills-activation,55.438,,score (0–100)
cedefop-esi,LU,Luxembourg,2020,skills-activation,59.204,,score (0–100)
cedefop-esi,LU,Luxembourg,2021,skills-activation,59.183,,score (0–100)
cedefop-esi,LU,Luxembourg,2022,skills-activation,50.75,,score (0–100)
cedefop-esi,LU,Luxembourg,2023,skills-activation,52.725,,score (0–100)
cedefop-esi,LU,Luxembourg,2024,skills-activation,59.496,,score (0–100)
cedefop-esi,LV,Latvia,2017,skills-activation,57.054,,score (0–100)
cedefop-esi,LV,Latvia,2018,skills-activation,52.246,,score (0–100)
cedefop-esi,LV,Latvia,2019,skills-activation,58.687,,score (0–100)
cedefop-esi,LV,Latvia,2020,skills-activation,66.608,,score (0–100)
cedefop-esi,LV,Latvia,2021,skills-activation,60.567,,score (0–100)
cedefop-esi,LV,Latvia,2022,skills-activation,63.212,,score (0–100)
cedefop-esi,LV,Latvia,2023,skills-activation,55.254,,score (0–100)
cedefop-esi,LV,Latvia,2024,skills-activation,64.992,,score (0–100)
cedefop-esi,MT,Malta,2017,skills-activation,55.896,,score (0–100)
cedefop-esi,MT,Malta,2018,skills-activation,61.396,,score (0–100)
cedefop-esi,MT,Malta,2019,skills-activation,63.7,,score (0–100)
cedefop-esi,MT,Malta,2020,skills-activation,72.533,,score (0–100)
cedefop-esi,MT,Malta,2021,skills-activation,71.229,,score (0–100)
cedefop-esi,MT,Malta,2022,skills-activation,73.167,,score (0–100)
cedefop-esi,MT,Malta,2023,skills-activation,72.083,,score (0–100)
cedefop-esi,MT,Malta,2024,skills-activation,81.679,,score (0–100)
cedefop-esi,NL,Netherlands,2017,skills-activation,71.612,,score (0–100)
cedefop-esi,NL,Netherlands,2018,skills-activation,71.921,,score (0–100)
cedefop-esi,NL,Netherlands,2019,skills-activation,73.6,,score (0–100)
cedefop-esi,NL,Netherlands,2020,skills-activation,74.479,,score (0–100)
cedefop-esi,NL,Netherlands,2021,skills-activation,75.454,,score (0–100)
cedefop-esi,NL,Netherlands,2022,skills-activation,73.367,,score (0–100)
cedefop-esi,NL,Netherlands,2023,skills-activation,86.558,,score (0–100)
cedefop-esi,NL,Netherlands,2024,skills-activation,86.517,,score (0–100)
cedefop-esi,NO,Norway,2017,skills-activation,69.162,,score (0–100)
cedefop-esi,NO,Norway,2018,skills-activation,65.65,,score (0–100)
cedefop-esi,NO,Norway,2019,skills-activation,65.467,,score (0–100)
cedefop-esi,NO,Norway,2020,skills-activation,68.517,,score (0–100)
cedefop-esi,NO,Norway,2021,skills-activation,67.375,,score (0–100)
cedefop-esi,NO,Norway,2022,skills-activation,67.842,,score (0–100)
cedefop-esi,NO,Norway,2023,skills-activation,67.333,,score (0–100)
cedefop-esi,NO,Norway,2024,skills-activation,66.029,,score (0–100)
cedefop-esi,PL,Poland,2017,skills-activation,47.704,,score (0–100)
cedefop-esi,PL,Poland,2018,skills-activation,51.175,,score (0–100)
cedefop-esi,PL,Poland,2019,skills-activation,54.317,,score (0–100)
cedefop-esi,PL,Poland,2020,skills-activation,56.608,,score (0–100)
cedefop-esi,PL,Poland,2021,skills-activation,58.625,,score (0–100)
cedefop-esi,PL,Poland,2022,skills-activation,53.383,,score (0–100)
cedefop-esi,PL,Poland,2023,skills-activation,50.188,,score (0–100)
cedefop-esi,PL,Poland,2024,skills-activation,59.071,,score (0–100)
cedefop-esi,PT,Portugal,2017,skills-activation,40.154,,score (0–100)
cedefop-esi,PT,Portugal,2018,skills-activation,41.158,,score (0–100)
cedefop-esi,PT,Portugal,2019,skills-activation,52.654,,score (0–100)
cedefop-esi,PT,Portugal,2020,skills-activation,56.671,,score (0–100)
cedefop-esi,PT,Portugal,2021,skills-activation,57.867,,score (0–100)
cedefop-esi,PT,Portugal,2022,skills-activation,50.279,,score (0–100)
cedefop-esi,PT,Portugal,2023,skills-activation,55.921,,score (0–100)
cedefop-esi,PT,Portugal,2024,skills-activation,61.925,,score (0–100)
cedefop-esi,RO,Romania,2017,skills-activation,11.983,,score (0–100)
cedefop-esi,RO,Romania,2018,skills-activation,8.721,,score (0–100)
cedefop-esi,RO,Romania,2019,skills-activation,19.563,,score (0–100)
cedefop-esi,RO,Romania,2020,skills-activation,22.954,,score (0–100)
cedefop-esi,RO,Romania,2021,skills-activation,24.421,,score (0–100)
cedefop-esi,RO,Romania,2022,skills-activation,24.779,,score (0–100)
cedefop-esi,RO,Romania,2023,skills-activation,8.587,,score (0–100)
cedefop-esi,RO,Romania,2024,skills-activation,9.392,,score (0–100)
cedefop-esi,SE,Sweden,2017,skills-activation,74.225,,score (0–100)
cedefop-esi,SE,Sweden,2018,skills-activation,74.196,,score (0–100)
cedefop-esi,SE,Sweden,2019,skills-activation,75.617,,score (0–100)
cedefop-esi,SE,Sweden,2020,skills-activation,75.608,,score (0–100)
cedefop-esi,SE,Sweden,2021,skills-activation,76.821,,score (0–100)
cedefop-esi,SE,Sweden,2022,skills-activation,71.621,,score (0–100)
cedefop-esi,SE,Sweden,2023,skills-activation,75.175,,score (0–100)
cedefop-esi,SE,Sweden,2024,skills-activation,77.546,,score (0–100)
cedefop-esi,SI,Slovenia,2017,skills-activation,52.083,,score (0–100)
cedefop-esi,SI,Slovenia,2018,skills-activation,56.3,,score (0–100)
cedefop-esi,SI,Slovenia,2019,skills-activation,69.088,,score (0–100)
cedefop-esi,SI,Slovenia,2020,skills-activation,70.613,,score (0–100)
cedefop-esi,SI,Slovenia,2021,skills-activation,69.917,,score (0–100)
cedefop-esi,SI,Slovenia,2022,skills-activation,64.846,,score (0–100)
cedefop-esi,SI,Slovenia,2023,skills-activation,69.108,,score (0–100)
cedefop-esi,SI,Slovenia,2024,skills-activation,67.05,,score (0–100)
cedefop-esi,SK,Slovakia,2017,skills-activation,40.279,,score (0–100)
cedefop-esi,SK,Slovakia,2018,skills-activation,44.025,,score (0–100)
cedefop-esi,SK,Slovakia,2019,skills-activation,39.812,,score (0–100)
cedefop-esi,SK,Slovakia,2020,skills-activation,41.975,,score (0–100)
cedefop-esi,SK,Slovakia,2021,skills-activation,39.183,,score (0–100)
cedefop-esi,SK,Slovakia,2022,skills-activation,37.888,,score (0–100)
cedefop-esi,SK,Slovakia,2023,skills-activation,36.583,,score (0–100)
cedefop-esi,SK,Slovakia,2024,skills-activation,43.433,,score (0–100)
cedefop-esi,UK,United Kingdom,2017,skills-activation,60.158,,score (0–100)
cedefop-esi,UK,United Kingdom,2018,skills-activation,59.787,,score (0–100)
cedefop-esi,UK,United Kingdom,2019,skills-activation,62.733,,score (0–100)
cedefop-esi,UK,United Kingdom,2020,skills-activation,64.467,,score (0–100)
cedefop-esi,UK,United Kingdom,2021,skills-activation,63.038,,score (0–100)
cedefop-esi,UK,United Kingdom,2022,skills-activation,63.038,,score (0–100)
cedefop-esi,UK,United Kingdom,2023,skills-activation,63.038,,score (0–100)
cedefop-esi,UK,United Kingdom,2024,skills-activation,63.038,,score (0–100)
cedefop-esi,AT,Austria,2017,skills-development,60.28,,score (0–100)
cedefop-esi,AT,Austria,2018,skills-development,61.071,,score (0–100)
cedefop-esi,AT,Austria,2019,skills-development,61.455,,score (0–100)
cedefop-esi,AT,Austria,2020,skills-development,61.889,,score (0–100)
cedefop-esi,AT,Austria,2021,skills-development,62.895,,score (0–100)
cedefop-esi,AT,Austria,2022,skills-development,61.205,,score (0–100)
cedefop-esi,AT,Austria,2023,skills-development,61.722,,score (0–100)
cedefop-esi,AT,Austria,2024,skills-development,62.051,,score (0–100)
cedefop-esi,BE,Belgium,2017,skills-development,49.502,,score (0–100)
cedefop-esi,BE,Belgium,2018,skills-development,49.623,,score (0–100)
cedefop-esi,BE,Belgium,2019,skills-development,50.141,,score (0–100)
cedefop-esi,BE,Belgium,2020,skills-development,50.834,,score (0–100)
cedefop-esi,BE,Belgium,2021,skills-development,51.315,,score (0–100)
cedefop-esi,BE,Belgium,2022,skills-development,50.677,,score (0–100)
cedefop-esi,BE,Belgium,2023,skills-development,52.255,,score (0–100)
cedefop-esi,BE,Belgium,2024,skills-development,52.132,,score (0–100)
cedefop-esi,BG,Bulgaria,2017,skills-development,33.176,,score (0–100)
cedefop-esi,BG,Bulgaria,2018,skills-development,32.595,,score (0–100)
cedefop-esi,BG,Bulgaria,2019,skills-development,33.118,,score (0–100)
cedefop-esi,BG,Bulgaria,2020,skills-development,33.757,,score (0–100)
cedefop-esi,BG,Bulgaria,2021,skills-development,33.378,,score (0–100)
cedefop-esi,BG,Bulgaria,2022,skills-development,33.763,,score (0–100)
cedefop-esi,BG,Bulgaria,2023,skills-development,33.957,,score (0–100)
cedefop-esi,BG,Bulgaria,2024,skills-development,34.252,,score (0–100)
cedefop-esi,CH,Switzerland,2017,skills-development,78.574,,score (0–100)
cedefop-esi,CH,Switzerland,2018,skills-development,78.129,,score (0–100)
cedefop-esi,CH,Switzerland,2019,skills-development,77.338,,score (0–100)
cedefop-esi,CH,Switzerland,2020,skills-development,78.096,,score (0–100)
cedefop-esi,CH,Switzerland,2021,skills-development,79.737,,score (0–100)
cedefop-esi,CH,Switzerland,2022,skills-development,77.685,,score (0–100)
cedefop-esi,CH,Switzerland,2023,skills-development,74.187,,score (0–100)
cedefop-esi,CH,Switzerland,2024,skills-development,72.997,,score (0–100)
cedefop-esi,CY,Cyprus,2017,skills-development,23.014,,score (0–100)
cedefop-esi,CY,Cyprus,2018,skills-development,25.044,,score (0–100)
cedefop-esi,CY,Cyprus,2019,skills-development,25.062,,score (0–100)
cedefop-esi,CY,Cyprus,2020,skills-development,25.999,,score (0–100)
cedefop-esi,CY,Cyprus,2021,skills-development,26.507,,score (0–100)
cedefop-esi,CY,Cyprus,2022,skills-development,27.553,,score (0–100)
cedefop-esi,CY,Cyprus,2023,skills-development,31.181,,score (0–100)
cedefop-esi,CY,Cyprus,2024,skills-development,31.911,,score (0–100)
cedefop-esi,CZ,Czechia,2017,skills-development,58.122,,score (0–100)
cedefop-esi,CZ,Czechia,2018,skills-development,57.741,,score (0–100)
cedefop-esi,CZ,Czechia,2019,skills-development,59.916,,score (0–100)
cedefop-esi,CZ,Czechia,2020,skills-development,59.634,,score (0–100)
cedefop-esi,CZ,Czechia,2021,skills-development,59.324,,score (0–100)
cedefop-esi,CZ,Czechia,2022,skills-development,58.696,,score (0–100)
cedefop-esi,CZ,Czechia,2023,skills-development,59.06,,score (0–100)
cedefop-esi,CZ,Czechia,2024,skills-development,60.48,,score (0–100)
cedefop-esi,DE,Germany,2017,skills-development,58.394,,score (0–100)
cedefop-esi,DE,Germany,2018,skills-development,57.504,,score (0–100)
cedefop-esi,DE,Germany,2019,skills-development,57.98,,score (0–100)
cedefop-esi,DE,Germany,2020,skills-development,58.261,,score (0–100)
cedefop-esi,DE,Germany,2021,skills-development,58.457,,score (0–100)
cedefop-esi,DE,Germany,2022,skills-development,57.532,,score (0–100)
cedefop-esi,DE,Germany,2023,skills-development,55.629,,score (0–100)
cedefop-esi,DE,Germany,2024,skills-development,54.596,,score (0–100)
cedefop-esi,DK,Denmark,2017,skills-development,67.683,,score (0–100)
cedefop-esi,DK,Denmark,2018,skills-development,66.976,,score (0–100)
cedefop-esi,DK,Denmark,2019,skills-development,64.096,,score (0–100)
cedefop-esi,DK,Denmark,2020,skills-development,62.201,,score (0–100)
cedefop-esi,DK,Denmark,2021,skills-development,63.157,,score (0–100)
cedefop-esi,DK,Denmark,2022,skills-development,60.447,,score (0–100)
cedefop-esi,DK,Denmark,2023,skills-development,61.747,,score (0–100)
cedefop-esi,DK,Denmark,2024,skills-development,63.782,,score (0–100)
cedefop-esi,EE,Estonia,2017,skills-development,64.169,,score (0–100)
cedefop-esi,EE,Estonia,2018,skills-development,66.662,,score (0–100)
cedefop-esi,EE,Estonia,2019,skills-development,67.828,,score (0–100)
cedefop-esi,EE,Estonia,2020,skills-development,69.075,,score (0–100)
cedefop-esi,EE,Estonia,2021,skills-development,69.485,,score (0–100)
cedefop-esi,EE,Estonia,2022,skills-development,67.548,,score (0–100)
cedefop-esi,EE,Estonia,2023,skills-development,67.882,,score (0–100)
cedefop-esi,EE,Estonia,2024,skills-development,68.317,,score (0–100)
cedefop-esi,EL,Greece,2017,skills-development,29.462,,score (0–100)
cedefop-esi,EL,Greece,2018,skills-development,31.215,,score (0–100)
cedefop-esi,EL,Greece,2019,skills-development,32.483,,score (0–100)
cedefop-esi,EL,Greece,2020,skills-development,32.863,,score (0–100)
cedefop-esi,EL,Greece,2021,skills-development,33.595,,score (0–100)
cedefop-esi,EL,Greece,2022,skills-development,34.707,,score (0–100)
cedefop-esi,EL,Greece,2023,skills-development,34.935,,score (0–100)
cedefop-esi,EL,Greece,2024,skills-development,35.152,,score (0–100)
cedefop-esi,ES,Spain,2017,skills-development,34.805,,score (0–100)
cedefop-esi,ES,Spain,2018,skills-development,34.878,,score (0–100)
cedefop-esi,ES,Spain,2019,skills-development,35.609,,score (0–100)
cedefop-esi,ES,Spain,2020,skills-development,36.919,,score (0–100)
cedefop-esi,ES,Spain,2021,skills-development,38.418,,score (0–100)
cedefop-esi,ES,Spain,2022,skills-development,39.287,,score (0–100)
cedefop-esi,ES,Spain,2023,skills-development,42.768,,score (0–100)
cedefop-esi,ES,Spain,2024,skills-development,43.068,,score (0–100)
cedefop-esi,FI,Finland,2017,skills-development,78.274,,score (0–100)
cedefop-esi,FI,Finland,2018,skills-development,79.804,,score (0–100)
cedefop-esi,FI,Finland,2019,skills-development,80.938,,score (0–100)
cedefop-esi,FI,Finland,2020,skills-development,82.552,,score (0–100)
cedefop-esi,FI,Finland,2021,skills-development,82.356,,score (0–100)
cedefop-esi,FI,Finland,2022,skills-development,81.338,,score (0–100)
cedefop-esi,FI,Finland,2023,skills-development,81.162,,score (0–100)
cedefop-esi,FI,Finland,2024,skills-development,77.7,,score (0–100)
cedefop-esi,FR,France,2017,skills-development,39.823,,score (0–100)
cedefop-esi,FR,France,2018,skills-development,39.936,,score (0–100)
cedefop-esi,FR,France,2019,skills-development,40.235,,score (0–100)
cedefop-esi,FR,France,2020,skills-development,40.504,,score (0–100)
cedefop-esi,FR,France,2021,skills-development,40.969,,score (0–100)
cedefop-esi,FR,France,2022,skills-development,37.619,,score (0–100)
cedefop-esi,FR,France,2023,skills-development,36.303,,score (0–100)
cedefop-esi,FR,France,2024,skills-development,37.082,,score (0–100)
cedefop-esi,HR,Croatia,2017,skills-development,52.715,,score (0–100)
cedefop-esi,HR,Croatia,2018,skills-development,53.475,,score (0–100)
cedefop-esi,HR,Croatia,2019,skills-development,49.275,,score (0–100)
cedefop-esi,HR,Croatia,2020,skills-development,52.651,,score (0–100)
cedefop-esi,HR,Croatia,2021,skills-development,56.124,,score (0–100)
cedefop-esi,HR,Croatia,2022,skills-development,56.528,,score (0–100)
cedefop-esi,HR,Croatia,2023,skills-development,58.546,,score (0–100)
cedefop-esi,HR,Croatia,2024,skills-development,58.677,,score (0–100)
cedefop-esi,HU,Hungary,2017,skills-development,36.395,,score (0–100)
cedefop-esi,HU,Hungary,2018,skills-development,36.379,,score (0–100)
cedefop-esi,HU,Hungary,2019,skills-development,40.876,,score (0–100)
cedefop-esi,HU,Hungary,2020,skills-development,43.085,,score (0–100)
cedefop-esi,HU,Hungary,2021,skills-development,44.373,,score (0–100)
cedefop-esi,HU,Hungary,2022,skills-development,45.437,,score (0–100)
cedefop-esi,HU,Hungary,2023,skills-development,46.298,,score (0–100)
cedefop-esi,HU,Hungary,2024,skills-development,47.387,,score (0–100)
cedefop-esi,IE,Ireland,2017,skills-development,49.252,,score (0–100)
cedefop-esi,IE,Ireland,2018,skills-development,49.106,,score (0–100)
cedefop-esi,IE,Ireland,2019,skills-development,51.709,,score (0–100)
cedefop-esi,IE,Ireland,2020,skills-development,54.239,,score (0–100)
cedefop-esi,IE,Ireland,2021,skills-development,53.201,,score (0–100)
cedefop-esi,IE,Ireland,2022,skills-development,52.313,,score (0–100)
cedefop-esi,IE,Ireland,2023,skills-development,54.811,,score (0–100)
cedefop-esi,IE,Ireland,2024,skills-development,54.026,,score (0–100)
cedefop-esi,IS,Iceland,2017,skills-development,66.271,,score (0–100)
cedefop-esi,IS,Iceland,2018,skills-development,65.84,,score (0–100)
cedefop-esi,IS,Iceland,2019,skills-development,64.541,,score (0–100)
cedefop-esi,IS,Iceland,2020,skills-development,64.163,,score (0–100)
cedefop-esi,IS,Iceland,2021,skills-development,64.312,,score (0–100)
cedefop-esi,IS,Iceland,2022,skills-development,62.219,,score (0–100)
cedefop-esi,IS,Iceland,2023,skills-development,63.656,,score (0–100)
cedefop-esi,IS,Iceland,2024,skills-development,63.484,,score (0–100)
cedefop-esi,IT,Italy,2017,skills-development,37.787,,score (0–100)
cedefop-esi,IT,Italy,2018,skills-development,38.272,,score (0–100)
cedefop-esi,IT,Italy,2019,skills-development,38.682,,score (0–100)
cedefop-esi,IT,Italy,2020,skills-development,38.565,,score (0–100)
cedefop-esi,IT,Italy,2021,skills-development,39.104,,score (0–100)
cedefop-esi,IT,Italy,2022,skills-development,39.088,,score (0–100)
cedefop-esi,IT,Italy,2023,skills-development,40.825,,score (0–100)
cedefop-esi,IT,Italy,2024,skills-development,40.843,,score (0–100)
cedefop-esi,LT,Lithuania,2017,skills-development,45.339,,score (0–100)
cedefop-esi,LT,Lithuania,2018,skills-development,46.269,,score (0–100)
cedefop-esi,LT,Lithuania,2019,skills-development,47.157,,score (0–100)
cedefop-esi,LT,Lithuania,2020,skills-development,48.344,,score (0–100)
cedefop-esi,LT,Lithuania,2021,skills-development,49.119,,score (0–100)
cedefop-esi,LT,Lithuania,2022,skills-development,49.074,,score (0–100)
cedefop-esi,LT,Lithuania,2023,skills-development,49.143,,score (0–100)
cedefop-esi,LT,Lithuania,2024,skills-development,48.858,,score (0–100)
cedefop-esi,LU,Luxembourg,2017,skills-development,64.229,,score (0–100)
cedefop-esi,LU,Luxembourg,2018,skills-development,62.641,,score (0–100)
cedefop-esi,LU,Luxembourg,2019,skills-development,58.475,,score (0–100)
cedefop-esi,LU,Luxembourg,2020,skills-development,59.321,,score (0–100)
cedefop-esi,LU,Luxembourg,2021,skills-development,57.465,,score (0–100)
cedefop-esi,LU,Luxembourg,2022,skills-development,56.041,,score (0–100)
cedefop-esi,LU,Luxembourg,2023,skills-development,60.297,,score (0–100)
cedefop-esi,LU,Luxembourg,2024,skills-development,60.78,,score (0–100)
cedefop-esi,LV,Latvia,2017,skills-development,49.467,,score (0–100)
cedefop-esi,LV,Latvia,2018,skills-development,50.894,,score (0–100)
cedefop-esi,LV,Latvia,2019,skills-development,50.398,,score (0–100)
cedefop-esi,LV,Latvia,2020,skills-development,50.765,,score (0–100)
cedefop-esi,LV,Latvia,2021,skills-development,50.262,,score (0–100)
cedefop-esi,LV,Latvia,2022,skills-development,48.322,,score (0–100)
cedefop-esi,LV,Latvia,2023,skills-development,49.313,,score (0–100)
cedefop-esi,LV,Latvia,2024,skills-development,49.391,,score (0–100)
cedefop-esi,MT,Malta,2017,skills-development,28.954,,score (0–100)
cedefop-esi,MT,Malta,2018,skills-development,29.58,,score (0–100)
cedefop-esi,MT,Malta,2019,skills-development,33.081,,score (0–100)
cedefop-esi,MT,Malta,2020,skills-development,34.327,,score (0–100)
cedefop-esi,MT,Malta,2021,skills-development,36.855,,score (0–100)
cedefop-esi,MT,Malta,2022,skills-development,37.284,,score (0–100)
cedefop-esi,MT,Malta,2023,skills-development,41.091,,score (0–100)
cedefop-esi,MT,Malta,2024,skills-development,40.95,,score (0–100)
cedefop-esi,NL,Netherlands,2017,skills-development,61.076,,score (0–100)
cedefop-esi,NL,Netherlands,2018,skills-development,61.159,,score (0–100)
cedefop-esi,NL,Netherlands,2019,skills-development,63.088,,score (0–100)
cedefop-esi,NL,Netherlands,2020,skills-development,63.095,,score (0–100)
cedefop-esi,NL,Netherlands,2021,skills-development,62.915,,score (0–100)
cedefop-esi,NL,Netherlands,2022,skills-development,62.766,,score (0–100)
cedefop-esi,NL,Netherlands,2023,skills-development,65.787,,score (0–100)
cedefop-esi,NL,Netherlands,2024,skills-development,64.96,,score (0–100)
cedefop-esi,NO,Norway,2017,skills-development,59.885,,score (0–100)
cedefop-esi,NO,Norway,2018,skills-development,58.547,,score (0–100)
cedefop-esi,NO,Norway,2019,skills-development,61.006,,score (0–100)
cedefop-esi,NO,Norway,2020,skills-development,61.368,,score (0–100)
cedefop-esi,NO,Norway,2021,skills-development,62.63,,score (0–100)
cedefop-esi,NO,Norway,2022,skills-development,60.972,,score (0–100)
cedefop-esi,NO,Norway,2023,skills-development,61.494,,score (0–100)
cedefop-esi,NO,Norway,2024,skills-development,61.146,,score (0–100)
cedefop-esi,PL,Poland,2017,skills-development,45.481,,score (0–100)
cedefop-esi,PL,Poland,2018,skills-development,49.151,,score (0–100)
cedefop-esi,PL,Poland,2019,skills-development,50.406,,score (0–100)
cedefop-esi,PL,Poland,2020,skills-development,51.604,,score (0–100)
cedefop-esi,PL,Poland,2021,skills-development,50.965,,score (0–100)
cedefop-esi,PL,Poland,2022,skills-development,52.113,,score (0–100)
cedefop-esi,PL,Poland,2023,skills-development,51.961,,score (0–100)
cedefop-esi,PL,Poland,2024,skills-development,52.161,,score (0–100)
cedefop-esi,PT,Portugal,2017,skills-development,34.324,,score (0–100)
cedefop-esi,PT,Portugal,2018,skills-development,33.254,,score (0–100)
cedefop-esi,PT,Portugal,2019,skills-development,34.175,,score (0–100)
cedefop-esi,PT,Portugal,2020,skills-development,35.105,,score (0–100)
cedefop-esi,PT,Portugal,2021,skills-development,34.579,,score (0–100)
cedefop-esi,PT,Portugal,2022,skills-development,33.827,,score (0–100)
cedefop-esi,PT,Portugal,2023,skills-development,36.78,,score (0–100)
cedefop-esi,PT,Portugal,2024,skills-development,36.882,,score (0–100)
cedefop-esi,RO,Romania,2017,skills-development,25.747,,score (0–100)
cedefop-esi,RO,Romania,2018,skills-development,26.857,,score (0–100)
cedefop-esi,RO,Romania,2019,skills-development,27.97,,score (0–100)
cedefop-esi,RO,Romania,2020,skills-development,28.369,,score (0–100)
cedefop-esi,RO,Romania,2021,skills-development,28.94,,score (0–100)
cedefop-esi,RO,Romania,2022,skills-development,29.603,,score (0–100)
cedefop-esi,RO,Romania,2023,skills-development,33.335,,score (0–100)
cedefop-esi,RO,Romania,2024,skills-development,33.962,,score (0–100)
cedefop-esi,SE,Sweden,2017,skills-development,67.037,,score (0–100)
cedefop-esi,SE,Sweden,2018,skills-development,68.435,,score (0–100)
cedefop-esi,SE,Sweden,2019,skills-development,71.083,,score (0–100)
cedefop-esi,SE,Sweden,2020,skills-development,72.383,,score (0–100)
cedefop-esi,SE,Sweden,2021,skills-development,62.875,,score (0–100)
cedefop-esi,SE,Sweden,2022,skills-development,60.726,,score (0–100)
cedefop-esi,SE,Sweden,2023,skills-development,62.137,,score (0–100)
cedefop-esi,SE,Sweden,2024,skills-development,61.728,,score (0–100)
cedefop-esi,SI,Slovenia,2017,skills-development,65.276,,score (0–100)
cedefop-esi,SI,Slovenia,2018,skills-development,54.153,,score (0–100)
cedefop-esi,SI,Slovenia,2019,skills-development,67.301,,score (0–100)
cedefop-esi,SI,Slovenia,2020,skills-development,66.803,,score (0–100)
cedefop-esi,SI,Slovenia,2021,skills-development,53.011,,score (0–100)
cedefop-esi,SI,Slovenia,2022,skills-development,52.651,,score (0–100)
cedefop-esi,SI,Slovenia,2023,skills-development,57.676,,score (0–100)
cedefop-esi,SI,Slovenia,2024,skills-development,58.251,,score (0–100)
cedefop-esi,SK,Slovakia,2017,skills-development,50.695,,score (0–100)
cedefop-esi,SK,Slovakia,2018,skills-development,52.325,,score (0–100)
cedefop-esi,SK,Slovakia,2019,skills-development,54.278,,score (0–100)
cedefop-esi,SK,Slovakia,2020,skills-development,54.039,,score (0–100)
cedefop-esi,SK,Slovakia,2021,skills-development,52.441,,score (0–100)
cedefop-esi,SK,Slovakia,2022,skills-development,52.024,,score (0–100)
cedefop-esi,SK,Slovakia,2023,skills-development,52.812,,score (0–100)
cedefop-esi,SK,Slovakia,2024,skills-development,56.339,,score (0–100)
cedefop-esi,UK,United Kingdom,2017,skills-development,45.427,,score (0–100)
cedefop-esi,UK,United Kingdom,2018,skills-development,49.911,,score (0–100)
cedefop-esi,UK,United Kingdom,2019,skills-development,49.293,,score (0–100)
cedefop-esi,UK,United Kingdom,2020,skills-development,49.67,,score (0–100)
cedefop-esi,UK,United Kingdom,2021,skills-development,49.124,,score (0–100)
cedefop-esi,UK,United Kingdom,2022,skills-development,48.722,,score (0–100)
cedefop-esi,UK,United Kingdom,2023,skills-development,48.321,,score (0–100)
cedefop-esi,UK,United Kingdom,2024,skills-development,47.919,,score (0–100)
cedefop-esi,AT,Austria,2017,skills-matching,39.65,,score (0–100)
cedefop-esi,AT,Austria,2018,skills-matching,37.283,,score (0–100)
cedefop-esi,AT,Austria,2019,skills-matching,39.478,,score (0–100)
cedefop-esi,AT,Austria,2020,skills-matching,45.506,,score (0–100)
cedefop-esi,AT,Austria,2021,skills-matching,48.026,,score (0–100)
cedefop-esi,AT,Austria,2022,skills-matching,46.957,,score (0–100)
cedefop-esi,AT,Austria,2023,skills-matching,47.149,,score (0–100)
cedefop-esi,AT,Austria,2024,skills-matching,51.592,,score (0–100)
cedefop-esi,BE,Belgium,2017,skills-matching,46.486,,score (0–100)
cedefop-esi,BE,Belgium,2018,skills-matching,47.593,,score (0–100)
cedefop-esi,BE,Belgium,2019,skills-matching,49.133,,score (0–100)
cedefop-esi,BE,Belgium,2020,skills-matching,53.501,,score (0–100)
cedefop-esi,BE,Belgium,2021,skills-matching,55.102,,score (0–100)
cedefop-esi,BE,Belgium,2022,skills-matching,55.6,,score (0–100)
cedefop-esi,BE,Belgium,2023,skills-matching,48.167,,score (0–100)
cedefop-esi,BE,Belgium,2024,skills-matching,51.238,,score (0–100)
cedefop-esi,BG,Bulgaria,2017,skills-matching,49.669,,score (0–100)
cedefop-esi,BG,Bulgaria,2018,skills-matching,52.602,,score (0–100)
cedefop-esi,BG,Bulgaria,2019,skills-matching,56.993,,score (0–100)
cedefop-esi,BG,Bulgaria,2020,skills-matching,54.727,,score (0–100)
cedefop-esi,BG,Bulgaria,2021,skills-matching,62.223,,score (0–100)
cedefop-esi,BG,Bulgaria,2022,skills-matching,63.084,,score (0–100)
cedefop-esi,BG,Bulgaria,2023,skills-matching,60.648,,score (0–100)
cedefop-esi,BG,Bulgaria,2024,skills-matching,61.952,,score (0–100)
cedefop-esi,CH,Switzerland,2017,skills-matching,36.347,,score (0–100)
cedefop-esi,CH,Switzerland,2018,skills-matching,37.694,,score (0–100)
cedefop-esi,CH,Switzerland,2019,skills-matching,36.681,,score (0–100)
cedefop-esi,CH,Switzerland,2020,skills-matching,37.803,,score (0–100)
cedefop-esi,CH,Switzerland,2021,skills-matching,40.46,,score (0–100)
cedefop-esi,CH,Switzerland,2022,skills-matching,40.234,,score (0–100)
cedefop-esi,CH,Switzerland,2023,skills-matching,44.258,,score (0–100)
cedefop-esi,CH,Switzerland,2024,skills-matching,51.268,,score (0–100)
cedefop-esi,CY,Cyprus,2017,skills-matching,9.054,,score (0–100)
cedefop-esi,CY,Cyprus,2018,skills-matching,10.348,,score (0–100)
cedefop-esi,CY,Cyprus,2019,skills-matching,12.422,,score (0–100)
cedefop-esi,CY,Cyprus,2020,skills-matching,25.841,,score (0–100)
cedefop-esi,CY,Cyprus,2021,skills-matching,32.015,,score (0–100)
cedefop-esi,CY,Cyprus,2022,skills-matching,31.466,,score (0–100)
cedefop-esi,CY,Cyprus,2023,skills-matching,29.768,,score (0–100)
cedefop-esi,CY,Cyprus,2024,skills-matching,33.133,,score (0–100)
cedefop-esi,CZ,Czechia,2017,skills-matching,84.279,,score (0–100)
cedefop-esi,CZ,Czechia,2018,skills-matching,87.941,,score (0–100)
cedefop-esi,CZ,Czechia,2019,skills-matching,88.139,,score (0–100)
cedefop-esi,CZ,Czechia,2020,skills-matching,91.294,,score (0–100)
cedefop-esi,CZ,Czechia,2021,skills-matching,94.47,,score (0–100)
cedefop-esi,CZ,Czechia,2022,skills-matching,90.7,,score (0–100)
cedefop-esi,CZ,Czechia,2023,skills-matching,91.153,,score (0–100)
cedefop-esi,CZ,Czechia,2024,skills-matching,92.43,,score (0–100)
cedefop-esi,DE,Germany,2017,skills-matching,48.945,,score (0–100)
cedefop-esi,DE,Germany,2018,skills-matching,49.572,,score (0–100)
cedefop-esi,DE,Germany,2019,skills-matching,50.807,,score (0–100)
cedefop-esi,DE,Germany,2020,skills-matching,52.551,,score (0–100)
cedefop-esi,DE,Germany,2021,skills-matching,54.052,,score (0–100)
cedefop-esi,DE,Germany,2022,skills-matching,55.243,,score (0–100)
cedefop-esi,DE,Germany,2023,skills-matching,58.511,,score (0–100)
cedefop-esi,DE,Germany,2024,skills-matching,60.42,,score (0–100)
cedefop-esi,DK,Denmark,2017,skills-matching,62.858,,score (0–100)
cedefop-esi,DK,Denmark,2018,skills-matching,59.944,,score (0–100)
cedefop-esi,DK,Denmark,2019,skills-matching,62.034,,score (0–100)
cedefop-esi,DK,Denmark,2020,skills-matching,66.773,,score (0–100)
cedefop-esi,DK,Denmark,2021,skills-matching,68.406,,score (0–100)
cedefop-esi,DK,Denmark,2022,skills-matching,65.982,,score (0–100)
cedefop-esi,DK,Denmark,2023,skills-matching,64.272,,score (0–100)
cedefop-esi,DK,Denmark,2024,skills-matching,68.321,,score (0–100)
cedefop-esi,EE,Estonia,2017,skills-matching,52.471,,score (0–100)
cedefop-esi,EE,Estonia,2018,skills-matching,52.943,,score (0–100)
cedefop-esi,EE,Estonia,2019,skills-matching,61.129,,score (0–100)
cedefop-esi,EE,Estonia,2020,skills-matching,62.204,,score (0–100)
cedefop-esi,EE,Estonia,2021,skills-matching,62.572,,score (0–100)
cedefop-esi,EE,Estonia,2022,skills-matching,59.647,,score (0–100)
cedefop-esi,EE,Estonia,2023,skills-matching,62.785,,score (0–100)
cedefop-esi,EE,Estonia,2024,skills-matching,63.507,,score (0–100)
cedefop-esi,EL,Greece,2017,skills-matching,10.333,,score (0–100)
cedefop-esi,EL,Greece,2018,skills-matching,8.355,,score (0–100)
cedefop-esi,EL,Greece,2019,skills-matching,8.967,,score (0–100)
cedefop-esi,EL,Greece,2020,skills-matching,9.978,,score (0–100)
cedefop-esi,EL,Greece,2021,skills-matching,12.877,,score (0–100)
cedefop-esi,EL,Greece,2022,skills-matching,15.338,,score (0–100)
cedefop-esi,EL,Greece,2023,skills-matching,17.85,,score (0–100)
cedefop-esi,EL,Greece,2024,skills-matching,20.043,,score (0–100)
cedefop-esi,ES,Spain,2017,skills-matching,5.059,,score (0–100)
cedefop-esi,ES,Spain,2018,skills-matching,6.635,,score (0–100)
cedefop-esi,ES,Spain,2019,skills-matching,8.353,,score (0–100)
cedefop-esi,ES,Spain,2020,skills-matching,9.985,,score (0–100)
cedefop-esi,ES,Spain,2021,skills-matching,10.482,,score (0–100)
cedefop-esi,ES,Spain,2022,skills-matching,11.984,,score (0–100)
cedefop-esi,ES,Spain,2023,skills-matching,9.982,,score (0–100)
cedefop-esi,ES,Spain,2024,skills-matching,12.491,,score (0–100)
cedefop-esi,FI,Finland,2017,skills-matching,58.789,,score (0–100)
cedefop-esi,FI,Finland,2018,skills-matching,53.063,,score (0–100)
cedefop-esi,FI,Finland,2019,skills-matching,57.834,,score (0–100)
cedefop-esi,FI,Finland,2020,skills-matching,62.039,,score (0–100)
cedefop-esi,FI,Finland,2021,skills-matching,63.504,,score (0–100)
cedefop-esi,FI,Finland,2022,skills-matching,63.887,,score (0–100)
cedefop-esi,FI,Finland,2023,skills-matching,61.022,,score (0–100)
cedefop-esi,FI,Finland,2024,skills-matching,63.877,,score (0–100)
cedefop-esi,FR,France,2017,skills-matching,34.071,,score (0–100)
cedefop-esi,FR,France,2018,skills-matching,37.583,,score (0–100)
cedefop-esi,FR,France,2019,skills-matching,36.093,,score (0–100)
cedefop-esi,FR,France,2020,skills-matching,43.199,,score (0–100)
cedefop-esi,FR,France,2021,skills-matching,44.894,,score (0–100)
cedefop-esi,FR,France,2022,skills-matching,49.553,,score (0–100)
cedefop-esi,FR,France,2023,skills-matching,46.22,,score (0–100)
cedefop-esi,FR,France,2024,skills-matching,48.45,,score (0–100)
cedefop-esi,HR,Croatia,2017,skills-matching,53.418,,score (0–100)
cedefop-esi,HR,Croatia,2018,skills-matching,53.521,,score (0–100)
cedefop-esi,HR,Croatia,2019,skills-matching,57.593,,score (0–100)
cedefop-esi,HR,Croatia,2020,skills-matching,64.606,,score (0–100)
cedefop-esi,HR,Croatia,2021,skills-matching,75.004,,score (0–100)
cedefop-esi,HR,Croatia,2022,skills-matching,75.437,,score (0–100)
cedefop-esi,HR,Croatia,2023,skills-matching,65.749,,score (0–100)
cedefop-esi,HR,Croatia,2024,skills-matching,67.339,,score (0–100)
cedefop-esi,HU,Hungary,2017,skills-matching,74.474,,score (0–100)
cedefop-esi,HU,Hungary,2018,skills-matching,75.568,,score (0–100)
cedefop-esi,HU,Hungary,2019,skills-matching,80.532,,score (0–100)
cedefop-esi,HU,Hungary,2020,skills-matching,81.233,,score (0–100)
cedefop-esi,HU,Hungary,2021,skills-matching,78.999,,score (0–100)
cedefop-esi,HU,Hungary,2022,skills-matching,84.054,,score (0–100)
cedefop-esi,HU,Hungary,2023,skills-matching,83.778,,score (0–100)
cedefop-esi,HU,Hungary,2024,skills-matching,85.01,,score (0–100)
cedefop-esi,IE,Ireland,2017,skills-matching,10.532,,score (0–100)
cedefop-esi,IE,Ireland,2018,skills-matching,17.132,,score (0–100)
cedefop-esi,IE,Ireland,2019,skills-matching,22.43,,score (0–100)
cedefop-esi,IE,Ireland,2020,skills-matching,23.903,,score (0–100)
cedefop-esi,IE,Ireland,2021,skills-matching,29.144,,score (0–100)
cedefop-esi,IE,Ireland,2022,skills-matching,31.024,,score (0–100)
cedefop-esi,IE,Ireland,2023,skills-matching,31.09,,score (0–100)
cedefop-esi,IE,Ireland,2024,skills-matching,33.688,,score (0–100)
cedefop-esi,IS,Iceland,2017,skills-matching,47.8,,score (0–100)
cedefop-esi,IS,Iceland,2018,skills-matching,47.336,,score (0–100)
cedefop-esi,IS,Iceland,2019,skills-matching,45.534,,score (0–100)
cedefop-esi,IS,Iceland,2020,skills-matching,46.821,,score (0–100)
cedefop-esi,IS,Iceland,2021,skills-matching,55.405,,score (0–100)
cedefop-esi,IS,Iceland,2022,skills-matching,52.115,,score (0–100)
cedefop-esi,IS,Iceland,2023,skills-matching,55.147,,score (0–100)
cedefop-esi,IS,Iceland,2024,skills-matching,58.056,,score (0–100)
cedefop-esi,IT,Italy,2017,skills-matching,30.078,,score (0–100)
cedefop-esi,IT,Italy,2018,skills-matching,31.176,,score (0–100)
cedefop-esi,IT,Italy,2019,skills-matching,30.534,,score (0–100)
cedefop-esi,IT,Italy,2020,skills-matching,31.461,,score (0–100)
cedefop-esi,IT,Italy,2021,skills-matching,32.701,,score (0–100)
cedefop-esi,IT,Italy,2022,skills-matching,32.114,,score (0–100)
cedefop-esi,IT,Italy,2023,skills-matching,31.124,,score (0–100)
cedefop-esi,IT,Italy,2024,skills-matching,33.363,,score (0–100)
cedefop-esi,LT,Lithuania,2017,skills-matching,42.736,,score (0–100)
cedefop-esi,LT,Lithuania,2018,skills-matching,48.731,,score (0–100)
cedefop-esi,LT,Lithuania,2019,skills-matching,51.355,,score (0–100)
cedefop-esi,LT,Lithuania,2020,skills-matching,53.962,,score (0–100)
cedefop-esi,LT,Lithuania,2021,skills-matching,53.111,,score (0–100)
cedefop-esi,LT,Lithuania,2022,skills-matching,51.564,,score (0–100)
cedefop-esi,LT,Lithuania,2023,skills-matching,52.433,,score (0–100)
cedefop-esi,LT,Lithuania,2024,skills-matching,52.153,,score (0–100)
cedefop-esi,LU,Luxembourg,2017,skills-matching,70.225,,score (0–100)
cedefop-esi,LU,Luxembourg,2018,skills-matching,67.003,,score (0–100)
cedefop-esi,LU,Luxembourg,2019,skills-matching,72.621,,score (0–100)
cedefop-esi,LU,Luxembourg,2020,skills-matching,74.051,,score (0–100)
cedefop-esi,LU,Luxembourg,2021,skills-matching,74.142,,score (0–100)
cedefop-esi,LU,Luxembourg,2022,skills-matching,73.649,,score (0–100)
cedefop-esi,LU,Luxembourg,2023,skills-matching,67.577,,score (0–100)
cedefop-esi,LU,Luxembourg,2024,skills-matching,69.212,,score (0–100)
cedefop-esi,LV,Latvia,2017,skills-matching,47.063,,score (0–100)
cedefop-esi,LV,Latvia,2018,skills-matching,49.58,,score (0–100)
cedefop-esi,LV,Latvia,2019,skills-matching,52.214,,score (0–100)
cedefop-esi,LV,Latvia,2020,skills-matching,43.476,,score (0–100)
cedefop-esi,LV,Latvia,2021,skills-matching,43.664,,score (0–100)
cedefop-esi,LV,Latvia,2022,skills-matching,53.666,,score (0–100)
cedefop-esi,LV,Latvia,2023,skills-matching,56.978,,score (0–100)
cedefop-esi,LV,Latvia,2024,skills-matching,61.995,,score (0–100)
cedefop-esi,MT,Malta,2017,skills-matching,72.467,,score (0–100)
cedefop-esi,MT,Malta,2018,skills-matching,78.506,,score (0–100)
cedefop-esi,MT,Malta,2019,skills-matching,79.797,,score (0–100)
cedefop-esi,MT,Malta,2020,skills-matching,72.068,,score (0–100)
cedefop-esi,MT,Malta,2021,skills-matching,73.044,,score (0–100)
cedefop-esi,MT,Malta,2022,skills-matching,73.79,,score (0–100)
cedefop-esi,MT,Malta,2023,skills-matching,72.496,,score (0–100)
cedefop-esi,MT,Malta,2024,skills-matching,73.188,,score (0–100)
cedefop-esi,NL,Netherlands,2017,skills-matching,36.026,,score (0–100)
cedefop-esi,NL,Netherlands,2018,skills-matching,42.57,,score (0–100)
cedefop-esi,NL,Netherlands,2019,skills-matching,46.26,,score (0–100)
cedefop-esi,NL,Netherlands,2020,skills-matching,52.41,,score (0–100)
cedefop-esi,NL,Netherlands,2021,skills-matching,54.523,,score (0–100)
cedefop-esi,NL,Netherlands,2022,skills-matching,54.306,,score (0–100)
cedefop-esi,NL,Netherlands,2023,skills-matching,47.933,,score (0–100)
cedefop-esi,NL,Netherlands,2024,skills-matching,50.548,,score (0–100)
cedefop-esi,NO,Norway,2017,skills-matching,53.634,,score (0–100)
cedefop-esi,NO,Norway,2018,skills-matching,54.42,,score (0–100)
cedefop-esi,NO,Norway,2019,skills-matching,59.048,,score (0–100)
cedefop-esi,NO,Norway,2020,skills-matching,56.707,,score (0–100)
cedefop-esi,NO,Norway,2021,skills-matching,57.675,,score (0–100)
cedefop-esi,NO,Norway,2022,skills-matching,55.997,,score (0–100)
cedefop-esi,NO,Norway,2023,skills-matching,52.117,,score (0–100)
cedefop-esi,NO,Norway,2024,skills-matching,54.494,,score (0–100)
cedefop-esi,PL,Poland,2017,skills-matching,59.612,,score (0–100)
cedefop-esi,PL,Poland,2018,skills-matching,63.747,,score (0–100)
cedefop-esi,PL,Poland,2019,skills-matching,67.076,,score (0–100)
cedefop-esi,PL,Poland,2020,skills-matching,72.365,,score (0–100)
cedefop-esi,PL,Poland,2021,skills-matching,74.034,,score (0–100)
cedefop-esi,PL,Poland,2022,skills-matching,75.528,,score (0–100)
cedefop-esi,PL,Poland,2023,skills-matching,75.883,,score (0–100)
cedefop-esi,PL,Poland,2024,skills-matching,76.682,,score (0–100)
cedefop-esi,PT,Portugal,2017,skills-matching,29.187,,score (0–100)
cedefop-esi,PT,Portugal,2018,skills-matching,28.697,,score (0–100)
cedefop-esi,PT,Portugal,2019,skills-matching,31.612,,score (0–100)
cedefop-esi,PT,Portugal,2020,skills-matching,37.872,,score (0–100)
cedefop-esi,PT,Portugal,2021,skills-matching,41.291,,score (0–100)
cedefop-esi,PT,Portugal,2022,skills-matching,44.006,,score (0–100)
cedefop-esi,PT,Portugal,2023,skills-matching,42.915,,score (0–100)
cedefop-esi,PT,Portugal,2024,skills-matching,43.062,,score (0–100)
cedefop-esi,RO,Romania,2017,skills-matching,51.41,,score (0–100)
cedefop-esi,RO,Romania,2018,skills-matching,55.836,,score (0–100)
cedefop-esi,RO,Romania,2019,skills-matching,60.531,,score (0–100)
cedefop-esi,RO,Romania,2020,skills-matching,61.053,,score (0–100)
cedefop-esi,RO,Romania,2021,skills-matching,67.711,,score (0–100)
cedefop-esi,RO,Romania,2022,skills-matching,67.837,,score (0–100)
cedefop-esi,RO,Romania,2023,skills-matching,70.909,,score (0–100)
cedefop-esi,RO,Romania,2024,skills-matching,70.242,,score (0–100)
cedefop-esi,SE,Sweden,2017,skills-matching,55.722,,score (0–100)
cedefop-esi,SE,Sweden,2018,skills-matching,59.829,,score (0–100)
cedefop-esi,SE,Sweden,2019,skills-matching,60.592,,score (0–100)
cedefop-esi,SE,Sweden,2020,skills-matching,62.07,,score (0–100)
cedefop-esi,SE,Sweden,2021,skills-matching,64.604,,score (0–100)
cedefop-esi,SE,Sweden,2022,skills-matching,61.726,,score (0–100)
cedefop-esi,SE,Sweden,2023,skills-matching,64.008,,score (0–100)
cedefop-esi,SE,Sweden,2024,skills-matching,65.508,,score (0–100)
cedefop-esi,SI,Slovenia,2017,skills-matching,50.069,,score (0–100)
cedefop-esi,SI,Slovenia,2018,skills-matching,50.578,,score (0–100)
cedefop-esi,SI,Slovenia,2019,skills-matching,56.004,,score (0–100)
cedefop-esi,SI,Slovenia,2020,skills-matching,64.263,,score (0–100)
cedefop-esi,SI,Slovenia,2021,skills-matching,68.847,,score (0–100)
cedefop-esi,SI,Slovenia,2022,skills-matching,68.693,,score (0–100)
cedefop-esi,SI,Slovenia,2023,skills-matching,66.483,,score (0–100)
cedefop-esi,SI,Slovenia,2024,skills-matching,69.594,,score (0–100)
cedefop-esi,SK,Slovakia,2017,skills-matching,57.738,,score (0–100)
cedefop-esi,SK,Slovakia,2018,skills-matching,56.321,,score (0–100)
cedefop-esi,SK,Slovakia,2019,skills-matching,56.411,,score (0–100)
cedefop-esi,SK,Slovakia,2020,skills-matching,56.399,,score (0–100)
cedefop-esi,SK,Slovakia,2021,skills-matching,60.832,,score (0–100)
cedefop-esi,SK,Slovakia,2022,skills-matching,63.489,,score (0–100)
cedefop-esi,SK,Slovakia,2023,skills-matching,64.241,,score (0–100)
cedefop-esi,SK,Slovakia,2024,skills-matching,63.857,,score (0–100)
cedefop-esi,UK,United Kingdom,2017,skills-matching,24.151,,score (0–100)
cedefop-esi,UK,United Kingdom,2018,skills-matching,25.846,,score (0–100)
cedefop-esi,UK,United Kingdom,2019,skills-matching,26.099,,score (0–100)
cedefop-esi,UK,United Kingdom,2020,skills-matching,28.067,,score (0–100)
cedefop-esi,UK,United Kingdom,2021,skills-matching,30.094,,score (0–100)
cedefop-esi,UK,United Kingdom,2022,skills-matching,30.094,,score (0–100)
cedefop-esi,UK,United Kingdom,2023,skills-matching,30.094,,score (0–100)
cedefop-esi,UK,United Kingdom,2024,skills-matching,30.094,,score (0–100)
cedefop-esi,AT,Austria,2017,skills-mismatch,30.771,,score (0–100)
cedefop-esi,AT,Austria,2018,skills-mismatch,29.748,,score (0–100)
cedefop-esi,AT,Austria,2019,skills-mismatch,31.621,,score (0–100)
cedefop-esi,AT,Austria,2020,skills-mismatch,33.601,,score (0–100)
cedefop-esi,AT,Austria,2021,skills-mismatch,32.716,,score (0–100)
cedefop-esi,AT,Austria,2022,skills-mismatch,35.715,,score (0–100)
cedefop-esi,AT,Austria,2023,skills-mismatch,34.591,,score (0–100)
cedefop-esi,AT,Austria,2024,skills-mismatch,34.624,,score (0–100)
cedefop-esi,BE,Belgium,2017,skills-mismatch,49.373,,score (0–100)
cedefop-esi,BE,Belgium,2018,skills-mismatch,48.658,,score (0–100)
cedefop-esi,BE,Belgium,2019,skills-mismatch,48.684,,score (0–100)
cedefop-esi,BE,Belgium,2020,skills-mismatch,53.069,,score (0–100)
cedefop-esi,BE,Belgium,2021,skills-mismatch,51.341,,score (0–100)
cedefop-esi,BE,Belgium,2022,skills-mismatch,51.986,,score (0–100)
cedefop-esi,BE,Belgium,2023,skills-mismatch,46.597,,score (0–100)
cedefop-esi,BE,Belgium,2024,skills-mismatch,47.225,,score (0–100)
cedefop-esi,BG,Bulgaria,2017,skills-mismatch,44.54,,score (0–100)
cedefop-esi,BG,Bulgaria,2018,skills-mismatch,49.084,,score (0–100)
cedefop-esi,BG,Bulgaria,2019,skills-mismatch,50.22,,score (0–100)
cedefop-esi,BG,Bulgaria,2020,skills-mismatch,43.34,,score (0–100)
cedefop-esi,BG,Bulgaria,2021,skills-mismatch,51.689,,score (0–100)
cedefop-esi,BG,Bulgaria,2022,skills-mismatch,51.511,,score (0–100)
cedefop-esi,BG,Bulgaria,2023,skills-mismatch,46.858,,score (0–100)
cedefop-esi,BG,Bulgaria,2024,skills-mismatch,47.253,,score (0–100)
cedefop-esi,CH,Switzerland,2017,skills-mismatch,40.58,,score (0–100)
cedefop-esi,CH,Switzerland,2018,skills-mismatch,42.134,,score (0–100)
cedefop-esi,CH,Switzerland,2019,skills-mismatch,40.897,,score (0–100)
cedefop-esi,CH,Switzerland,2020,skills-mismatch,43.189,,score (0–100)
cedefop-esi,CH,Switzerland,2021,skills-mismatch,45.611,,score (0–100)
cedefop-esi,CH,Switzerland,2022,skills-mismatch,46.316,,score (0–100)
cedefop-esi,CH,Switzerland,2023,skills-mismatch,47.606,,score (0–100)
cedefop-esi,CH,Switzerland,2024,skills-mismatch,47.606,,score (0–100)
cedefop-esi,CY,Cyprus,2017,skills-mismatch,15.09,,score (0–100)
cedefop-esi,CY,Cyprus,2018,skills-mismatch,17.247,,score (0–100)
cedefop-esi,CY,Cyprus,2019,skills-mismatch,17.503,,score (0–100)
cedefop-esi,CY,Cyprus,2020,skills-mismatch,19.442,,score (0–100)
cedefop-esi,CY,Cyprus,2021,skills-mismatch,21.652,,score (0–100)
cedefop-esi,CY,Cyprus,2022,skills-mismatch,22.547,,score (0–100)
cedefop-esi,CY,Cyprus,2023,skills-mismatch,21.48,,score (0–100)
cedefop-esi,CY,Cyprus,2024,skills-mismatch,20.324,,score (0–100)
cedefop-esi,CZ,Czechia,2017,skills-mismatch,85.441,,score (0–100)
cedefop-esi,CZ,Czechia,2018,skills-mismatch,87.025,,score (0–100)
cedefop-esi,CZ,Czechia,2019,skills-mismatch,83.195,,score (0–100)
cedefop-esi,CZ,Czechia,2020,skills-mismatch,86.675,,score (0–100)
cedefop-esi,CZ,Czechia,2021,skills-mismatch,91.376,,score (0–100)
cedefop-esi,CZ,Czechia,2022,skills-mismatch,85.092,,score (0–100)
cedefop-esi,CZ,Czechia,2023,skills-mismatch,87.032,,score (0–100)
cedefop-esi,CZ,Czechia,2024,skills-mismatch,87.976,,score (0–100)
cedefop-esi,DE,Germany,2017,skills-mismatch,43.477,,score (0–100)
cedefop-esi,DE,Germany,2018,skills-mismatch,40.694,,score (0–100)
cedefop-esi,DE,Germany,2019,skills-mismatch,40.454,,score (0–100)
cedefop-esi,DE,Germany,2020,skills-mismatch,40.451,,score (0–100)
cedefop-esi,DE,Germany,2021,skills-mismatch,40.18,,score (0–100)
cedefop-esi,DE,Germany,2022,skills-mismatch,40.533,,score (0–100)
cedefop-esi,DE,Germany,2023,skills-mismatch,40.967,,score (0–100)
cedefop-esi,DE,Germany,2024,skills-mismatch,41.478,,score (0–100)
cedefop-esi,DK,Denmark,2017,skills-mismatch,54.589,,score (0–100)
cedefop-esi,DK,Denmark,2018,skills-mismatch,60.175,,score (0–100)
cedefop-esi,DK,Denmark,2019,skills-mismatch,58.554,,score (0–100)
cedefop-esi,DK,Denmark,2020,skills-mismatch,59.987,,score (0–100)
cedefop-esi,DK,Denmark,2021,skills-mismatch,62.781,,score (0–100)
cedefop-esi,DK,Denmark,2022,skills-mismatch,60.818,,score (0–100)
cedefop-esi,DK,Denmark,2023,skills-mismatch,58.159,,score (0–100)
cedefop-esi,DK,Denmark,2024,skills-mismatch,57.675,,score (0–100)
cedefop-esi,EE,Estonia,2017,skills-mismatch,36.704,,score (0–100)
cedefop-esi,EE,Estonia,2018,skills-mismatch,36.195,,score (0–100)
cedefop-esi,EE,Estonia,2019,skills-mismatch,45.037,,score (0–100)
cedefop-esi,EE,Estonia,2020,skills-mismatch,44.699,,score (0–100)
cedefop-esi,EE,Estonia,2021,skills-mismatch,42.327,,score (0–100)
cedefop-esi,EE,Estonia,2022,skills-mismatch,40.013,,score (0–100)
cedefop-esi,EE,Estonia,2023,skills-mismatch,47.45,,score (0–100)
cedefop-esi,EE,Estonia,2024,skills-mismatch,46.589,,score (0–100)
cedefop-esi,EL,Greece,2017,skills-mismatch,5.467,,score (0–100)
cedefop-esi,EL,Greece,2018,skills-mismatch,5.261,,score (0–100)
cedefop-esi,EL,Greece,2019,skills-mismatch,5.3,,score (0–100)
cedefop-esi,EL,Greece,2020,skills-mismatch,5.422,,score (0–100)
cedefop-esi,EL,Greece,2021,skills-mismatch,8.896,,score (0–100)
cedefop-esi,EL,Greece,2022,skills-mismatch,10.185,,score (0–100)
cedefop-esi,EL,Greece,2023,skills-mismatch,9.707,,score (0–100)
cedefop-esi,EL,Greece,2024,skills-mismatch,10.463,,score (0–100)
cedefop-esi,ES,Spain,2017,skills-mismatch,6.248,,score (0–100)
cedefop-esi,ES,Spain,2018,skills-mismatch,6.087,,score (0–100)
cedefop-esi,ES,Spain,2019,skills-mismatch,7.621,,score (0–100)
cedefop-esi,ES,Spain,2020,skills-mismatch,7.954,,score (0–100)
cedefop-esi,ES,Spain,2021,skills-mismatch,7.346,,score (0–100)
cedefop-esi,ES,Spain,2022,skills-mismatch,8.312,,score (0–100)
cedefop-esi,ES,Spain,2023,skills-mismatch,6.501,,score (0–100)
cedefop-esi,ES,Spain,2024,skills-mismatch,7.762,,score (0–100)
cedefop-esi,FI,Finland,2017,skills-mismatch,65.049,,score (0–100)
cedefop-esi,FI,Finland,2018,skills-mismatch,56.249,,score (0–100)
cedefop-esi,FI,Finland,2019,skills-mismatch,60.754,,score (0–100)
cedefop-esi,FI,Finland,2020,skills-mismatch,65.371,,score (0–100)
cedefop-esi,FI,Finland,2021,skills-mismatch,64.738,,score (0–100)
cedefop-esi,FI,Finland,2022,skills-mismatch,66.796,,score (0–100)
cedefop-esi,FI,Finland,2023,skills-mismatch,64.599,,score (0–100)
cedefop-esi,FI,Finland,2024,skills-mismatch,64.922,,score (0–100)
cedefop-esi,FR,France,2017,skills-mismatch,38.099,,score (0–100)
cedefop-esi,FR,France,2018,skills-mismatch,42.812,,score (0–100)
cedefop-esi,FR,France,2019,skills-mismatch,37.485,,score (0–100)
cedefop-esi,FR,France,2020,skills-mismatch,45.292,,score (0–100)
cedefop-esi,FR,France,2021,skills-mismatch,44.573,,score (0–100)
cedefop-esi,FR,France,2022,skills-mismatch,47.937,,score (0–100)
cedefop-esi,FR,France,2023,skills-mismatch,45.722,,score (0–100)
cedefop-esi,FR,France,2024,skills-mismatch,45.155,,score (0–100)
cedefop-esi,HR,Croatia,2017,skills-mismatch,59.839,,score (0–100)
cedefop-esi,HR,Croatia,2018,skills-mismatch,58.016,,score (0–100)
cedefop-esi,HR,Croatia,2019,skills-mismatch,60.844,,score (0–100)
cedefop-esi,HR,Croatia,2020,skills-mismatch,64.608,,score (0–100)
cedefop-esi,HR,Croatia,2021,skills-mismatch,75.339,,score (0–100)
cedefop-esi,HR,Croatia,2022,skills-mismatch,75.041,,score (0–100)
cedefop-esi,HR,Croatia,2023,skills-mismatch,64.228,,score (0–100)
cedefop-esi,HR,Croatia,2024,skills-mismatch,64.539,,score (0–100)
cedefop-esi,HU,Hungary,2017,skills-mismatch,78.442,,score (0–100)
cedefop-esi,HU,Hungary,2018,skills-mismatch,73.203,,score (0–100)
cedefop-esi,HU,Hungary,2019,skills-mismatch,75.824,,score (0–100)
cedefop-esi,HU,Hungary,2020,skills-mismatch,74.982,,score (0–100)
cedefop-esi,HU,Hungary,2021,skills-mismatch,69.139,,score (0–100)
cedefop-esi,HU,Hungary,2022,skills-mismatch,78.155,,score (0–100)
cedefop-esi,HU,Hungary,2023,skills-mismatch,79.482,,score (0–100)
cedefop-esi,HU,Hungary,2024,skills-mismatch,79.165,,score (0–100)
cedefop-esi,IE,Ireland,2017,skills-mismatch,6.096,,score (0–100)
cedefop-esi,IE,Ireland,2018,skills-mismatch,9.287,,score (0–100)
cedefop-esi,IE,Ireland,2019,skills-mismatch,10.176,,score (0–100)
cedefop-esi,IE,Ireland,2020,skills-mismatch,9.4,,score (0–100)
cedefop-esi,IE,Ireland,2021,skills-mismatch,13.161,,score (0–100)
cedefop-esi,IE,Ireland,2022,skills-mismatch,15.082,,score (0–100)
cedefop-esi,IE,Ireland,2023,skills-mismatch,17.156,,score (0–100)
cedefop-esi,IE,Ireland,2024,skills-mismatch,15.862,,score (0–100)
cedefop-esi,IS,Iceland,2017,skills-mismatch,40.483,,score (0–100)
cedefop-esi,IS,Iceland,2018,skills-mismatch,34.543,,score (0–100)
cedefop-esi,IS,Iceland,2019,skills-mismatch,30.539,,score (0–100)
cedefop-esi,IS,Iceland,2020,skills-mismatch,31.228,,score (0–100)
cedefop-esi,IS,Iceland,2021,skills-mismatch,41.21,,score (0–100)
cedefop-esi,IS,Iceland,2022,skills-mismatch,43.13,,score (0–100)
cedefop-esi,IS,Iceland,2023,skills-mismatch,43.13,,score (0–100)
cedefop-esi,IS,Iceland,2024,skills-mismatch,43.13,,score (0–100)
cedefop-esi,IT,Italy,2017,skills-mismatch,25.146,,score (0–100)
cedefop-esi,IT,Italy,2018,skills-mismatch,26.465,,score (0–100)
cedefop-esi,IT,Italy,2019,skills-mismatch,25.199,,score (0–100)
cedefop-esi,IT,Italy,2020,skills-mismatch,25.223,,score (0–100)
cedefop-esi,IT,Italy,2021,skills-mismatch,27.125,,score (0–100)
cedefop-esi,IT,Italy,2022,skills-mismatch,31.182,,score (0–100)
cedefop-esi,IT,Italy,2023,skills-mismatch,29.908,,score (0–100)
cedefop-esi,IT,Italy,2024,skills-mismatch,30.158,,score (0–100)
cedefop-esi,LT,Lithuania,2017,skills-mismatch,31.163,,score (0–100)
cedefop-esi,LT,Lithuania,2018,skills-mismatch,34.031,,score (0–100)
cedefop-esi,LT,Lithuania,2019,skills-mismatch,35.805,,score (0–100)
cedefop-esi,LT,Lithuania,2020,skills-mismatch,34.488,,score (0–100)
cedefop-esi,LT,Lithuania,2021,skills-mismatch,31.443,,score (0–100)
cedefop-esi,LT,Lithuania,2022,skills-mismatch,32.714,,score (0–100)
cedefop-esi,LT,Lithuania,2023,skills-mismatch,37.884,,score (0–100)
cedefop-esi,LT,Lithuania,2024,skills-mismatch,36.428,,score (0–100)
cedefop-esi,LU,Luxembourg,2017,skills-mismatch,69.678,,score (0–100)
cedefop-esi,LU,Luxembourg,2018,skills-mismatch,65.062,,score (0–100)
cedefop-esi,LU,Luxembourg,2019,skills-mismatch,72.553,,score (0–100)
cedefop-esi,LU,Luxembourg,2020,skills-mismatch,68.984,,score (0–100)
cedefop-esi,LU,Luxembourg,2021,skills-mismatch,68.632,,score (0–100)
cedefop-esi,LU,Luxembourg,2022,skills-mismatch,69.154,,score (0–100)
cedefop-esi,LU,Luxembourg,2023,skills-mismatch,67.915,,score (0–100)
cedefop-esi,LU,Luxembourg,2024,skills-mismatch,68.826,,score (0–100)
cedefop-esi,LV,Latvia,2017,skills-mismatch,51.233,,score (0–100)
cedefop-esi,LV,Latvia,2018,skills-mismatch,55.734,,score (0–100)
cedefop-esi,LV,Latvia,2019,skills-mismatch,53.228,,score (0–100)
cedefop-esi,LV,Latvia,2020,skills-mismatch,34.939,,score (0–100)
cedefop-esi,LV,Latvia,2021,skills-mismatch,31.526,,score (0–100)
cedefop-esi,LV,Latvia,2022,skills-mismatch,47.931,,score (0–100)
cedefop-esi,LV,Latvia,2023,skills-mismatch,50.964,,score (0–100)
cedefop-esi,LV,Latvia,2024,skills-mismatch,50.687,,score (0–100)
cedefop-esi,MT,Malta,2017,skills-mismatch,77.309,,score (0–100)
cedefop-esi,MT,Malta,2018,skills-mismatch,83.65,,score (0–100)
cedefop-esi,MT,Malta,2019,skills-mismatch,80.188,,score (0–100)
cedefop-esi,MT,Malta,2020,skills-mismatch,67.039,,score (0–100)
cedefop-esi,MT,Malta,2021,skills-mismatch,62.307,,score (0–100)
cedefop-esi,MT,Malta,2022,skills-mismatch,63.575,,score (0–100)
cedefop-esi,MT,Malta,2023,skills-mismatch,62.523,,score (0–100)
cedefop-esi,MT,Malta,2024,skills-mismatch,60.912,,score (0–100)
cedefop-esi,NL,Netherlands,2017,skills-mismatch,42.211,,score (0–100)
cedefop-esi,NL,Netherlands,2018,skills-mismatch,46.979,,score (0–100)
cedefop-esi,NL,Netherlands,2019,skills-mismatch,45.383,,score (0–100)
cedefop-esi,NL,Netherlands,2020,skills-mismatch,47.516,,score (0–100)
cedefop-esi,NL,Netherlands,2021,skills-mismatch,45.751,,score (0–100)
cedefop-esi,NL,Netherlands,2022,skills-mismatch,46.533,,score (0–100)
cedefop-esi,NL,Netherlands,2023,skills-mismatch,47.629,,score (0–100)
cedefop-esi,NL,Netherlands,2024,skills-mismatch,47.296,,score (0–100)
cedefop-esi,NO,Norway,2017,skills-mismatch,41.536,,score (0–100)
cedefop-esi,NO,Norway,2018,skills-mismatch,44.685,,score (0–100)
cedefop-esi,NO,Norway,2019,skills-mismatch,49.943,,score (0–100)
cedefop-esi,NO,Norway,2020,skills-mismatch,45.356,,score (0–100)
cedefop-esi,NO,Norway,2021,skills-mismatch,47.485,,score (0–100)
cedefop-esi,NO,Norway,2022,skills-mismatch,48.457,,score (0–100)
cedefop-esi,NO,Norway,2023,skills-mismatch,43.721,,score (0–100)
cedefop-esi,NO,Norway,2024,skills-mismatch,43.721,,score (0–100)
cedefop-esi,PL,Poland,2017,skills-mismatch,55.845,,score (0–100)
cedefop-esi,PL,Poland,2018,skills-mismatch,56.295,,score (0–100)
cedefop-esi,PL,Poland,2019,skills-mismatch,56.574,,score (0–100)
cedefop-esi,PL,Poland,2020,skills-mismatch,60.799,,score (0–100)
cedefop-esi,PL,Poland,2021,skills-mismatch,61.099,,score (0–100)
cedefop-esi,PL,Poland,2022,skills-mismatch,62.043,,score (0–100)
cedefop-esi,PL,Poland,2023,skills-mismatch,64.718,,score (0–100)
cedefop-esi,PL,Poland,2024,skills-mismatch,65.129,,score (0–100)
cedefop-esi,PT,Portugal,2017,skills-mismatch,34.316,,score (0–100)
cedefop-esi,PT,Portugal,2018,skills-mismatch,32.023,,score (0–100)
cedefop-esi,PT,Portugal,2019,skills-mismatch,31.312,,score (0–100)
cedefop-esi,PT,Portugal,2020,skills-mismatch,29.981,,score (0–100)
cedefop-esi,PT,Portugal,2021,skills-mismatch,31.7,,score (0–100)
cedefop-esi,PT,Portugal,2022,skills-mismatch,32.778,,score (0–100)
cedefop-esi,PT,Portugal,2023,skills-mismatch,33.046,,score (0–100)
cedefop-esi,PT,Portugal,2024,skills-mismatch,31.713,,score (0–100)
cedefop-esi,RO,Romania,2017,skills-mismatch,52.309,,score (0–100)
cedefop-esi,RO,Romania,2018,skills-mismatch,55.025,,score (0–100)
cedefop-esi,RO,Romania,2019,skills-mismatch,56.348,,score (0–100)
cedefop-esi,RO,Romania,2020,skills-mismatch,55.874,,score (0–100)
cedefop-esi,RO,Romania,2021,skills-mismatch,65.118,,score (0–100)
cedefop-esi,RO,Romania,2022,skills-mismatch,62.75,,score (0–100)
cedefop-esi,RO,Romania,2023,skills-mismatch,66.132,,score (0–100)
cedefop-esi,RO,Romania,2024,skills-mismatch,65.593,,score (0–100)
cedefop-esi,SE,Sweden,2017,skills-mismatch,58.856,,score (0–100)
cedefop-esi,SE,Sweden,2018,skills-mismatch,60.064,,score (0–100)
cedefop-esi,SE,Sweden,2019,skills-mismatch,59.714,,score (0–100)
cedefop-esi,SE,Sweden,2020,skills-mismatch,60.126,,score (0–100)
cedefop-esi,SE,Sweden,2021,skills-mismatch,65.14,,score (0–100)
cedefop-esi,SE,Sweden,2022,skills-mismatch,64.996,,score (0–100)
cedefop-esi,SE,Sweden,2023,skills-mismatch,68.62,,score (0–100)
cedefop-esi,SE,Sweden,2024,skills-mismatch,67.564,,score (0–100)
cedefop-esi,SI,Slovenia,2017,skills-mismatch,57.782,,score (0–100)
cedefop-esi,SI,Slovenia,2018,skills-mismatch,54.376,,score (0–100)
cedefop-esi,SI,Slovenia,2019,skills-mismatch,56.083,,score (0–100)
cedefop-esi,SI,Slovenia,2020,skills-mismatch,60.284,,score (0–100)
cedefop-esi,SI,Slovenia,2021,skills-mismatch,61.456,,score (0–100)
cedefop-esi,SI,Slovenia,2022,skills-mismatch,62.628,,score (0–100)
cedefop-esi,SI,Slovenia,2023,skills-mismatch,59.575,,score (0–100)
cedefop-esi,SI,Slovenia,2024,skills-mismatch,60.086,,score (0–100)
cedefop-esi,SK,Slovakia,2017,skills-mismatch,66.149,,score (0–100)
cedefop-esi,SK,Slovakia,2018,skills-mismatch,65.227,,score (0–100)
cedefop-esi,SK,Slovakia,2019,skills-mismatch,63.589,,score (0–100)
cedefop-esi,SK,Slovakia,2020,skills-mismatch,59.3,,score (0–100)
cedefop-esi,SK,Slovakia,2021,skills-mismatch,58.845,,score (0–100)
cedefop-esi,SK,Slovakia,2022,skills-mismatch,61.46,,score (0–100)
cedefop-esi,SK,Slovakia,2023,skills-mismatch,60.55,,score (0–100)
cedefop-esi,SK,Slovakia,2024,skills-mismatch,61.094,,score (0–100)
cedefop-esi,UK,United Kingdom,2017,skills-mismatch,22.373,,score (0–100)
cedefop-esi,UK,United Kingdom,2018,skills-mismatch,21.327,,score (0–100)
cedefop-esi,UK,United Kingdom,2019,skills-mismatch,18.304,,score (0–100)
cedefop-esi,UK,United Kingdom,2020,skills-mismatch,18.589,,score (0–100)
cedefop-esi,UK,United Kingdom,2021,skills-mismatch,22.44,,score (0–100)
cedefop-esi,UK,United Kingdom,2022,skills-mismatch,22.44,,score (0–100)
cedefop-esi,UK,United Kingdom,2023,skills-mismatch,22.44,,score (0–100)
cedefop-esi,UK,United Kingdom,2024,skills-mismatch,22.44,,score (0–100)
cedefop-esi,AT,Austria,2017,skills-utilisation,52.97,,score (0–100)
cedefop-esi,AT,Austria,2018,skills-utilisation,48.585,,score (0–100)
cedefop-esi,AT,Austria,2019,skills-utilisation,51.263,,score (0–100)
cedefop-esi,AT,Austria,2020,skills-utilisation,63.363,,score (0–100)
cedefop-esi,AT,Austria,2021,skills-utilisation,70.992,,score (0–100)
cedefop-esi,AT,Austria,2022,skills-utilisation,63.82,,score (0–100)
cedefop-esi,AT,Austria,2023,skills-utilisation,65.986,,score (0–100)
cedefop-esi,AT,Austria,2024,skills-utilisation,77.043,,score (0–100)
cedefop-esi,BE,Belgium,2017,skills-utilisation,42.156,,score (0–100)
cedefop-esi,BE,Belgium,2018,skills-utilisation,45.995,,score (0–100)
cedefop-esi,BE,Belgium,2019,skills-utilisation,49.807,,score (0–100)
cedefop-esi,BE,Belgium,2020,skills-utilisation,54.148,,score (0–100)
cedefop-esi,BE,Belgium,2021,skills-utilisation,60.743,,score (0–100)
cedefop-esi,BE,Belgium,2022,skills-utilisation,61.02,,score (0–100)
cedefop-esi,BE,Belgium,2023,skills-utilisation,50.521,,score (0–100)
cedefop-esi,BE,Belgium,2024,skills-utilisation,57.257,,score (0–100)
cedefop-esi,BG,Bulgaria,2017,skills-utilisation,57.361,,score (0–100)
cedefop-esi,BG,Bulgaria,2018,skills-utilisation,57.879,,score (0–100)
cedefop-esi,BG,Bulgaria,2019,skills-utilisation,67.153,,score (0–100)
cedefop-esi,BG,Bulgaria,2020,skills-utilisation,71.807,,score (0–100)
cedefop-esi,BG,Bulgaria,2021,skills-utilisation,78.025,,score (0–100)
cedefop-esi,BG,Bulgaria,2022,skills-utilisation,80.444,,score (0–100)
cedefop-esi,BG,Bulgaria,2023,skills-utilisation,81.333,,score (0–100)
cedefop-esi,BG,Bulgaria,2024,skills-utilisation,84.0,,score (0–100)
cedefop-esi,CH,Switzerland,2017,skills-utilisation,29.999,,score (0–100)
cedefop-esi,CH,Switzerland,2018,skills-utilisation,31.035,,score (0–100)
cedefop-esi,CH,Switzerland,2019,skills-utilisation,30.358,,score (0–100)
cedefop-esi,CH,Switzerland,2020,skills-utilisation,29.725,,score (0–100)
cedefop-esi,CH,Switzerland,2021,skills-utilisation,32.734,,score (0–100)
cedefop-esi,CH,Switzerland,2022,skills-utilisation,31.111,,score (0–100)
cedefop-esi,CH,Switzerland,2023,skills-utilisation,39.235,,score (0–100)
cedefop-esi,CH,Switzerland,2024,skills-utilisation,56.76,,score (0–100)
cedefop-esi,CY,Cyprus,2017,skills-utilisation,0.0,,score (0–100)
cedefop-esi,CY,Cyprus,2018,skills-utilisation,0.0,,score (0–100)
cedefop-esi,CY,Cyprus,2019,skills-utilisation,4.8,,score (0–100)
cedefop-esi,CY,Cyprus,2020,skills-utilisation,35.439,,score (0–100)
cedefop-esi,CY,Cyprus,2021,skills-utilisation,47.56,,score (0–100)
cedefop-esi,CY,Cyprus,2022,skills-utilisation,44.845,,score (0–100)
cedefop-esi,CY,Cyprus,2023,skills-utilisation,42.201,,score (0–100)
cedefop-esi,CY,Cyprus,2024,skills-utilisation,52.345,,score (0–100)
cedefop-esi,CZ,Czechia,2017,skills-utilisation,82.535,,score (0–100)
cedefop-esi,CZ,Czechia,2018,skills-utilisation,89.315,,score (0–100)
cedefop-esi,CZ,Czechia,2019,skills-utilisation,95.556,,score (0–100)
cedefop-esi,CZ,Czechia,2020,skills-utilisation,98.222,,score (0–100)
cedefop-esi,CZ,Czechia,2021,skills-utilisation,99.111,,score (0–100)
cedefop-esi,CZ,Czechia,2022,skills-utilisation,99.111,,score (0–100)
cedefop-esi,CZ,Czechia,2023,skills-utilisation,97.333,,score (0–100)
cedefop-esi,CZ,Czechia,2024,skills-utilisation,99.111,,score (0–100)
cedefop-esi,DE,Germany,2017,skills-utilisation,57.148,,score (0–100)
cedefop-esi,DE,Germany,2018,skills-utilisation,62.89,,score (0–100)
cedefop-esi,DE,Germany,2019,skills-utilisation,66.337,,score (0–100)
cedefop-esi,DE,Germany,2020,skills-utilisation,70.701,,score (0–100)
cedefop-esi,DE,Germany,2021,skills-utilisation,74.86,,score (0–100)
cedefop-esi,DE,Germany,2022,skills-utilisation,77.307,,score (0–100)
cedefop-esi,DE,Germany,2023,skills-utilisation,84.828,,score (0–100)
cedefop-esi,DE,Germany,2024,skills-utilisation,88.832,,score (0–100)
cedefop-esi,DK,Denmark,2017,skills-utilisation,75.262,,score (0–100)
cedefop-esi,DK,Denmark,2018,skills-utilisation,59.598,,score (0–100)
cedefop-esi,DK,Denmark,2019,skills-utilisation,67.253,,score (0–100)
cedefop-esi,DK,Denmark,2020,skills-utilisation,76.951,,score (0–100)
cedefop-esi,DK,Denmark,2021,skills-utilisation,76.843,,score (0–100)
cedefop-esi,DK,Denmark,2022,skills-utilisation,73.728,,score (0–100)
cedefop-esi,DK,Denmark,2023,skills-utilisation,73.441,,score (0–100)
cedefop-esi,DK,Denmark,2024,skills-utilisation,84.289,,score (0–100)
cedefop-esi,EE,Estonia,2017,skills-utilisation,76.121,,score (0–100)
cedefop-esi,EE,Estonia,2018,skills-utilisation,78.065,,score (0–100)
cedefop-esi,EE,Estonia,2019,skills-utilisation,85.265,,score (0–100)
cedefop-esi,EE,Estonia,2020,skills-utilisation,88.461,,score (0–100)
cedefop-esi,EE,Estonia,2021,skills-utilisation,92.94,,score (0–100)
cedefop-esi,EE,Estonia,2022,skills-utilisation,89.099,,score (0–100)
cedefop-esi,EE,Estonia,2023,skills-utilisation,85.788,,score (0–100)
cedefop-esi,EE,Estonia,2024,skills-utilisation,88.883,,score (0–100)
cedefop-esi,EL,Greece,2017,skills-utilisation,17.634,,score (0–100)
cedefop-esi,EL,Greece,2018,skills-utilisation,12.995,,score (0–100)
cedefop-esi,EL,Greece,2019,skills-utilisation,14.469,,score (0–100)
cedefop-esi,EL,Greece,2020,skills-utilisation,16.812,,score (0–100)
cedefop-esi,EL,Greece,2021,skills-utilisation,18.847,,score (0–100)
cedefop-esi,EL,Greece,2022,skills-utilisation,23.067,,score (0–100)
cedefop-esi,EL,Greece,2023,skills-utilisation,30.065,,score (0–100)
cedefop-esi,EL,Greece,2024,skills-utilisation,34.412,,score (0–100)
cedefop-esi,ES,Spain,2017,skills-utilisation,3.275,,score (0–100)
cedefop-esi,ES,Spain,2018,skills-utilisation,7.457,,score (0–100)
cedefop-esi,ES,Spain,2019,skills-utilisation,9.452,,score (0–100)
cedefop-esi,ES,Spain,2020,skills-utilisation,13.031,,score (0–100)
cedefop-esi,ES,Spain,2021,skills-utilisation,15.187,,score (0–100)
cedefop-esi,ES,Spain,2022,skills-utilisation,17.491,,score (0–100)
cedefop-esi,ES,Spain,2023,skills-utilisation,15.204,,score (0–100)
cedefop-esi,ES,Spain,2024,skills-utilisation,19.585,,score (0–100)
cedefop-esi,FI,Finland,2017,skills-utilisation,49.399,,score (0–100)
cedefop-esi,FI,Finland,2018,skills-utilisation,48.283,,score (0–100)
cedefop-esi,FI,Finland,2019,skills-utilisation,53.453,,score (0–100)
cedefop-esi,FI,Finland,2020,skills-utilisation,57.042,,score (0–100)
cedefop-esi,FI,Finland,2021,skills-utilisation,61.653,,score (0–100)
cedefop-esi,FI,Finland,2022,skills-utilisation,59.523,,score (0–100)
cedefop-esi,FI,Finland,2023,skills-utilisation,55.655,,score (0–100)
cedefop-esi,FI,Finland,2024,skills-utilisation,62.311,,score (0–100)
cedefop-esi,FR,France,2017,skills-utilisation,28.03,,score (0–100)
cedefop-esi,FR,France,2018,skills-utilisation,29.739,,score (0–100)
cedefop-esi,FR,France,2019,skills-utilisation,34.005,,score (0–100)
cedefop-esi,FR,France,2020,skills-utilisation,40.059,,score (0–100)
cedefop-esi,FR,France,2021,skills-utilisation,45.377,,score (0–100)
cedefop-esi,FR,France,2022,skills-utilisation,51.977,,score (0–100)
cedefop-esi,FR,France,2023,skills-utilisation,46.968,,score (0–100)
cedefop-esi,FR,France,2024,skills-utilisation,53.393,,score (0–100)
cedefop-esi,HR,Croatia,2017,skills-utilisation,43.785,,score (0–100)
cedefop-esi,HR,Croatia,2018,skills-utilisation,46.778,,score (0–100)
cedefop-esi,HR,Croatia,2019,skills-utilisation,52.716,,score (0–100)
cedefop-esi,HR,Croatia,2020,skills-utilisation,64.604,,score (0–100)
cedefop-esi,HR,Croatia,2021,skills-utilisation,74.502,,score (0–100)
cedefop-esi,HR,Croatia,2022,skills-utilisation,76.031,,score (0–100)
cedefop-esi,HR,Croatia,2023,skills-utilisation,68.031,,score (0–100)
cedefop-esi,HR,Croatia,2024,skills-utilisation,71.539,,score (0–100)
cedefop-esi,HU,Hungary,2017,skills-utilisation,68.521,,score (0–100)
cedefop-esi,HU,Hungary,2018,skills-utilisation,79.115,,score (0–100)
cedefop-esi,HU,Hungary,2019,skills-utilisation,87.594,,score (0–100)
cedefop-esi,HU,Hungary,2020,skills-utilisation,90.609,,score (0–100)
cedefop-esi,HU,Hungary,2021,skills-utilisation,93.789,,score (0–100)
cedefop-esi,HU,Hungary,2022,skills-utilisation,92.902,,score (0–100)
cedefop-esi,HU,Hungary,2023,skills-utilisation,90.223,,score (0–100)
cedefop-esi,HU,Hungary,2024,skills-utilisation,93.778,,score (0–100)
cedefop-esi,IE,Ireland,2017,skills-utilisation,17.186,,score (0–100)
cedefop-esi,IE,Ireland,2018,skills-utilisation,28.899,,score (0–100)
cedefop-esi,IE,Ireland,2019,skills-utilisation,40.811,,score (0–100)
cedefop-esi,IE,Ireland,2020,skills-utilisation,45.659,,score (0–100)
cedefop-esi,IE,Ireland,2021,skills-utilisation,53.119,,score (0–100)
cedefop-esi,IE,Ireland,2022,skills-utilisation,54.935,,score (0–100)
cedefop-esi,IE,Ireland,2023,skills-utilisation,51.991,,score (0–100)
cedefop-esi,IE,Ireland,2024,skills-utilisation,60.427,,score (0–100)
cedefop-esi,IS,Iceland,2017,skills-utilisation,58.775,,score (0–100)
cedefop-esi,IS,Iceland,2018,skills-utilisation,66.526,,score (0–100)
cedefop-esi,IS,Iceland,2019,skills-utilisation,68.026,,score (0–100)
cedefop-esi,IS,Iceland,2020,skills-utilisation,70.209,,score (0–100)
cedefop-esi,IS,Iceland,2021,skills-utilisation,76.697,,score (0–100)
cedefop-esi,IS,Iceland,2022,skills-utilisation,65.593,,score (0–100)
cedefop-esi,IS,Iceland,2023,skills-utilisation,73.174,,score (0–100)
cedefop-esi,IS,Iceland,2024,skills-utilisation,80.447,,score (0–100)
cedefop-esi,IT,Italy,2017,skills-utilisation,37.477,,score (0–100)
cedefop-esi,IT,Italy,2018,skills-utilisation,38.242,,score (0–100)
cedefop-esi,IT,Italy,2019,skills-utilisation,38.537,,score (0–100)
cedefop-esi,IT,Italy,2020,skills-utilisation,40.818,,score (0–100)
cedefop-esi,IT,Italy,2021,skills-utilisation,41.065,,score (0–100)
cedefop-esi,IT,Italy,2022,skills-utilisation,33.513,,score (0–100)
cedefop-esi,IT,Italy,2023,skills-utilisation,32.948,,score (0–100)
cedefop-esi,IT,Italy,2024,skills-utilisation,38.171,,score (0–100)
cedefop-esi,LT,Lithuania,2017,skills-utilisation,60.095,,score (0–100)
cedefop-esi,LT,Lithuania,2018,skills-utilisation,70.779,,score (0–100)
cedefop-esi,LT,Lithuania,2019,skills-utilisation,74.68,,score (0–100)
cedefop-esi,LT,Lithuania,2020,skills-utilisation,83.174,,score (0–100)
cedefop-esi,LT,Lithuania,2021,skills-utilisation,85.613,,score (0–100)
cedefop-esi,LT,Lithuania,2022,skills-utilisation,79.838,,score (0–100)
cedefop-esi,LT,Lithuania,2023,skills-utilisation,74.258,,score (0–100)
cedefop-esi,LT,Lithuania,2024,skills-utilisation,75.74,,score (0–100)
cedefop-esi,LU,Luxembourg,2017,skills-utilisation,71.047,,score (0–100)
cedefop-esi,LU,Luxembourg,2018,skills-utilisation,69.914,,score (0–100)
cedefop-esi,LU,Luxembourg,2019,skills-utilisation,72.722,,score (0–100)
cedefop-esi,LU,Luxembourg,2020,skills-utilisation,81.652,,score (0–100)
cedefop-esi,LU,Luxembourg,2021,skills-utilisation,82.407,,score (0–100)
cedefop-esi,LU,Luxembourg,2022,skills-utilisation,80.391,,score (0–100)
cedefop-esi,LU,Luxembourg,2023,skills-utilisation,67.07,,score (0–100)
cedefop-esi,LU,Luxembourg,2024,skills-utilisation,69.789,,score (0–100)
cedefop-esi,LV,Latvia,2017,skills-utilisation,40.807,,score (0–100)
cedefop-esi,LV,Latvia,2018,skills-utilisation,40.35,,score (0–100)
cedefop-esi,LV,Latvia,2019,skills-utilisation,50.694,,score (0–100)
cedefop-esi,LV,Latvia,2020,skills-utilisation,56.282,,score (0–100)
cedefop-esi,LV,Latvia,2021,skills-utilisation,61.871,,score (0–100)
cedefop-esi,LV,Latvia,2022,skills-utilisation,62.268,,score (0–100)
cedefop-esi,LV,Latvia,2023,skills-utilisation,65.998,,score (0–100)
cedefop-esi,LV,Latvia,2024,skills-utilisation,78.959,,score (0–100)
cedefop-esi,MT,Malta,2017,skills-utilisation,65.204,,score (0–100)
cedefop-esi,MT,Malta,2018,skills-utilisation,70.789,,score (0–100)
cedefop-esi,MT,Malta,2019,skills-utilisation,79.21,,score (0–100)
cedefop-esi,MT,Malta,2020,skills-utilisation,79.612,,score (0–100)
cedefop-esi,MT,Malta,2021,skills-utilisation,89.149,,score (0–100)
cedefop-esi,MT,Malta,2022,skills-utilisation,89.112,,score (0–100)
cedefop-esi,MT,Malta,2023,skills-utilisation,87.456,,score (0–100)
cedefop-esi,MT,Malta,2024,skills-utilisation,91.603,,score (0–100)
cedefop-esi,NL,Netherlands,2017,skills-utilisation,26.748,,score (0–100)
cedefop-esi,NL,Netherlands,2018,skills-utilisation,35.956,,score (0–100)
cedefop-esi,NL,Netherlands,2019,skills-utilisation,47.575,,score (0–100)
cedefop-esi,NL,Netherlands,2020,skills-utilisation,59.75,,score (0–100)
cedefop-esi,NL,Netherlands,2021,skills-utilisation,67.68,,score (0–100)
cedefop-esi,NL,Netherlands,2022,skills-utilisation,65.966,,score (0–100)
cedefop-esi,NL,Netherlands,2023,skills-utilisation,48.388,,score (0–100)
cedefop-esi,NL,Netherlands,2024,skills-utilisation,55.426,,score (0–100)
cedefop-esi,NO,Norway,2017,skills-utilisation,71.781,,score (0–100)
cedefop-esi,NO,Norway,2018,skills-utilisation,69.022,,score (0–100)
cedefop-esi,NO,Norway,2019,skills-utilisation,72.706,,score (0–100)
cedefop-esi,NO,Norway,2020,skills-utilisation,73.732,,score (0–100)
cedefop-esi,NO,Norway,2021,skills-utilisation,72.96,,score (0–100)
cedefop-esi,NO,Norway,2022,skills-utilisation,67.308,,score (0–100)
cedefop-esi,NO,Norway,2023,skills-utilisation,64.712,,score (0–100)
cedefop-esi,NO,Norway,2024,skills-utilisation,70.653,,score (0–100)
cedefop-esi,PL,Poland,2017,skills-utilisation,65.263,,score (0–100)
cedefop-esi,PL,Poland,2018,skills-utilisation,74.924,,score (0–100)
cedefop-esi,PL,Poland,2019,skills-utilisation,82.829,,score (0–100)
cedefop-esi,PL,Poland,2020,skills-utilisation,89.714,,score (0–100)
cedefop-esi,PL,Poland,2021,skills-utilisation,93.438,,score (0–100)
cedefop-esi,PL,Poland,2022,skills-utilisation,95.755,,score (0–100)
cedefop-esi,PL,Poland,2023,skills-utilisation,92.631,,score (0–100)
cedefop-esi,PL,Poland,2024,skills-utilisation,94.011,,score (0–100)
cedefop-esi,PT,Portugal,2017,skills-utilisation,21.494,,score (0–100)
cedefop-esi,PT,Portugal,2018,skills-utilisation,23.709,,score (0–100)
cedefop-esi,PT,Portugal,2019,skills-utilisation,32.061,,score (0–100)
cedefop-esi,PT,Portugal,2020,skills-utilisation,49.71,,score (0–100)
cedefop-esi,PT,Portugal,2021,skills-utilisation,55.679,,score (0–100)
cedefop-esi,PT,Portugal,2022,skills-utilisation,60.849,,score (0–100)
cedefop-esi,PT,Portugal,2023,skills-utilisation,57.719,,score (0–100)
cedefop-esi,PT,Portugal,2024,skills-utilisation,60.085,,score (0–100)
cedefop-esi,RO,Romania,2017,skills-utilisation,50.061,,score (0–100)
cedefop-esi,RO,Romania,2018,skills-utilisation,57.052,,score (0–100)
cedefop-esi,RO,Romania,2019,skills-utilisation,66.805,,score (0–100)
cedefop-esi,RO,Romania,2020,skills-utilisation,68.82,,score (0–100)
cedefop-esi,RO,Romania,2021,skills-utilisation,71.602,,score (0–100)
cedefop-esi,RO,Romania,2022,skills-utilisation,75.468,,score (0–100)
cedefop-esi,RO,Romania,2023,skills-utilisation,78.075,,score (0–100)
cedefop-esi,RO,Romania,2024,skills-utilisation,77.216,,score (0–100)
cedefop-esi,SE,Sweden,2017,skills-utilisation,51.022,,score (0–100)
cedefop-esi,SE,Sweden,2018,skills-utilisation,59.475,,score (0–100)
cedefop-esi,SE,Sweden,2019,skills-utilisation,61.909,,score (0–100)
cedefop-esi,SE,Sweden,2020,skills-utilisation,64.987,,score (0–100)
cedefop-esi,SE,Sweden,2021,skills-utilisation,63.8,,score (0–100)
cedefop-esi,SE,Sweden,2022,skills-utilisation,56.819,,score (0–100)
cedefop-esi,SE,Sweden,2023,skills-utilisation,57.091,,score (0–100)
cedefop-esi,SE,Sweden,2024,skills-utilisation,62.423,,score (0–100)
cedefop-esi,SI,Slovenia,2017,skills-utilisation,38.499,,score (0–100)
cedefop-esi,SI,Slovenia,2018,skills-utilisation,44.881,,score (0–100)
cedefop-esi,SI,Slovenia,2019,skills-utilisation,55.886,,score (0–100)
cedefop-esi,SI,Slovenia,2020,skills-utilisation,70.231,,score (0–100)
cedefop-esi,SI,Slovenia,2021,skills-utilisation,79.935,,score (0–100)
cedefop-esi,SI,Slovenia,2022,skills-utilisation,77.79,,score (0–100)
cedefop-esi,SI,Slovenia,2023,skills-utilisation,76.847,,score (0–100)
cedefop-esi,SI,Slovenia,2024,skills-utilisation,83.856,,score (0–100)
cedefop-esi,SK,Slovakia,2017,skills-utilisation,45.123,,score (0–100)
cedefop-esi,SK,Slovakia,2018,skills-utilisation,42.962,,score (0–100)
cedefop-esi,SK,Slovakia,2019,skills-utilisation,45.642,,score (0–100)
cedefop-esi,SK,Slovakia,2020,skills-utilisation,52.048,,score (0–100)
cedefop-esi,SK,Slovakia,2021,skills-utilisation,63.812,,score (0–100)
cedefop-esi,SK,Slovakia,2022,skills-utilisation,66.534,,score (0–100)
cedefop-esi,SK,Slovakia,2023,skills-utilisation,69.778,,score (0–100)
cedefop-esi,SK,Slovakia,2024,skills-utilisation,68.0,,score (0–100)
cedefop-esi,UK,United Kingdom,2017,skills-utilisation,26.816,,score (0–100)
cedefop-esi,UK,United Kingdom,2018,skills-utilisation,32.624,,score (0–100)
cedefop-esi,UK,United Kingdom,2019,skills-utilisation,37.791,,score (0–100)
cedefop-esi,UK,United Kingdom,2020,skills-utilisation,42.283,,score (0–100)
cedefop-esi,UK,United Kingdom,2021,skills-utilisation,41.576,,score (0–100)
cedefop-esi,UK,United Kingdom,2022,skills-utilisation,41.576,,score (0–100)
cedefop-esi,UK,United Kingdom,2023,skills-utilisation,41.576,,score (0–100)
cedefop-esi,UK,United Kingdom,2024,skills-utilisation,41.576,,score (0–100)
cedefop-esi,AT,Austria,2017,training-and-other-education,60.359,,score (0–100)
cedefop-esi,AT,Austria,2018,training-and-other-education,61.609,,score (0–100)
cedefop-esi,AT,Austria,2019,training-and-other-education,63.436,,score (0–100)
cedefop-esi,AT,Austria,2020,training-and-other-education,63.628,,score (0–100)
cedefop-esi,AT,Austria,2021,training-and-other-education,64.473,,score (0–100)
cedefop-esi,AT,Austria,2022,training-and-other-education,61.51,,score (0–100)
cedefop-esi,AT,Austria,2023,training-and-other-education,64.437,,score (0–100)
cedefop-esi,AT,Austria,2024,training-and-other-education,65.598,,score (0–100)
cedefop-esi,BE,Belgium,2017,training-and-other-education,46.031,,score (0–100)
cedefop-esi,BE,Belgium,2018,training-and-other-education,46.15,,score (0–100)
cedefop-esi,BE,Belgium,2019,training-and-other-education,46.4,,score (0–100)
cedefop-esi,BE,Belgium,2020,training-and-other-education,46.85,,score (0–100)
cedefop-esi,BE,Belgium,2021,training-and-other-education,47.493,,score (0–100)
cedefop-esi,BE,Belgium,2022,training-and-other-education,46.175,,score (0–100)
cedefop-esi,BE,Belgium,2023,training-and-other-education,47.618,,score (0–100)
cedefop-esi,BE,Belgium,2024,training-and-other-education,47.715,,score (0–100)
cedefop-esi,BG,Bulgaria,2017,training-and-other-education,24.927,,score (0–100)
cedefop-esi,BG,Bulgaria,2018,training-and-other-education,22.566,,score (0–100)
cedefop-esi,BG,Bulgaria,2019,training-and-other-education,22.948,,score (0–100)
cedefop-esi,BG,Bulgaria,2020,training-and-other-education,24.548,,score (0–100)
cedefop-esi,BG,Bulgaria,2021,training-and-other-education,23.661,,score (0–100)
cedefop-esi,BG,Bulgaria,2022,training-and-other-education,22.912,,score (0–100)
cedefop-esi,BG,Bulgaria,2023,training-and-other-education,23.407,,score (0–100)
cedefop-esi,BG,Bulgaria,2024,training-and-other-education,23.31,,score (0–100)
cedefop-esi,CH,Switzerland,2017,training-and-other-education,80.28,,score (0–100)
cedefop-esi,CH,Switzerland,2018,training-and-other-education,80.559,,score (0–100)
cedefop-esi,CH,Switzerland,2019,training-and-other-education,80.003,,score (0–100)
cedefop-esi,CH,Switzerland,2020,training-and-other-education,82.258,,score (0–100)
cedefop-esi,CH,Switzerland,2021,training-and-other-education,84.573,,score (0–100)
cedefop-esi,CH,Switzerland,2022,training-and-other-education,80.073,,score (0–100)
cedefop-esi,CH,Switzerland,2023,training-and-other-education,74.825,,score (0–100)
cedefop-esi,CH,Switzerland,2024,training-and-other-education,74.05,,score (0–100)
cedefop-esi,CY,Cyprus,2017,training-and-other-education,10.49,,score (0–100)
cedefop-esi,CY,Cyprus,2018,training-and-other-education,13.264,,score (0–100)
cedefop-esi,CY,Cyprus,2019,training-and-other-education,12.122,,score (0–100)
cedefop-esi,CY,Cyprus,2020,training-and-other-education,14.081,,score (0–100)
cedefop-esi,CY,Cyprus,2021,training-and-other-education,15.46,,score (0–100)
cedefop-esi,CY,Cyprus,2022,training-and-other-education,14.299,,score (0–100)
cedefop-esi,CY,Cyprus,2023,training-and-other-education,19.499,,score (0–100)
cedefop-esi,CY,Cyprus,2024,training-and-other-education,20.274,,score (0–100)
cedefop-esi,CZ,Czechia,2017,training-and-other-education,50.371,,score (0–100)
cedefop-esi,CZ,Czechia,2018,training-and-other-education,48.823,,score (0–100)
cedefop-esi,CZ,Czechia,2019,training-and-other-education,51.892,,score (0–100)
cedefop-esi,CZ,Czechia,2020,training-and-other-education,50.542,,score (0–100)
cedefop-esi,CZ,Czechia,2021,training-and-other-education,50.243,,score (0–100)
cedefop-esi,CZ,Czechia,2022,training-and-other-education,47.727,,score (0–100)
cedefop-esi,CZ,Czechia,2023,training-and-other-education,47.173,,score (0–100)
cedefop-esi,CZ,Czechia,2024,training-and-other-education,50.656,,score (0–100)
cedefop-esi,DE,Germany,2017,training-and-other-education,42.222,,score (0–100)
cedefop-esi,DE,Germany,2018,training-and-other-education,41.105,,score (0–100)
cedefop-esi,DE,Germany,2019,training-and-other-education,42.719,,score (0–100)
cedefop-esi,DE,Germany,2020,training-and-other-education,43.772,,score (0–100)
cedefop-esi,DE,Germany,2021,training-and-other-education,45.441,,score (0–100)
cedefop-esi,DE,Germany,2022,training-and-other-education,45.379,,score (0–100)
cedefop-esi,DE,Germany,2023,training-and-other-education,44.414,,score (0–100)
cedefop-esi,DE,Germany,2024,training-and-other-education,44.801,,score (0–100)
cedefop-esi,DK,Denmark,2017,training-and-other-education,70.963,,score (0–100)
cedefop-esi,DK,Denmark,2018,training-and-other-education,69.414,,score (0–100)
cedefop-esi,DK,Denmark,2019,training-and-other-education,63.52,,score (0–100)
cedefop-esi,DK,Denmark,2020,training-and-other-education,59.938,,score (0–100)
cedefop-esi,DK,Denmark,2021,training-and-other-education,61.871,,score (0–100)
cedefop-esi,DK,Denmark,2022,training-and-other-education,57.285,,score (0–100)
cedefop-esi,DK,Denmark,2023,training-and-other-education,60.054,,score (0–100)
cedefop-esi,DK,Denmark,2024,training-and-other-education,65.473,,score (0–100)
cedefop-esi,EE,Estonia,2017,training-and-other-education,40.614,,score (0–100)
cedefop-esi,EE,Estonia,2018,training-and-other-education,43.932,,score (0–100)
cedefop-esi,EE,Estonia,2019,training-and-other-education,46.656,,score (0–100)
cedefop-esi,EE,Estonia,2020,training-and-other-education,49.437,,score (0–100)
cedefop-esi,EE,Estonia,2021,training-and-other-education,50.269,,score (0–100)
cedefop-esi,EE,Estonia,2022,training-and-other-education,47.426,,score (0–100)
cedefop-esi,EE,Estonia,2023,training-and-other-education,49.409,,score (0–100)
cedefop-esi,EE,Estonia,2024,training-and-other-education,52.022,,score (0–100)
cedefop-esi,EL,Greece,2017,training-and-other-education,14.706,,score (0–100)
cedefop-esi,EL,Greece,2018,training-and-other-education,17.046,,score (0–100)
cedefop-esi,EL,Greece,2019,training-and-other-education,18.868,,score (0–100)
cedefop-esi,EL,Greece,2020,training-and-other-education,19.235,,score (0–100)
cedefop-esi,EL,Greece,2021,training-and-other-education,19.565,,score (0–100)
cedefop-esi,EL,Greece,2022,training-and-other-education,21.448,,score (0–100)
cedefop-esi,EL,Greece,2023,training-and-other-education,22.014,,score (0–100)
cedefop-esi,EL,Greece,2024,training-and-other-education,22.014,,score (0–100)
cedefop-esi,ES,Spain,2017,training-and-other-education,33.477,,score (0–100)
cedefop-esi,ES,Spain,2018,training-and-other-education,33.214,,score (0–100)
cedefop-esi,ES,Spain,2019,training-and-other-education,34.587,,score (0–100)
cedefop-esi,ES,Spain,2020,training-and-other-education,36.949,,score (0–100)
cedefop-esi,ES,Spain,2021,training-and-other-education,38.887,,score (0–100)
cedefop-esi,ES,Spain,2022,training-and-other-education,39.395,,score (0–100)
cedefop-esi,ES,Spain,2023,training-and-other-education,43.952,,score (0–100)
cedefop-esi,ES,Spain,2024,training-and-other-education,44.823,,score (0–100)
cedefop-esi,FI,Finland,2017,training-and-other-education,77.473,,score (0–100)
cedefop-esi,FI,Finland,2018,training-and-other-education,80.289,,score (0–100)
cedefop-esi,FI,Finland,2019,training-and-other-education,82.422,,score (0–100)
cedefop-esi,FI,Finland,2020,training-and-other-education,85.085,,score (0–100)
cedefop-esi,FI,Finland,2021,training-and-other-education,85.417,,score (0–100)
cedefop-esi,FI,Finland,2022,training-and-other-education,83.228,,score (0–100)
cedefop-esi,FI,Finland,2023,training-and-other-education,86.024,,score (0–100)
cedefop-esi,FI,Finland,2024,training-and-other-education,80.895,,score (0–100)
cedefop-esi,FR,France,2017,training-and-other-education,43.604,,score (0–100)
cedefop-esi,FR,France,2018,training-and-other-education,43.73,,score (0–100)
cedefop-esi,FR,France,2019,training-and-other-education,44.314,,score (0–100)
cedefop-esi,FR,France,2020,training-and-other-education,44.41,,score (0–100)
cedefop-esi,FR,France,2021,training-and-other-education,45.836,,score (0–100)
cedefop-esi,FR,France,2022,training-and-other-education,39.545,,score (0–100)
cedefop-esi,FR,France,2023,training-and-other-education,38.093,,score (0–100)
cedefop-esi,FR,France,2024,training-and-other-education,40.318,,score (0–100)
cedefop-esi,HR,Croatia,2017,training-and-other-education,48.309,,score (0–100)
cedefop-esi,HR,Croatia,2018,training-and-other-education,49.952,,score (0–100)
cedefop-esi,HR,Croatia,2019,training-and-other-education,40.666,,score (0–100)
cedefop-esi,HR,Croatia,2020,training-and-other-education,45.869,,score (0–100)
cedefop-esi,HR,Croatia,2021,training-and-other-education,51.193,,score (0–100)
cedefop-esi,HR,Croatia,2022,training-and-other-education,51.084,,score (0–100)
cedefop-esi,HR,Croatia,2023,training-and-other-education,53.345,,score (0–100)
cedefop-esi,HR,Croatia,2024,training-and-other-education,52.667,,score (0–100)
cedefop-esi,HU,Hungary,2017,training-and-other-education,18.507,,score (0–100)
cedefop-esi,HU,Hungary,2018,training-and-other-education,17.571,,score (0–100)
cedefop-esi,HU,Hungary,2019,training-and-other-education,25.145,,score (0–100)
cedefop-esi,HU,Hungary,2020,training-and-other-education,28.444,,score (0–100)
cedefop-esi,HU,Hungary,2021,training-and-other-education,31.742,,score (0–100)
cedefop-esi,HU,Hungary,2022,training-and-other-education,34.504,,score (0–100)
cedefop-esi,HU,Hungary,2023,training-and-other-education,35.278,,score (0–100)
cedefop-esi,HU,Hungary,2024,training-and-other-education,37.214,,score (0–100)
cedefop-esi,IE,Ireland,2017,training-and-other-education,27.18,,score (0–100)
cedefop-esi,IE,Ireland,2018,training-and-other-education,27.041,,score (0–100)
cedefop-esi,IE,Ireland,2019,training-and-other-education,31.402,,score (0–100)
cedefop-esi,IE,Ireland,2020,training-and-other-education,36.902,,score (0–100)
cedefop-esi,IE,Ireland,2021,training-and-other-education,34.224,,score (0–100)
cedefop-esi,IE,Ireland,2022,training-and-other-education,30.564,,score (0–100)
cedefop-esi,IE,Ireland,2023,training-and-other-education,32.959,,score (0–100)
cedefop-esi,IE,Ireland,2024,training-and-other-education,31.217,,score (0–100)
cedefop-esi,IS,Iceland,2017,training-and-other-education,68.323,,score (0–100)
cedefop-esi,IS,Iceland,2018,training-and-other-education,64.108,,score (0–100)
cedefop-esi,IS,Iceland,2019,training-and-other-education,62.118,,score (0–100)
cedefop-esi,IS,Iceland,2020,training-and-other-education,60.237,,score (0–100)
cedefop-esi,IS,Iceland,2021,training-and-other-education,62.111,,score (0–100)
cedefop-esi,IS,Iceland,2022,training-and-other-education,60.937,,score (0–100)
cedefop-esi,IS,Iceland,2023,training-and-other-education,64.42,,score (0–100)
cedefop-esi,IS,Iceland,2024,training-and-other-education,67.517,,score (0–100)
cedefop-esi,IT,Italy,2017,training-and-other-education,36.326,,score (0–100)
cedefop-esi,IT,Italy,2018,training-and-other-education,37.278,,score (0–100)
cedefop-esi,IT,Italy,2019,training-and-other-education,37.269,,score (0–100)
cedefop-esi,IT,Italy,2020,training-and-other-education,36.996,,score (0–100)
cedefop-esi,IT,Italy,2021,training-and-other-education,37.193,,score (0–100)
cedefop-esi,IT,Italy,2022,training-and-other-education,36.021,,score (0–100)
cedefop-esi,IT,Italy,2023,training-and-other-education,38.271,,score (0–100)
cedefop-esi,IT,Italy,2024,training-and-other-education,37.981,,score (0–100)
cedefop-esi,LT,Lithuania,2017,training-and-other-education,24.618,,score (0–100)
cedefop-esi,LT,Lithuania,2018,training-and-other-education,24.3,,score (0–100)
cedefop-esi,LT,Lithuania,2019,training-and-other-education,26.167,,score (0–100)
cedefop-esi,LT,Lithuania,2020,training-and-other-education,26.601,,score (0–100)
cedefop-esi,LT,Lithuania,2021,training-and-other-education,26.685,,score (0–100)
cedefop-esi,LT,Lithuania,2022,training-and-other-education,26.094,,score (0–100)
cedefop-esi,LT,Lithuania,2023,training-and-other-education,27.955,,score (0–100)
cedefop-esi,LT,Lithuania,2024,training-and-other-education,27.955,,score (0–100)
cedefop-esi,LU,Luxembourg,2017,training-and-other-education,74.21,,score (0–100)
cedefop-esi,LU,Luxembourg,2018,training-and-other-education,71.658,,score (0–100)
cedefop-esi,LU,Luxembourg,2019,training-and-other-education,73.134,,score (0–100)
cedefop-esi,LU,Luxembourg,2020,training-and-other-education,67.472,,score (0–100)
cedefop-esi,LU,Luxembourg,2021,training-and-other-education,62.283,,score (0–100)
cedefop-esi,LU,Luxembourg,2022,training-and-other-education,59.392,,score (0–100)
cedefop-esi,LU,Luxembourg,2023,training-and-other-education,60.458,,score (0–100)
cedefop-esi,LU,Luxembourg,2024,training-and-other-education,60.651,,score (0–100)
cedefop-esi,LV,Latvia,2017,training-and-other-education,29.23,,score (0–100)
cedefop-esi,LV,Latvia,2018,training-and-other-education,30.472,,score (0–100)
cedefop-esi,LV,Latvia,2019,training-and-other-education,31.08,,score (0–100)
cedefop-esi,LV,Latvia,2020,training-and-other-education,29.71,,score (0–100)
cedefop-esi,LV,Latvia,2021,training-and-other-education,29.612,,score (0–100)
cedefop-esi,LV,Latvia,2022,training-and-other-education,29.079,,score (0–100)
cedefop-esi,LV,Latvia,2023,training-and-other-education,31.497,,score (0–100)
cedefop-esi,LV,Latvia,2024,training-and-other-education,32.562,,score (0–100)
cedefop-esi,MT,Malta,2017,training-and-other-education,28.249,,score (0–100)
cedefop-esi,MT,Malta,2018,training-and-other-education,28.857,,score (0–100)
cedefop-esi,MT,Malta,2019,training-and-other-education,34.998,,score (0–100)
cedefop-esi,MT,Malta,2020,training-and-other-education,35.985,,score (0–100)
cedefop-esi,MT,Malta,2021,training-and-other-education,36.321,,score (0–100)
cedefop-esi,MT,Malta,2022,training-and-other-education,35.39,,score (0–100)
cedefop-esi,MT,Malta,2023,training-and-other-education,37.834,,score (0–100)
cedefop-esi,MT,Malta,2024,training-and-other-education,36.77,,score (0–100)
cedefop-esi,NL,Netherlands,2017,training-and-other-education,70.536,,score (0–100)
cedefop-esi,NL,Netherlands,2018,training-and-other-education,71.388,,score (0–100)
cedefop-esi,NL,Netherlands,2019,training-and-other-education,74.068,,score (0–100)
cedefop-esi,NL,Netherlands,2020,training-and-other-education,74.211,,score (0–100)
cedefop-esi,NL,Netherlands,2021,training-and-other-education,75.162,,score (0–100)
cedefop-esi,NL,Netherlands,2022,training-and-other-education,74.847,,score (0–100)
cedefop-esi,NL,Netherlands,2023,training-and-other-education,82.757,,score (0–100)
cedefop-esi,NL,Netherlands,2024,training-and-other-education,82.564,,score (0–100)
cedefop-esi,NO,Norway,2017,training-and-other-education,65.157,,score (0–100)
cedefop-esi,NO,Norway,2018,training-and-other-education,62.233,,score (0–100)
cedefop-esi,NO,Norway,2019,training-and-other-education,65.917,,score (0–100)
cedefop-esi,NO,Norway,2020,training-and-other-education,65.493,,score (0–100)
cedefop-esi,NO,Norway,2021,training-and-other-education,65.6,,score (0–100)
cedefop-esi,NO,Norway,2022,training-and-other-education,63.397,,score (0–100)
cedefop-esi,NO,Norway,2023,training-and-other-education,66.517,,score (0–100)
cedefop-esi,NO,Norway,2024,training-and-other-education,68.066,,score (0–100)
cedefop-esi,PL,Poland,2017,training-and-other-education,26.643,,score (0–100)
cedefop-esi,PL,Poland,2018,training-and-other-education,30.058,,score (0–100)
cedefop-esi,PL,Poland,2019,training-and-other-education,31.853,,score (0–100)
cedefop-esi,PL,Poland,2020,training-and-other-education,33.793,,score (0–100)
cedefop-esi,PL,Poland,2021,training-and-other-education,33.216,,score (0–100)
cedefop-esi,PL,Poland,2022,training-and-other-education,32.513,,score (0–100)
cedefop-esi,PL,Poland,2023,training-and-other-education,34.581,,score (0–100)
cedefop-esi,PL,Poland,2024,training-and-other-education,36.71,,score (0–100)
cedefop-esi,PT,Portugal,2017,training-and-other-education,37.723,,score (0–100)
cedefop-esi,PT,Portugal,2018,training-and-other-education,35.698,,score (0–100)
cedefop-esi,PT,Portugal,2019,training-and-other-education,37.181,,score (0–100)
cedefop-esi,PT,Portugal,2020,training-and-other-education,37.507,,score (0–100)
cedefop-esi,PT,Portugal,2021,training-and-other-education,37.724,,score (0–100)
cedefop-esi,PT,Portugal,2022,training-and-other-education,37.059,,score (0–100)
cedefop-esi,PT,Portugal,2023,training-and-other-education,39.926,,score (0–100)
cedefop-esi,PT,Portugal,2024,training-and-other-education,40.797,,score (0–100)
cedefop-esi,RO,Romania,2017,training-and-other-education,24.006,,score (0–100)
cedefop-esi,RO,Romania,2018,training-and-other-education,23.849,,score (0–100)
cedefop-esi,RO,Romania,2019,training-and-other-education,24.511,,score (0–100)
cedefop-esi,RO,Romania,2020,training-and-other-education,24.474,,score (0–100)
cedefop-esi,RO,Romania,2021,training-and-other-education,24.824,,score (0–100)
cedefop-esi,RO,Romania,2022,training-and-other-education,24.715,,score (0–100)
cedefop-esi,RO,Romania,2023,training-and-other-education,28.73,,score (0–100)
cedefop-esi,RO,Romania,2024,training-and-other-education,29.214,,score (0–100)
cedefop-esi,SE,Sweden,2017,training-and-other-education,57.605,,score (0–100)
cedefop-esi,SE,Sweden,2018,training-and-other-education,59.184,,score (0–100)
cedefop-esi,SE,Sweden,2019,training-and-other-education,63.455,,score (0–100)
cedefop-esi,SE,Sweden,2020,training-and-other-education,65.095,,score (0–100)
cedefop-esi,SE,Sweden,2021,training-and-other-education,65.443,,score (0–100)
cedefop-esi,SE,Sweden,2022,training-and-other-education,62.394,,score (0–100)
cedefop-esi,SE,Sweden,2023,training-and-other-education,65.564,,score (0–100)
cedefop-esi,SE,Sweden,2024,training-and-other-education,65.564,,score (0–100)
cedefop-esi,SI,Slovenia,2017,training-and-other-education,52.541,,score (0–100)
cedefop-esi,SI,Slovenia,2018,training-and-other-education,55.488,,score (0–100)
cedefop-esi,SI,Slovenia,2019,training-and-other-education,56.834,,score (0–100)
cedefop-esi,SI,Slovenia,2020,training-and-other-education,56.709,,score (0–100)
cedefop-esi,SI,Slovenia,2021,training-and-other-education,56.911,,score (0–100)
cedefop-esi,SI,Slovenia,2022,training-and-other-education,54.201,,score (0–100)
cedefop-esi,SI,Slovenia,2023,training-and-other-education,63.759,,score (0–100)
cedefop-esi,SI,Slovenia,2024,training-and-other-education,67.05,,score (0–100)
cedefop-esi,SK,Slovakia,2017,training-and-other-education,44.684,,score (0–100)
cedefop-esi,SK,Slovakia,2018,training-and-other-education,46.444,,score (0–100)
cedefop-esi,SK,Slovakia,2019,training-and-other-education,49.537,,score (0–100)
cedefop-esi,SK,Slovakia,2020,training-and-other-education,47.473,,score (0–100)
cedefop-esi,SK,Slovakia,2021,training-and-other-education,44.923,,score (0–100)
cedefop-esi,SK,Slovakia,2022,training-and-other-education,44.028,,score (0–100)
cedefop-esi,SK,Slovakia,2023,training-and-other-education,46.145,,score (0–100)
cedefop-esi,SK,Slovakia,2024,training-and-other-education,53.887,,score (0–100)
cedefop-esi,UK,United Kingdom,2017,training-and-other-education,48.545,,score (0–100)
cedefop-esi,UK,United Kingdom,2018,training-and-other-education,57.264,,score (0–100)
cedefop-esi,UK,United Kingdom,2019,training-and-other-education,55.18,,score (0–100)
cedefop-esi,UK,United Kingdom,2020,training-and-other-education,55.258,,score (0–100)
cedefop-esi,UK,United Kingdom,2021,training-and-other-education,54.455,,score (0–100)
cedefop-esi,UK,United Kingdom,2022,training-and-other-education,54.455,,score (0–100)
cedefop-esi,UK,United Kingdom,2023,training-and-other-education,54.455,,score (0–100)
cedefop-esi,UK,United Kingdom,2024,training-and-other-education,54.455,,score (0–100)
cedefop-esi,AT,Austria,2017,transition-to-work,68.2,,score (0–100)
cedefop-esi,AT,Austria,2018,transition-to-work,69.883,,score (0–100)
cedefop-esi,AT,Austria,2019,transition-to-work,72.283,,score (0–100)
cedefop-esi,AT,Austria,2020,transition-to-work,74.967,,score (0–100)
cedefop-esi,AT,Austria,2021,transition-to-work,71.0,,score (0–100)
cedefop-esi,AT,Austria,2022,transition-to-work,66.45,,score (0–100)
cedefop-esi,AT,Austria,2023,transition-to-work,69.267,,score (0–100)
cedefop-esi,AT,Austria,2024,transition-to-work,70.2,,score (0–100)
cedefop-esi,BE,Belgium,2017,transition-to-work,38.833,,score (0–100)
cedefop-esi,BE,Belgium,2018,transition-to-work,50.1,,score (0–100)
cedefop-esi,BE,Belgium,2019,transition-to-work,52.533,,score (0–100)
cedefop-esi,BE,Belgium,2020,transition-to-work,57.533,,score (0–100)
cedefop-esi,BE,Belgium,2021,transition-to-work,54.667,,score (0–100)
cedefop-esi,BE,Belgium,2022,transition-to-work,55.367,,score (0–100)
cedefop-esi,BE,Belgium,2023,transition-to-work,64.767,,score (0–100)
cedefop-esi,BE,Belgium,2024,transition-to-work,65.117,,score (0–100)
cedefop-esi,BG,Bulgaria,2017,transition-to-work,12.8,,score (0–100)
cedefop-esi,BG,Bulgaria,2018,transition-to-work,9.333,,score (0–100)
cedefop-esi,BG,Bulgaria,2019,transition-to-work,17.683,,score (0–100)
cedefop-esi,BG,Bulgaria,2020,transition-to-work,21.133,,score (0–100)
cedefop-esi,BG,Bulgaria,2021,transition-to-work,22.433,,score (0–100)
cedefop-esi,BG,Bulgaria,2022,transition-to-work,20.517,,score (0–100)
cedefop-esi,BG,Bulgaria,2023,transition-to-work,12.483,,score (0–100)
cedefop-esi,BG,Bulgaria,2024,transition-to-work,31.15,,score (0–100)
cedefop-esi,CH,Switzerland,2017,transition-to-work,76.383,,score (0–100)
cedefop-esi,CH,Switzerland,2018,transition-to-work,79.317,,score (0–100)
cedefop-esi,CH,Switzerland,2019,transition-to-work,79.267,,score (0–100)
cedefop-esi,CH,Switzerland,2020,transition-to-work,82.817,,score (0–100)
cedefop-esi,CH,Switzerland,2021,transition-to-work,83.033,,score (0–100)
cedefop-esi,CH,Switzerland,2022,transition-to-work,85.867,,score (0–100)
cedefop-esi,CH,Switzerland,2023,transition-to-work,75.617,,score (0–100)
cedefop-esi,CH,Switzerland,2024,transition-to-work,64.683,,score (0–100)
cedefop-esi,CY,Cyprus,2017,transition-to-work,50.95,,score (0–100)
cedefop-esi,CY,Cyprus,2018,transition-to-work,51.7,,score (0–100)
cedefop-esi,CY,Cyprus,2019,transition-to-work,41.8,,score (0–100)
cedefop-esi,CY,Cyprus,2020,transition-to-work,58.283,,score (0–100)
cedefop-esi,CY,Cyprus,2021,transition-to-work,57.517,,score (0–100)
cedefop-esi,CY,Cyprus,2022,transition-to-work,50.383,,score (0–100)
cedefop-esi,CY,Cyprus,2023,transition-to-work,59.533,,score (0–100)
cedefop-esi,CY,Cyprus,2024,transition-to-work,58.617,,score (0–100)
cedefop-esi,CZ,Czechia,2017,transition-to-work,60.433,,score (0–100)
cedefop-esi,CZ,Czechia,2018,transition-to-work,67.183,,score (0–100)
cedefop-esi,CZ,Czechia,2019,transition-to-work,74.45,,score (0–100)
cedefop-esi,CZ,Czechia,2020,transition-to-work,76.3,,score (0–100)
cedefop-esi,CZ,Czechia,2021,transition-to-work,73.233,,score (0–100)
cedefop-esi,CZ,Czechia,2022,transition-to-work,67.983,,score (0–100)
cedefop-esi,CZ,Czechia,2023,transition-to-work,67.6,,score (0–100)
cedefop-esi,CZ,Czechia,2024,transition-to-work,64.183,,score (0–100)
cedefop-esi,DE,Germany,2017,transition-to-work,59.367,,score (0–100)
cedefop-esi,DE,Germany,2018,transition-to-work,58.967,,score (0–100)
cedefop-esi,DE,Germany,2019,transition-to-work,62.283,,score (0–100)
cedefop-esi,DE,Germany,2020,transition-to-work,65.383,,score (0–100)
cedefop-esi,DE,Germany,2021,transition-to-work,67.683,,score (0–100)
cedefop-esi,DE,Germany,2022,transition-to-work,62.05,,score (0–100)
cedefop-esi,DE,Germany,2023,transition-to-work,55.183,,score (0–100)
cedefop-esi,DE,Germany,2024,transition-to-work,63.267,,score (0–100)
cedefop-esi,DK,Denmark,2017,transition-to-work,53.317,,score (0–100)
cedefop-esi,DK,Denmark,2018,transition-to-work,57.967,,score (0–100)
cedefop-esi,DK,Denmark,2019,transition-to-work,54.517,,score (0–100)
cedefop-esi,DK,Denmark,2020,transition-to-work,56.267,,score (0–100)
cedefop-esi,DK,Denmark,2021,transition-to-work,56.8,,score (0–100)
cedefop-esi,DK,Denmark,2022,transition-to-work,59.3,,score (0–100)
cedefop-esi,DK,Denmark,2023,transition-to-work,63.233,,score (0–100)
cedefop-esi,DK,Denmark,2024,transition-to-work,65.05,,score (0–100)
cedefop-esi,EE,Estonia,2017,transition-to-work,42.983,,score (0–100)
cedefop-esi,EE,Estonia,2018,transition-to-work,51.333,,score (0–100)
cedefop-esi,EE,Estonia,2019,transition-to-work,56.533,,score (0–100)
cedefop-esi,EE,Estonia,2020,transition-to-work,54.917,,score (0–100)
cedefop-esi,EE,Estonia,2021,transition-to-work,55.317,,score (0–100)
cedefop-esi,EE,Estonia,2022,transition-to-work,54.1,,score (0–100)
cedefop-esi,EE,Estonia,2023,transition-to-work,52.567,,score (0–100)
cedefop-esi,EE,Estonia,2024,transition-to-work,46.533,,score (0–100)
cedefop-esi,EL,Greece,2017,transition-to-work,30.75,,score (0–100)
cedefop-esi,EL,Greece,2018,transition-to-work,38.25,,score (0–100)
cedefop-esi,EL,Greece,2019,transition-to-work,39.0,,score (0–100)
cedefop-esi,EL,Greece,2020,transition-to-work,44.25,,score (0–100)
cedefop-esi,EL,Greece,2021,transition-to-work,46.5,,score (0–100)
cedefop-esi,EL,Greece,2022,transition-to-work,48.75,,score (0–100)
cedefop-esi,EL,Greece,2023,transition-to-work,51.0,,score (0–100)
cedefop-esi,EL,Greece,2024,transition-to-work,48.717,,score (0–100)
cedefop-esi,ES,Spain,2017,transition-to-work,0.267,,score (0–100)
cedefop-esi,ES,Spain,2018,transition-to-work,4.0,,score (0–100)
cedefop-esi,ES,Spain,2019,transition-to-work,9.2,,score (0–100)
cedefop-esi,ES,Spain,2020,transition-to-work,13.867,,score (0–100)
cedefop-esi,ES,Spain,2021,transition-to-work,12.917,,score (0–100)
cedefop-esi,ES,Spain,2022,transition-to-work,6.133,,score (0–100)
cedefop-esi,ES,Spain,2023,transition-to-work,21.65,,score (0–100)
cedefop-esi,ES,Spain,2024,transition-to-work,30.05,,score (0–100)
cedefop-esi,FI,Finland,2017,transition-to-work,38.75,,score (0–100)
cedefop-esi,FI,Finland,2018,transition-to-work,48.033,,score (0–100)
cedefop-esi,FI,Finland,2019,transition-to-work,47.5,,score (0–100)
cedefop-esi,FI,Finland,2020,transition-to-work,54.517,,score (0–100)
cedefop-esi,FI,Finland,2021,transition-to-work,61.117,,score (0–100)
cedefop-esi,FI,Finland,2022,transition-to-work,53.5,,score (0–100)
cedefop-esi,FI,Finland,2023,transition-to-work,57.25,,score (0–100)
cedefop-esi,FI,Finland,2024,transition-to-work,56.7,,score (0–100)
cedefop-esi,FR,France,2017,transition-to-work,30.067,,score (0–100)
cedefop-esi,FR,France,2018,transition-to-work,33.383,,score (0–100)
cedefop-esi,FR,France,2019,transition-to-work,36.217,,score (0–100)
cedefop-esi,FR,France,2020,transition-to-work,43.45,,score (0–100)
cedefop-esi,FR,France,2021,transition-to-work,41.267,,score (0–100)
cedefop-esi,FR,France,2022,transition-to-work,41.7,,score (0–100)
cedefop-esi,FR,France,2023,transition-to-work,45.967,,score (0–100)
cedefop-esi,FR,France,2024,transition-to-work,50.383,,score (0–100)
cedefop-esi,HR,Croatia,2017,transition-to-work,51.0,,score (0–100)
cedefop-esi,HR,Croatia,2018,transition-to-work,61.75,,score (0–100)
cedefop-esi,HR,Croatia,2019,transition-to-work,52.2,,score (0–100)
cedefop-esi,HR,Croatia,2020,transition-to-work,57.017,,score (0–100)
cedefop-esi,HR,Croatia,2021,transition-to-work,64.65,,score (0–100)
cedefop-esi,HR,Croatia,2022,transition-to-work,67.6,,score (0–100)
cedefop-esi,HR,Croatia,2023,transition-to-work,67.55,,score (0–100)
cedefop-esi,HR,Croatia,2024,transition-to-work,75.0,,score (0–100)
cedefop-esi,HU,Hungary,2017,transition-to-work,36.283,,score (0–100)
cedefop-esi,HU,Hungary,2018,transition-to-work,40.167,,score (0–100)
cedefop-esi,HU,Hungary,2019,transition-to-work,40.517,,score (0–100)
cedefop-esi,HU,Hungary,2020,transition-to-work,44.25,,score (0–100)
cedefop-esi,HU,Hungary,2021,transition-to-work,44.717,,score (0–100)
cedefop-esi,HU,Hungary,2022,transition-to-work,40.183,,score (0–100)
cedefop-esi,HU,Hungary,2023,transition-to-work,47.583,,score (0–100)
cedefop-esi,HU,Hungary,2024,transition-to-work,47.617,,score (0–100)
cedefop-esi,IE,Ireland,2017,transition-to-work,50.2,,score (0–100)
cedefop-esi,IE,Ireland,2018,transition-to-work,63.433,,score (0–100)
cedefop-esi,IE,Ireland,2019,transition-to-work,65.917,,score (0–100)
cedefop-esi,IE,Ireland,2020,transition-to-work,66.983,,score (0–100)
cedefop-esi,IE,Ireland,2021,transition-to-work,65.75,,score (0–100)
cedefop-esi,IE,Ireland,2022,transition-to-work,60.583,,score (0–100)
cedefop-esi,IE,Ireland,2023,transition-to-work,80.767,,score (0–100)
cedefop-esi,IE,Ireland,2024,transition-to-work,82.1,,score (0–100)
cedefop-esi,IS,Iceland,2017,transition-to-work,74.25,,score (0–100)
cedefop-esi,IS,Iceland,2018,transition-to-work,85.35,,score (0–100)
cedefop-esi,IS,Iceland,2019,transition-to-work,84.733,,score (0–100)
cedefop-esi,IS,Iceland,2020,transition-to-work,76.7,,score (0–100)
cedefop-esi,IS,Iceland,2021,transition-to-work,75.083,,score (0–100)
cedefop-esi,IS,Iceland,2022,transition-to-work,65.917,,score (0–100)
cedefop-esi,IS,Iceland,2023,transition-to-work,71.65,,score (0–100)
cedefop-esi,IS,Iceland,2024,transition-to-work,84.133,,score (0–100)
cedefop-esi,IT,Italy,2017,transition-to-work,0.0,,score (0–100)
cedefop-esi,IT,Italy,2018,transition-to-work,0.0,,score (0–100)
cedefop-esi,IT,Italy,2019,transition-to-work,0.0,,score (0–100)
cedefop-esi,IT,Italy,2020,transition-to-work,0.0,,score (0–100)
cedefop-esi,IT,Italy,2021,transition-to-work,2.25,,score (0–100)
cedefop-esi,IT,Italy,2022,transition-to-work,2.25,,score (0–100)
cedefop-esi,IT,Italy,2023,transition-to-work,3.75,,score (0–100)
cedefop-esi,IT,Italy,2024,transition-to-work,15.267,,score (0–100)
cedefop-esi,LT,Lithuania,2017,transition-to-work,64.8,,score (0–100)
cedefop-esi,LT,Lithuania,2018,transition-to-work,67.45,,score (0–100)
cedefop-esi,LT,Lithuania,2019,transition-to-work,67.95,,score (0–100)
cedefop-esi,LT,Lithuania,2020,transition-to-work,75.767,,score (0–100)
cedefop-esi,LT,Lithuania,2021,transition-to-work,69.633,,score (0–100)
cedefop-esi,LT,Lithuania,2022,transition-to-work,55.417,,score (0–100)
cedefop-esi,LT,Lithuania,2023,transition-to-work,63.367,,score (0–100)
cedefop-esi,LT,Lithuania,2024,transition-to-work,68.033,,score (0–100)
cedefop-esi,LU,Luxembourg,2017,transition-to-work,66.017,,score (0–100)
cedefop-esi,LU,Luxembourg,2018,transition-to-work,73.7,,score (0–100)
cedefop-esi,LU,Luxembourg,2019,transition-to-work,73.333,,score (0–100)
cedefop-esi,LU,Luxembourg,2020,transition-to-work,76.283,,score (0–100)
cedefop-esi,LU,Luxembourg,2021,transition-to-work,74.533,,score (0–100)
cedefop-esi,LU,Luxembourg,2022,transition-to-work,58.917,,score (0–100)
cedefop-esi,LU,Luxembourg,2023,transition-to-work,59.783,,score (0–100)
cedefop-esi,LU,Luxembourg,2024,transition-to-work,77.617,,score (0–100)
cedefop-esi,LV,Latvia,2017,transition-to-work,57.4,,score (0–100)
cedefop-esi,LV,Latvia,2018,transition-to-work,47.367,,score (0–100)
cedefop-esi,LV,Latvia,2019,transition-to-work,54.833,,score (0–100)
cedefop-esi,LV,Latvia,2020,transition-to-work,68.217,,score (0–100)
cedefop-esi,LV,Latvia,2021,transition-to-work,63.717,,score (0–100)
cedefop-esi,LV,Latvia,2022,transition-to-work,63.8,,score (0–100)
cedefop-esi,LV,Latvia,2023,transition-to-work,60.217,,score (0–100)
cedefop-esi,LV,Latvia,2024,transition-to-work,70.567,,score (0–100)
cedefop-esi,MT,Malta,2017,transition-to-work,66.25,,score (0–100)
cedefop-esi,MT,Malta,2018,transition-to-work,73.0,,score (0–100)
cedefop-esi,MT,Malta,2019,transition-to-work,71.4,,score (0–100)
cedefop-esi,MT,Malta,2020,transition-to-work,80.233,,score (0–100)
cedefop-esi,MT,Malta,2021,transition-to-work,71.75,,score (0–100)
cedefop-esi,MT,Malta,2022,transition-to-work,75.0,,score (0–100)
cedefop-esi,MT,Malta,2023,transition-to-work,69.5,,score (0–100)
cedefop-esi,MT,Malta,2024,transition-to-work,78.65,,score (0–100)
cedefop-esi,NL,Netherlands,2017,transition-to-work,74.433,,score (0–100)
cedefop-esi,NL,Netherlands,2018,transition-to-work,76.967,,score (0–100)
cedefop-esi,NL,Netherlands,2019,transition-to-work,81.117,,score (0–100)
cedefop-esi,NL,Netherlands,2020,transition-to-work,82.5,,score (0–100)
cedefop-esi,NL,Netherlands,2021,transition-to-work,81.617,,score (0–100)
cedefop-esi,NL,Netherlands,2022,transition-to-work,78.9,,score (0–100)
cedefop-esi,NL,Netherlands,2023,transition-to-work,94.117,,score (0–100)
cedefop-esi,NL,Netherlands,2024,transition-to-work,92.7,,score (0–100)
cedefop-esi,NO,Norway,2017,transition-to-work,76.533,,score (0–100)
cedefop-esi,NO,Norway,2018,transition-to-work,73.217,,score (0–100)
cedefop-esi,NO,Norway,2019,transition-to-work,76.517,,score (0–100)
cedefop-esi,NO,Norway,2020,transition-to-work,77.283,,score (0–100)
cedefop-esi,NO,Norway,2021,transition-to-work,75.25,,score (0–100)
cedefop-esi,NO,Norway,2022,transition-to-work,76.433,,score (0–100)
cedefop-esi,NO,Norway,2023,transition-to-work,71.417,,score (0–100)
cedefop-esi,NO,Norway,2024,transition-to-work,66.683,,score (0–100)
cedefop-esi,PL,Poland,2017,transition-to-work,59.283,,score (0–100)
cedefop-esi,PL,Poland,2018,transition-to-work,63.767,,score (0–100)
cedefop-esi,PL,Poland,2019,transition-to-work,68.55,,score (0–100)
cedefop-esi,PL,Poland,2020,transition-to-work,70.633,,score (0–100)
cedefop-esi,PL,Poland,2021,transition-to-work,73.333,,score (0–100)
cedefop-esi,PL,Poland,2022,transition-to-work,67.85,,score (0–100)
cedefop-esi,PL,Poland,2023,transition-to-work,56.333,,score (0–100)
cedefop-esi,PL,Poland,2024,transition-to-work,71.267,,score (0–100)
cedefop-esi,PT,Portugal,2017,transition-to-work,29.85,,score (0–100)
cedefop-esi,PT,Portugal,2018,transition-to-work,30.483,,score (0–100)
cedefop-esi,PT,Portugal,2019,transition-to-work,50.183,,score (0–100)
cedefop-esi,PT,Portugal,2020,transition-to-work,57.55,,score (0–100)
cedefop-esi,PT,Portugal,2021,transition-to-work,58.65,,score (0–100)
cedefop-esi,PT,Portugal,2022,transition-to-work,54.017,,score (0–100)
cedefop-esi,PT,Portugal,2023,transition-to-work,62.8,,score (0–100)
cedefop-esi,PT,Portugal,2024,transition-to-work,71.017,,score (0–100)
cedefop-esi,RO,Romania,2017,transition-to-work,4.133,,score (0–100)
cedefop-esi,RO,Romania,2018,transition-to-work,5.733,,score (0–100)
cedefop-esi,RO,Romania,2019,transition-to-work,16.917,,score (0–100)
cedefop-esi,RO,Romania,2020,transition-to-work,24.033,,score (0–100)
cedefop-esi,RO,Romania,2021,transition-to-work,25.3,,score (0–100)
cedefop-esi,RO,Romania,2022,transition-to-work,23.85,,score (0–100)
cedefop-esi,RO,Romania,2023,transition-to-work,6.8,,score (0–100)
cedefop-esi,RO,Romania,2024,transition-to-work,6.533,,score (0–100)
cedefop-esi,SE,Sweden,2017,transition-to-work,72.117,,score (0–100)
cedefop-esi,SE,Sweden,2018,transition-to-work,71.683,,score (0–100)
cedefop-esi,SE,Sweden,2019,transition-to-work,73.067,,score (0–100)
cedefop-esi,SE,Sweden,2020,transition-to-work,74.3,,score (0–100)
cedefop-esi,SE,Sweden,2021,transition-to-work,76.6,,score (0–100)
cedefop-esi,SE,Sweden,2022,transition-to-work,68.283,,score (0–100)
cedefop-esi,SE,Sweden,2023,transition-to-work,72.35,,score (0–100)
cedefop-esi,SE,Sweden,2024,transition-to-work,75.05,,score (0–100)
cedefop-esi,SI,Slovenia,2017,transition-to-work,51.417,,score (0–100)
cedefop-esi,SI,Slovenia,2018,transition-to-work,59.1,,score (0–100)
cedefop-esi,SI,Slovenia,2019,transition-to-work,72.383,,score (0–100)
cedefop-esi,SI,Slovenia,2020,transition-to-work,75.1,,score (0–100)
cedefop-esi,SI,Slovenia,2021,transition-to-work,75.25,,score (0–100)
cedefop-esi,SI,Slovenia,2022,transition-to-work,72.483,,score (0–100)
cedefop-esi,SI,Slovenia,2023,transition-to-work,81.55,,score (0–100)
cedefop-esi,SI,Slovenia,2024,transition-to-work,71.35,,score (0–100)
cedefop-esi,SK,Slovakia,2017,transition-to-work,41.35,,score (0–100)
cedefop-esi,SK,Slovakia,2018,transition-to-work,46.467,,score (0–100)
cedefop-esi,SK,Slovakia,2019,transition-to-work,39.25,,score (0–100)
cedefop-esi,SK,Slovakia,2020,transition-to-work,46.283,,score (0–100)
cedefop-esi,SK,Slovakia,2021,transition-to-work,43.95,,score (0–100)
cedefop-esi,SK,Slovakia,2022,transition-to-work,45.483,,score (0–100)
cedefop-esi,SK,Slovakia,2023,transition-to-work,35.833,,score (0–100)
cedefop-esi,SK,Slovakia,2024,transition-to-work,45.45,,score (0–100)
cedefop-esi,UK,United Kingdom,2017,transition-to-work,55.483,,score (0–100)
cedefop-esi,UK,United Kingdom,2018,transition-to-work,53.617,,score (0–100)
cedefop-esi,UK,United Kingdom,2019,transition-to-work,59.55,,score (0–100)
cedefop-esi,UK,United Kingdom,2020,transition-to-work,61.933,,score (0–100)
cedefop-esi,UK,United Kingdom,2021,transition-to-work,57.2,,score (0–100)
cedefop-esi,UK,United Kingdom,2022,transition-to-work,57.2,,score (0–100)
cedefop-esi,UK,United Kingdom,2023,transition-to-work,57.2,,score (0–100)
cedefop-esi,UK,United Kingdom,2024,transition-to-work,57.2,,score (0–100)
cedefop-esi,AT,Austria,2017,underemployed-part-time-workers,43.838,,score (0–100)
cedefop-esi,AT,Austria,2018,underemployed-part-time-workers,42.456,,score (0–100)
cedefop-esi,AT,Austria,2019,underemployed-part-time-workers,45.439,,score (0–100)
cedefop-esi,AT,Austria,2020,underemployed-part-time-workers,56.716,,score (0–100)
cedefop-esi,AT,Austria,2021,underemployed-part-time-workers,64.987,,score (0–100)
cedefop-esi,AT,Austria,2022,underemployed-part-time-workers,57.478,,score (0–100)
cedefop-esi,AT,Austria,2023,underemployed-part-time-workers,65.532,,score (0–100)
cedefop-esi,AT,Austria,2024,underemployed-part-time-workers,72.108,,score (0–100)
cedefop-esi,BE,Belgium,2017,underemployed-part-time-workers,55.446,,score (0–100)
cedefop-esi,BE,Belgium,2018,underemployed-part-time-workers,57.399,,score (0–100)
cedefop-esi,BE,Belgium,2019,underemployed-part-time-workers,54.863,,score (0–100)
cedefop-esi,BE,Belgium,2020,underemployed-part-time-workers,54.69,,score (0–100)
cedefop-esi,BE,Belgium,2021,underemployed-part-time-workers,58.275,,score (0–100)
cedefop-esi,BE,Belgium,2022,underemployed-part-time-workers,58.738,,score (0–100)
cedefop-esi,BE,Belgium,2023,underemployed-part-time-workers,48.647,,score (0–100)
cedefop-esi,BE,Belgium,2024,underemployed-part-time-workers,55.428,,score (0–100)
cedefop-esi,BG,Bulgaria,2017,underemployed-part-time-workers,95.601,,score (0–100)
cedefop-esi,BG,Bulgaria,2018,underemployed-part-time-workers,96.465,,score (0–100)
cedefop-esi,BG,Bulgaria,2019,underemployed-part-time-workers,95.626,,score (0–100)
cedefop-esi,BG,Bulgaria,2020,underemployed-part-time-workers,98.938,,score (0–100)
cedefop-esi,BG,Bulgaria,2021,underemployed-part-time-workers,98.931,,score (0–100)
cedefop-esi,BG,Bulgaria,2022,underemployed-part-time-workers,100.0,,score (0–100)
cedefop-esi,BG,Bulgaria,2023,underemployed-part-time-workers,100.0,,score (0–100)
cedefop-esi,BG,Bulgaria,2024,underemployed-part-time-workers,100.0,,score (0–100)
cedefop-esi,CH,Switzerland,2017,underemployed-part-time-workers,2.591,,score (0–100)
cedefop-esi,CH,Switzerland,2018,underemployed-part-time-workers,4.318,,score (0–100)
cedefop-esi,CH,Switzerland,2019,underemployed-part-time-workers,1.708,,score (0–100)
cedefop-esi,CH,Switzerland,2020,underemployed-part-time-workers,0.652,,score (0–100)
cedefop-esi,CH,Switzerland,2021,underemployed-part-time-workers,2.704,,score (0–100)
cedefop-esi,CH,Switzerland,2022,underemployed-part-time-workers,0.0,,score (0–100)
cedefop-esi,CH,Switzerland,2023,underemployed-part-time-workers,19.465,,score (0–100)
cedefop-esi,CH,Switzerland,2024,underemployed-part-time-workers,42.748,,score (0–100)
cedefop-esi,CY,Cyprus,2017,underemployed-part-time-workers,0.0,,score (0–100)
cedefop-esi,CY,Cyprus,2018,underemployed-part-time-workers,0.0,,score (0–100)
cedefop-esi,CY,Cyprus,2019,underemployed-part-time-workers,0.593,,score (0–100)
cedefop-esi,CY,Cyprus,2020,underemployed-part-time-workers,24.991,,score (0–100)
cedefop-esi,CY,Cyprus,2021,underemployed-part-time-workers,36.304,,score (0–100)
cedefop-esi,CY,Cyprus,2022,underemployed-part-time-workers,31.778,,score (0–100)
cedefop-esi,CY,Cyprus,2023,underemployed-part-time-workers,34.779,,score (0–100)
cedefop-esi,CY,Cyprus,2024,underemployed-part-time-workers,47.241,,score (0–100)
cedefop-esi,CZ,Czechia,2017,underemployed-part-time-workers,99.04,,score (0–100)
cedefop-esi,CZ,Czechia,2018,underemployed-part-time-workers,99.969,,score (0–100)
cedefop-esi,CZ,Czechia,2019,underemployed-part-time-workers,100.0,,score (0–100)
cedefop-esi,CZ,Czechia,2020,underemployed-part-time-workers,100.0,,score (0–100)
cedefop-esi,CZ,Czechia,2021,underemployed-part-time-workers,100.0,,score (0–100)
cedefop-esi,CZ,Czechia,2022,underemployed-part-time-workers,100.0,,score (0–100)
cedefop-esi,CZ,Czechia,2023,underemployed-part-time-workers,100.0,,score (0–100)
cedefop-esi,CZ,Czechia,2024,underemployed-part-time-workers,100.0,,score (0–100)
cedefop-esi,DE,Germany,2017,underemployed-part-time-workers,50.802,,score (0–100)
cedefop-esi,DE,Germany,2018,underemployed-part-time-workers,55.929,,score (0–100)
cedefop-esi,DE,Germany,2019,underemployed-part-time-workers,58.71,,score (0–100)
cedefop-esi,DE,Germany,2020,underemployed-part-time-workers,64.501,,score (0–100)
cedefop-esi,DE,Germany,2021,underemployed-part-time-workers,68.47,,score (0–100)
cedefop-esi,DE,Germany,2022,underemployed-part-time-workers,71.068,,score (0–100)
cedefop-esi,DE,Germany,2023,underemployed-part-time-workers,85.084,,score (0–100)
cedefop-esi,DE,Germany,2024,underemployed-part-time-workers,88.795,,score (0–100)
cedefop-esi,DK,Denmark,2017,underemployed-part-time-workers,75.066,,score (0–100)
cedefop-esi,DK,Denmark,2018,underemployed-part-time-workers,43.033,,score (0–100)
cedefop-esi,DK,Denmark,2019,underemployed-part-time-workers,55.792,,score (0–100)
cedefop-esi,DK,Denmark,2020,underemployed-part-time-workers,68.992,,score (0–100)
cedefop-esi,DK,Denmark,2021,underemployed-part-time-workers,65.85,,score (0–100)
cedefop-esi,DK,Denmark,2022,underemployed-part-time-workers,62.14,,score (0–100)
cedefop-esi,DK,Denmark,2023,underemployed-part-time-workers,63.143,,score (0–100)
cedefop-esi,DK,Denmark,2024,underemployed-part-time-workers,73.814,,score (0–100)
cedefop-esi,EE,Estonia,2017,underemployed-part-time-workers,88.351,,score (0–100)
cedefop-esi,EE,Estonia,2018,underemployed-part-time-workers,88.627,,score (0–100)
cedefop-esi,EE,Estonia,2019,underemployed-part-time-workers,97.665,,score (0–100)
cedefop-esi,EE,Estonia,2020,underemployed-part-time-workers,92.62,,score (0–100)
cedefop-esi,EE,Estonia,2021,underemployed-part-time-workers,94.16,,score (0–100)
cedefop-esi,EE,Estonia,2022,underemployed-part-time-workers,92.201,,score (0–100)
cedefop-esi,EE,Estonia,2023,underemployed-part-time-workers,92.609,,score (0–100)
cedefop-esi,EE,Estonia,2024,underemployed-part-time-workers,93.324,,score (0–100)
cedefop-esi,EL,Greece,2017,underemployed-part-time-workers,29.389,,score (0–100)
cedefop-esi,EL,Greece,2018,underemployed-part-time-workers,21.658,,score (0–100)
cedefop-esi,EL,Greece,2019,underemployed-part-time-workers,24.114,,score (0–100)
cedefop-esi,EL,Greece,2020,underemployed-part-time-workers,28.019,,score (0–100)
cedefop-esi,EL,Greece,2021,underemployed-part-time-workers,31.412,,score (0–100)
cedefop-esi,EL,Greece,2022,underemployed-part-time-workers,38.446,,score (0–100)
cedefop-esi,EL,Greece,2023,underemployed-part-time-workers,50.109,,score (0–100)
cedefop-esi,EL,Greece,2024,underemployed-part-time-workers,57.354,,score (0–100)
cedefop-esi,ES,Spain,2017,underemployed-part-time-workers,5.459,,score (0–100)
cedefop-esi,ES,Spain,2018,underemployed-part-time-workers,12.428,,score (0–100)
cedefop-esi,ES,Spain,2019,underemployed-part-time-workers,15.753,,score (0–100)
cedefop-esi,ES,Spain,2020,underemployed-part-time-workers,21.718,,score (0–100)
cedefop-esi,ES,Spain,2021,underemployed-part-time-workers,25.312,,score (0–100)
cedefop-esi,ES,Spain,2022,underemployed-part-time-workers,29.151,,score (0–100)
cedefop-esi,ES,Spain,2023,underemployed-part-time-workers,25.34,,score (0–100)
cedefop-esi,ES,Spain,2024,underemployed-part-time-workers,32.641,,score (0–100)
cedefop-esi,FI,Finland,2017,underemployed-part-time-workers,51.221,,score (0–100)
cedefop-esi,FI,Finland,2018,underemployed-part-time-workers,49.36,,score (0–100)
cedefop-esi,FI,Finland,2019,underemployed-part-time-workers,53.533,,score (0–100)
cedefop-esi,FI,Finland,2020,underemployed-part-time-workers,50.625,,score (0–100)
cedefop-esi,FI,Finland,2021,underemployed-part-time-workers,50.903,,score (0–100)
cedefop-esi,FI,Finland,2022,underemployed-part-time-workers,47.353,,score (0–100)
cedefop-esi,FI,Finland,2023,underemployed-part-time-workers,45.351,,score (0–100)
cedefop-esi,FI,Finland,2024,underemployed-part-time-workers,52.0,,score (0–100)
cedefop-esi,FR,France,2017,underemployed-part-time-workers,18.568,,score (0–100)
cedefop-esi,FR,France,2018,underemployed-part-time-workers,21.417,,score (0–100)
cedefop-esi,FR,France,2019,underemployed-part-time-workers,25.564,,score (0–100)
cedefop-esi,FR,France,2020,underemployed-part-time-workers,29.727,,score (0–100)
cedefop-esi,FR,France,2021,underemployed-part-time-workers,35.628,,score (0–100)
cedefop-esi,FR,France,2022,underemployed-part-time-workers,40.703,,score (0–100)
cedefop-esi,FR,France,2023,underemployed-part-time-workers,38.281,,score (0–100)
cedefop-esi,FR,France,2024,underemployed-part-time-workers,44.544,,score (0–100)
cedefop-esi,HR,Croatia,2017,underemployed-part-time-workers,72.975,,score (0–100)
cedefop-esi,HR,Croatia,2018,underemployed-part-time-workers,77.964,,score (0–100)
cedefop-esi,HR,Croatia,2019,underemployed-part-time-workers,81.935,,score (0–100)
cedefop-esi,HR,Croatia,2020,underemployed-part-time-workers,83.97,,score (0–100)
cedefop-esi,HR,Croatia,2021,underemployed-part-time-workers,85.652,,score (0–100)
cedefop-esi,HR,Croatia,2022,underemployed-part-time-workers,83.756,,score (0–100)
cedefop-esi,HR,Croatia,2023,underemployed-part-time-workers,80.793,,score (0–100)
cedefop-esi,HR,Croatia,2024,underemployed-part-time-workers,80.714,,score (0–100)
cedefop-esi,HU,Hungary,2017,underemployed-part-time-workers,84.573,,score (0–100)
cedefop-esi,HU,Hungary,2018,underemployed-part-time-workers,91.859,,score (0–100)
cedefop-esi,HU,Hungary,2019,underemployed-part-time-workers,95.62,,score (0–100)
cedefop-esi,HU,Hungary,2020,underemployed-part-time-workers,97.682,,score (0–100)
cedefop-esi,HU,Hungary,2021,underemployed-part-time-workers,98.538,,score (0–100)
cedefop-esi,HU,Hungary,2022,underemployed-part-time-workers,97.058,,score (0–100)
cedefop-esi,HU,Hungary,2023,underemployed-part-time-workers,95.557,,score (0–100)
cedefop-esi,HU,Hungary,2024,underemployed-part-time-workers,100.0,,score (0–100)
cedefop-esi,IE,Ireland,2017,underemployed-part-time-workers,28.644,,score (0–100)
cedefop-esi,IE,Ireland,2018,underemployed-part-time-workers,36.314,,score (0–100)
cedefop-esi,IE,Ireland,2019,underemployed-part-time-workers,38.389,,score (0–100)
cedefop-esi,IE,Ireland,2020,underemployed-part-time-workers,33.135,,score (0–100)
cedefop-esi,IE,Ireland,2021,underemployed-part-time-workers,38.162,,score (0–100)
cedefop-esi,IE,Ireland,2022,underemployed-part-time-workers,38.225,,score (0–100)
cedefop-esi,IE,Ireland,2023,underemployed-part-time-workers,39.245,,score (0–100)
cedefop-esi,IE,Ireland,2024,underemployed-part-time-workers,45.896,,score (0–100)
cedefop-esi,IS,Iceland,2017,underemployed-part-time-workers,31.292,,score (0–100)
cedefop-esi,IS,Iceland,2018,underemployed-part-time-workers,44.21,,score (0–100)
cedefop-esi,IS,Iceland,2019,underemployed-part-time-workers,46.71,,score (0–100)
cedefop-esi,IS,Iceland,2020,underemployed-part-time-workers,50.349,,score (0–100)
cedefop-esi,IS,Iceland,2021,underemployed-part-time-workers,61.162,,score (0–100)
cedefop-esi,IS,Iceland,2022,underemployed-part-time-workers,42.655,,score (0–100)
cedefop-esi,IS,Iceland,2023,underemployed-part-time-workers,64.179,,score (0–100)
cedefop-esi,IS,Iceland,2024,underemployed-part-time-workers,67.411,,score (0–100)
cedefop-esi,IT,Italy,2017,underemployed-part-time-workers,62.461,,score (0–100)
cedefop-esi,IT,Italy,2018,underemployed-part-time-workers,63.736,,score (0–100)
cedefop-esi,IT,Italy,2019,underemployed-part-time-workers,64.228,,score (0–100)
cedefop-esi,IT,Italy,2020,underemployed-part-time-workers,68.029,,score (0–100)
cedefop-esi,IT,Italy,2021,underemployed-part-time-workers,68.442,,score (0–100)
cedefop-esi,IT,Italy,2022,underemployed-part-time-workers,55.855,,score (0–100)
cedefop-esi,IT,Italy,2023,underemployed-part-time-workers,54.914,,score (0–100)
cedefop-esi,IT,Italy,2024,underemployed-part-time-workers,57.692,,score (0–100)
cedefop-esi,LT,Lithuania,2017,underemployed-part-time-workers,83.862,,score (0–100)
cedefop-esi,LT,Lithuania,2018,underemployed-part-time-workers,88.336,,score (0–100)
cedefop-esi,LT,Lithuania,2019,underemployed-part-time-workers,90.393,,score (0–100)
cedefop-esi,LT,Lithuania,2020,underemployed-part-time-workers,94.179,,score (0–100)
cedefop-esi,LT,Lithuania,2021,underemployed-part-time-workers,96.763,,score (0–100)
cedefop-esi,LT,Lithuania,2022,underemployed-part-time-workers,96.027,,score (0–100)
cedefop-esi,LT,Lithuania,2023,underemployed-part-time-workers,88.208,,score (0–100)
cedefop-esi,LT,Lithuania,2024,underemployed-part-time-workers,86.234,,score (0–100)
cedefop-esi,LU,Luxembourg,2017,underemployed-part-time-workers,72.486,,score (0–100)
cedefop-esi,LU,Luxembourg,2018,underemployed-part-time-workers,75.042,,score (0–100)
cedefop-esi,LU,Luxembourg,2019,underemployed-part-time-workers,78.24,,score (0–100)
cedefop-esi,LU,Luxembourg,2020,underemployed-part-time-workers,82.753,,score (0–100)
cedefop-esi,LU,Luxembourg,2021,underemployed-part-time-workers,82.529,,score (0–100)
cedefop-esi,LU,Luxembourg,2022,underemployed-part-time-workers,85.097,,score (0–100)
cedefop-esi,LU,Luxembourg,2023,underemployed-part-time-workers,64.375,,score (0–100)
cedefop-esi,LU,Luxembourg,2024,underemployed-part-time-workers,61.501,,score (0–100)
cedefop-esi,LV,Latvia,2017,underemployed-part-time-workers,66.53,,score (0–100)
cedefop-esi,LV,Latvia,2018,underemployed-part-time-workers,58.361,,score (0–100)
cedefop-esi,LV,Latvia,2019,underemployed-part-time-workers,63.75,,score (0–100)
cedefop-esi,LV,Latvia,2020,underemployed-part-time-workers,70.1,,score (0–100)
cedefop-esi,LV,Latvia,2021,underemployed-part-time-workers,69.045,,score (0–100)
cedefop-esi,LV,Latvia,2022,underemployed-part-time-workers,65.261,,score (0–100)
cedefop-esi,LV,Latvia,2023,underemployed-part-time-workers,69.996,,score (0–100)
cedefop-esi,LV,Latvia,2024,underemployed-part-time-workers,87.154,,score (0–100)
cedefop-esi,MT,Malta,2017,underemployed-part-time-workers,74.599,,score (0–100)
cedefop-esi,MT,Malta,2018,underemployed-part-time-workers,79.464,,score (0–100)
cedefop-esi,MT,Malta,2019,underemployed-part-time-workers,87.573,,score (0–100)
cedefop-esi,MT,Malta,2020,underemployed-part-time-workers,85.278,,score (0–100)
cedefop-esi,MT,Malta,2021,underemployed-part-time-workers,87.841,,score (0–100)
cedefop-esi,MT,Malta,2022,underemployed-part-time-workers,90.743,,score (0–100)
cedefop-esi,MT,Malta,2023,underemployed-part-time-workers,85.019,,score (0–100)
cedefop-esi,MT,Malta,2024,underemployed-part-time-workers,93.413,,score (0–100)
cedefop-esi,NL,Netherlands,2017,underemployed-part-time-workers,10.505,,score (0–100)
cedefop-esi,NL,Netherlands,2018,underemployed-part-time-workers,19.926,,score (0–100)
cedefop-esi,NL,Netherlands,2019,underemployed-part-time-workers,30.402,,score (0–100)
cedefop-esi,NL,Netherlands,2020,underemployed-part-time-workers,43.287,,score (0–100)
cedefop-esi,NL,Netherlands,2021,underemployed-part-time-workers,52.06,,score (0–100)
cedefop-esi,NL,Netherlands,2022,underemployed-part-time-workers,46.239,,score (0–100)
cedefop-esi,NL,Netherlands,2023,underemployed-part-time-workers,18.425,,score (0–100)
cedefop-esi,NL,Netherlands,2024,underemployed-part-time-workers,28.673,,score (0–100)
cedefop-esi,NO,Norway,2017,underemployed-part-time-workers,64.821,,score (0–100)
cedefop-esi,NO,Norway,2018,underemployed-part-time-workers,64.667,,score (0–100)
cedefop-esi,NO,Norway,2019,underemployed-part-time-workers,69.324,,score (0–100)
cedefop-esi,NO,Norway,2020,underemployed-part-time-workers,68.072,,score (0–100)
cedefop-esi,NO,Norway,2021,underemployed-part-time-workers,63.822,,score (0–100)
cedefop-esi,NO,Norway,2022,underemployed-part-time-workers,55.884,,score (0–100)
cedefop-esi,NO,Norway,2023,underemployed-part-time-workers,48.594,,score (0–100)
cedefop-esi,NO,Norway,2024,underemployed-part-time-workers,52.57,,score (0–100)
cedefop-esi,PL,Poland,2017,underemployed-part-time-workers,79.142,,score (0–100)
cedefop-esi,PL,Poland,2018,underemployed-part-time-workers,83.392,,score (0–100)
cedefop-esi,PL,Poland,2019,underemployed-part-time-workers,86.197,,score (0–100)
cedefop-esi,PL,Poland,2020,underemployed-part-time-workers,90.263,,score (0–100)
cedefop-esi,PL,Poland,2021,underemployed-part-time-workers,92.026,,score (0–100)
cedefop-esi,PL,Poland,2022,underemployed-part-time-workers,94.407,,score (0–100)
cedefop-esi,PL,Poland,2023,underemployed-part-time-workers,93.644,,score (0–100)
cedefop-esi,PL,Poland,2024,underemployed-part-time-workers,95.945,,score (0–100)
cedefop-esi,PT,Portugal,2017,underemployed-part-time-workers,35.823,,score (0–100)
cedefop-esi,PT,Portugal,2018,underemployed-part-time-workers,39.515,,score (0–100)
cedefop-esi,PT,Portugal,2019,underemployed-part-time-workers,47.509,,score (0–100)
cedefop-esi,PT,Portugal,2020,underemployed-part-time-workers,56.184,,score (0–100)
cedefop-esi,PT,Portugal,2021,underemployed-part-time-workers,60.205,,score (0–100)
cedefop-esi,PT,Portugal,2022,underemployed-part-time-workers,61.415,,score (0–100)
cedefop-esi,PT,Portugal,2023,underemployed-part-time-workers,65.087,,score (0–100)
cedefop-esi,PT,Portugal,2024,underemployed-part-time-workers,66.067,,score (0–100)
cedefop-esi,RO,Romania,2017,underemployed-part-time-workers,62.694,,score (0–100)
cedefop-esi,RO,Romania,2018,underemployed-part-time-workers,71.384,,score (0–100)
cedefop-esi,RO,Romania,2019,underemployed-part-time-workers,72.824,,score (0–100)
cedefop-esi,RO,Romania,2020,underemployed-part-time-workers,73.218,,score (0–100)
cedefop-esi,RO,Romania,2021,underemployed-part-time-workers,74.892,,score (0–100)
cedefop-esi,RO,Romania,2022,underemployed-part-time-workers,78.373,,score (0–100)
cedefop-esi,RO,Romania,2023,underemployed-part-time-workers,85.681,,score (0–100)
cedefop-esi,RO,Romania,2024,underemployed-part-time-workers,87.212,,score (0–100)
cedefop-esi,SE,Sweden,2017,underemployed-part-time-workers,45.036,,score (0–100)
cedefop-esi,SE,Sweden,2018,underemployed-part-time-workers,54.68,,score (0–100)
cedefop-esi,SE,Sweden,2019,underemployed-part-time-workers,58.737,,score (0–100)
cedefop-esi,SE,Sweden,2020,underemployed-part-time-workers,59.423,,score (0–100)
cedefop-esi,SE,Sweden,2021,underemployed-part-time-workers,54.482,,score (0–100)
cedefop-esi,SE,Sweden,2022,underemployed-part-time-workers,47.292,,score (0–100)
cedefop-esi,SE,Sweden,2023,underemployed-part-time-workers,50.707,,score (0–100)
cedefop-esi,SE,Sweden,2024,underemployed-part-time-workers,58.113,,score (0–100)
cedefop-esi,SI,Slovenia,2017,underemployed-part-time-workers,59.721,,score (0–100)
cedefop-esi,SI,Slovenia,2018,underemployed-part-time-workers,64.432,,score (0–100)
cedefop-esi,SI,Slovenia,2019,underemployed-part-time-workers,64.995,,score (0–100)
cedefop-esi,SI,Slovenia,2020,underemployed-part-time-workers,75.569,,score (0–100)
cedefop-esi,SI,Slovenia,2021,underemployed-part-time-workers,87.299,,score (0–100)
cedefop-esi,SI,Slovenia,2022,underemployed-part-time-workers,83.724,,score (0–100)
cedefop-esi,SI,Slovenia,2023,underemployed-part-time-workers,82.152,,score (0–100)
cedefop-esi,SI,Slovenia,2024,underemployed-part-time-workers,89.39,,score (0–100)
cedefop-esi,SK,Slovakia,2017,underemployed-part-time-workers,75.204,,score (0–100)
cedefop-esi,SK,Slovakia,2018,underemployed-part-time-workers,71.603,,score (0–100)
cedefop-esi,SK,Slovakia,2019,underemployed-part-time-workers,76.071,,score (0–100)
cedefop-esi,SK,Slovakia,2020,underemployed-part-time-workers,82.302,,score (0–100)
cedefop-esi,SK,Slovakia,2021,underemployed-part-time-workers,90.057,,score (0–100)
cedefop-esi,SK,Slovakia,2022,underemployed-part-time-workers,91.63,,score (0–100)
cedefop-esi,SK,Slovakia,2023,underemployed-part-time-workers,100.0,,score (0–100)
cedefop-esi,SK,Slovakia,2024,underemployed-part-time-workers,100.0,,score (0–100)
cedefop-esi,UK,United Kingdom,2017,underemployed-part-time-workers,26.816,,score (0–100)
cedefop-esi,UK,United Kingdom,2018,underemployed-part-time-workers,32.624,,score (0–100)
cedefop-esi,UK,United Kingdom,2019,underemployed-part-time-workers,37.791,,score (0–100)
cedefop-esi,UK,United Kingdom,2020,underemployed-part-time-workers,42.283,,score (0–100)
cedefop-esi,UK,United Kingdom,2021,underemployed-part-time-workers,41.576,,score (0–100)
cedefop-esi,UK,United Kingdom,2022,underemployed-part-time-workers,41.576,,score (0–100)
cedefop-esi,UK,United Kingdom,2023,underemployed-part-time-workers,41.576,,score (0–100)
cedefop-esi,UK,United Kingdom,2024,underemployed-part-time-workers,41.576,,score (0–100)
cedefop-esi,AT,Austria,2017,upper-secondary-attainment-and-above,72.571,,score (0–100)
cedefop-esi,AT,Austria,2018,upper-secondary-attainment-and-above,72.571,,score (0–100)
cedefop-esi,AT,Austria,2019,upper-secondary-attainment-and-above,73.429,,score (0–100)
cedefop-esi,AT,Austria,2020,upper-secondary-attainment-and-above,74.571,,score (0–100)
cedefop-esi,AT,Austria,2021,upper-secondary-attainment-and-above,75.143,,score (0–100)
cedefop-esi,AT,Austria,2022,upper-secondary-attainment-and-above,75.143,,score (0–100)
cedefop-esi,AT,Austria,2023,upper-secondary-attainment-and-above,75.714,,score (0–100)
cedefop-esi,AT,Austria,2024,upper-secondary-attainment-and-above,75.429,,score (0–100)
cedefop-esi,BE,Belgium,2017,upper-secondary-attainment-and-above,46.571,,score (0–100)
cedefop-esi,BE,Belgium,2018,upper-secondary-attainment-and-above,48.0,,score (0–100)
cedefop-esi,BE,Belgium,2019,upper-secondary-attainment-and-above,50.857,,score (0–100)
cedefop-esi,BE,Belgium,2020,upper-secondary-attainment-and-above,53.429,,score (0–100)
cedefop-esi,BE,Belgium,2021,upper-secondary-attainment-and-above,54.571,,score (0–100)
cedefop-esi,BE,Belgium,2022,upper-secondary-attainment-and-above,57.143,,score (0–100)
cedefop-esi,BE,Belgium,2023,upper-secondary-attainment-and-above,63.714,,score (0–100)
cedefop-esi,BE,Belgium,2024,upper-secondary-attainment-and-above,66.571,,score (0–100)
cedefop-esi,BG,Bulgaria,2017,upper-secondary-attainment-and-above,65.143,,score (0–100)
cedefop-esi,BG,Bulgaria,2018,upper-secondary-attainment-and-above,66.0,,score (0–100)
cedefop-esi,BG,Bulgaria,2019,upper-secondary-attainment-and-above,67.429,,score (0–100)
cedefop-esi,BG,Bulgaria,2020,upper-secondary-attainment-and-above,67.143,,score (0–100)
cedefop-esi,BG,Bulgaria,2021,upper-secondary-attainment-and-above,66.0,,score (0–100)
cedefop-esi,BG,Bulgaria,2022,upper-secondary-attainment-and-above,67.143,,score (0–100)
cedefop-esi,BG,Bulgaria,2023,upper-secondary-attainment-and-above,69.143,,score (0–100)
cedefop-esi,BG,Bulgaria,2024,upper-secondary-attainment-and-above,71.429,,score (0–100)
cedefop-esi,CH,Switzerland,2017,upper-secondary-attainment-and-above,75.714,,score (0–100)
cedefop-esi,CH,Switzerland,2018,upper-secondary-attainment-and-above,76.571,,score (0–100)
cedefop-esi,CH,Switzerland,2019,upper-secondary-attainment-and-above,77.714,,score (0–100)
cedefop-esi,CH,Switzerland,2020,upper-secondary-attainment-and-above,79.429,,score (0–100)
cedefop-esi,CH,Switzerland,2021,upper-secondary-attainment-and-above,81.429,,score (0–100)
cedefop-esi,CH,Switzerland,2022,upper-secondary-attainment-and-above,82.286,,score (0–100)
cedefop-esi,CH,Switzerland,2023,upper-secondary-attainment-and-above,78.857,,score (0–100)
cedefop-esi,CH,Switzerland,2024,upper-secondary-attainment-and-above,75.714,,score (0–100)
cedefop-esi,CY,Cyprus,2017,upper-secondary-attainment-and-above,55.714,,score (0–100)
cedefop-esi,CY,Cyprus,2018,upper-secondary-attainment-and-above,60.0,,score (0–100)
cedefop-esi,CY,Cyprus,2019,upper-secondary-attainment-and-above,63.143,,score (0–100)
cedefop-esi,CY,Cyprus,2020,upper-secondary-attainment-and-above,66.0,,score (0–100)
cedefop-esi,CY,Cyprus,2021,upper-secondary-attainment-and-above,67.143,,score (0–100)
cedefop-esi,CY,Cyprus,2022,upper-secondary-attainment-and-above,68.571,,score (0–100)
cedefop-esi,CY,Cyprus,2023,upper-secondary-attainment-and-above,72.286,,score (0–100)
cedefop-esi,CY,Cyprus,2024,upper-secondary-attainment-and-above,74.571,,score (0–100)
cedefop-esi,CZ,Czechia,2017,upper-secondary-attainment-and-above,93.143,,score (0–100)
cedefop-esi,CZ,Czechia,2018,upper-secondary-attainment-and-above,93.143,,score (0–100)
cedefop-esi,CZ,Czechia,2019,upper-secondary-attainment-and-above,94.0,,score (0–100)
cedefop-esi,CZ,Czechia,2020,upper-secondary-attainment-and-above,94.0,,score (0–100)
cedefop-esi,CZ,Czechia,2021,upper-secondary-attainment-and-above,93.429,,score (0–100)
cedefop-esi,CZ,Czechia,2022,upper-secondary-attainment-and-above,93.429,,score (0–100)
cedefop-esi,CZ,Czechia,2023,upper-secondary-attainment-and-above,94.286,,score (0–100)
cedefop-esi,CZ,Czechia,2024,upper-secondary-attainment-and-above,93.429,,score (0–100)
cedefop-esi,DE,Germany,2017,upper-secondary-attainment-and-above,72.0,,score (0–100)
cedefop-esi,DE,Germany,2018,upper-secondary-attainment-and-above,72.0,,score (0–100)
cedefop-esi,DE,Germany,2019,upper-secondary-attainment-and-above,72.0,,score (0–100)
cedefop-esi,DE,Germany,2020,upper-secondary-attainment-and-above,72.571,,score (0–100)
cedefop-esi,DE,Germany,2021,upper-secondary-attainment-and-above,72.857,,score (0–100)
cedefop-esi,DE,Germany,2022,upper-secondary-attainment-and-above,71.429,,score (0–100)
cedefop-esi,DE,Germany,2023,upper-secondary-attainment-and-above,65.714,,score (0–100)
cedefop-esi,DE,Germany,2024,upper-secondary-attainment-and-above,62.857,,score (0–100)
cedefop-esi,DK,Denmark,2017,upper-secondary-attainment-and-above,48.857,,score (0–100)
cedefop-esi,DK,Denmark,2018,upper-secondary-attainment-and-above,50.571,,score (0–100)
cedefop-esi,DK,Denmark,2019,upper-secondary-attainment-and-above,52.286,,score (0–100)
cedefop-esi,DK,Denmark,2020,upper-secondary-attainment-and-above,52.857,,score (0–100)
cedefop-esi,DK,Denmark,2021,upper-secondary-attainment-and-above,54.286,,score (0–100)
cedefop-esi,DK,Denmark,2022,upper-secondary-attainment-and-above,54.571,,score (0–100)
cedefop-esi,DK,Denmark,2023,upper-secondary-attainment-and-above,56.286,,score (0–100)
cedefop-esi,DK,Denmark,2024,upper-secondary-attainment-and-above,54.857,,score (0–100)
cedefop-esi,EE,Estonia,2017,upper-secondary-attainment-and-above,76.286,,score (0–100)
cedefop-esi,EE,Estonia,2018,upper-secondary-attainment-and-above,79.143,,score (0–100)
cedefop-esi,EE,Estonia,2019,upper-secondary-attainment-and-above,78.0,,score (0–100)
cedefop-esi,EE,Estonia,2020,upper-secondary-attainment-and-above,77.429,,score (0–100)
cedefop-esi,EE,Estonia,2021,upper-secondary-attainment-and-above,79.714,,score (0–100)
cedefop-esi,EE,Estonia,2022,upper-secondary-attainment-and-above,80.571,,score (0–100)
cedefop-esi,EE,Estonia,2023,upper-secondary-attainment-and-above,80.857,,score (0–100)
cedefop-esi,EE,Estonia,2024,upper-secondary-attainment-and-above,80.286,,score (0–100)
cedefop-esi,EL,Greece,2017,upper-secondary-attainment-and-above,38.571,,score (0–100)
cedefop-esi,EL,Greece,2018,upper-secondary-attainment-and-above,42.857,,score (0–100)
cedefop-esi,EL,Greece,2019,upper-secondary-attainment-and-above,44.857,,score (0–100)
cedefop-esi,EL,Greece,2020,upper-secondary-attainment-and-above,46.571,,score (0–100)
cedefop-esi,EL,Greece,2021,upper-secondary-attainment-and-above,54.571,,score (0–100)
cedefop-esi,EL,Greece,2022,upper-secondary-attainment-and-above,59.143,,score (0–100)
cedefop-esi,EL,Greece,2023,upper-secondary-attainment-and-above,61.429,,score (0–100)
cedefop-esi,EL,Greece,2024,upper-secondary-attainment-and-above,63.714,,score (0–100)
cedefop-esi,ES,Spain,2017,upper-secondary-attainment-and-above,4.286,,score (0–100)
cedefop-esi,ES,Spain,2018,upper-secondary-attainment-and-above,6.857,,score (0–100)
cedefop-esi,ES,Spain,2019,upper-secondary-attainment-and-above,9.143,,score (0–100)
cedefop-esi,ES,Spain,2020,upper-secondary-attainment-and-above,12.0,,score (0–100)
cedefop-esi,ES,Spain,2021,upper-secondary-attainment-and-above,15.429,,score (0–100)
cedefop-esi,ES,Spain,2022,upper-secondary-attainment-and-above,19.429,,score (0–100)
cedefop-esi,ES,Spain,2023,upper-secondary-attainment-and-above,20.286,,score (0–100)
cedefop-esi,ES,Spain,2024,upper-secondary-attainment-and-above,20.857,,score (0–100)
cedefop-esi,FI,Finland,2017,upper-secondary-attainment-and-above,73.714,,score (0–100)
cedefop-esi,FI,Finland,2018,upper-secondary-attainment-and-above,75.429,,score (0–100)
cedefop-esi,FI,Finland,2019,upper-secondary-attainment-and-above,76.0,,score (0–100)
cedefop-esi,FI,Finland,2020,upper-secondary-attainment-and-above,78.0,,score (0–100)
cedefop-esi,FI,Finland,2021,upper-secondary-attainment-and-above,80.286,,score (0–100)
cedefop-esi,FI,Finland,2022,upper-secondary-attainment-and-above,83.143,,score (0–100)
cedefop-esi,FI,Finland,2023,upper-secondary-attainment-and-above,76.571,,score (0–100)
cedefop-esi,FI,Finland,2024,upper-secondary-attainment-and-above,76.857,,score (0–100)
cedefop-esi,FR,France,2017,upper-secondary-attainment-and-above,54.571,,score (0–100)
cedefop-esi,FR,France,2018,upper-secondary-attainment-and-above,55.714,,score (0–100)
cedefop-esi,FR,France,2019,upper-secondary-attainment-and-above,56.571,,score (0–100)
cedefop-esi,FR,France,2020,upper-secondary-attainment-and-above,58.857,,score (0–100)
cedefop-esi,FR,France,2021,upper-secondary-attainment-and-above,61.714,,score (0–100)
cedefop-esi,FR,France,2022,upper-secondary-attainment-and-above,64.857,,score (0–100)
cedefop-esi,FR,France,2023,upper-secondary-attainment-and-above,65.429,,score (0–100)
cedefop-esi,FR,France,2024,upper-secondary-attainment-and-above,67.714,,score (0–100)
cedefop-esi,HR,Croatia,2017,upper-secondary-attainment-and-above,70.286,,score (0–100)
cedefop-esi,HR,Croatia,2018,upper-secondary-attainment-and-above,69.714,,score (0–100)
cedefop-esi,HR,Croatia,2019,upper-secondary-attainment-and-above,71.714,,score (0–100)
cedefop-esi,HR,Croatia,2020,upper-secondary-attainment-and-above,75.143,,score (0–100)
cedefop-esi,HR,Croatia,2021,upper-secondary-attainment-and-above,76.857,,score (0–100)
cedefop-esi,HR,Croatia,2022,upper-secondary-attainment-and-above,78.571,,score (0–100)
cedefop-esi,HR,Croatia,2023,upper-secondary-attainment-and-above,80.0,,score (0–100)
cedefop-esi,HR,Croatia,2024,upper-secondary-attainment-and-above,82.571,,score (0–100)
cedefop-esi,HU,Hungary,2017,upper-secondary-attainment-and-above,66.0,,score (0–100)
cedefop-esi,HU,Hungary,2018,upper-secondary-attainment-and-above,66.286,,score (0–100)
cedefop-esi,HU,Hungary,2019,upper-secondary-attainment-and-above,68.286,,score (0–100)
cedefop-esi,HU,Hungary,2020,upper-secondary-attainment-and-above,70.857,,score (0–100)
cedefop-esi,HU,Hungary,2021,upper-secondary-attainment-and-above,71.429,,score (0–100)
cedefop-esi,HU,Hungary,2022,upper-secondary-attainment-and-above,72.286,,score (0–100)
cedefop-esi,HU,Hungary,2023,upper-secondary-attainment-and-above,73.714,,score (0–100)
cedefop-esi,HU,Hungary,2024,upper-secondary-attainment-and-above,75.143,,score (0–100)
cedefop-esi,IE,Ireland,2017,upper-secondary-attainment-and-above,61.429,,score (0–100)
cedefop-esi,IE,Ireland,2018,upper-secondary-attainment-and-above,62.857,,score (0–100)
cedefop-esi,IE,Ireland,2019,upper-secondary-attainment-and-above,66.286,,score (0–100)
cedefop-esi,IE,Ireland,2020,upper-secondary-attainment-and-above,67.143,,score (0–100)
cedefop-esi,IE,Ireland,2021,upper-secondary-attainment-and-above,68.571,,score (0–100)
cedefop-esi,IE,Ireland,2022,upper-secondary-attainment-and-above,72.571,,score (0–100)
cedefop-esi,IE,Ireland,2023,upper-secondary-attainment-and-above,78.0,,score (0–100)
cedefop-esi,IE,Ireland,2024,upper-secondary-attainment-and-above,78.571,,score (0–100)
cedefop-esi,IS,Iceland,2017,upper-secondary-attainment-and-above,35.714,,score (0–100)
cedefop-esi,IS,Iceland,2018,upper-secondary-attainment-and-above,45.143,,score (0–100)
cedefop-esi,IS,Iceland,2019,upper-secondary-attainment-and-above,43.714,,score (0–100)
cedefop-esi,IS,Iceland,2020,upper-secondary-attainment-and-above,45.714,,score (0–100)
cedefop-esi,IS,Iceland,2021,upper-secondary-attainment-and-above,49.714,,score (0–100)
cedefop-esi,IS,Iceland,2022,upper-secondary-attainment-and-above,49.714,,score (0–100)
cedefop-esi,IS,Iceland,2023,upper-secondary-attainment-and-above,57.714,,score (0–100)
cedefop-esi,IS,Iceland,2024,upper-secondary-attainment-and-above,56.286,,score (0–100)
cedefop-esi,IT,Italy,2017,upper-secondary-attainment-and-above,8.857,,score (0–100)
cedefop-esi,IT,Italy,2018,upper-secondary-attainment-and-above,9.714,,score (0–100)
cedefop-esi,IT,Italy,2019,upper-secondary-attainment-and-above,11.714,,score (0–100)
cedefop-esi,IT,Italy,2020,upper-secondary-attainment-and-above,13.429,,score (0–100)
cedefop-esi,IT,Italy,2021,upper-secondary-attainment-and-above,14.857,,score (0–100)
cedefop-esi,IT,Italy,2022,upper-secondary-attainment-and-above,17.143,,score (0–100)
cedefop-esi,IT,Italy,2023,upper-secondary-attainment-and-above,16.571,,score (0–100)
cedefop-esi,IT,Italy,2024,upper-secondary-attainment-and-above,17.714,,score (0–100)
cedefop-esi,LT,Lithuania,2017,upper-secondary-attainment-and-above,89.143,,score (0–100)
cedefop-esi,LT,Lithuania,2018,upper-secondary-attainment-and-above,93.143,,score (0–100)
cedefop-esi,LT,Lithuania,2019,upper-secondary-attainment-and-above,94.286,,score (0–100)
cedefop-esi,LT,Lithuania,2020,upper-secondary-attainment-and-above,95.143,,score (0–100)
cedefop-esi,LT,Lithuania,2021,upper-secondary-attainment-and-above,96.857,,score (0–100)
cedefop-esi,LT,Lithuania,2022,upper-secondary-attainment-and-above,97.714,,score (0–100)
cedefop-esi,LT,Lithuania,2023,upper-secondary-attainment-and-above,97.429,,score (0–100)
cedefop-esi,LT,Lithuania,2024,upper-secondary-attainment-and-above,96.286,,score (0–100)
cedefop-esi,LU,Luxembourg,2017,upper-secondary-attainment-and-above,42.0,,score (0–100)
cedefop-esi,LU,Luxembourg,2018,upper-secondary-attainment-and-above,48.0,,score (0–100)
cedefop-esi,LU,Luxembourg,2019,upper-secondary-attainment-and-above,41.429,,score (0–100)
cedefop-esi,LU,Luxembourg,2020,upper-secondary-attainment-and-above,49.714,,score (0–100)
cedefop-esi,LU,Luxembourg,2021,upper-secondary-attainment-and-above,52.286,,score (0–100)
cedefop-esi,LU,Luxembourg,2022,upper-secondary-attainment-and-above,50.857,,score (0–100)
cedefop-esi,LU,Luxembourg,2023,upper-secondary-attainment-and-above,56.857,,score (0–100)
cedefop-esi,LU,Luxembourg,2024,upper-secondary-attainment-and-above,59.429,,score (0–100)
cedefop-esi,LV,Latvia,2017,upper-secondary-attainment-and-above,84.0,,score (0–100)
cedefop-esi,LV,Latvia,2018,upper-secondary-attainment-and-above,86.0,,score (0–100)
cedefop-esi,LV,Latvia,2019,upper-secondary-attainment-and-above,85.143,,score (0–100)
cedefop-esi,LV,Latvia,2020,upper-secondary-attainment-and-above,84.857,,score (0–100)
cedefop-esi,LV,Latvia,2021,upper-secondary-attainment-and-above,86.0,,score (0–100)
cedefop-esi,LV,Latvia,2022,upper-secondary-attainment-and-above,86.857,,score (0–100)
cedefop-esi,LV,Latvia,2023,upper-secondary-attainment-and-above,88.0,,score (0–100)
cedefop-esi,LV,Latvia,2024,upper-secondary-attainment-and-above,86.0,,score (0–100)
cedefop-esi,MT,Malta,2017,upper-secondary-attainment-and-above,0.0,,score (0–100)
cedefop-esi,MT,Malta,2018,upper-secondary-attainment-and-above,0.0,,score (0–100)
cedefop-esi,MT,Malta,2019,upper-secondary-attainment-and-above,2.286,,score (0–100)
cedefop-esi,MT,Malta,2020,upper-secondary-attainment-and-above,11.429,,score (0–100)
cedefop-esi,MT,Malta,2021,upper-secondary-attainment-and-above,17.714,,score (0–100)
cedefop-esi,MT,Malta,2022,upper-secondary-attainment-and-above,22.857,,score (0–100)
cedefop-esi,MT,Malta,2023,upper-secondary-attainment-and-above,31.429,,score (0–100)
cedefop-esi,MT,Malta,2024,upper-secondary-attainment-and-above,34.0,,score (0–100)
cedefop-esi,NL,Netherlands,2017,upper-secondary-attainment-and-above,47.429,,score (0–100)
cedefop-esi,NL,Netherlands,2018,upper-secondary-attainment-and-above,48.857,,score (0–100)
cedefop-esi,NL,Netherlands,2019,upper-secondary-attainment-and-above,52.571,,score (0–100)
cedefop-esi,NL,Netherlands,2020,upper-secondary-attainment-and-above,54.286,,score (0–100)
cedefop-esi,NL,Netherlands,2021,upper-secondary-attainment-and-above,55.714,,score (0–100)
cedefop-esi,NL,Netherlands,2022,upper-secondary-attainment-and-above,60.0,,score (0–100)
cedefop-esi,NL,Netherlands,2023,upper-secondary-attainment-and-above,61.143,,score (0–100)
cedefop-esi,NL,Netherlands,2024,upper-secondary-attainment-and-above,62.857,,score (0–100)
cedefop-esi,NO,Norway,2017,upper-secondary-attainment-and-above,59.143,,score (0–100)
cedefop-esi,NO,Norway,2018,upper-secondary-attainment-and-above,57.429,,score (0–100)
cedefop-esi,NO,Norway,2019,upper-secondary-attainment-and-above,57.429,,score (0–100)
cedefop-esi,NO,Norway,2020,upper-secondary-attainment-and-above,60.286,,score (0–100)
cedefop-esi,NO,Norway,2021,upper-secondary-attainment-and-above,60.857,,score (0–100)
cedefop-esi,NO,Norway,2022,upper-secondary-attainment-and-above,61.429,,score (0–100)
cedefop-esi,NO,Norway,2023,upper-secondary-attainment-and-above,58.0,,score (0–100)
cedefop-esi,NO,Norway,2024,upper-secondary-attainment-and-above,57.143,,score (0–100)
cedefop-esi,PL,Poland,2017,upper-secondary-attainment-and-above,85.143,,score (0–100)
cedefop-esi,PL,Poland,2018,upper-secondary-attainment-and-above,86.857,,score (0–100)
cedefop-esi,PL,Poland,2019,upper-secondary-attainment-and-above,88.857,,score (0–100)
cedefop-esi,PL,Poland,2020,upper-secondary-attainment-and-above,90.0,,score (0–100)
cedefop-esi,PL,Poland,2021,upper-secondary-attainment-and-above,90.571,,score (0–100)
cedefop-esi,PL,Poland,2022,upper-secondary-attainment-and-above,91.714,,score (0–100)
cedefop-esi,PL,Poland,2023,upper-secondary-attainment-and-above,91.429,,score (0–100)
cedefop-esi,PL,Poland,2024,upper-secondary-attainment-and-above,91.714,,score (0–100)
cedefop-esi,PT,Portugal,2017,upper-secondary-attainment-and-above,0.0,,score (0–100)
cedefop-esi,PT,Portugal,2018,upper-secondary-attainment-and-above,0.0,,score (0–100)
cedefop-esi,PT,Portugal,2019,upper-secondary-attainment-and-above,0.0,,score (0–100)
cedefop-esi,PT,Portugal,2020,upper-secondary-attainment-and-above,0.0,,score (0–100)
cedefop-esi,PT,Portugal,2021,upper-secondary-attainment-and-above,0.0,,score (0–100)
cedefop-esi,PT,Portugal,2022,upper-secondary-attainment-and-above,1.429,,score (0–100)
cedefop-esi,PT,Portugal,2023,upper-secondary-attainment-and-above,13.429,,score (0–100)
cedefop-esi,PT,Portugal,2024,upper-secondary-attainment-and-above,15.429,,score (0–100)
cedefop-esi,RO,Romania,2017,upper-secondary-attainment-and-above,44.571,,score (0–100)
cedefop-esi,RO,Romania,2018,upper-secondary-attainment-and-above,48.571,,score (0–100)
cedefop-esi,RO,Romania,2019,upper-secondary-attainment-and-above,51.429,,score (0–100)
cedefop-esi,RO,Romania,2020,upper-secondary-attainment-and-above,53.429,,score (0–100)
cedefop-esi,RO,Romania,2021,upper-secondary-attainment-and-above,56.857,,score (0–100)
cedefop-esi,RO,Romania,2022,upper-secondary-attainment-and-above,60.857,,score (0–100)
cedefop-esi,RO,Romania,2023,upper-secondary-attainment-and-above,66.857,,score (0–100)
cedefop-esi,RO,Romania,2024,upper-secondary-attainment-and-above,69.429,,score (0–100)
cedefop-esi,SE,Sweden,2017,upper-secondary-attainment-and-above,66.857,,score (0–100)
cedefop-esi,SE,Sweden,2018,upper-secondary-attainment-and-above,68.286,,score (0–100)
cedefop-esi,SE,Sweden,2019,upper-secondary-attainment-and-above,68.286,,score (0–100)
cedefop-esi,SE,Sweden,2020,upper-secondary-attainment-and-above,68.857,,score (0–100)
cedefop-esi,SE,Sweden,2021,upper-secondary-attainment-and-above,69.143,,score (0–100)
cedefop-esi,SE,Sweden,2022,upper-secondary-attainment-and-above,69.429,,score (0–100)
cedefop-esi,SE,Sweden,2023,upper-secondary-attainment-and-above,71.143,,score (0–100)
cedefop-esi,SE,Sweden,2024,upper-secondary-attainment-and-above,72.857,,score (0–100)
cedefop-esi,SI,Slovenia,2017,upper-secondary-attainment-and-above,78.857,,score (0–100)
cedefop-esi,SI,Slovenia,2018,upper-secondary-attainment-and-above,79.429,,score (0–100)
cedefop-esi,SI,Slovenia,2019,upper-secondary-attainment-and-above,80.857,,score (0–100)
cedefop-esi,SI,Slovenia,2020,upper-secondary-attainment-and-above,81.714,,score (0–100)
cedefop-esi,SI,Slovenia,2021,upper-secondary-attainment-and-above,83.429,,score (0–100)
cedefop-esi,SI,Slovenia,2022,upper-secondary-attainment-and-above,87.143,,score (0–100)
cedefop-esi,SI,Slovenia,2023,upper-secondary-attainment-and-above,90.571,,score (0–100)
cedefop-esi,SI,Slovenia,2024,upper-secondary-attainment-and-above,89.143,,score (0–100)
cedefop-esi,SK,Slovakia,2017,upper-secondary-attainment-and-above,86.857,,score (0–100)
cedefop-esi,SK,Slovakia,2018,upper-secondary-attainment-and-above,87.714,,score (0–100)
cedefop-esi,SK,Slovakia,2019,upper-secondary-attainment-and-above,86.286,,score (0–100)
cedefop-esi,SK,Slovakia,2020,upper-secondary-attainment-and-above,87.429,,score (0–100)
cedefop-esi,SK,Slovakia,2021,upper-secondary-attainment-and-above,87.143,,score (0–100)
cedefop-esi,SK,Slovakia,2022,upper-secondary-attainment-and-above,90.0,,score (0–100)
cedefop-esi,SK,Slovakia,2023,upper-secondary-attainment-and-above,90.857,,score (0–100)
cedefop-esi,SK,Slovakia,2024,upper-secondary-attainment-and-above,92.0,,score (0–100)
cedefop-esi,UK,United Kingdom,2017,upper-secondary-attainment-and-above,70.571,,score (0–100)
cedefop-esi,UK,United Kingdom,2018,upper-secondary-attainment-and-above,70.0,,score (0–100)
cedefop-esi,UK,United Kingdom,2019,upper-secondary-attainment-and-above,71.429,,score (0–100)
cedefop-esi,UK,United Kingdom,2020,upper-secondary-attainment-and-above,72.286,,score (0–100)
cedefop-esi,UK,United Kingdom,2021,upper-secondary-attainment-and-above,74.0,,score (0–100)
cedefop-esi,UK,United Kingdom,2022,upper-secondary-attainment-and-above,74.0,,score (0–100)
cedefop-esi,UK,United Kingdom,2023,upper-secondary-attainment-and-above,74.0,,score (0–100)
cedefop-esi,UK,United Kingdom,2024,upper-secondary-attainment-and-above,74.0,,score (0–100)
cedefop-esi,AT,Austria,2017,vet-students,90.517,,score (0–100)
cedefop-esi,AT,Austria,2018,vet-students,89.31,,score (0–100)
cedefop-esi,AT,Austria,2019,vet-students,88.966,,score (0–100)
cedefop-esi,AT,Austria,2020,vet-students,88.621,,score (0–100)
cedefop-esi,AT,Austria,2021,vet-students,89.31,,score (0–100)
cedefop-esi,AT,Austria,2022,vet-students,89.138,,score (0–100)
cedefop-esi,AT,Austria,2023,vet-students,89.483,,score (0–100)
cedefop-esi,AT,Austria,2024,vet-students,89.483,,score (0–100)
cedefop-esi,BE,Belgium,2017,vet-students,73.448,,score (0–100)
cedefop-esi,BE,Belgium,2018,vet-students,72.759,,score (0–100)
cedefop-esi,BE,Belgium,2019,vet-students,70.345,,score (0–100)
cedefop-esi,BE,Belgium,2020,vet-students,68.621,,score (0–100)
cedefop-esi,BE,Belgium,2021,vet-students,68.276,,score (0–100)
cedefop-esi,BE,Belgium,2022,vet-students,66.724,,score (0–100)
cedefop-esi,BE,Belgium,2023,vet-students,63.103,,score (0–100)
cedefop-esi,BE,Belgium,2024,vet-students,63.103,,score (0–100)
cedefop-esi,BG,Bulgaria,2017,vet-students,61.379,,score (0–100)
cedefop-esi,BG,Bulgaria,2018,vet-students,59.138,,score (0–100)
cedefop-esi,BG,Bulgaria,2019,vet-students,58.103,,score (0–100)
cedefop-esi,BG,Bulgaria,2020,vet-students,61.897,,score (0–100)
cedefop-esi,BG,Bulgaria,2021,vet-students,60.517,,score (0–100)
cedefop-esi,BG,Bulgaria,2022,vet-students,59.483,,score (0–100)
cedefop-esi,BG,Bulgaria,2023,vet-students,60.345,,score (0–100)
cedefop-esi,BG,Bulgaria,2024,vet-students,60.345,,score (0–100)
cedefop-esi,CH,Switzerland,2017,vet-students,83.276,,score (0–100)
cedefop-esi,CH,Switzerland,2018,vet-students,82.414,,score (0–100)
cedefop-esi,CH,Switzerland,2019,vet-students,81.379,,score (0–100)
cedefop-esi,CH,Switzerland,2020,vet-students,80.517,,score (0–100)
cedefop-esi,CH,Switzerland,2021,vet-students,79.828,,score (0–100)
cedefop-esi,CH,Switzerland,2022,vet-students,79.138,,score (0–100)
cedefop-esi,CH,Switzerland,2023,vet-students,77.414,,score (0–100)
cedefop-esi,CH,Switzerland,2024,vet-students,77.414,,score (0–100)
cedefop-esi,CY,Cyprus,2017,vet-students,0.0,,score (0–100)
cedefop-esi,CY,Cyprus,2018,vet-students,0.0,,score (0–100)
cedefop-esi,CY,Cyprus,2019,vet-students,0.0,,score (0–100)
cedefop-esi,CY,Cyprus,2020,vet-students,0.0,,score (0–100)
cedefop-esi,CY,Cyprus,2021,vet-students,0.0,,score (0–100)
cedefop-esi,CY,Cyprus,2022,vet-students,0.0,,score (0–100)
cedefop-esi,CY,Cyprus,2023,vet-students,1.034,,score (0–100)
cedefop-esi,CY,Cyprus,2024,vet-students,1.034,,score (0–100)
cedefop-esi,CZ,Czechia,2017,vet-students,96.897,,score (0–100)
cedefop-esi,CZ,Czechia,2018,vet-students,96.379,,score (0–100)
cedefop-esi,CZ,Czechia,2019,vet-students,95.517,,score (0–100)
cedefop-esi,CZ,Czechia,2020,vet-students,93.621,,score (0–100)
cedefop-esi,CZ,Czechia,2021,vet-students,92.241,,score (0–100)
cedefop-esi,CZ,Czechia,2022,vet-students,92.241,,score (0–100)
cedefop-esi,CZ,Czechia,2023,vet-students,89.828,,score (0–100)
cedefop-esi,CZ,Czechia,2024,vet-students,89.828,,score (0–100)
cedefop-esi,DE,Germany,2017,vet-students,51.379,,score (0–100)
cedefop-esi,DE,Germany,2018,vet-students,50.517,,score (0–100)
cedefop-esi,DE,Germany,2019,vet-students,49.31,,score (0–100)
cedefop-esi,DE,Germany,2020,vet-students,50.862,,score (0–100)
cedefop-esi,DE,Germany,2021,vet-students,53.621,,score (0–100)
cedefop-esi,DE,Germany,2022,vet-students,54.828,,score (0–100)
cedefop-esi,DE,Germany,2023,vet-students,52.069,,score (0–100)
cedefop-esi,DE,Germany,2024,vet-students,52.069,,score (0–100)
cedefop-esi,DK,Denmark,2017,vet-students,43.966,,score (0–100)
cedefop-esi,DK,Denmark,2018,vet-students,40.69,,score (0–100)
cedefop-esi,DK,Denmark,2019,vet-students,37.759,,score (0–100)
cedefop-esi,DK,Denmark,2020,vet-students,35.69,,score (0–100)
cedefop-esi,DK,Denmark,2021,vet-students,35.0,,score (0–100)
cedefop-esi,DK,Denmark,2022,vet-students,36.552,,score (0–100)
cedefop-esi,DK,Denmark,2023,vet-students,38.103,,score (0–100)
cedefop-esi,DK,Denmark,2024,vet-students,38.103,,score (0–100)
cedefop-esi,EE,Estonia,2017,vet-students,32.241,,score (0–100)
cedefop-esi,EE,Estonia,2018,vet-students,37.414,,score (0–100)
cedefop-esi,EE,Estonia,2019,vet-students,40.862,,score (0–100)
cedefop-esi,EE,Estonia,2020,vet-students,39.828,,score (0–100)
cedefop-esi,EE,Estonia,2021,vet-students,39.31,,score (0–100)
cedefop-esi,EE,Estonia,2022,vet-students,39.483,,score (0–100)
cedefop-esi,EE,Estonia,2023,vet-students,40.172,,score (0–100)
cedefop-esi,EE,Estonia,2024,vet-students,40.172,,score (0–100)
cedefop-esi,EL,Greece,2017,vet-students,22.241,,score (0–100)
cedefop-esi,EL,Greece,2018,vet-students,20.862,,score (0–100)
cedefop-esi,EL,Greece,2019,vet-students,20.345,,score (0–100)
cedefop-esi,EL,Greece,2020,vet-students,19.828,,score (0–100)
cedefop-esi,EL,Greece,2021,vet-students,20.862,,score (0–100)
cedefop-esi,EL,Greece,2022,vet-students,25.69,,score (0–100)
cedefop-esi,EL,Greece,2023,vet-students,28.966,,score (0–100)
cedefop-esi,EL,Greece,2024,vet-students,28.966,,score (0–100)
cedefop-esi,ES,Spain,2017,vet-students,31.379,,score (0–100)
cedefop-esi,ES,Spain,2018,vet-students,30.69,,score (0–100)
cedefop-esi,ES,Spain,2019,vet-students,31.552,,score (0–100)
cedefop-esi,ES,Spain,2020,vet-students,32.414,,score (0–100)
cedefop-esi,ES,Spain,2021,vet-students,33.448,,score (0–100)
cedefop-esi,ES,Spain,2022,vet-students,33.793,,score (0–100)
cedefop-esi,ES,Spain,2023,vet-students,37.414,,score (0–100)
cedefop-esi,ES,Spain,2024,vet-students,37.414,,score (0–100)
cedefop-esi,FI,Finland,2017,vet-students,93.621,,score (0–100)
cedefop-esi,FI,Finland,2018,vet-students,93.621,,score (0–100)
cedefop-esi,FI,Finland,2019,vet-students,94.138,,score (0–100)
cedefop-esi,FI,Finland,2020,vet-students,94.138,,score (0–100)
cedefop-esi,FI,Finland,2021,vet-students,89.138,,score (0–100)
cedefop-esi,FI,Finland,2022,vet-students,87.586,,score (0–100)
cedefop-esi,FI,Finland,2023,vet-students,86.724,,score (0–100)
cedefop-esi,FI,Finland,2024,vet-students,86.724,,score (0–100)
cedefop-esi,FR,France,2017,vet-students,42.241,,score (0–100)
cedefop-esi,FR,France,2018,vet-students,40.69,,score (0–100)
cedefop-esi,FR,France,2019,vet-students,39.483,,score (0–100)
cedefop-esi,FR,France,2020,vet-students,38.448,,score (0–100)
cedefop-esi,FR,France,2021,vet-students,38.448,,score (0–100)
cedefop-esi,FR,France,2022,vet-students,38.448,,score (0–100)
cedefop-esi,FR,France,2023,vet-students,39.828,,score (0–100)
cedefop-esi,FR,France,2024,vet-students,39.828,,score (0–100)
cedefop-esi,HR,Croatia,2017,vet-students,92.069,,score (0–100)
cedefop-esi,HR,Croatia,2018,vet-students,91.379,,score (0–100)
cedefop-esi,HR,Croatia,2019,vet-students,90.69,,score (0–100)
cedefop-esi,HR,Croatia,2020,vet-students,90.0,,score (0–100)
cedefop-esi,HR,Croatia,2021,vet-students,89.655,,score (0–100)
cedefop-esi,HR,Croatia,2022,vet-students,90.172,,score (0–100)
cedefop-esi,HR,Croatia,2023,vet-students,91.379,,score (0–100)
cedefop-esi,HR,Croatia,2024,vet-students,91.379,,score (0–100)
cedefop-esi,HU,Hungary,2017,vet-students,10.69,,score (0–100)
cedefop-esi,HU,Hungary,2018,vet-students,7.586,,score (0–100)
cedefop-esi,HU,Hungary,2019,vet-students,25.862,,score (0–100)
cedefop-esi,HU,Hungary,2020,vet-students,36.207,,score (0–100)
cedefop-esi,HU,Hungary,2021,vet-students,46.552,,score (0–100)
cedefop-esi,HU,Hungary,2022,vet-students,56.379,,score (0–100)
cedefop-esi,HU,Hungary,2023,vet-students,56.379,,score (0–100)
cedefop-esi,HU,Hungary,2024,vet-students,56.379,,score (0–100)
cedefop-esi,IE,Ireland,2017,vet-students,32.241,,score (0–100)
cedefop-esi,IE,Ireland,2018,vet-students,32.241,,score (0–100)
cedefop-esi,IE,Ireland,2019,vet-students,32.241,,score (0–100)
cedefop-esi,IE,Ireland,2020,vet-students,32.241,,score (0–100)
cedefop-esi,IE,Ireland,2021,vet-students,18.276,,score (0–100)
cedefop-esi,IE,Ireland,2022,vet-students,12.241,,score (0–100)
cedefop-esi,IE,Ireland,2023,vet-students,11.897,,score (0–100)
cedefop-esi,IE,Ireland,2024,vet-students,11.897,,score (0–100)
cedefop-esi,IS,Iceland,2017,vet-students,27.241,,score (0–100)
cedefop-esi,IS,Iceland,2018,vet-students,24.598,,score (0–100)
cedefop-esi,IS,Iceland,2019,vet-students,21.954,,score (0–100)
cedefop-esi,IS,Iceland,2020,vet-students,19.31,,score (0–100)
cedefop-esi,IS,Iceland,2021,vet-students,19.655,,score (0–100)
cedefop-esi,IS,Iceland,2022,vet-students,21.552,,score (0–100)
cedefop-esi,IS,Iceland,2023,vet-students,21.552,,score (0–100)
cedefop-esi,IS,Iceland,2024,vet-students,21.552,,score (0–100)
cedefop-esi,IT,Italy,2017,vet-students,66.897,,score (0–100)
cedefop-esi,IT,Italy,2018,vet-students,66.552,,score (0–100)
cedefop-esi,IT,Italy,2019,vet-students,66.034,,score (0–100)
cedefop-esi,IT,Italy,2020,vet-students,63.103,,score (0–100)
cedefop-esi,IT,Italy,2021,vet-students,62.069,,score (0–100)
cedefop-esi,IT,Italy,2022,vet-students,61.207,,score (0–100)
cedefop-esi,IT,Italy,2023,vet-students,60.172,,score (0–100)
cedefop-esi,IT,Italy,2024,vet-students,60.172,,score (0–100)
cedefop-esi,LT,Lithuania,2017,vet-students,16.897,,score (0–100)
cedefop-esi,LT,Lithuania,2018,vet-students,17.586,,score (0–100)
cedefop-esi,LT,Lithuania,2019,vet-students,17.931,,score (0–100)
cedefop-esi,LT,Lithuania,2020,vet-students,16.897,,score (0–100)
cedefop-esi,LT,Lithuania,2021,vet-students,15.69,,score (0–100)
cedefop-esi,LT,Lithuania,2022,vet-students,13.448,,score (0–100)
cedefop-esi,LT,Lithuania,2023,vet-students,15.172,,score (0–100)
cedefop-esi,LT,Lithuania,2024,vet-students,15.172,,score (0–100)
cedefop-esi,LU,Luxembourg,2017,vet-students,76.552,,score (0–100)
cedefop-esi,LU,Luxembourg,2018,vet-students,75.862,,score (0–100)
cedefop-esi,LU,Luxembourg,2019,vet-students,76.897,,score (0–100)
cedefop-esi,LU,Luxembourg,2020,vet-students,76.897,,score (0–100)
cedefop-esi,LU,Luxembourg,2021,vet-students,77.414,,score (0–100)
cedefop-esi,LU,Luxembourg,2022,vet-students,76.897,,score (0–100)
cedefop-esi,LU,Luxembourg,2023,vet-students,75.517,,score (0–100)
cedefop-esi,LU,Luxembourg,2024,vet-students,75.517,,score (0–100)
cedefop-esi,LV,Latvia,2017,vet-students,39.31,,score (0–100)
cedefop-esi,LV,Latvia,2018,vet-students,36.379,,score (0–100)
cedefop-esi,LV,Latvia,2019,vet-students,37.241,,score (0–100)
cedefop-esi,LV,Latvia,2020,vet-students,37.759,,score (0–100)
cedefop-esi,LV,Latvia,2021,vet-students,37.759,,score (0–100)
cedefop-esi,LV,Latvia,2022,vet-students,38.448,,score (0–100)
cedefop-esi,LV,Latvia,2023,vet-students,39.828,,score (0–100)
cedefop-esi,LV,Latvia,2024,vet-students,39.828,,score (0–100)
cedefop-esi,MT,Malta,2017,vet-students,14.828,,score (0–100)
cedefop-esi,MT,Malta,2018,vet-students,20.345,,score (0–100)
cedefop-esi,MT,Malta,2019,vet-students,17.414,,score (0–100)
cedefop-esi,MT,Malta,2020,vet-students,19.828,,score (0–100)
cedefop-esi,MT,Malta,2021,vet-students,18.448,,score (0–100)
cedefop-esi,MT,Malta,2022,vet-students,18.276,,score (0–100)
cedefop-esi,MT,Malta,2023,vet-students,17.241,,score (0–100)
cedefop-esi,MT,Malta,2024,vet-students,17.241,,score (0–100)
cedefop-esi,NL,Netherlands,2017,vet-students,88.793,,score (0–100)
cedefop-esi,NL,Netherlands,2018,vet-students,87.069,,score (0–100)
cedefop-esi,NL,Netherlands,2019,vet-students,88.276,,score (0–100)
cedefop-esi,NL,Netherlands,2020,vet-students,87.069,,score (0–100)
cedefop-esi,NL,Netherlands,2021,vet-students,87.069,,score (0–100)
cedefop-esi,NL,Netherlands,2022,vet-students,88.103,,score (0–100)
cedefop-esi,NL,Netherlands,2023,vet-students,89.138,,score (0–100)
cedefop-esi,NL,Netherlands,2024,vet-students,89.138,,score (0–100)
cedefop-esi,NO,Norway,2017,vet-students,57.069,,score (0–100)
cedefop-esi,NO,Norway,2018,vet-students,57.586,,score (0–100)
cedefop-esi,NO,Norway,2019,vet-students,56.379,,score (0–100)
cedefop-esi,NO,Norway,2020,vet-students,55.862,,score (0–100)
cedefop-esi,NO,Norway,2021,vet-students,57.414,,score (0–100)
cedefop-esi,NO,Norway,2022,vet-students,59.138,,score (0–100)
cedefop-esi,NO,Norway,2023,vet-students,59.483,,score (0–100)
cedefop-esi,NO,Norway,2024,vet-students,59.483,,score (0–100)
cedefop-esi,PL,Poland,2017,vet-students,57.759,,score (0–100)
cedefop-esi,PL,Poland,2018,vet-students,58.793,,score (0–100)
cedefop-esi,PL,Poland,2019,vet-students,59.828,,score (0–100)
cedefop-esi,PL,Poland,2020,vet-students,60.517,,score (0–100)
cedefop-esi,PL,Poland,2021,vet-students,61.207,,score (0–100)
cedefop-esi,PL,Poland,2022,vet-students,62.241,,score (0–100)
cedefop-esi,PL,Poland,2023,vet-students,63.448,,score (0–100)
cedefop-esi,PL,Poland,2024,vet-students,63.448,,score (0–100)
cedefop-esi,PT,Portugal,2017,vet-students,48.103,,score (0–100)
cedefop-esi,PT,Portugal,2018,vet-students,41.724,,score (0–100)
cedefop-esi,PT,Portugal,2019,vet-students,40.862,,score (0–100)
cedefop-esi,PT,Portugal,2020,vet-students,39.138,,score (0–100)
cedefop-esi,PT,Portugal,2021,vet-students,37.931,,score (0–100)
cedefop-esi,PT,Portugal,2022,vet-students,37.414,,score (0–100)
cedefop-esi,PT,Portugal,2023,vet-students,37.586,,score (0–100)
cedefop-esi,PT,Portugal,2024,vet-students,37.586,,score (0–100)
cedefop-esi,RO,Romania,2017,vet-students,67.759,,score (0–100)
cedefop-esi,RO,Romania,2018,vet-students,67.586,,score (0–100)
cedefop-esi,RO,Romania,2019,vet-students,67.586,,score (0–100)
cedefop-esi,RO,Romania,2020,vet-students,67.586,,score (0–100)
cedefop-esi,RO,Romania,2021,vet-students,67.586,,score (0–100)
cedefop-esi,RO,Romania,2022,vet-students,68.103,,score (0–100)
cedefop-esi,RO,Romania,2023,vet-students,68.793,,score (0–100)
cedefop-esi,RO,Romania,2024,vet-students,68.793,,score (0–100)
cedefop-esi,SE,Sweden,2017,vet-students,36.552,,score (0–100)
cedefop-esi,SE,Sweden,2018,vet-students,33.793,,score (0–100)
cedefop-esi,SE,Sweden,2019,vet-students,29.483,,score (0–100)
cedefop-esi,SE,Sweden,2020,vet-students,31.724,,score (0–100)
cedefop-esi,SE,Sweden,2021,vet-students,31.379,,score (0–100)
cedefop-esi,SE,Sweden,2022,vet-students,32.069,,score (0–100)
cedefop-esi,SE,Sweden,2023,vet-students,31.724,,score (0–100)
cedefop-esi,SE,Sweden,2024,vet-students,31.724,,score (0–100)
cedefop-esi,SI,Slovenia,2017,vet-students,88.621,,score (0–100)
cedefop-esi,SI,Slovenia,2018,vet-students,93.793,,score (0–100)
cedefop-esi,SI,Slovenia,2019,vet-students,92.931,,score (0–100)
cedefop-esi,SI,Slovenia,2020,vet-students,92.931,,score (0–100)
cedefop-esi,SI,Slovenia,2021,vet-students,92.759,,score (0–100)
cedefop-esi,SI,Slovenia,2022,vet-students,92.759,,score (0–100)
cedefop-esi,SI,Slovenia,2023,vet-students,91.034,,score (0–100)
cedefop-esi,SI,Slovenia,2024,vet-students,91.034,,score (0–100)
cedefop-esi,SK,Slovakia,2017,vet-students,89.655,,score (0–100)
cedefop-esi,SK,Slovakia,2018,vet-students,89.483,,score (0–100)
cedefop-esi,SK,Slovakia,2019,vet-students,89.483,,score (0–100)
cedefop-esi,SK,Slovakia,2020,vet-students,87.586,,score (0–100)
cedefop-esi,SK,Slovakia,2021,vet-students,87.069,,score (0–100)
cedefop-esi,SK,Slovakia,2022,vet-students,86.724,,score (0–100)
cedefop-esi,SK,Slovakia,2023,vet-students,87.241,,score (0–100)
cedefop-esi,SK,Slovakia,2024,vet-students,87.241,,score (0–100)
cedefop-esi,UK,United Kingdom,2017,vet-students,39.828,,score (0–100)
cedefop-esi,UK,United Kingdom,2018,vet-students,62.241,,score (0–100)
cedefop-esi,UK,United Kingdom,2019,vet-students,51.034,,score (0–100)
cedefop-esi,UK,United Kingdom,2020,vet-students,47.759,,score (0–100)
cedefop-esi,UK,United Kingdom,2021,vet-students,42.241,,score (0–100)
cedefop-esi,UK,United Kingdom,2022,vet-students,42.241,,score (0–100)
cedefop-esi,UK,United Kingdom,2023,vet-students,42.241,,score (0–100)
cedefop-esi,UK,United Kingdom,2024,vet-students,42.241,,score (0–100)
