indicator,geo,geo_name,time,component,edition,value,flag,unit
cedefop-esi-editions,AT,Austria,2014,basic-education,2018,61.9063,,score (0–100)
cedefop-esi-editions,AT,Austria,2015,basic-education,2018,62.4789,,score (0–100)
cedefop-esi-editions,AT,Austria,2016,basic-education,2018,62.9789,,score (0–100)
cedefop-esi-editions,BE,Belgium,2014,basic-education,2018,54.739,,score (0–100)
cedefop-esi-editions,BE,Belgium,2015,basic-education,2018,55.2848,,score (0–100)
cedefop-esi-editions,BE,Belgium,2016,basic-education,2018,55.6598,,score (0–100)
cedefop-esi-editions,BG,Bulgaria,2014,basic-education,2018,43.55,,score (0–100)
cedefop-esi-editions,BG,Bulgaria,2015,basic-education,2018,44.1,,score (0–100)
cedefop-esi-editions,BG,Bulgaria,2016,basic-education,2018,45.325,,score (0–100)
cedefop-esi-editions,CY,Cyprus,2014,basic-education,2018,33.175,,score (0–100)
cedefop-esi-editions,CY,Cyprus,2015,basic-education,2018,38.375,,score (0–100)
cedefop-esi-editions,CY,Cyprus,2016,basic-education,2018,39.5,,score (0–100)
cedefop-esi-editions,CZ,Czechia,2014,basic-education,2018,67.968,,score (0–100)
cedefop-esi-editions,CZ,Czechia,2015,basic-education,2018,67.3801,,score (0–100)
cedefop-esi-editions,CZ,Czechia,2016,basic-education,2018,67.3801,,score (0–100)
cedefop-esi-editions,DE,Germany,2014,basic-education,2018,77.3281,,score (0–100)
cedefop-esi-editions,DE,Germany,2015,basic-education,2018,77.4254,,score (0–100)
cedefop-esi-editions,DE,Germany,2016,basic-education,2018,77.4254,,score (0–100)
cedefop-esi-editions,DK,Denmark,2014,basic-education,2018,69.073,,score (0–100)
cedefop-esi-editions,DK,Denmark,2015,basic-education,2018,70.462,,score (0–100)
cedefop-esi-editions,DK,Denmark,2016,basic-education,2018,70.687,,score (0–100)
cedefop-esi-editions,EE,Estonia,2014,basic-education,2018,87.1848,,score (0–100)
cedefop-esi-editions,EE,Estonia,2015,basic-education,2018,87.7739,,score (0–100)
cedefop-esi-editions,EE,Estonia,2016,basic-education,2018,88.2239,,score (0–100)
cedefop-esi-editions,EL,Greece,2014,basic-education,2018,45.5432,,score (0–100)
cedefop-esi-editions,EL,Greece,2015,basic-education,2018,45.9042,,score (0–100)
cedefop-esi-editions,EL,Greece,2016,basic-education,2018,47.0292,,score (0–100)
cedefop-esi-editions,ES,Spain,2014,basic-education,2018,39.3011,,score (0–100)
cedefop-esi-editions,ES,Spain,2015,basic-education,2018,40.7669,,score (0–100)
cedefop-esi-editions,ES,Spain,2016,basic-education,2018,41.4419,,score (0–100)
cedefop-esi-editions,FI,Finland,2014,basic-education,2018,81.9069,,score (0–100)
cedefop-esi-editions,FI,Finland,2015,basic-education,2018,81.7956,,score (0–100)
cedefop-esi-editions,FI,Finland,2016,basic-education,2018,82.7456,,score (0–100)
cedefop-esi-editions,FR,France,2014,basic-education,2018,38.2758,,score (0–100)
cedefop-esi-editions,FR,France,2015,basic-education,2018,38.9211,,score (0–100)
cedefop-esi-editions,FR,France,2016,basic-education,2018,39.2961,,score (0–100)
cedefop-esi-editions,HR,Croatia,2014,basic-education,2018,60.0693,,score (0–100)
cedefop-esi-editions,HR,Croatia,2015,basic-education,2018,59.7052,,score (0–100)
cedefop-esi-editions,HR,Croatia,2016,basic-education,2018,59.5552,,score (0–100)
cedefop-esi-editions,HU,Hungary,2014,basic-education,2018,57.0691,,score (0–100)
cedefop-esi-editions,HU,Hungary,2015,basic-education,2018,56.9546,,score (0–100)
cedefop-esi-editions,HU,Hungary,2016,basic-education,2018,57.2796,,score (0–100)
cedefop-esi-editions,IE,Ireland,2014,basic-education,2018,72.3888,,score (0–100)
cedefop-esi-editions,IE,Ireland,2015,basic-education,2018,71.9852,,score (0–100)
cedefop-esi-editions,IE,Ireland,2016,basic-education,2018,72.3602,,score (0–100)
cedefop-esi-editions,IT,Italy,2014,basic-education,2018,43.944,,score (0–100)
cedefop-esi-editions,IT,Italy,2015,basic-education,2018,43.9613,,score (0–100)
cedefop-esi-editions,IT,Italy,2016,basic-education,2018,44.1863,,score (0–100)
cedefop-esi-editions,LT,Lithuania,2014,basic-education,2018,69.3491,,score (0–100)
cedefop-esi-editions,LT,Lithuania,2015,basic-education,2018,68.144,,score (0–100)
cedefop-esi-editions,LT,Lithuania,2016,basic-education,2018,69.694,,score (0–100)
cedefop-esi-editions,LU,Luxembourg,2014,basic-education,2018,62.1103,,score (0–100)
cedefop-esi-editions,LU,Luxembourg,2015,basic-education,2018,58.071,,score (0–100)
cedefop-esi-editions,LU,Luxembourg,2016,basic-education,2018,59.646,,score (0–100)
cedefop-esi-editions,LV,Latvia,2014,basic-education,2018,70.5094,,score (0–100)
cedefop-esi-editions,LV,Latvia,2015,basic-education,2018,71.8045,,score (0–100)
cedefop-esi-editions,LV,Latvia,2016,basic-education,2018,72.3295,,score (0–100)
cedefop-esi-editions,MT,Malta,2014,basic-education,2018,29.2462,,score (0–100)
cedefop-esi-editions,MT,Malta,2015,basic-education,2018,30.9962,,score (0–100)
cedefop-esi-editions,MT,Malta,2016,basic-education,2018,32.2462,,score (0–100)
cedefop-esi-editions,NL,Netherlands,2014,basic-education,2018,55.3983,,score (0–100)
cedefop-esi-editions,NL,Netherlands,2015,basic-education,2018,54.4249,,score (0–100)
cedefop-esi-editions,NL,Netherlands,2016,basic-education,2018,54.2999,,score (0–100)
cedefop-esi-editions,PL,Poland,2014,basic-education,2018,64.3733,,score (0–100)
cedefop-esi-editions,PL,Poland,2015,basic-education,2018,65.8914,,score (0–100)
cedefop-esi-editions,PL,Poland,2016,basic-education,2018,66.3414,,score (0–100)
cedefop-esi-editions,PT,Portugal,2014,basic-education,2018,30.8013,,score (0–100)
cedefop-esi-editions,PT,Portugal,2015,basic-education,2018,31.6007,,score (0–100)
cedefop-esi-editions,PT,Portugal,2016,basic-education,2018,31.6007,,score (0–100)
cedefop-esi-editions,RO,Romania,2014,basic-education,2018,29.1,,score (0–100)
cedefop-esi-editions,RO,Romania,2015,basic-education,2018,30.45,,score (0–100)
cedefop-esi-editions,RO,Romania,2016,basic-education,2018,32.75,,score (0–100)
cedefop-esi-editions,SE,Sweden,2014,basic-education,2018,79.0186,,score (0–100)
cedefop-esi-editions,SE,Sweden,2015,basic-education,2018,80.0054,,score (0–100)
cedefop-esi-editions,SE,Sweden,2016,basic-education,2018,80.3804,,score (0–100)
cedefop-esi-editions,SI,Slovenia,2014,basic-education,2018,78.6886,,score (0–100)
cedefop-esi-editions,SI,Slovenia,2015,basic-education,2018,80.6705,,score (0–100)
cedefop-esi-editions,SI,Slovenia,2016,basic-education,2018,80.8205,,score (0–100)
cedefop-esi-editions,SK,Slovakia,2014,basic-education,2018,58.7233,,score (0–100)
cedefop-esi-editions,SK,Slovakia,2015,basic-education,2018,58.6111,,score (0–100)
cedefop-esi-editions,SK,Slovakia,2016,basic-education,2018,58.8361,,score (0–100)
cedefop-esi-editions,UK,United Kingdom,2014,basic-education,2018,54.0154,,score (0–100)
cedefop-esi-editions,UK,United Kingdom,2015,basic-education,2018,54.1629,,score (0–100)
cedefop-esi-editions,UK,United Kingdom,2016,basic-education,2018,54.0879,,score (0–100)
cedefop-esi-editions,AT,Austria,2016,basic-education,2020,63.0,,score (0–100)
cedefop-esi-editions,AT,Austria,2017,basic-education,2020,62.0,,score (0–100)
cedefop-esi-editions,AT,Austria,2018,basic-education,2020,62.3,,score (0–100)
cedefop-esi-editions,BE,Belgium,2016,basic-education,2020,56.4,,score (0–100)
cedefop-esi-editions,BE,Belgium,2017,basic-education,2020,57.4,,score (0–100)
cedefop-esi-editions,BE,Belgium,2018,basic-education,2020,58.1,,score (0–100)
cedefop-esi-editions,BG,Bulgaria,2016,basic-education,2020,45.3,,score (0–100)
cedefop-esi-editions,BG,Bulgaria,2017,basic-education,2020,45.9,,score (0–100)
cedefop-esi-editions,BG,Bulgaria,2018,basic-education,2020,45.9,,score (0–100)
cedefop-esi-editions,CH,Switzerland,2016,basic-education,2020,63.0,,score (0–100)
cedefop-esi-editions,CH,Switzerland,2017,basic-education,2020,63.3,,score (0–100)
cedefop-esi-editions,CH,Switzerland,2018,basic-education,2020,63.8,,score (0–100)
cedefop-esi-editions,CY,Cyprus,2016,basic-education,2020,39.5,,score (0–100)
cedefop-esi-editions,CY,Cyprus,2017,basic-education,2020,40.6,,score (0–100)
cedefop-esi-editions,CY,Cyprus,2018,basic-education,2020,41.3,,score (0–100)
cedefop-esi-editions,CZ,Czechia,2016,basic-education,2020,67.6,,score (0–100)
cedefop-esi-editions,CZ,Czechia,2017,basic-education,2020,68.4,,score (0–100)
cedefop-esi-editions,CZ,Czechia,2018,basic-education,2020,68.4,,score (0–100)
cedefop-esi-editions,DE,Germany,2016,basic-education,2020,77.7,,score (0–100)
cedefop-esi-editions,DE,Germany,2017,basic-education,2020,77.9,,score (0–100)
cedefop-esi-editions,DE,Germany,2018,basic-education,2020,78.1,,score (0–100)
cedefop-esi-editions,DK,Denmark,2016,basic-education,2020,70.7,,score (0–100)
cedefop-esi-editions,DK,Denmark,2017,basic-education,2020,71.1,,score (0–100)
cedefop-esi-editions,DK,Denmark,2018,basic-education,2020,71.4,,score (0–100)
cedefop-esi-editions,EE,Estonia,2016,basic-education,2020,88.2,,score (0–100)
cedefop-esi-editions,EE,Estonia,2017,basic-education,2020,88.1,,score (0–100)
cedefop-esi-editions,EE,Estonia,2018,basic-education,2020,88.1,,score (0–100)
cedefop-esi-editions,EL,Greece,2016,basic-education,2020,49.8,,score (0–100)
cedefop-esi-editions,EL,Greece,2017,basic-education,2020,51.1,,score (0–100)
cedefop-esi-editions,EL,Greece,2018,basic-education,2020,51.5,,score (0–100)
cedefop-esi-editions,ES,Spain,2016,basic-education,2020,42.2,,score (0–100)
cedefop-esi-editions,ES,Spain,2017,basic-education,2020,43.3,,score (0–100)
cedefop-esi-editions,ES,Spain,2018,basic-education,2020,44.0,,score (0–100)
cedefop-esi-editions,FI,Finland,2016,basic-education,2020,82.7,,score (0–100)
cedefop-esi-editions,FI,Finland,2017,basic-education,2020,83.6,,score (0–100)
cedefop-esi-editions,FI,Finland,2018,basic-education,2020,84.2,,score (0–100)
cedefop-esi-editions,FR,France,2016,basic-education,2020,38.0,,score (0–100)
cedefop-esi-editions,FR,France,2017,basic-education,2020,38.2,,score (0–100)
cedefop-esi-editions,FR,France,2018,basic-education,2020,38.9,,score (0–100)
cedefop-esi-editions,HR,Croatia,2016,basic-education,2020,60.1,,score (0–100)
cedefop-esi-editions,HR,Croatia,2017,basic-education,2020,61.3,,score (0–100)
cedefop-esi-editions,HR,Croatia,2018,basic-education,2020,62.2,,score (0–100)
cedefop-esi-editions,HU,Hungary,2016,basic-education,2020,57.3,,score (0–100)
cedefop-esi-editions,HU,Hungary,2017,basic-education,2020,58.1,,score (0–100)
cedefop-esi-editions,HU,Hungary,2018,basic-education,2020,58.7,,score (0–100)
cedefop-esi-editions,IE,Ireland,2016,basic-education,2020,74.4,,score (0–100)
cedefop-esi-editions,IE,Ireland,2017,basic-education,2020,75.9,,score (0–100)
cedefop-esi-editions,IE,Ireland,2018,basic-education,2020,76.2,,score (0–100)
cedefop-esi-editions,IS,Iceland,2016,basic-education,2020,70.0,,score (0–100)
cedefop-esi-editions,IS,Iceland,2017,basic-education,2020,69.7,,score (0–100)
cedefop-esi-editions,IS,Iceland,2018,basic-education,2020,70.2,,score (0–100)
cedefop-esi-editions,IT,Italy,2016,basic-education,2020,44.9,,score (0–100)
cedefop-esi-editions,IT,Italy,2017,basic-education,2020,46.7,,score (0–100)
cedefop-esi-editions,IT,Italy,2018,basic-education,2020,47.2,,score (0–100)
cedefop-esi-editions,LT,Lithuania,2016,basic-education,2020,69.7,,score (0–100)
cedefop-esi-editions,LT,Lithuania,2017,basic-education,2020,69.0,,score (0–100)
cedefop-esi-editions,LT,Lithuania,2018,basic-education,2020,69.2,,score (0–100)
cedefop-esi-editions,LU,Luxembourg,2016,basic-education,2020,57.9,,score (0–100)
cedefop-esi-editions,LU,Luxembourg,2017,basic-education,2020,48.7,,score (0–100)
cedefop-esi-editions,LU,Luxembourg,2018,basic-education,2020,50.8,,score (0–100)
cedefop-esi-editions,LV,Latvia,2016,basic-education,2020,73.6,,score (0–100)
cedefop-esi-editions,LV,Latvia,2017,basic-education,2020,71.9,,score (0–100)
cedefop-esi-editions,LV,Latvia,2018,basic-education,2020,71.8,,score (0–100)
cedefop-esi-editions,MT,Malta,2016,basic-education,2020,33.8,,score (0–100)
cedefop-esi-editions,MT,Malta,2017,basic-education,2020,36.3,,score (0–100)
cedefop-esi-editions,MT,Malta,2018,basic-education,2020,37.0,,score (0–100)
cedefop-esi-editions,NL,Netherlands,2016,basic-education,2020,54.3,,score (0–100)
cedefop-esi-editions,NL,Netherlands,2017,basic-education,2020,56.0,,score (0–100)
cedefop-esi-editions,NL,Netherlands,2018,basic-education,2020,56.5,,score (0–100)
cedefop-esi-editions,NO,Norway,2016,basic-education,2020,41.6,,score (0–100)
cedefop-esi-editions,NO,Norway,2017,basic-education,2020,60.6,,score (0–100)
cedefop-esi-editions,NO,Norway,2018,basic-education,2020,61.3,,score (0–100)
cedefop-esi-editions,PL,Poland,2016,basic-education,2020,68.8,,score (0–100)
cedefop-esi-editions,PL,Poland,2017,basic-education,2020,68.4,,score (0–100)
cedefop-esi-editions,PL,Poland,2018,basic-education,2020,68.7,,score (0–100)
cedefop-esi-editions,PT,Portugal,2016,basic-education,2020,32.1,,score (0–100)
cedefop-esi-editions,PT,Portugal,2017,basic-education,2020,33.1,,score (0–100)
cedefop-esi-editions,PT,Portugal,2018,basic-education,2020,33.3,,score (0–100)
cedefop-esi-editions,RO,Romania,2016,basic-education,2020,32.8,,score (0–100)
cedefop-esi-editions,RO,Romania,2017,basic-education,2020,34.3,,score (0–100)
cedefop-esi-editions,RO,Romania,2018,basic-education,2020,34.8,,score (0–100)
cedefop-esi-editions,SE,Sweden,2016,basic-education,2020,80.4,,score (0–100)
cedefop-esi-editions,SE,Sweden,2017,basic-education,2020,80.6,,score (0–100)
cedefop-esi-editions,SE,Sweden,2018,basic-education,2020,80.6,,score (0–100)
cedefop-esi-editions,SI,Slovenia,2016,basic-education,2020,80.8,,score (0–100)
cedefop-esi-editions,SI,Slovenia,2017,basic-education,2020,81.7,,score (0–100)
cedefop-esi-editions,SI,Slovenia,2018,basic-education,2020,81.9,,score (0–100)
cedefop-esi-editions,SK,Slovakia,2016,basic-education,2020,59.3,,score (0–100)
cedefop-esi-editions,SK,Slovakia,2017,basic-education,2020,59.5,,score (0–100)
cedefop-esi-editions,SK,Slovakia,2018,basic-education,2020,59.8,,score (0–100)
cedefop-esi-editions,UK,United Kingdom,2016,basic-education,2020,43.3,,score (0–100)
cedefop-esi-editions,UK,United Kingdom,2017,basic-education,2020,43.6,,score (0–100)
cedefop-esi-editions,UK,United Kingdom,2018,basic-education,2020,43.9,,score (0–100)
cedefop-esi-editions,AT,Austria,2018,basic-education,2022,60.0,,score (0–100)
cedefop-esi-editions,AT,Austria,2019,basic-education,2022,62.0,,score (0–100)
cedefop-esi-editions,AT,Austria,2020,basic-education,2022,62.0,,score (0–100)
cedefop-esi-editions,BE,Belgium,2018,basic-education,2022,55.0,,score (0–100)
cedefop-esi-editions,BE,Belgium,2019,basic-education,2022,56.0,,score (0–100)
cedefop-esi-editions,BE,Belgium,2020,basic-education,2022,57.0,,score (0–100)
cedefop-esi-editions,BG,Bulgaria,2018,basic-education,2022,43.0,,score (0–100)
cedefop-esi-editions,BG,Bulgaria,2019,basic-education,2022,43.0,,score (0–100)
cedefop-esi-editions,BG,Bulgaria,2020,basic-education,2022,43.0,,score (0–100)
cedefop-esi-editions,CH,Switzerland,2018,basic-education,2022,53.0,,score (0–100)
cedefop-esi-editions,CH,Switzerland,2019,basic-education,2022,54.0,,score (0–100)
cedefop-esi-editions,CH,Switzerland,2020,basic-education,2022,54.0,,score (0–100)
cedefop-esi-editions,CY,Cyprus,2018,basic-education,2022,38.0,,score (0–100)
cedefop-esi-editions,CY,Cyprus,2019,basic-education,2022,38.0,,score (0–100)
cedefop-esi-editions,CY,Cyprus,2020,basic-education,2022,38.0,,score (0–100)
cedefop-esi-editions,CZ,Czechia,2018,basic-education,2022,69.0,,score (0–100)
cedefop-esi-editions,CZ,Czechia,2019,basic-education,2022,69.0,,score (0–100)
cedefop-esi-editions,CZ,Czechia,2020,basic-education,2022,69.0,,score (0–100)
cedefop-esi-editions,DE,Germany,2018,basic-education,2022,73.0,,score (0–100)
cedefop-esi-editions,DE,Germany,2019,basic-education,2022,73.0,,score (0–100)
cedefop-esi-editions,DE,Germany,2020,basic-education,2022,73.0,,score (0–100)
cedefop-esi-editions,DK,Denmark,2018,basic-education,2022,73.0,,score (0–100)
cedefop-esi-editions,DK,Denmark,2019,basic-education,2022,74.0,,score (0–100)
cedefop-esi-editions,DK,Denmark,2020,basic-education,2022,74.0,,score (0–100)
cedefop-esi-editions,EE,Estonia,2018,basic-education,2022,86.0,,score (0–100)
cedefop-esi-editions,EE,Estonia,2019,basic-education,2022,87.0,,score (0–100)
cedefop-esi-editions,EE,Estonia,2020,basic-education,2022,88.0,,score (0–100)
cedefop-esi-editions,EL,Greece,2018,basic-education,2022,46.0,,score (0–100)
cedefop-esi-editions,EL,Greece,2019,basic-education,2022,49.0,,score (0–100)
cedefop-esi-editions,EL,Greece,2020,basic-education,2022,50.0,,score (0–100)
cedefop-esi-editions,ES,Spain,2018,basic-education,2022,40.0,,score (0–100)
cedefop-esi-editions,ES,Spain,2019,basic-education,2022,42.0,,score (0–100)
cedefop-esi-editions,ES,Spain,2020,basic-education,2022,43.0,,score (0–100)
cedefop-esi-editions,FI,Finland,2018,basic-education,2022,80.0,,score (0–100)
cedefop-esi-editions,FI,Finland,2019,basic-education,2022,81.0,,score (0–100)
cedefop-esi-editions,FI,Finland,2020,basic-education,2022,82.0,,score (0–100)
cedefop-esi-editions,FR,France,2018,basic-education,2022,37.0,,score (0–100)
cedefop-esi-editions,FR,France,2019,basic-education,2022,37.0,,score (0–100)
cedefop-esi-editions,FR,France,2020,basic-education,2022,38.0,,score (0–100)
cedefop-esi-editions,HR,Croatia,2018,basic-education,2022,59.0,,score (0–100)
cedefop-esi-editions,HR,Croatia,2019,basic-education,2022,61.0,,score (0–100)
cedefop-esi-editions,HR,Croatia,2020,basic-education,2022,61.0,,score (0–100)
cedefop-esi-editions,HU,Hungary,2018,basic-education,2022,58.0,,score (0–100)
cedefop-esi-editions,HU,Hungary,2019,basic-education,2022,57.0,,score (0–100)
cedefop-esi-editions,HU,Hungary,2020,basic-education,2022,57.0,,score (0–100)
cedefop-esi-editions,IE,Ireland,2018,basic-education,2022,72.0,,score (0–100)
cedefop-esi-editions,IE,Ireland,2019,basic-education,2022,72.0,,score (0–100)
cedefop-esi-editions,IE,Ireland,2020,basic-education,2022,74.0,,score (0–100)
cedefop-esi-editions,IS,Iceland,2018,basic-education,2022,68.0,,score (0–100)
cedefop-esi-editions,IS,Iceland,2019,basic-education,2022,70.0,,score (0–100)
cedefop-esi-editions,IS,Iceland,2020,basic-education,2022,70.0,,score (0–100)
cedefop-esi-editions,IT,Italy,2018,basic-education,2022,40.0,,score (0–100)
cedefop-esi-editions,IT,Italy,2019,basic-education,2022,41.0,,score (0–100)
cedefop-esi-editions,IT,Italy,2020,basic-education,2022,42.0,,score (0–100)
cedefop-esi-editions,LT,Lithuania,2018,basic-education,2022,70.0,,score (0–100)
cedefop-esi-editions,LT,Lithuania,2019,basic-education,2022,72.0,,score (0–100)
cedefop-esi-editions,LT,Lithuania,2020,basic-education,2022,72.0,,score (0–100)
cedefop-esi-editions,LU,Luxembourg,2018,basic-education,2022,51.0,,score (0–100)
cedefop-esi-editions,LU,Luxembourg,2019,basic-education,2022,53.0,,score (0–100)
cedefop-esi-editions,LU,Luxembourg,2020,basic-education,2022,52.0,,score (0–100)
cedefop-esi-editions,LV,Latvia,2018,basic-education,2022,72.0,,score (0–100)
cedefop-esi-editions,LV,Latvia,2019,basic-education,2022,71.0,,score (0–100)
cedefop-esi-editions,LV,Latvia,2020,basic-education,2022,71.0,,score (0–100)
cedefop-esi-editions,MT,Malta,2018,basic-education,2022,31.0,,score (0–100)
cedefop-esi-editions,MT,Malta,2019,basic-education,2022,35.0,,score (0–100)
cedefop-esi-editions,MT,Malta,2020,basic-education,2022,36.0,,score (0–100)
cedefop-esi-editions,NL,Netherlands,2018,basic-education,2022,52.0,,score (0–100)
cedefop-esi-editions,NL,Netherlands,2019,basic-education,2022,53.0,,score (0–100)
cedefop-esi-editions,NL,Netherlands,2020,basic-education,2022,54.0,,score (0–100)
cedefop-esi-editions,NO,Norway,2018,basic-education,2022,57.0,,score (0–100)
cedefop-esi-editions,NO,Norway,2019,basic-education,2022,62.0,,score (0–100)
cedefop-esi-editions,NO,Norway,2020,basic-education,2022,62.0,,score (0–100)
cedefop-esi-editions,PL,Poland,2018,basic-education,2022,69.0,,score (0–100)
cedefop-esi-editions,PL,Poland,2019,basic-education,2022,71.0,,score (0–100)
cedefop-esi-editions,PL,Poland,2020,basic-education,2022,71.0,,score (0–100)
cedefop-esi-editions,PT,Portugal,2018,basic-education,2022,33.0,,score (0–100)
cedefop-esi-editions,PT,Portugal,2019,basic-education,2022,33.0,,score (0–100)
cedefop-esi-editions,PT,Portugal,2020,basic-education,2022,33.0,,score (0–100)
cedefop-esi-editions,RO,Romania,2018,basic-education,2022,32.0,,score (0–100)
cedefop-esi-editions,RO,Romania,2019,basic-education,2022,33.0,,score (0–100)
cedefop-esi-editions,RO,Romania,2020,basic-education,2022,34.0,,score (0–100)
cedefop-esi-editions,SE,Sweden,2018,basic-education,2022,80.0,,score (0–100)
cedefop-esi-editions,SE,Sweden,2019,basic-education,2022,62.0,,score (0–100)
cedefop-esi-editions,SE,Sweden,2020,basic-education,2022,62.0,,score (0–100)
cedefop-esi-editions,SI,Slovenia,2018,basic-education,2022,50.0,,score (0–100)
cedefop-esi-editions,SI,Slovenia,2019,basic-education,2022,51.0,,score (0–100)
cedefop-esi-editions,SI,Slovenia,2020,basic-education,2022,52.0,,score (0–100)
cedefop-esi-editions,SK,Slovakia,2018,basic-education,2022,61.0,,score (0–100)
cedefop-esi-editions,SK,Slovakia,2019,basic-education,2022,61.0,,score (0–100)
cedefop-esi-editions,SK,Slovakia,2020,basic-education,2022,62.0,,score (0–100)
cedefop-esi-editions,UK,United Kingdom,2018,basic-education,2022,44.0,,score (0–100)
cedefop-esi-editions,UK,United Kingdom,2019,basic-education,2022,45.0,,score (0–100)
cedefop-esi-editions,UK,United Kingdom,2020,basic-education,2022,45.0,,score (0–100)
cedefop-esi-editions,AT,Austria,2014,index,2018,62.2923,,score (0–100)
cedefop-esi-editions,AT,Austria,2015,index,2018,61.601,,score (0–100)
cedefop-esi-editions,AT,Austria,2016,index,2018,61.9024,,score (0–100)
cedefop-esi-editions,BE,Belgium,2014,index,2018,52.5869,,score (0–100)
cedefop-esi-editions,BE,Belgium,2015,index,2018,51.3741,,score (0–100)
cedefop-esi-editions,BE,Belgium,2016,index,2018,53.1844,,score (0–100)
cedefop-esi-editions,BG,Bulgaria,2014,index,2018,33.672,,score (0–100)
cedefop-esi-editions,BG,Bulgaria,2015,index,2018,36.007,,score (0–100)
cedefop-esi-editions,BG,Bulgaria,2016,index,2018,32.5669,,score (0–100)
cedefop-esi-editions,CY,Cyprus,2014,index,2018,29.6071,,score (0–100)
cedefop-esi-editions,CY,Cyprus,2015,index,2018,31.195,,score (0–100)
cedefop-esi-editions,CY,Cyprus,2016,index,2018,31.8433,,score (0–100)
cedefop-esi-editions,CZ,Czechia,2014,index,2018,74.9732,,score (0–100)
cedefop-esi-editions,CZ,Czechia,2015,index,2018,73.8805,,score (0–100)
cedefop-esi-editions,CZ,Czechia,2016,index,2018,75.4505,,score (0–100)
cedefop-esi-editions,DE,Germany,2014,index,2018,61.4337,,score (0–100)
cedefop-esi-editions,DE,Germany,2015,index,2018,61.6095,,score (0–100)
cedefop-esi-editions,DE,Germany,2016,index,2018,62.1138,,score (0–100)
cedefop-esi-editions,DK,Denmark,2014,index,2018,70.2171,,score (0–100)
cedefop-esi-editions,DK,Denmark,2015,index,2018,70.1798,,score (0–100)
cedefop-esi-editions,DK,Denmark,2016,index,2018,66.5589,,score (0–100)
cedefop-esi-editions,EE,Estonia,2014,index,2018,63.1359,,score (0–100)
cedefop-esi-editions,EE,Estonia,2015,index,2018,65.4829,,score (0–100)
cedefop-esi-editions,EE,Estonia,2016,index,2018,67.6609,,score (0–100)
cedefop-esi-editions,EL,Greece,2014,index,2018,22.8737,,score (0–100)
cedefop-esi-editions,EL,Greece,2015,index,2018,23.3818,,score (0–100)
cedefop-esi-editions,EL,Greece,2016,index,2018,22.8864,,score (0–100)
cedefop-esi-editions,ES,Spain,2014,index,2018,19.1563,,score (0–100)
cedefop-esi-editions,ES,Spain,2015,index,2018,20.4694,,score (0–100)
cedefop-esi-editions,ES,Spain,2016,index,2018,22.7583,,score (0–100)
cedefop-esi-editions,FI,Finland,2014,index,2018,71.5589,,score (0–100)
cedefop-esi-editions,FI,Finland,2015,index,2018,70.96,,score (0–100)
cedefop-esi-editions,FI,Finland,2016,index,2018,72.2156,,score (0–100)
cedefop-esi-editions,FR,France,2014,index,2018,48.0077,,score (0–100)
cedefop-esi-editions,FR,France,2015,index,2018,47.3831,,score (0–100)
cedefop-esi-editions,FR,France,2016,index,2018,48.1931,,score (0–100)
cedefop-esi-editions,HR,Croatia,2014,index,2018,58.3584,,score (0–100)
cedefop-esi-editions,HR,Croatia,2015,index,2018,56.116,,score (0–100)
cedefop-esi-editions,HR,Croatia,2016,index,2018,59.6182,,score (0–100)
cedefop-esi-editions,HU,Hungary,2014,index,2018,50.6131,,score (0–100)
cedefop-esi-editions,HU,Hungary,2015,index,2018,53.5874,,score (0–100)
cedefop-esi-editions,HU,Hungary,2016,index,2018,55.1561,,score (0–100)
cedefop-esi-editions,IE,Ireland,2014,index,2018,27.6846,,score (0–100)
cedefop-esi-editions,IE,Ireland,2015,index,2018,32.0219,,score (0–100)
cedefop-esi-editions,IE,Ireland,2016,index,2018,36.4979,,score (0–100)
cedefop-esi-editions,IT,Italy,2014,index,2018,20.58,,score (0–100)
cedefop-esi-editions,IT,Italy,2015,index,2018,18.9978,,score (0–100)
cedefop-esi-editions,IT,Italy,2016,index,2018,24.6191,,score (0–100)
cedefop-esi-editions,LT,Lithuania,2014,index,2018,59.5016,,score (0–100)
cedefop-esi-editions,LT,Lithuania,2015,index,2018,58.8454,,score (0–100)
cedefop-esi-editions,LT,Lithuania,2016,index,2018,60.6159,,score (0–100)
cedefop-esi-editions,LU,Luxembourg,2014,index,2018,71.8218,,score (0–100)
cedefop-esi-editions,LU,Luxembourg,2015,index,2018,70.8848,,score (0–100)
cedefop-esi-editions,LU,Luxembourg,2016,index,2018,71.0949,,score (0–100)
cedefop-esi-editions,LV,Latvia,2014,index,2018,59.2952,,score (0–100)
cedefop-esi-editions,LV,Latvia,2015,index,2018,60.9721,,score (0–100)
cedefop-esi-editions,LV,Latvia,2016,index,2018,59.1196,,score (0–100)
cedefop-esi-editions,MT,Malta,2014,index,2018,51.911,,score (0–100)
cedefop-esi-editions,MT,Malta,2015,index,2018,53.4874,,score (0–100)
cedefop-esi-editions,MT,Malta,2016,index,2018,56.2138,,score (0–100)
cedefop-esi-editions,NL,Netherlands,2014,index,2018,54.4699,,score (0–100)
cedefop-esi-editions,NL,Netherlands,2015,index,2018,56.0256,,score (0–100)
cedefop-esi-editions,NL,Netherlands,2016,index,2018,57.7538,,score (0–100)
cedefop-esi-editions,PL,Poland,2014,index,2018,58.6835,,score (0–100)
cedefop-esi-editions,PL,Poland,2015,index,2018,60.3619,,score (0–100)
cedefop-esi-editions,PL,Poland,2016,index,2018,62.2478,,score (0–100)
cedefop-esi-editions,PT,Portugal,2014,index,2018,40.3651,,score (0–100)
cedefop-esi-editions,PT,Portugal,2015,index,2018,43.5881,,score (0–100)
cedefop-esi-editions,PT,Portugal,2016,index,2018,44.7647,,score (0–100)
cedefop-esi-editions,RO,Romania,2014,index,2018,33.669,,score (0–100)
cedefop-esi-editions,RO,Romania,2015,index,2018,33.4222,,score (0–100)
cedefop-esi-editions,RO,Romania,2016,index,2018,31.3657,,score (0–100)
cedefop-esi-editions,SE,Sweden,2014,index,2018,69.4289,,score (0–100)
cedefop-esi-editions,SE,Sweden,2015,index,2018,70.1634,,score (0–100)
cedefop-esi-editions,SE,Sweden,2016,index,2018,71.5941,,score (0–100)
cedefop-esi-editions,SI,Slovenia,2014,index,2018,68.7603,,score (0–100)
cedefop-esi-editions,SI,Slovenia,2015,index,2018,67.4089,,score (0–100)
cedefop-esi-editions,SI,Slovenia,2016,index,2018,69.1637,,score (0–100)
cedefop-esi-editions,SK,Slovakia,2014,index,2018,58.1246,,score (0–100)
cedefop-esi-editions,SK,Slovakia,2015,index,2018,57.5914,,score (0–100)
cedefop-esi-editions,SK,Slovakia,2016,index,2018,59.3173,,score (0–100)
cedefop-esi-editions,UK,United Kingdom,2014,index,2018,49.4772,,score (0–100)
cedefop-esi-editions,UK,United Kingdom,2015,index,2018,50.521,,score (0–100)
cedefop-esi-editions,UK,United Kingdom,2016,index,2018,51.5297,,score (0–100)
cedefop-esi-editions,AT,Austria,2016,index,2020,61.3,,score (0–100)
cedefop-esi-editions,AT,Austria,2017,index,2020,62.4,,score (0–100)
cedefop-esi-editions,AT,Austria,2018,index,2020,64.5,,score (0–100)
cedefop-esi-editions,BE,Belgium,2016,index,2020,53.2,,score (0–100)
cedefop-esi-editions,BE,Belgium,2017,index,2020,53.7,,score (0–100)
cedefop-esi-editions,BE,Belgium,2018,index,2020,55.2,,score (0–100)
cedefop-esi-editions,BG,Bulgaria,2016,index,2020,33.2,,score (0–100)
cedefop-esi-editions,BG,Bulgaria,2017,index,2020,43.4,,score (0–100)
cedefop-esi-editions,BG,Bulgaria,2018,index,2020,43.5,,score (0–100)
cedefop-esi-editions,CH,Switzerland,2016,index,2020,68.4,,score (0–100)
cedefop-esi-editions,CH,Switzerland,2017,index,2020,67.4,,score (0–100)
cedefop-esi-editions,CH,Switzerland,2018,index,2020,67.5,,score (0–100)
cedefop-esi-editions,CY,Cyprus,2016,index,2020,33.1,,score (0–100)
cedefop-esi-editions,CY,Cyprus,2017,index,2020,34.1,,score (0–100)
cedefop-esi-editions,CY,Cyprus,2018,index,2020,41.0,,score (0–100)
cedefop-esi-editions,CZ,Czechia,2016,index,2020,75.6,,score (0–100)
cedefop-esi-editions,CZ,Czechia,2017,index,2020,76.7,,score (0–100)
cedefop-esi-editions,CZ,Czechia,2018,index,2020,76.9,,score (0–100)
cedefop-esi-editions,DE,Germany,2016,index,2020,61.9,,score (0–100)
cedefop-esi-editions,DE,Germany,2017,index,2020,62.9,,score (0–100)
cedefop-esi-editions,DE,Germany,2018,index,2020,64.5,,score (0–100)
cedefop-esi-editions,DK,Denmark,2016,index,2020,67.6,,score (0–100)
cedefop-esi-editions,DK,Denmark,2017,index,2020,67.1,,score (0–100)
cedefop-esi-editions,DK,Denmark,2018,index,2020,69.0,,score (0–100)
cedefop-esi-editions,EE,Estonia,2016,index,2020,66.7,,score (0–100)
cedefop-esi-editions,EE,Estonia,2017,index,2020,72.0,,score (0–100)
cedefop-esi-editions,EE,Estonia,2018,index,2020,72.7,,score (0–100)
cedefop-esi-editions,EL,Greece,2016,index,2020,23.3,,score (0–100)
cedefop-esi-editions,EL,Greece,2017,index,2020,27.0,,score (0–100)
cedefop-esi-editions,EL,Greece,2018,index,2020,29.8,,score (0–100)
cedefop-esi-editions,ES,Spain,2016,index,2020,23.1,,score (0–100)
cedefop-esi-editions,ES,Spain,2017,index,2020,27.7,,score (0–100)
cedefop-esi-editions,ES,Spain,2018,index,2020,31.1,,score (0–100)
cedefop-esi-editions,FI,Finland,2016,index,2020,70.4,,score (0–100)
cedefop-esi-editions,FI,Finland,2017,index,2020,73.4,,score (0–100)
cedefop-esi-editions,FI,Finland,2018,index,2020,75.1,,score (0–100)
cedefop-esi-editions,FR,France,2016,index,2020,48.8,,score (0–100)
cedefop-esi-editions,FR,France,2017,index,2020,48.8,,score (0–100)
cedefop-esi-editions,FR,France,2018,index,2020,50.6,,score (0–100)
cedefop-esi-editions,HR,Croatia,2016,index,2020,59.1,,score (0–100)
cedefop-esi-editions,HR,Croatia,2017,index,2020,61.2,,score (0–100)
cedefop-esi-editions,HR,Croatia,2018,index,2020,61.8,,score (0–100)
cedefop-esi-editions,HU,Hungary,2016,index,2020,54.4,,score (0–100)
cedefop-esi-editions,HU,Hungary,2017,index,2020,56.3,,score (0–100)
cedefop-esi-editions,HU,Hungary,2018,index,2020,57.0,,score (0–100)
cedefop-esi-editions,IE,Ireland,2016,index,2020,40.3,,score (0–100)
cedefop-esi-editions,IE,Ireland,2017,index,2020,43.0,,score (0–100)
cedefop-esi-editions,IE,Ireland,2018,index,2020,43.9,,score (0–100)
cedefop-esi-editions,IS,Iceland,2016,index,2020,67.9,,score (0–100)
cedefop-esi-editions,IS,Iceland,2017,index,2020,67.1,,score (0–100)
cedefop-esi-editions,IS,Iceland,2018,index,2020,66.5,,score (0–100)
cedefop-esi-editions,IT,Italy,2016,index,2020,24.8,,score (0–100)
cedefop-esi-editions,IT,Italy,2017,index,2020,23.0,,score (0–100)
cedefop-esi-editions,IT,Italy,2018,index,2020,23.9,,score (0–100)
cedefop-esi-editions,LT,Lithuania,2016,index,2020,61.1,,score (0–100)
cedefop-esi-editions,LT,Lithuania,2017,index,2020,61.5,,score (0–100)
cedefop-esi-editions,LT,Lithuania,2018,index,2020,63.9,,score (0–100)
cedefop-esi-editions,LU,Luxembourg,2016,index,2020,70.5,,score (0–100)
cedefop-esi-editions,LU,Luxembourg,2017,index,2020,69.9,,score (0–100)
cedefop-esi-editions,LU,Luxembourg,2018,index,2020,72.7,,score (0–100)
cedefop-esi-editions,LV,Latvia,2016,index,2020,60.1,,score (0–100)
cedefop-esi-editions,LV,Latvia,2017,index,2020,63.1,,score (0–100)
cedefop-esi-editions,LV,Latvia,2018,index,2020,65.7,,score (0–100)
cedefop-esi-editions,MT,Malta,2016,index,2020,59.3,,score (0–100)
cedefop-esi-editions,MT,Malta,2017,index,2020,62.2,,score (0–100)
cedefop-esi-editions,MT,Malta,2018,index,2020,64.6,,score (0–100)
cedefop-esi-editions,NL,Netherlands,2016,index,2020,59.1,,score (0–100)
cedefop-esi-editions,NL,Netherlands,2017,index,2020,61.3,,score (0–100)
cedefop-esi-editions,NL,Netherlands,2018,index,2020,63.5,,score (0–100)
cedefop-esi-editions,NO,Norway,2016,index,2020,64.2,,score (0–100)
cedefop-esi-editions,NO,Norway,2017,index,2020,68.8,,score (0–100)
cedefop-esi-editions,NO,Norway,2018,index,2020,69.7,,score (0–100)
cedefop-esi-editions,PL,Poland,2016,index,2020,62.5,,score (0–100)
cedefop-esi-editions,PL,Poland,2017,index,2020,64.1,,score (0–100)
cedefop-esi-editions,PL,Poland,2018,index,2020,65.9,,score (0–100)
cedefop-esi-editions,PT,Portugal,2016,index,2020,44.6,,score (0–100)
cedefop-esi-editions,PT,Portugal,2017,index,2020,49.2,,score (0–100)
cedefop-esi-editions,PT,Portugal,2018,index,2020,52.5,,score (0–100)
cedefop-esi-editions,RO,Romania,2016,index,2020,31.5,,score (0–100)
cedefop-esi-editions,RO,Romania,2017,index,2020,39.8,,score (0–100)
cedefop-esi-editions,RO,Romania,2018,index,2020,41.6,,score (0–100)
cedefop-esi-editions,SE,Sweden,2016,index,2020,71.6,,score (0–100)
cedefop-esi-editions,SE,Sweden,2017,index,2020,72.0,,score (0–100)
cedefop-esi-editions,SE,Sweden,2018,index,2020,72.5,,score (0–100)
cedefop-esi-editions,SI,Slovenia,2016,index,2020,68.2,,score (0–100)
cedefop-esi-editions,SI,Slovenia,2017,index,2020,72.6,,score (0–100)
cedefop-esi-editions,SI,Slovenia,2018,index,2020,74.6,,score (0–100)
cedefop-esi-editions,SK,Slovakia,2016,index,2020,59.4,,score (0–100)
cedefop-esi-editions,SK,Slovakia,2017,index,2020,58.2,,score (0–100)
cedefop-esi-editions,SK,Slovakia,2018,index,2020,60.3,,score (0–100)
cedefop-esi-editions,UK,United Kingdom,2016,index,2020,50.4,,score (0–100)
cedefop-esi-editions,UK,United Kingdom,2017,index,2020,51.9,,score (0–100)
cedefop-esi-editions,UK,United Kingdom,2018,index,2020,52.7,,score (0–100)
cedefop-esi-editions,AT,Austria,2018,index,2022,56.0,,score (0–100)
cedefop-esi-editions,AT,Austria,2019,index,2022,58.0,,score (0–100)
cedefop-esi-editions,AT,Austria,2020,index,2022,55.0,,score (0–100)
cedefop-esi-editions,BE,Belgium,2018,index,2022,48.0,,score (0–100)
cedefop-esi-editions,BE,Belgium,2019,index,2022,49.0,,score (0–100)
cedefop-esi-editions,BE,Belgium,2020,index,2022,49.0,,score (0–100)
cedefop-esi-editions,BG,Bulgaria,2018,index,2022,36.0,,score (0–100)
cedefop-esi-editions,BG,Bulgaria,2019,index,2022,40.0,,score (0–100)
cedefop-esi-editions,BG,Bulgaria,2020,index,2022,38.0,,score (0–100)
cedefop-esi-editions,CH,Switzerland,2018,index,2022,56.0,,score (0–100)
cedefop-esi-editions,CH,Switzerland,2019,index,2022,57.0,,score (0–100)
cedefop-esi-editions,CH,Switzerland,2020,index,2022,56.0,,score (0–100)
cedefop-esi-editions,CY,Cyprus,2018,index,2022,32.0,,score (0–100)
cedefop-esi-editions,CY,Cyprus,2019,index,2022,35.0,,score (0–100)
cedefop-esi-editions,CY,Cyprus,2020,index,2022,34.0,,score (0–100)
cedefop-esi-editions,CZ,Czechia,2018,index,2022,72.0,,score (0–100)
cedefop-esi-editions,CZ,Czechia,2019,index,2022,72.0,,score (0–100)
cedefop-esi-editions,CZ,Czechia,2020,index,2022,70.0,,score (0–100)
cedefop-esi-editions,DE,Germany,2018,index,2022,58.0,,score (0–100)
cedefop-esi-editions,DE,Germany,2019,index,2022,60.0,,score (0–100)
cedefop-esi-editions,DE,Germany,2020,index,2022,60.0,,score (0–100)
cedefop-esi-editions,DK,Denmark,2018,index,2022,63.0,,score (0–100)
cedefop-esi-editions,DK,Denmark,2019,index,2022,64.0,,score (0–100)
cedefop-esi-editions,DK,Denmark,2020,index,2022,63.0,,score (0–100)
cedefop-esi-editions,EE,Estonia,2018,index,2022,65.0,,score (0–100)
cedefop-esi-editions,EE,Estonia,2019,index,2022,65.0,,score (0–100)
cedefop-esi-editions,EE,Estonia,2020,index,2022,63.0,,score (0–100)
cedefop-esi-editions,EL,Greece,2018,index,2022,20.0,,score (0–100)
cedefop-esi-editions,EL,Greece,2019,index,2022,21.0,,score (0–100)
cedefop-esi-editions,EL,Greece,2020,index,2022,23.0,,score (0–100)
cedefop-esi-editions,ES,Spain,2018,index,2022,19.0,,score (0–100)
cedefop-esi-editions,ES,Spain,2019,index,2022,20.0,,score (0–100)
cedefop-esi-editions,ES,Spain,2020,index,2022,19.0,,score (0–100)
cedefop-esi-editions,FI,Finland,2018,index,2022,67.0,,score (0–100)
cedefop-esi-editions,FI,Finland,2019,index,2022,69.0,,score (0–100)
cedefop-esi-editions,FI,Finland,2020,index,2022,67.0,,score (0–100)
cedefop-esi-editions,FR,France,2018,index,2022,43.0,,score (0–100)
cedefop-esi-editions,FR,France,2019,index,2022,44.0,,score (0–100)
cedefop-esi-editions,FR,France,2020,index,2022,43.0,,score (0–100)
cedefop-esi-editions,HR,Croatia,2018,index,2022,53.0,,score (0–100)
cedefop-esi-editions,HR,Croatia,2019,index,2022,59.0,,score (0–100)
cedefop-esi-editions,HR,Croatia,2020,index,2022,60.0,,score (0–100)
cedefop-esi-editions,HU,Hungary,2018,index,2022,53.0,,score (0–100)
cedefop-esi-editions,HU,Hungary,2019,index,2022,54.0,,score (0–100)
cedefop-esi-editions,HU,Hungary,2020,index,2022,53.0,,score (0–100)
cedefop-esi-editions,IE,Ireland,2018,index,2022,37.0,,score (0–100)
cedefop-esi-editions,IE,Ireland,2019,index,2022,40.0,,score (0–100)
cedefop-esi-editions,IE,Ireland,2020,index,2022,39.0,,score (0–100)
cedefop-esi-editions,IS,Iceland,2018,index,2022,61.0,,score (0–100)
cedefop-esi-editions,IS,Iceland,2019,index,2022,65.0,,score (0–100)
cedefop-esi-editions,IS,Iceland,2020,index,2022,61.0,,score (0–100)
cedefop-esi-editions,IT,Italy,2018,index,2022,17.0,,score (0–100)
cedefop-esi-editions,IT,Italy,2019,index,2022,19.0,,score (0–100)
cedefop-esi-editions,IT,Italy,2020,index,2022,15.0,,score (0–100)
cedefop-esi-editions,LT,Lithuania,2018,index,2022,55.0,,score (0–100)
cedefop-esi-editions,LT,Lithuania,2019,index,2022,54.0,,score (0–100)
cedefop-esi-editions,LT,Lithuania,2020,index,2022,52.0,,score (0–100)
cedefop-esi-editions,LU,Luxembourg,2018,index,2022,65.0,,score (0–100)
cedefop-esi-editions,LU,Luxembourg,2019,index,2022,64.0,,score (0–100)
cedefop-esi-editions,LU,Luxembourg,2020,index,2022,61.0,,score (0–100)
cedefop-esi-editions,LV,Latvia,2018,index,2022,55.0,,score (0–100)
cedefop-esi-editions,LV,Latvia,2019,index,2022,53.0,,score (0–100)
cedefop-esi-editions,LV,Latvia,2020,index,2022,53.0,,score (0–100)
cedefop-esi-editions,MT,Malta,2018,index,2022,57.0,,score (0–100)
cedefop-esi-editions,MT,Malta,2019,index,2022,59.0,,score (0–100)
cedefop-esi-editions,MT,Malta,2020,index,2022,58.0,,score (0–100)
cedefop-esi-editions,NL,Netherlands,2018,index,2022,60.0,,score (0–100)
cedefop-esi-editions,NL,Netherlands,2019,index,2022,62.0,,score (0–100)
cedefop-esi-editions,NL,Netherlands,2020,index,2022,61.0,,score (0–100)
cedefop-esi-editions,NO,Norway,2018,index,2022,61.0,,score (0–100)
cedefop-esi-editions,NO,Norway,2019,index,2022,62.0,,score (0–100)
cedefop-esi-editions,NO,Norway,2020,index,2022,61.0,,score (0–100)
cedefop-esi-editions,PL,Poland,2018,index,2022,61.0,,score (0–100)
cedefop-esi-editions,PL,Poland,2019,index,2022,62.0,,score (0–100)
cedefop-esi-editions,PL,Poland,2020,index,2022,60.0,,score (0–100)
cedefop-esi-editions,PT,Portugal,2018,index,2022,41.0,,score (0–100)
cedefop-esi-editions,PT,Portugal,2019,index,2022,43.0,,score (0–100)
cedefop-esi-editions,PT,Portugal,2020,index,2022,43.0,,score (0–100)
cedefop-esi-editions,RO,Romania,2018,index,2022,37.0,,score (0–100)
cedefop-esi-editions,RO,Romania,2019,index,2022,39.0,,score (0–100)
cedefop-esi-editions,RO,Romania,2020,index,2022,40.0,,score (0–100)
cedefop-esi-editions,SE,Sweden,2018,index,2022,64.0,,score (0–100)
cedefop-esi-editions,SE,Sweden,2019,index,2022,63.0,,score (0–100)
cedefop-esi-editions,SE,Sweden,2020,index,2022,60.0,,score (0–100)
cedefop-esi-editions,SI,Slovenia,2018,index,2022,62.0,,score (0–100)
cedefop-esi-editions,SI,Slovenia,2019,index,2022,63.0,,score (0–100)
cedefop-esi-editions,SI,Slovenia,2020,index,2022,61.0,,score (0–100)
cedefop-esi-editions,SK,Slovakia,2018,index,2022,52.0,,score (0–100)
cedefop-esi-editions,SK,Slovakia,2019,index,2022,53.0,,score (0–100)
cedefop-esi-editions,SK,Slovakia,2020,index,2022,53.0,,score (0–100)
cedefop-esi-editions,UK,United Kingdom,2018,index,2022,46.0,,score (0–100)
cedefop-esi-editions,UK,United Kingdom,2019,index,2022,46.0,,score (0–100)
cedefop-esi-editions,UK,United Kingdom,2020,index,2022,47.0,,score (0–100)
cedefop-esi-editions,AT,Austria,2014,labour-market-participation,2018,84.3421,,score (0–100)
cedefop-esi-editions,AT,Austria,2015,labour-market-participation,2018,84.3421,,score (0–100)
cedefop-esi-editions,AT,Austria,2016,labour-market-participation,2018,86.4737,,score (0–100)
cedefop-esi-editions,BE,Belgium,2014,labour-market-participation,2018,42.0789,,score (0–100)
cedefop-esi-editions,BE,Belgium,2015,labour-market-participation,2018,39.9737,,score (0–100)
cedefop-esi-editions,BE,Belgium,2016,labour-market-participation,2018,36.1579,,score (0–100)
cedefop-esi-editions,BG,Bulgaria,2014,labour-market-participation,2018,20.1842,,score (0–100)
cedefop-esi-editions,BG,Bulgaria,2015,labour-market-participation,2018,18.7632,,score (0–100)
cedefop-esi-editions,BG,Bulgaria,2016,labour-market-participation,2018,10.0,,score (0–100)
cedefop-esi-editions,CY,Cyprus,2014,labour-market-participation,2018,79.8947,,score (0–100)
cedefop-esi-editions,CY,Cyprus,2015,labour-market-participation,2018,71.7368,,score (0–100)
cedefop-esi-editions,CY,Cyprus,2016,labour-market-participation,2018,62.8158,,score (0–100)
cedefop-esi-editions,CZ,Czechia,2014,labour-market-participation,2018,58.0789,,score (0–100)
cedefop-esi-editions,CZ,Czechia,2015,labour-market-participation,2018,58.9211,,score (0–100)
cedefop-esi-editions,CZ,Czechia,2016,labour-market-participation,2018,61.3421,,score (0–100)
cedefop-esi-editions,DE,Germany,2014,labour-market-participation,2018,76.1579,,score (0–100)
cedefop-esi-editions,DE,Germany,2015,labour-market-participation,2018,75.3684,,score (0–100)
cedefop-esi-editions,DE,Germany,2016,labour-market-participation,2018,73.4737,,score (0–100)
cedefop-esi-editions,DK,Denmark,2014,labour-market-participation,2018,76.2895,,score (0–100)
cedefop-esi-editions,DK,Denmark,2015,labour-market-participation,2018,77.3421,,score (0–100)
cedefop-esi-editions,DK,Denmark,2016,labour-market-participation,2018,79.6316,,score (0–100)
cedefop-esi-editions,EE,Estonia,2014,labour-market-participation,2018,63.1316,,score (0–100)
cedefop-esi-editions,EE,Estonia,2015,labour-market-participation,2018,71.6053,,score (0–100)
cedefop-esi-editions,EE,Estonia,2016,labour-market-participation,2018,74.1316,,score (0–100)
cedefop-esi-editions,EL,Greece,2014,labour-market-participation,2018,33.2105,,score (0–100)
cedefop-esi-editions,EL,Greece,2015,labour-market-participation,2018,36.7368,,score (0–100)
cedefop-esi-editions,EL,Greece,2016,labour-market-participation,2018,32.8947,,score (0–100)
cedefop-esi-editions,ES,Spain,2014,labour-market-participation,2018,59.9211,,score (0–100)
cedefop-esi-editions,ES,Spain,2015,labour-market-participation,2018,58.9737,,score (0–100)
cedefop-esi-editions,ES,Spain,2016,labour-market-participation,2018,56.6053,,score (0–100)
cedefop-esi-editions,FI,Finland,2014,labour-market-participation,2018,72.2105,,score (0–100)
cedefop-esi-editions,FI,Finland,2015,labour-market-participation,2018,72.7368,,score (0–100)
cedefop-esi-editions,FI,Finland,2016,labour-market-participation,2018,70.5789,,score (0–100)
cedefop-esi-editions,FR,France,2014,labour-market-participation,2018,66.6053,,score (0–100)
cedefop-esi-editions,FR,France,2015,labour-market-participation,2018,66.8421,,score (0–100)
cedefop-esi-editions,FR,France,2016,labour-market-participation,2018,66.5789,,score (0–100)
cedefop-esi-editions,HR,Croatia,2014,labour-market-participation,2018,36.5526,,score (0–100)
cedefop-esi-editions,HR,Croatia,2015,labour-market-participation,2018,36.7105,,score (0–100)
cedefop-esi-editions,HR,Croatia,2016,labour-market-participation,2018,33.1579,,score (0–100)
cedefop-esi-editions,HU,Hungary,2014,labour-market-participation,2018,38.0263,,score (0–100)
cedefop-esi-editions,HU,Hungary,2015,labour-market-participation,2018,44.0,,score (0–100)
cedefop-esi-editions,HU,Hungary,2016,labour-market-participation,2018,48.2632,,score (0–100)
cedefop-esi-editions,IE,Ireland,2014,labour-market-participation,2018,35.2632,,score (0–100)
cedefop-esi-editions,IE,Ireland,2015,labour-market-participation,2018,35.2105,,score (0–100)
cedefop-esi-editions,IE,Ireland,2016,labour-market-participation,2018,39.5526,,score (0–100)
cedefop-esi-editions,IT,Italy,2014,labour-market-participation,2018,7.2368,,score (0–100)
cedefop-esi-editions,IT,Italy,2015,labour-market-participation,2018,5.3947,,score (0–100)
cedefop-esi-editions,IT,Italy,2016,labour-market-participation,2018,7.2368,,score (0–100)
cedefop-esi-editions,LT,Lithuania,2014,labour-market-participation,2018,73.6316,,score (0–100)
cedefop-esi-editions,LT,Lithuania,2015,labour-market-participation,2018,71.2368,,score (0–100)
cedefop-esi-editions,LT,Lithuania,2016,labour-market-participation,2018,71.6316,,score (0–100)
cedefop-esi-editions,LU,Luxembourg,2014,labour-market-participation,2018,43.2895,,score (0–100)
cedefop-esi-editions,LU,Luxembourg,2015,labour-market-participation,2018,54.2895,,score (0–100)
cedefop-esi-editions,LU,Luxembourg,2016,labour-market-participation,2018,46.2632,,score (0–100)
cedefop-esi-editions,LV,Latvia,2014,labour-market-participation,2018,66.6579,,score (0–100)
cedefop-esi-editions,LV,Latvia,2015,labour-market-participation,2018,71.0263,,score (0–100)
cedefop-esi-editions,LV,Latvia,2016,labour-market-participation,2018,71.7632,,score (0–100)
cedefop-esi-editions,MT,Malta,2014,labour-market-participation,2018,45.5263,,score (0–100)
cedefop-esi-editions,MT,Malta,2015,labour-market-participation,2018,47.1053,,score (0–100)
cedefop-esi-editions,MT,Malta,2016,labour-market-participation,2018,51.9737,,score (0–100)
cedefop-esi-editions,NL,Netherlands,2014,labour-market-participation,2018,81.9474,,score (0–100)
cedefop-esi-editions,NL,Netherlands,2015,labour-market-participation,2018,83.0,,score (0–100)
cedefop-esi-editions,NL,Netherlands,2016,labour-market-participation,2018,80.6842,,score (0–100)
cedefop-esi-editions,PL,Poland,2014,labour-market-participation,2018,47.3421,,score (0–100)
cedefop-esi-editions,PL,Poland,2015,labour-market-participation,2018,45.6316,,score (0–100)
cedefop-esi-editions,PL,Poland,2016,labour-market-participation,2018,47.9211,,score (0–100)
cedefop-esi-editions,PT,Portugal,2014,labour-market-participation,2018,65.3684,,score (0–100)
cedefop-esi-editions,PT,Portugal,2015,labour-market-participation,2018,66.2368,,score (0–100)
cedefop-esi-editions,PT,Portugal,2016,labour-market-participation,2018,68.1316,,score (0–100)
cedefop-esi-editions,RO,Romania,2014,labour-market-participation,2018,19.0526,,score (0–100)
cedefop-esi-editions,RO,Romania,2015,labour-market-participation,2018,24.6053,,score (0–100)
cedefop-esi-editions,RO,Romania,2016,labour-market-participation,2018,15.1579,,score (0–100)
cedefop-esi-editions,SE,Sweden,2014,labour-market-participation,2018,92.6316,,score (0–100)
cedefop-esi-editions,SE,Sweden,2015,labour-market-participation,2018,92.1053,,score (0–100)
cedefop-esi-editions,SE,Sweden,2016,labour-market-participation,2018,92.5,,score (0–100)
cedefop-esi-editions,SI,Slovenia,2014,labour-market-participation,2018,63.5526,,score (0–100)
cedefop-esi-editions,SI,Slovenia,2015,labour-market-participation,2018,67.6316,,score (0–100)
cedefop-esi-editions,SI,Slovenia,2016,labour-market-participation,2018,69.4737,,score (0–100)
cedefop-esi-editions,SK,Slovakia,2014,labour-market-participation,2018,50.3158,,score (0–100)
cedefop-esi-editions,SK,Slovakia,2015,labour-market-participation,2018,52.1579,,score (0–100)
cedefop-esi-editions,SK,Slovakia,2016,labour-market-participation,2018,55.1053,,score (0–100)
cedefop-esi-editions,UK,United Kingdom,2014,labour-market-participation,2018,77.1053,,score (0–100)
cedefop-esi-editions,UK,United Kingdom,2015,labour-market-participation,2018,76.8947,,score (0–100)
cedefop-esi-editions,UK,United Kingdom,2016,labour-market-participation,2018,78.5263,,score (0–100)
cedefop-esi-editions,AT,Austria,2016,labour-market-participation,2020,86.5,,score (0–100)
cedefop-esi-editions,AT,Austria,2017,labour-market-participation,2020,86.0,,score (0–100)
cedefop-esi-editions,AT,Austria,2018,labour-market-participation,2020,85.4,,score (0–100)
cedefop-esi-editions,BE,Belgium,2016,labour-market-participation,2020,36.2,,score (0–100)
cedefop-esi-editions,BE,Belgium,2017,labour-market-participation,2020,33.3,,score (0–100)
cedefop-esi-editions,BE,Belgium,2018,labour-market-participation,2020,34.9,,score (0–100)
cedefop-esi-editions,BG,Bulgaria,2016,labour-market-participation,2020,10.0,,score (0–100)
cedefop-esi-editions,BG,Bulgaria,2017,labour-market-participation,2020,26.6,,score (0–100)
cedefop-esi-editions,BG,Bulgaria,2018,labour-market-participation,2020,22.7,,score (0–100)
cedefop-esi-editions,CH,Switzerland,2016,labour-market-participation,2020,100.0,,score (0–100)
cedefop-esi-editions,CH,Switzerland,2017,labour-market-participation,2020,100.0,,score (0–100)
cedefop-esi-editions,CH,Switzerland,2018,labour-market-participation,2020,100.0,,score (0–100)
cedefop-esi-editions,CY,Cyprus,2016,labour-market-participation,2020,62.8,,score (0–100)
cedefop-esi-editions,CY,Cyprus,2017,labour-market-participation,2020,65.9,,score (0–100)
cedefop-esi-editions,CY,Cyprus,2018,labour-market-participation,2020,69.4,,score (0–100)
cedefop-esi-editions,CZ,Czechia,2016,labour-market-participation,2020,61.3,,score (0–100)
cedefop-esi-editions,CZ,Czechia,2017,labour-market-participation,2020,62.9,,score (0–100)
cedefop-esi-editions,CZ,Czechia,2018,labour-market-participation,2020,63.2,,score (0–100)
cedefop-esi-editions,DE,Germany,2016,labour-market-participation,2020,73.5,,score (0–100)
cedefop-esi-editions,DE,Germany,2017,labour-market-participation,2020,74.4,,score (0–100)
cedefop-esi-editions,DE,Germany,2018,labour-market-participation,2020,77.6,,score (0–100)
cedefop-esi-editions,DK,Denmark,2016,labour-market-participation,2020,79.6,,score (0–100)
cedefop-esi-editions,DK,Denmark,2017,labour-market-participation,2020,71.4,,score (0–100)
cedefop-esi-editions,DK,Denmark,2018,labour-market-participation,2020,73.9,,score (0–100)
cedefop-esi-editions,EE,Estonia,2016,labour-market-participation,2020,74.1,,score (0–100)
cedefop-esi-editions,EE,Estonia,2017,labour-market-participation,2020,84.4,,score (0–100)
cedefop-esi-editions,EE,Estonia,2018,labour-market-participation,2020,87.2,,score (0–100)
cedefop-esi-editions,EL,Greece,2016,labour-market-participation,2020,32.9,,score (0–100)
cedefop-esi-editions,EL,Greece,2017,labour-market-participation,2020,31.6,,score (0–100)
cedefop-esi-editions,EL,Greece,2018,labour-market-participation,2020,29.3,,score (0–100)
cedefop-esi-editions,ES,Spain,2016,labour-market-participation,2020,56.6,,score (0–100)
cedefop-esi-editions,ES,Spain,2017,labour-market-participation,2020,55.3,,score (0–100)
cedefop-esi-editions,ES,Spain,2018,labour-market-participation,2020,54.2,,score (0–100)
cedefop-esi-editions,FI,Finland,2016,labour-market-participation,2020,70.6,,score (0–100)
cedefop-esi-editions,FI,Finland,2017,labour-market-participation,2020,74.7,,score (0–100)
cedefop-esi-editions,FI,Finland,2018,labour-market-participation,2020,79.3,,score (0–100)
cedefop-esi-editions,FR,France,2016,labour-market-participation,2020,66.6,,score (0–100)
cedefop-esi-editions,FR,France,2017,labour-market-participation,2020,65.9,,score (0–100)
cedefop-esi-editions,FR,France,2018,labour-market-participation,2020,69.6,,score (0–100)
cedefop-esi-editions,HR,Croatia,2016,labour-market-participation,2020,33.2,,score (0–100)
cedefop-esi-editions,HR,Croatia,2017,labour-market-participation,2020,38.3,,score (0–100)
cedefop-esi-editions,HR,Croatia,2018,labour-market-participation,2020,32.9,,score (0–100)
cedefop-esi-editions,HU,Hungary,2016,labour-market-participation,2020,48.3,,score (0–100)
cedefop-esi-editions,HU,Hungary,2017,labour-market-participation,2020,53.1,,score (0–100)
cedefop-esi-editions,HU,Hungary,2018,labour-market-participation,2020,53.2,,score (0–100)
cedefop-esi-editions,IE,Ireland,2016,labour-market-participation,2020,58.7,,score (0–100)
cedefop-esi-editions,IE,Ireland,2017,labour-market-participation,2020,56.7,,score (0–100)
cedefop-esi-editions,IE,Ireland,2018,labour-market-participation,2020,57.2,,score (0–100)
cedefop-esi-editions,IS,Iceland,2016,labour-market-participation,2020,100.0,,score (0–100)
cedefop-esi-editions,IS,Iceland,2017,labour-market-participation,2020,100.0,,score (0–100)
cedefop-esi-editions,IS,Iceland,2018,labour-market-participation,2020,100.0,,score (0–100)
cedefop-esi-editions,IT,Italy,2016,labour-market-participation,2020,7.2,,score (0–100)
cedefop-esi-editions,IT,Italy,2017,labour-market-participation,2020,5.8,,score (0–100)
cedefop-esi-editions,IT,Italy,2018,labour-market-participation,2020,5.7,,score (0–100)
cedefop-esi-editions,LT,Lithuania,2016,labour-market-participation,2020,71.6,,score (0–100)
cedefop-esi-editions,LT,Lithuania,2017,labour-market-participation,2020,70.6,,score (0–100)
cedefop-esi-editions,LT,Lithuania,2018,labour-market-participation,2020,75.1,,score (0–100)
cedefop-esi-editions,LU,Luxembourg,2016,labour-market-participation,2020,46.3,,score (0–100)
cedefop-esi-editions,LU,Luxembourg,2017,labour-market-participation,2020,51.4,,score (0–100)
cedefop-esi-editions,LU,Luxembourg,2018,labour-market-participation,2020,56.9,,score (0–100)
cedefop-esi-editions,LV,Latvia,2016,labour-market-participation,2020,71.8,,score (0–100)
cedefop-esi-editions,LV,Latvia,2017,labour-market-participation,2020,78.7,,score (0–100)
cedefop-esi-editions,LV,Latvia,2018,labour-market-participation,2020,81.8,,score (0–100)
cedefop-esi-editions,MT,Malta,2016,labour-market-participation,2020,57.2,,score (0–100)
cedefop-esi-editions,MT,Malta,2017,labour-market-participation,2020,65.7,,score (0–100)
cedefop-esi-editions,MT,Malta,2018,labour-market-participation,2020,74.7,,score (0–100)
cedefop-esi-editions,NL,Netherlands,2016,labour-market-participation,2020,80.7,,score (0–100)
cedefop-esi-editions,NL,Netherlands,2017,labour-market-participation,2020,79.6,,score (0–100)
cedefop-esi-editions,NL,Netherlands,2018,labour-market-participation,2020,80.4,,score (0–100)
cedefop-esi-editions,NO,Norway,2016,labour-market-participation,2020,70.7,,score (0–100)
cedefop-esi-editions,NO,Norway,2017,labour-market-participation,2020,65.6,,score (0–100)
cedefop-esi-editions,NO,Norway,2018,labour-market-participation,2020,72.3,,score (0–100)
cedefop-esi-editions,PL,Poland,2016,labour-market-participation,2020,47.9,,score (0–100)
cedefop-esi-editions,PL,Poland,2017,labour-market-participation,2020,49.5,,score (0–100)
cedefop-esi-editions,PL,Poland,2018,labour-market-participation,2020,52.6,,score (0–100)
cedefop-esi-editions,PT,Portugal,2016,labour-market-participation,2020,68.1,,score (0–100)
cedefop-esi-editions,PT,Portugal,2017,labour-market-participation,2020,72.3,,score (0–100)
cedefop-esi-editions,PT,Portugal,2018,labour-market-participation,2020,73.3,,score (0–100)
cedefop-esi-editions,RO,Romania,2016,labour-market-participation,2020,15.2,,score (0–100)
cedefop-esi-editions,RO,Romania,2017,labour-market-participation,2020,28.4,,score (0–100)
cedefop-esi-editions,RO,Romania,2018,labour-market-participation,2020,28.4,,score (0–100)
cedefop-esi-editions,SE,Sweden,2016,labour-market-participation,2020,92.5,,score (0–100)
cedefop-esi-editions,SE,Sweden,2017,labour-market-participation,2020,92.6,,score (0–100)
cedefop-esi-editions,SE,Sweden,2018,labour-market-participation,2020,93.0,,score (0–100)
cedefop-esi-editions,SI,Slovenia,2016,labour-market-participation,2020,69.5,,score (0–100)
cedefop-esi-editions,SI,Slovenia,2017,labour-market-participation,2020,77.5,,score (0–100)
cedefop-esi-editions,SI,Slovenia,2018,labour-market-participation,2020,77.5,,score (0–100)
cedefop-esi-editions,SK,Slovakia,2016,labour-market-participation,2020,55.1,,score (0–100)
cedefop-esi-editions,SK,Slovakia,2017,labour-market-participation,2020,52.3,,score (0–100)
cedefop-esi-editions,SK,Slovakia,2018,labour-market-participation,2020,49.3,,score (0–100)
cedefop-esi-editions,UK,United Kingdom,2016,labour-market-participation,2020,78.5,,score (0–100)
cedefop-esi-editions,UK,United Kingdom,2017,labour-market-participation,2020,79.1,,score (0–100)
cedefop-esi-editions,UK,United Kingdom,2018,labour-market-participation,2020,80.8,,score (0–100)
cedefop-esi-editions,AT,Austria,2018,labour-market-participation,2022,69.0,,score (0–100)
cedefop-esi-editions,AT,Austria,2019,labour-market-participation,2022,72.0,,score (0–100)
cedefop-esi-editions,AT,Austria,2020,labour-market-participation,2022,70.0,,score (0–100)
cedefop-esi-editions,BE,Belgium,2018,labour-market-participation,2022,26.0,,score (0–100)
cedefop-esi-editions,BE,Belgium,2019,labour-market-participation,2022,27.0,,score (0–100)
cedefop-esi-editions,BE,Belgium,2020,labour-market-participation,2022,22.0,,score (0–100)
cedefop-esi-editions,BG,Bulgaria,2018,labour-market-participation,2022,15.0,,score (0–100)
cedefop-esi-editions,BG,Bulgaria,2019,labour-market-participation,2022,22.0,,score (0–100)
cedefop-esi-editions,BG,Bulgaria,2020,labour-market-participation,2022,16.0,,score (0–100)
cedefop-esi-editions,CH,Switzerland,2018,labour-market-participation,2022,85.0,,score (0–100)
cedefop-esi-editions,CH,Switzerland,2019,labour-market-participation,2022,84.0,,score (0–100)
cedefop-esi-editions,CH,Switzerland,2020,labour-market-participation,2022,82.0,,score (0–100)
cedefop-esi-editions,CY,Cyprus,2018,labour-market-participation,2022,56.0,,score (0–100)
cedefop-esi-editions,CY,Cyprus,2019,labour-market-participation,2022,57.0,,score (0–100)
cedefop-esi-editions,CY,Cyprus,2020,labour-market-participation,2022,56.0,,score (0–100)
cedefop-esi-editions,CZ,Czechia,2018,labour-market-participation,2022,47.0,,score (0–100)
cedefop-esi-editions,CZ,Czechia,2019,labour-market-participation,2022,46.0,,score (0–100)
cedefop-esi-editions,CZ,Czechia,2020,labour-market-participation,2022,41.0,,score (0–100)
cedefop-esi-editions,DE,Germany,2018,labour-market-participation,2022,63.0,,score (0–100)
cedefop-esi-editions,DE,Germany,2019,labour-market-participation,2022,65.0,,score (0–100)
cedefop-esi-editions,DE,Germany,2020,labour-market-participation,2022,66.0,,score (0–100)
cedefop-esi-editions,DK,Denmark,2018,labour-market-participation,2022,59.0,,score (0–100)
cedefop-esi-editions,DK,Denmark,2019,labour-market-participation,2022,62.0,,score (0–100)
cedefop-esi-editions,DK,Denmark,2020,labour-market-participation,2022,61.0,,score (0–100)
cedefop-esi-editions,EE,Estonia,2018,labour-market-participation,2022,71.0,,score (0–100)
cedefop-esi-editions,EE,Estonia,2019,labour-market-participation,2022,66.0,,score (0–100)
cedefop-esi-editions,EE,Estonia,2020,labour-market-participation,2022,67.0,,score (0–100)
cedefop-esi-editions,EL,Greece,2018,labour-market-participation,2022,21.0,,score (0–100)
cedefop-esi-editions,EL,Greece,2019,labour-market-participation,2022,21.0,,score (0–100)
cedefop-esi-editions,EL,Greece,2020,labour-market-participation,2022,15.0,,score (0–100)
cedefop-esi-editions,ES,Spain,2018,labour-market-participation,2022,42.0,,score (0–100)
cedefop-esi-editions,ES,Spain,2019,labour-market-participation,2022,42.0,,score (0–100)
cedefop-esi-editions,ES,Spain,2020,labour-market-participation,2022,32.0,,score (0–100)
cedefop-esi-editions,FI,Finland,2018,labour-market-participation,2022,64.0,,score (0–100)
cedefop-esi-editions,FI,Finland,2019,labour-market-participation,2022,64.0,,score (0–100)
cedefop-esi-editions,FI,Finland,2020,labour-market-participation,2022,62.0,,score (0–100)
cedefop-esi-editions,FR,France,2018,labour-market-participation,2022,55.0,,score (0–100)
cedefop-esi-editions,FR,France,2019,labour-market-participation,2022,52.0,,score (0–100)
cedefop-esi-editions,FR,France,2020,labour-market-participation,2022,48.0,,score (0–100)
cedefop-esi-editions,HR,Croatia,2018,labour-market-participation,2022,26.0,,score (0–100)
cedefop-esi-editions,HR,Croatia,2019,labour-market-participation,2022,27.0,,score (0–100)
cedefop-esi-editions,HR,Croatia,2020,labour-market-participation,2022,27.0,,score (0–100)
cedefop-esi-editions,HU,Hungary,2018,labour-market-participation,2022,41.0,,score (0–100)
cedefop-esi-editions,HU,Hungary,2019,labour-market-participation,2022,40.0,,score (0–100)
cedefop-esi-editions,HU,Hungary,2020,labour-market-participation,2022,38.0,,score (0–100)
cedefop-esi-editions,IE,Ireland,2018,labour-market-participation,2022,50.0,,score (0–100)
cedefop-esi-editions,IE,Ireland,2019,labour-market-participation,2022,52.0,,score (0–100)
cedefop-esi-editions,IE,Ireland,2020,labour-market-participation,2022,42.0,,score (0–100)
cedefop-esi-editions,IS,Iceland,2018,labour-market-participation,2022,87.0,,score (0–100)
cedefop-esi-editions,IS,Iceland,2019,labour-market-participation,2022,87.0,,score (0–100)
cedefop-esi-editions,IS,Iceland,2020,labour-market-participation,2022,80.0,,score (0–100)
cedefop-esi-editions,IT,Italy,2018,labour-market-participation,2022,5.0,,score (0–100)
cedefop-esi-editions,IT,Italy,2019,labour-market-participation,2022,5.0,,score (0–100)
cedefop-esi-editions,IT,Italy,2020,labour-market-participation,2022,1.0,,score (0–100)
cedefop-esi-editions,LT,Lithuania,2018,labour-market-participation,2022,58.0,,score (0–100)
cedefop-esi-editions,LT,Lithuania,2019,labour-market-participation,2022,61.0,,score (0–100)
cedefop-esi-editions,LT,Lithuania,2020,labour-market-participation,2022,61.0,,score (0–100)
cedefop-esi-editions,LU,Luxembourg,2018,labour-market-participation,2022,42.0,,score (0–100)
cedefop-esi-editions,LU,Luxembourg,2019,labour-market-participation,2022,44.0,,score (0–100)
cedefop-esi-editions,LU,Luxembourg,2020,labour-market-participation,2022,43.0,,score (0–100)
cedefop-esi-editions,LV,Latvia,2018,labour-market-participation,2022,65.0,,score (0–100)
cedefop-esi-editions,LV,Latvia,2019,labour-market-participation,2022,57.0,,score (0–100)
cedefop-esi-editions,LV,Latvia,2020,labour-market-participation,2022,63.0,,score (0–100)
cedefop-esi-editions,MT,Malta,2018,labour-market-participation,2022,65.0,,score (0–100)
cedefop-esi-editions,MT,Malta,2019,labour-market-participation,2022,71.0,,score (0–100)
cedefop-esi-editions,MT,Malta,2020,labour-market-participation,2022,71.0,,score (0–100)
cedefop-esi-editions,NL,Netherlands,2018,labour-market-participation,2022,66.0,,score (0–100)
cedefop-esi-editions,NL,Netherlands,2019,labour-market-participation,2022,69.0,,score (0–100)
cedefop-esi-editions,NL,Netherlands,2020,labour-market-participation,2022,68.0,,score (0–100)
cedefop-esi-editions,NO,Norway,2018,labour-market-participation,2022,60.0,,score (0–100)
cedefop-esi-editions,NO,Norway,2019,labour-market-participation,2022,59.0,,score (0–100)
cedefop-esi-editions,NO,Norway,2020,labour-market-participation,2022,59.0,,score (0–100)
cedefop-esi-editions,PL,Poland,2018,labour-market-participation,2022,43.0,,score (0–100)
cedefop-esi-editions,PL,Poland,2019,labour-market-participation,2022,44.0,,score (0–100)
cedefop-esi-editions,PL,Poland,2020,labour-market-participation,2022,39.0,,score (0–100)
cedefop-esi-editions,PT,Portugal,2018,labour-market-participation,2022,56.0,,score (0–100)
cedefop-esi-editions,PT,Portugal,2019,labour-market-participation,2022,57.0,,score (0–100)
cedefop-esi-editions,PT,Portugal,2020,labour-market-participation,2022,47.0,,score (0–100)
cedefop-esi-editions,RO,Romania,2018,labour-market-participation,2022,22.0,,score (0–100)
cedefop-esi-editions,RO,Romania,2019,labour-market-participation,2022,24.0,,score (0–100)
cedefop-esi-editions,RO,Romania,2020,labour-market-participation,2022,26.0,,score (0–100)
cedefop-esi-editions,SE,Sweden,2018,labour-market-participation,2022,77.0,,score (0–100)
cedefop-esi-editions,SE,Sweden,2019,labour-market-participation,2022,77.0,,score (0–100)
cedefop-esi-editions,SE,Sweden,2020,labour-market-participation,2022,75.0,,score (0–100)
cedefop-esi-editions,SI,Slovenia,2018,labour-market-participation,2022,66.0,,score (0–100)
cedefop-esi-editions,SI,Slovenia,2019,labour-market-participation,2022,65.0,,score (0–100)
cedefop-esi-editions,SI,Slovenia,2020,labour-market-participation,2022,57.0,,score (0–100)
cedefop-esi-editions,SK,Slovakia,2018,labour-market-participation,2022,38.0,,score (0–100)
cedefop-esi-editions,SK,Slovakia,2019,labour-market-participation,2022,34.0,,score (0–100)
cedefop-esi-editions,SK,Slovakia,2020,labour-market-participation,2022,30.0,,score (0–100)
cedefop-esi-editions,UK,United Kingdom,2018,labour-market-participation,2022,62.0,,score (0–100)
cedefop-esi-editions,UK,United Kingdom,2019,labour-market-participation,2022,64.0,,score (0–100)
cedefop-esi-editions,UK,United Kingdom,2020,labour-market-participation,2022,68.0,,score (0–100)
cedefop-esi-editions,AT,Austria,2014,skills-activation,2018,81.8086,,score (0–100)
cedefop-esi-editions,AT,Austria,2015,skills-activation,2018,81.2586,,score (0–100)
cedefop-esi-editions,AT,Austria,2016,skills-activation,2018,83.0243,,score (0–100)
cedefop-esi-editions,BE,Belgium,2014,skills-activation,2018,47.977,,score (0–100)
cedefop-esi-editions,BE,Belgium,2015,skills-activation,2018,44.9243,,score (0–100)
cedefop-esi-editions,BE,Belgium,2016,skills-activation,2018,48.9039,,score (0–100)
cedefop-esi-editions,BG,Bulgaria,2014,skills-activation,2018,13.9921,,score (0–100)
cedefop-esi-editions,BG,Bulgaria,2015,skills-activation,2018,16.7316,,score (0–100)
cedefop-esi-editions,BG,Bulgaria,2016,skills-activation,2018,11.375,,score (0–100)
cedefop-esi-editions,CY,Cyprus,2014,skills-activation,2018,76.5849,,score (0–100)
cedefop-esi-editions,CY,Cyprus,2015,skills-activation,2018,72.1434,,score (0–100)
cedefop-esi-editions,CY,Cyprus,2016,skills-activation,2018,66.3079,,score (0–100)
cedefop-esi-editions,CZ,Czechia,2014,skills-activation,2018,68.652,,score (0–100)
cedefop-esi-editions,CZ,Czechia,2015,skills-activation,2018,65.9105,,score (0–100)
cedefop-esi-editions,CZ,Czechia,2016,skills-activation,2018,69.2461,,score (0–100)
cedefop-esi-editions,DE,Germany,2014,skills-activation,2018,71.7664,,score (0–100)
cedefop-esi-editions,DE,Germany,2015,skills-activation,2018,70.2092,,score (0–100)
cedefop-esi-editions,DE,Germany,2016,skills-activation,2018,69.1493,,score (0–100)
cedefop-esi-editions,DK,Denmark,2014,skills-activation,2018,74.7197,,score (0–100)
cedefop-esi-editions,DK,Denmark,2015,skills-activation,2018,74.9336,,score (0–100)
cedefop-esi-editions,DK,Denmark,2016,skills-activation,2018,77.7783,,score (0–100)
cedefop-esi-editions,EE,Estonia,2014,skills-activation,2018,63.5908,,score (0–100)
cedefop-esi-editions,EE,Estonia,2015,skills-activation,2018,66.3276,,score (0–100)
cedefop-esi-editions,EE,Estonia,2016,skills-activation,2018,71.1658,,score (0–100)
cedefop-esi-editions,EL,Greece,2014,skills-activation,2018,34.9803,,score (0–100)
cedefop-esi-editions,EL,Greece,2015,skills-activation,2018,40.6809,,score (0–100)
cedefop-esi-editions,EL,Greece,2016,skills-activation,2018,43.1349,,score (0–100)
cedefop-esi-editions,ES,Spain,2014,skills-activation,2018,33.748,,score (0–100)
cedefop-esi-editions,ES,Spain,2015,skills-activation,2018,33.3118,,score (0–100)
cedefop-esi-editions,ES,Spain,2016,skills-activation,2018,33.1776,,score (0–100)
cedefop-esi-editions,FI,Finland,2014,skills-activation,2018,63.1678,,score (0–100)
cedefop-esi-editions,FI,Finland,2015,skills-activation,2018,62.8684,,score (0–100)
cedefop-esi-editions,FI,Finland,2016,skills-activation,2018,66.4395,,score (0–100)
cedefop-esi-editions,FR,France,2014,skills-activation,2018,58.8151,,score (0–100)
cedefop-esi-editions,FR,France,2015,skills-activation,2018,56.571,,score (0–100)
cedefop-esi-editions,FR,France,2016,skills-activation,2018,57.977,,score (0–100)
cedefop-esi-editions,HR,Croatia,2014,skills-activation,2018,55.0263,,score (0–100)
cedefop-esi-editions,HR,Croatia,2015,skills-activation,2018,55.4428,,score (0–100)
cedefop-esi-editions,HR,Croatia,2016,skills-activation,2018,57.7039,,score (0–100)
cedefop-esi-editions,HU,Hungary,2014,skills-activation,2018,40.0757,,score (0–100)
cedefop-esi-editions,HU,Hungary,2015,skills-activation,2018,45.0875,,score (0–100)
cedefop-esi-editions,HU,Hungary,2016,skills-activation,2018,47.6316,,score (0–100)
cedefop-esi-editions,IE,Ireland,2014,skills-activation,2018,46.1566,,score (0–100)
cedefop-esi-editions,IE,Ireland,2015,skills-activation,2018,46.6553,,score (0–100)
cedefop-esi-editions,IE,Ireland,2016,skills-activation,2018,53.9013,,score (0–100)
cedefop-esi-editions,IT,Italy,2014,skills-activation,2018,3.6184,,score (0–100)
cedefop-esi-editions,IT,Italy,2015,skills-activation,2018,2.6974,,score (0–100)
cedefop-esi-editions,IT,Italy,2016,skills-activation,2018,6.2434,,score (0–100)
cedefop-esi-editions,LT,Lithuania,2014,skills-activation,2018,74.4533,,score (0–100)
cedefop-esi-editions,LT,Lithuania,2015,skills-activation,2018,74.6559,,score (0–100)
cedefop-esi-editions,LT,Lithuania,2016,skills-activation,2018,76.2783,,score (0–100)
cedefop-esi-editions,LU,Luxembourg,2014,skills-activation,2018,66.1322,,score (0–100)
cedefop-esi-editions,LU,Luxembourg,2015,skills-activation,2018,65.8447,,score (0–100)
cedefop-esi-editions,LU,Luxembourg,2016,skills-activation,2018,66.0316,,score (0–100)
cedefop-esi-editions,LV,Latvia,2014,skills-activation,2018,66.0789,,score (0–100)
cedefop-esi-editions,LV,Latvia,2015,skills-activation,2018,71.5632,,score (0–100)
cedefop-esi-editions,LV,Latvia,2016,skills-activation,2018,65.0316,,score (0–100)
cedefop-esi-editions,MT,Malta,2014,skills-activation,2018,54.5132,,score (0–100)
cedefop-esi-editions,MT,Malta,2015,skills-activation,2018,56.4901,,score (0–100)
cedefop-esi-editions,MT,Malta,2016,skills-activation,2018,61.9868,,score (0–100)
cedefop-esi-editions,NL,Netherlands,2014,skills-activation,2018,80.2362,,score (0–100)
cedefop-esi-editions,NL,Netherlands,2015,skills-activation,2018,83.7,,score (0–100)
cedefop-esi-editions,NL,Netherlands,2016,skills-activation,2018,83.2546,,score (0–100)
cedefop-esi-editions,PL,Poland,2014,skills-activation,2018,60.271,,score (0–100)
cedefop-esi-editions,PL,Poland,2015,skills-activation,2018,60.5283,,score (0–100)
cedefop-esi-editions,PL,Poland,2016,skills-activation,2018,63.1605,,score (0–100)
cedefop-esi-editions,PT,Portugal,2014,skills-activation,2018,45.9592,,score (0–100)
cedefop-esi-editions,PT,Portugal,2015,skills-activation,2018,55.7559,,score (0–100)
cedefop-esi-editions,PT,Portugal,2016,skills-activation,2018,56.4283,,score (0–100)
cedefop-esi-editions,RO,Romania,2014,skills-activation,2018,18.1013,,score (0–100)
cedefop-esi-editions,RO,Romania,2015,skills-activation,2018,18.5276,,score (0–100)
cedefop-esi-editions,RO,Romania,2016,skills-activation,2018,13.8164,,score (0–100)
cedefop-esi-editions,SE,Sweden,2014,skills-activation,2018,87.3158,,score (0–100)
cedefop-esi-editions,SE,Sweden,2015,skills-activation,2018,87.8276,,score (0–100)
cedefop-esi-editions,SE,Sweden,2016,skills-activation,2018,87.45,,score (0–100)
cedefop-esi-editions,SI,Slovenia,2014,skills-activation,2018,68.5013,,score (0–100)
cedefop-esi-editions,SI,Slovenia,2015,skills-activation,2018,69.3158,,score (0–100)
cedefop-esi-editions,SI,Slovenia,2016,skills-activation,2018,72.6243,,score (0–100)
cedefop-esi-editions,SK,Slovakia,2014,skills-activation,2018,54.1079,,score (0–100)
cedefop-esi-editions,SK,Slovakia,2015,skills-activation,2018,54.2164,,score (0–100)
cedefop-esi-editions,SK,Slovakia,2016,skills-activation,2018,56.9026,,score (0–100)
cedefop-esi-editions,UK,United Kingdom,2014,skills-activation,2018,66.1901,,score (0–100)
cedefop-esi-editions,UK,United Kingdom,2015,skills-activation,2018,70.5224,,score (0–100)
cedefop-esi-editions,UK,United Kingdom,2016,skills-activation,2018,70.8507,,score (0–100)
cedefop-esi-editions,AT,Austria,2016,skills-activation,2020,83.0,,score (0–100)
cedefop-esi-editions,AT,Austria,2017,skills-activation,2020,83.5,,score (0–100)
cedefop-esi-editions,AT,Austria,2018,skills-activation,2020,85.0,,score (0–100)
cedefop-esi-editions,BE,Belgium,2016,skills-activation,2020,48.9,,score (0–100)
cedefop-esi-editions,BE,Belgium,2017,skills-activation,2020,48.6,,score (0–100)
cedefop-esi-editions,BE,Belgium,2018,skills-activation,2020,51.7,,score (0–100)
cedefop-esi-editions,BG,Bulgaria,2016,skills-activation,2020,11.4,,score (0–100)
cedefop-esi-editions,BG,Bulgaria,2017,skills-activation,2020,26.6,,score (0–100)
cedefop-esi-editions,BG,Bulgaria,2018,skills-activation,2020,26.3,,score (0–100)
cedefop-esi-editions,CH,Switzerland,2016,skills-activation,2020,95.6,,score (0–100)
cedefop-esi-editions,CH,Switzerland,2017,skills-activation,2020,95.8,,score (0–100)
cedefop-esi-editions,CH,Switzerland,2018,skills-activation,2020,97.1,,score (0–100)
cedefop-esi-editions,CY,Cyprus,2016,skills-activation,2020,66.3,,score (0–100)
cedefop-esi-editions,CY,Cyprus,2017,skills-activation,2020,62.8,,score (0–100)
cedefop-esi-editions,CY,Cyprus,2018,skills-activation,2020,71.2,,score (0–100)
cedefop-esi-editions,CZ,Czechia,2016,skills-activation,2020,69.2,,score (0–100)
cedefop-esi-editions,CZ,Czechia,2017,skills-activation,2020,73.0,,score (0–100)
cedefop-esi-editions,CZ,Czechia,2018,skills-activation,2020,74.3,,score (0–100)
cedefop-esi-editions,DE,Germany,2016,skills-activation,2020,69.1,,score (0–100)
cedefop-esi-editions,DE,Germany,2017,skills-activation,2020,71.2,,score (0–100)
cedefop-esi-editions,DE,Germany,2018,skills-activation,2020,74.1,,score (0–100)
cedefop-esi-editions,DK,Denmark,2016,skills-activation,2020,77.8,,score (0–100)
cedefop-esi-editions,DK,Denmark,2017,skills-activation,2020,70.2,,score (0–100)
cedefop-esi-editions,DK,Denmark,2018,skills-activation,2020,72.6,,score (0–100)
cedefop-esi-editions,EE,Estonia,2016,skills-activation,2020,71.2,,score (0–100)
cedefop-esi-editions,EE,Estonia,2017,skills-activation,2020,80.2,,score (0–100)
cedefop-esi-editions,EE,Estonia,2018,skills-activation,2020,79.4,,score (0–100)
cedefop-esi-editions,EL,Greece,2016,skills-activation,2020,43.1,,score (0–100)
cedefop-esi-editions,EL,Greece,2017,skills-activation,2020,42.9,,score (0–100)
cedefop-esi-editions,EL,Greece,2018,skills-activation,2020,45.0,,score (0–100)
cedefop-esi-editions,ES,Spain,2016,skills-activation,2020,33.2,,score (0–100)
cedefop-esi-editions,ES,Spain,2017,skills-activation,2020,34.0,,score (0–100)
cedefop-esi-editions,ES,Spain,2018,skills-activation,2020,37.0,,score (0–100)
cedefop-esi-editions,FI,Finland,2016,skills-activation,2020,66.4,,score (0–100)
cedefop-esi-editions,FI,Finland,2017,skills-activation,2020,68.3,,score (0–100)
cedefop-esi-editions,FI,Finland,2018,skills-activation,2020,72.8,,score (0–100)
cedefop-esi-editions,FR,France,2016,skills-activation,2020,58.0,,score (0–100)
cedefop-esi-editions,FR,France,2017,skills-activation,2020,58.6,,score (0–100)
cedefop-esi-editions,FR,France,2018,skills-activation,2020,63.0,,score (0–100)
cedefop-esi-editions,HR,Croatia,2016,skills-activation,2020,57.7,,score (0–100)
cedefop-esi-editions,HR,Croatia,2017,skills-activation,2020,57.4,,score (0–100)
cedefop-esi-editions,HR,Croatia,2018,skills-activation,2020,55.3,,score (0–100)
cedefop-esi-editions,HU,Hungary,2016,skills-activation,2020,47.6,,score (0–100)
cedefop-esi-editions,HU,Hungary,2017,skills-activation,2020,50.4,,score (0–100)
cedefop-esi-editions,HU,Hungary,2018,skills-activation,2020,51.5,,score (0–100)
cedefop-esi-editions,IE,Ireland,2016,skills-activation,2020,67.5,,score (0–100)
cedefop-esi-editions,IE,Ireland,2017,skills-activation,2020,67.5,,score (0–100)
cedefop-esi-editions,IE,Ireland,2018,skills-activation,2020,68.0,,score (0–100)
cedefop-esi-editions,IS,Iceland,2016,skills-activation,2020,95.9,,score (0–100)
cedefop-esi-editions,IS,Iceland,2017,skills-activation,2020,95.6,,score (0–100)
cedefop-esi-editions,IS,Iceland,2018,skills-activation,2020,91.0,,score (0–100)
cedefop-esi-editions,IT,Italy,2016,skills-activation,2020,6.2,,score (0–100)
cedefop-esi-editions,IT,Italy,2017,skills-activation,2020,4.7,,score (0–100)
cedefop-esi-editions,IT,Italy,2018,skills-activation,2020,5.1,,score (0–100)
cedefop-esi-editions,LT,Lithuania,2016,skills-activation,2020,76.3,,score (0–100)
cedefop-esi-editions,LT,Lithuania,2017,skills-activation,2020,75.4,,score (0–100)
cedefop-esi-editions,LT,Lithuania,2018,skills-activation,2020,81.9,,score (0–100)
cedefop-esi-editions,LU,Luxembourg,2016,skills-activation,2020,66.0,,score (0–100)
cedefop-esi-editions,LU,Luxembourg,2017,skills-activation,2020,67.2,,score (0–100)
cedefop-esi-editions,LU,Luxembourg,2018,skills-activation,2020,71.8,,score (0–100)
cedefop-esi-editions,LV,Latvia,2016,skills-activation,2020,65.0,,score (0–100)
cedefop-esi-editions,LV,Latvia,2017,skills-activation,2020,74.2,,score (0–100)
cedefop-esi-editions,LV,Latvia,2018,skills-activation,2020,81.1,,score (0–100)
cedefop-esi-editions,MT,Malta,2016,skills-activation,2020,64.6,,score (0–100)
cedefop-esi-editions,MT,Malta,2017,skills-activation,2020,69.2,,score (0–100)
cedefop-esi-editions,MT,Malta,2018,skills-activation,2020,77.7,,score (0–100)
cedefop-esi-editions,NL,Netherlands,2016,skills-activation,2020,83.3,,score (0–100)
cedefop-esi-editions,NL,Netherlands,2017,skills-activation,2020,85.0,,score (0–100)
cedefop-esi-editions,NL,Netherlands,2018,skills-activation,2020,85.6,,score (0–100)
cedefop-esi-editions,NO,Norway,2016,skills-activation,2020,76.1,,score (0–100)
cedefop-esi-editions,NO,Norway,2017,skills-activation,2020,75.8,,score (0–100)
cedefop-esi-editions,NO,Norway,2018,skills-activation,2020,78.9,,score (0–100)
cedefop-esi-editions,PL,Poland,2016,skills-activation,2020,63.2,,score (0–100)
cedefop-esi-editions,PL,Poland,2017,skills-activation,2020,66.0,,score (0–100)
cedefop-esi-editions,PL,Poland,2018,skills-activation,2020,68.3,,score (0–100)
cedefop-esi-editions,PT,Portugal,2016,skills-activation,2020,56.4,,score (0–100)
cedefop-esi-editions,PT,Portugal,2017,skills-activation,2020,67.2,,score (0–100)
cedefop-esi-editions,PT,Portugal,2018,skills-activation,2020,72.1,,score (0–100)
cedefop-esi-editions,RO,Romania,2016,skills-activation,2020,13.8,,score (0–100)
cedefop-esi-editions,RO,Romania,2017,skills-activation,2020,27.8,,score (0–100)
cedefop-esi-editions,RO,Romania,2018,skills-activation,2020,31.3,,score (0–100)
cedefop-esi-editions,SE,Sweden,2016,skills-activation,2020,87.5,,score (0–100)
cedefop-esi-editions,SE,Sweden,2017,skills-activation,2020,87.7,,score (0–100)
cedefop-esi-editions,SE,Sweden,2018,skills-activation,2020,87.1,,score (0–100)
cedefop-esi-editions,SI,Slovenia,2016,skills-activation,2020,72.6,,score (0–100)
cedefop-esi-editions,SI,Slovenia,2017,skills-activation,2020,82.4,,score (0–100)
cedefop-esi-editions,SI,Slovenia,2018,skills-activation,2020,82.9,,score (0–100)
cedefop-esi-editions,SK,Slovakia,2016,skills-activation,2020,56.9,,score (0–100)
cedefop-esi-editions,SK,Slovakia,2017,skills-activation,2020,50.5,,score (0–100)
cedefop-esi-editions,SK,Slovakia,2018,skills-activation,2020,52.4,,score (0–100)
cedefop-esi-editions,UK,United Kingdom,2016,skills-activation,2020,70.9,,score (0–100)
cedefop-esi-editions,UK,United Kingdom,2017,skills-activation,2020,74.1,,score (0–100)
cedefop-esi-editions,UK,United Kingdom,2018,skills-activation,2020,75.9,,score (0–100)
cedefop-esi-editions,AT,Austria,2018,skills-activation,2022,72.0,,score (0–100)
cedefop-esi-editions,AT,Austria,2019,skills-activation,2022,72.0,,score (0–100)
cedefop-esi-editions,AT,Austria,2020,skills-activation,2022,68.0,,score (0–100)
cedefop-esi-editions,BE,Belgium,2018,skills-activation,2022,42.0,,score (0–100)
cedefop-esi-editions,BE,Belgium,2019,skills-activation,2022,41.0,,score (0–100)
cedefop-esi-editions,BE,Belgium,2020,skills-activation,2022,39.0,,score (0–100)
cedefop-esi-editions,BG,Bulgaria,2018,skills-activation,2022,18.0,,score (0–100)
cedefop-esi-editions,BG,Bulgaria,2019,skills-activation,2022,22.0,,score (0–100)
cedefop-esi-editions,BG,Bulgaria,2020,skills-activation,2022,18.0,,score (0–100)
cedefop-esi-editions,CH,Switzerland,2018,skills-activation,2022,84.0,,score (0–100)
cedefop-esi-editions,CH,Switzerland,2019,skills-activation,2022,83.0,,score (0–100)
cedefop-esi-editions,CH,Switzerland,2020,skills-activation,2022,84.0,,score (0–100)
cedefop-esi-editions,CY,Cyprus,2018,skills-activation,2022,57.0,,score (0–100)
cedefop-esi-editions,CY,Cyprus,2019,skills-activation,2022,57.0,,score (0–100)
cedefop-esi-editions,CY,Cyprus,2020,skills-activation,2022,53.0,,score (0–100)
cedefop-esi-editions,CZ,Czechia,2018,skills-activation,2022,62.0,,score (0–100)
cedefop-esi-editions,CZ,Czechia,2019,skills-activation,2022,59.0,,score (0–100)
cedefop-esi-editions,CZ,Czechia,2020,skills-activation,2022,54.0,,score (0–100)
cedefop-esi-editions,DE,Germany,2018,skills-activation,2022,64.0,,score (0–100)
cedefop-esi-editions,DE,Germany,2019,skills-activation,2022,67.0,,score (0–100)
cedefop-esi-editions,DE,Germany,2020,skills-activation,2022,65.0,,score (0–100)
cedefop-esi-editions,DK,Denmark,2018,skills-activation,2022,58.0,,score (0–100)
cedefop-esi-editions,DK,Denmark,2019,skills-activation,2022,59.0,,score (0–100)
cedefop-esi-editions,DK,Denmark,2020,skills-activation,2022,60.0,,score (0–100)
cedefop-esi-editions,EE,Estonia,2018,skills-activation,2022,65.0,,score (0–100)
cedefop-esi-editions,EE,Estonia,2019,skills-activation,2022,65.0,,score (0–100)
cedefop-esi-editions,EE,Estonia,2020,skills-activation,2022,63.0,,score (0–100)
cedefop-esi-editions,EL,Greece,2018,skills-activation,2022,33.0,,score (0–100)
cedefop-esi-editions,EL,Greece,2019,skills-activation,2022,34.0,,score (0–100)
cedefop-esi-editions,EL,Greece,2020,skills-activation,2022,32.0,,score (0–100)
cedefop-esi-editions,ES,Spain,2018,skills-activation,2022,28.0,,score (0–100)
cedefop-esi-editions,ES,Spain,2019,skills-activation,2022,28.0,,score (0–100)
cedefop-esi-editions,ES,Spain,2020,skills-activation,2022,19.0,,score (0–100)
cedefop-esi-editions,FI,Finland,2018,skills-activation,2022,59.0,,score (0–100)
cedefop-esi-editions,FI,Finland,2019,skills-activation,2022,63.0,,score (0–100)
cedefop-esi-editions,FI,Finland,2020,skills-activation,2022,58.0,,score (0–100)
cedefop-esi-editions,FR,France,2018,skills-activation,2022,49.0,,score (0–100)
cedefop-esi-editions,FR,France,2019,skills-activation,2022,47.0,,score (0–100)
cedefop-esi-editions,FR,France,2020,skills-activation,2022,45.0,,score (0–100)
cedefop-esi-editions,HR,Croatia,2018,skills-activation,2022,42.0,,score (0–100)
cedefop-esi-editions,HR,Croatia,2019,skills-activation,2022,46.0,,score (0–100)
cedefop-esi-editions,HR,Croatia,2020,skills-activation,2022,48.0,,score (0–100)
cedefop-esi-editions,HU,Hungary,2018,skills-activation,2022,42.0,,score (0–100)
cedefop-esi-editions,HU,Hungary,2019,skills-activation,2022,43.0,,score (0–100)
cedefop-esi-editions,HU,Hungary,2020,skills-activation,2022,39.0,,score (0–100)
cedefop-esi-editions,IE,Ireland,2018,skills-activation,2022,58.0,,score (0–100)
cedefop-esi-editions,IE,Ireland,2019,skills-activation,2022,59.0,,score (0–100)
cedefop-esi-editions,IE,Ireland,2020,skills-activation,2022,51.0,,score (0–100)
cedefop-esi-editions,IS,Iceland,2018,skills-activation,2022,82.0,,score (0–100)
cedefop-esi-editions,IS,Iceland,2019,skills-activation,2022,81.0,,score (0–100)
cedefop-esi-editions,IS,Iceland,2020,skills-activation,2022,73.0,,score (0–100)
cedefop-esi-editions,IT,Italy,2018,skills-activation,2022,3.0,,score (0–100)
cedefop-esi-editions,IT,Italy,2019,skills-activation,2022,4.0,,score (0–100)
cedefop-esi-editions,IT,Italy,2020,skills-activation,2022,2.0,,score (0–100)
cedefop-esi-editions,LT,Lithuania,2018,skills-activation,2022,67.0,,score (0–100)
cedefop-esi-editions,LT,Lithuania,2019,skills-activation,2022,65.0,,score (0–100)
cedefop-esi-editions,LT,Lithuania,2020,skills-activation,2022,58.0,,score (0–100)
cedefop-esi-editions,LU,Luxembourg,2018,skills-activation,2022,59.0,,score (0–100)
cedefop-esi-editions,LU,Luxembourg,2019,skills-activation,2022,59.0,,score (0–100)
cedefop-esi-editions,LU,Luxembourg,2020,skills-activation,2022,51.0,,score (0–100)
cedefop-esi-editions,LV,Latvia,2018,skills-activation,2022,67.0,,score (0–100)
cedefop-esi-editions,LV,Latvia,2019,skills-activation,2022,61.0,,score (0–100)
cedefop-esi-editions,LV,Latvia,2020,skills-activation,2022,63.0,,score (0–100)
cedefop-esi-editions,MT,Malta,2018,skills-activation,2022,71.0,,score (0–100)
cedefop-esi-editions,MT,Malta,2019,skills-activation,2022,69.0,,score (0–100)
cedefop-esi-editions,MT,Malta,2020,skills-activation,2022,67.0,,score (0–100)
cedefop-esi-editions,NL,Netherlands,2018,skills-activation,2022,74.0,,score (0–100)
cedefop-esi-editions,NL,Netherlands,2019,skills-activation,2022,75.0,,score (0–100)
cedefop-esi-editions,NL,Netherlands,2020,skills-activation,2022,73.0,,score (0–100)
cedefop-esi-editions,NO,Norway,2018,skills-activation,2022,69.0,,score (0–100)
cedefop-esi-editions,NO,Norway,2019,skills-activation,2022,67.0,,score (0–100)
cedefop-esi-editions,NO,Norway,2020,skills-activation,2022,68.0,,score (0–100)
cedefop-esi-editions,PL,Poland,2018,skills-activation,2022,57.0,,score (0–100)
cedefop-esi-editions,PL,Poland,2019,skills-activation,2022,59.0,,score (0–100)
cedefop-esi-editions,PL,Poland,2020,skills-activation,2022,53.0,,score (0–100)
cedefop-esi-editions,PT,Portugal,2018,skills-activation,2022,57.0,,score (0–100)
cedefop-esi-editions,PT,Portugal,2019,skills-activation,2022,58.0,,score (0–100)
cedefop-esi-editions,PT,Portugal,2020,skills-activation,2022,50.0,,score (0–100)
cedefop-esi-editions,RO,Romania,2018,skills-activation,2022,23.0,,score (0–100)
cedefop-esi-editions,RO,Romania,2019,skills-activation,2022,24.0,,score (0–100)
cedefop-esi-editions,RO,Romania,2020,skills-activation,2022,25.0,,score (0–100)
cedefop-esi-editions,SE,Sweden,2018,skills-activation,2022,76.0,,score (0–100)
cedefop-esi-editions,SE,Sweden,2019,skills-activation,2022,77.0,,score (0–100)
cedefop-esi-editions,SE,Sweden,2020,skills-activation,2022,72.0,,score (0–100)
cedefop-esi-editions,SI,Slovenia,2018,skills-activation,2022,71.0,,score (0–100)
cedefop-esi-editions,SI,Slovenia,2019,skills-activation,2022,70.0,,score (0–100)
cedefop-esi-editions,SI,Slovenia,2020,skills-activation,2022,65.0,,score (0–100)
cedefop-esi-editions,SK,Slovakia,2018,skills-activation,2022,42.0,,score (0–100)
cedefop-esi-editions,SK,Slovakia,2019,skills-activation,2022,39.0,,score (0–100)
cedefop-esi-editions,SK,Slovakia,2020,skills-activation,2022,38.0,,score (0–100)
cedefop-esi-editions,UK,United Kingdom,2018,skills-activation,2022,62.0,,score (0–100)
cedefop-esi-editions,UK,United Kingdom,2019,skills-activation,2022,61.0,,score (0–100)
cedefop-esi-editions,UK,United Kingdom,2020,skills-activation,2022,62.0,,score (0–100)
cedefop-esi-editions,AT,Austria,2014,skills-development,2018,66.0478,,score (0–100)
cedefop-esi-editions,AT,Austria,2015,skills-development,2018,66.3051,,score (0–100)
cedefop-esi-editions,AT,Austria,2016,skills-development,2018,66.6252,,score (0–100)
cedefop-esi-editions,BE,Belgium,2014,skills-development,2018,51.7427,,score (0–100)
cedefop-esi-editions,BE,Belgium,2015,skills-development,2018,51.6762,,score (0–100)
cedefop-esi-editions,BE,Belgium,2016,skills-development,2018,51.9154,,score (0–100)
cedefop-esi-editions,BG,Bulgaria,2014,skills-development,2018,37.6991,,score (0–100)
cedefop-esi-editions,BG,Bulgaria,2015,skills-development,2018,37.6262,,score (0–100)
cedefop-esi-editions,BG,Bulgaria,2016,skills-development,2018,37.9922,,score (0–100)
cedefop-esi-editions,CY,Cyprus,2014,skills-development,2018,28.2952,,score (0–100)
cedefop-esi-editions,CY,Cyprus,2015,skills-development,2018,31.2367,,score (0–100)
cedefop-esi-editions,CY,Cyprus,2016,skills-development,2018,31.7851,,score (0–100)
cedefop-esi-editions,CZ,Czechia,2014,skills-development,2018,64.4758,,score (0–100)
cedefop-esi-editions,CZ,Czechia,2015,skills-development,2018,63.5591,,score (0–100)
cedefop-esi-editions,CZ,Czechia,2016,skills-development,2018,63.7143,,score (0–100)
cedefop-esi-editions,DE,Germany,2014,skills-development,2018,62.7822,,score (0–100)
cedefop-esi-editions,DE,Germany,2015,skills-development,2018,62.6133,,score (0–100)
cedefop-esi-editions,DE,Germany,2016,skills-development,2018,62.6856,,score (0–100)
cedefop-esi-editions,DK,Denmark,2014,skills-development,2018,72.5647,,score (0–100)
cedefop-esi-editions,DK,Denmark,2015,skills-development,2018,73.34,,score (0–100)
cedefop-esi-editions,DK,Denmark,2016,skills-development,2018,71.7513,,score (0–100)
cedefop-esi-editions,EE,Estonia,2014,skills-development,2018,69.1867,,score (0–100)
cedefop-esi-editions,EE,Estonia,2015,skills-development,2018,70.1643,,score (0–100)
cedefop-esi-editions,EE,Estonia,2016,skills-development,2018,72.0962,,score (0–100)
cedefop-esi-editions,EL,Greece,2014,skills-development,2018,40.0185,,score (0–100)
cedefop-esi-editions,EL,Greece,2015,skills-development,2018,40.2507,,score (0–100)
cedefop-esi-editions,EL,Greece,2016,skills-development,2018,41.1753,,score (0–100)
cedefop-esi-editions,ES,Spain,2014,skills-development,2018,42.5934,,score (0–100)
cedefop-esi-editions,ES,Spain,2015,skills-development,2018,43.4382,,score (0–100)
cedefop-esi-editions,ES,Spain,2016,skills-development,2018,43.4093,,score (0–100)
cedefop-esi-editions,FI,Finland,2014,skills-development,2018,87.1805,,score (0–100)
cedefop-esi-editions,FI,Finland,2015,skills-development,2018,87.5223,,score (0–100)
cedefop-esi-editions,FI,Finland,2016,skills-development,2018,88.5146,,score (0–100)
cedefop-esi-editions,FR,France,2014,skills-development,2018,48.6084,,score (0–100)
cedefop-esi-editions,FR,France,2015,skills-development,2018,48.7114,,score (0–100)
cedefop-esi-editions,FR,France,2016,skills-development,2018,49.0024,,score (0–100)
cedefop-esi-editions,HR,Croatia,2014,skills-development,2018,54.0388,,score (0–100)
cedefop-esi-editions,HR,Croatia,2015,skills-development,2018,53.9311,,score (0–100)
cedefop-esi-editions,HR,Croatia,2016,skills-development,2018,53.8044,,score (0–100)
cedefop-esi-editions,HU,Hungary,2014,skills-development,2018,41.4178,,score (0–100)
cedefop-esi-editions,HU,Hungary,2015,skills-development,2018,42.8145,,score (0–100)
cedefop-esi-editions,HU,Hungary,2016,skills-development,2018,42.0786,,score (0–100)
cedefop-esi-editions,IE,Ireland,2014,skills-development,2018,47.7718,,score (0–100)
cedefop-esi-editions,IE,Ireland,2015,skills-development,2018,47.3631,,score (0–100)
cedefop-esi-editions,IE,Ireland,2016,skills-development,2018,47.4988,,score (0–100)
cedefop-esi-editions,IT,Italy,2014,skills-development,2018,46.5816,,score (0–100)
cedefop-esi-editions,IT,Italy,2015,skills-development,2018,46.0957,,score (0–100)
cedefop-esi-editions,IT,Italy,2016,skills-development,2018,46.7254,,score (0–100)
cedefop-esi-editions,LT,Lithuania,2014,skills-development,2018,53.4068,,score (0–100)
cedefop-esi-editions,LT,Lithuania,2015,skills-development,2018,53.1932,,score (0–100)
cedefop-esi-editions,LT,Lithuania,2016,skills-development,2018,54.1794,,score (0–100)
cedefop-esi-editions,LU,Luxembourg,2014,skills-development,2018,67.1507,,score (0–100)
cedefop-esi-editions,LU,Luxembourg,2015,skills-development,2018,67.3722,,score (0–100)
cedefop-esi-editions,LU,Luxembourg,2016,skills-development,2018,67.539,,score (0–100)
cedefop-esi-editions,LV,Latvia,2014,skills-development,2018,55.9238,,score (0–100)
cedefop-esi-editions,LV,Latvia,2015,skills-development,2018,56.6769,,score (0–100)
cedefop-esi-editions,LV,Latvia,2016,skills-development,2018,57.767,,score (0–100)
cedefop-esi-editions,MT,Malta,2014,skills-development,2018,27.1995,,score (0–100)
cedefop-esi-editions,MT,Malta,2015,skills-development,2018,27.9576,,score (0–100)
cedefop-esi-editions,MT,Malta,2016,skills-development,2018,28.7377,,score (0–100)
cedefop-esi-editions,NL,Netherlands,2014,skills-development,2018,60.8064,,score (0–100)
cedefop-esi-editions,NL,Netherlands,2015,skills-development,2018,61.1954,,score (0–100)
cedefop-esi-editions,NL,Netherlands,2016,skills-development,2018,61.0812,,score (0–100)
cedefop-esi-editions,PL,Poland,2014,skills-development,2018,50.5743,,score (0–100)
cedefop-esi-editions,PL,Poland,2015,skills-development,2018,51.4247,,score (0–100)
cedefop-esi-editions,PL,Poland,2016,skills-development,2018,51.9147,,score (0–100)
cedefop-esi-editions,PT,Portugal,2014,skills-development,2018,41.6566,,score (0–100)
cedefop-esi-editions,PT,Portugal,2015,skills-development,2018,41.8119,,score (0–100)
cedefop-esi-editions,PT,Portugal,2016,skills-development,2018,40.764,,score (0–100)
cedefop-esi-editions,RO,Romania,2014,skills-development,2018,27.5163,,score (0–100)
cedefop-esi-editions,RO,Romania,2015,skills-development,2018,27.8456,,score (0–100)
cedefop-esi-editions,RO,Romania,2016,skills-development,2018,28.9169,,score (0–100)
cedefop-esi-editions,SE,Sweden,2014,skills-development,2018,77.0788,,score (0–100)
cedefop-esi-editions,SE,Sweden,2015,skills-development,2018,76.1949,,score (0–100)
cedefop-esi-editions,SE,Sweden,2016,skills-development,2018,76.0551,,score (0–100)
cedefop-esi-editions,SI,Slovenia,2014,skills-development,2018,71.1472,,score (0–100)
cedefop-esi-editions,SI,Slovenia,2015,skills-development,2018,72.4655,,score (0–100)
cedefop-esi-editions,SI,Slovenia,2016,skills-development,2018,72.3853,,score (0–100)
cedefop-esi-editions,SK,Slovakia,2014,skills-development,2018,54.4094,,score (0–100)
cedefop-esi-editions,SK,Slovakia,2015,skills-development,2018,54.3533,,score (0–100)
cedefop-esi-editions,SK,Slovakia,2016,skills-development,2018,54.3623,,score (0–100)
cedefop-esi-editions,UK,United Kingdom,2014,skills-development,2018,55.392,,score (0–100)
cedefop-esi-editions,UK,United Kingdom,2015,skills-development,2018,54.4554,,score (0–100)
cedefop-esi-editions,UK,United Kingdom,2016,skills-development,2018,53.7455,,score (0–100)
cedefop-esi-editions,AT,Austria,2016,skills-development,2020,66.6,,score (0–100)
cedefop-esi-editions,AT,Austria,2017,skills-development,2020,66.5,,score (0–100)
cedefop-esi-editions,AT,Austria,2018,skills-development,2020,66.3,,score (0–100)
cedefop-esi-editions,BE,Belgium,2016,skills-development,2020,52.2,,score (0–100)
cedefop-esi-editions,BE,Belgium,2017,skills-development,2020,53.1,,score (0–100)
cedefop-esi-editions,BE,Belgium,2018,skills-development,2020,53.4,,score (0–100)
cedefop-esi-editions,BG,Bulgaria,2016,skills-development,2020,38.0,,score (0–100)
cedefop-esi-editions,BG,Bulgaria,2017,skills-development,2020,38.2,,score (0–100)
cedefop-esi-editions,BG,Bulgaria,2018,skills-development,2020,38.3,,score (0–100)
cedefop-esi-editions,CH,Switzerland,2016,skills-development,2020,77.3,,score (0–100)
cedefop-esi-editions,CH,Switzerland,2017,skills-development,2020,77.2,,score (0–100)
cedefop-esi-editions,CH,Switzerland,2018,skills-development,2020,77.4,,score (0–100)
cedefop-esi-editions,CY,Cyprus,2016,skills-development,2020,31.8,,score (0–100)
cedefop-esi-editions,CY,Cyprus,2017,skills-development,2020,32.3,,score (0–100)
cedefop-esi-editions,CY,Cyprus,2018,skills-development,2020,32.6,,score (0–100)
cedefop-esi-editions,CZ,Czechia,2016,skills-development,2020,63.8,,score (0–100)
cedefop-esi-editions,CZ,Czechia,2017,skills-development,2020,64.5,,score (0–100)
cedefop-esi-editions,CZ,Czechia,2018,skills-development,2020,63.8,,score (0–100)
cedefop-esi-editions,DE,Germany,2016,skills-development,2020,62.8,,score (0–100)
cedefop-esi-editions,DE,Germany,2017,skills-development,2020,62.7,,score (0–100)
cedefop-esi-editions,DE,Germany,2018,skills-development,2020,62.7,,score (0–100)
cedefop-esi-editions,DK,Denmark,2016,skills-development,2020,71.8,,score (0–100)
cedefop-esi-editions,DK,Denmark,2017,skills-development,2020,71.1,,score (0–100)
cedefop-esi-editions,DK,Denmark,2018,skills-development,2020,69.5,,score (0–100)
cedefop-esi-editions,EE,Estonia,2016,skills-development,2020,72.9,,score (0–100)
cedefop-esi-editions,EE,Estonia,2017,skills-development,2020,74.2,,score (0–100)
cedefop-esi-editions,EE,Estonia,2018,skills-development,2020,75.5,,score (0–100)
cedefop-esi-editions,EL,Greece,2016,skills-development,2020,41.9,,score (0–100)
cedefop-esi-editions,EL,Greece,2017,skills-development,2020,42.7,,score (0–100)
cedefop-esi-editions,EL,Greece,2018,skills-development,2020,42.9,,score (0–100)
cedefop-esi-editions,ES,Spain,2016,skills-development,2020,43.8,,score (0–100)
cedefop-esi-editions,ES,Spain,2017,skills-development,2020,44.7,,score (0–100)
cedefop-esi-editions,ES,Spain,2018,skills-development,2020,45.4,,score (0–100)
cedefop-esi-editions,FI,Finland,2016,skills-development,2020,88.5,,score (0–100)
cedefop-esi-editions,FI,Finland,2017,skills-development,2020,89.6,,score (0–100)
cedefop-esi-editions,FI,Finland,2018,skills-development,2020,90.4,,score (0–100)
cedefop-esi-editions,FR,France,2016,skills-development,2020,48.1,,score (0–100)
cedefop-esi-editions,FR,France,2017,skills-development,2020,48.0,,score (0–100)
cedefop-esi-editions,FR,France,2018,skills-development,2020,48.3,,score (0–100)
cedefop-esi-editions,HR,Croatia,2016,skills-development,2020,53.9,,score (0–100)
cedefop-esi-editions,HR,Croatia,2017,skills-development,2020,54.1,,score (0–100)
cedefop-esi-editions,HR,Croatia,2018,skills-development,2020,54.9,,score (0–100)
cedefop-esi-editions,HU,Hungary,2016,skills-development,2020,42.1,,score (0–100)
cedefop-esi-editions,HU,Hungary,2017,skills-development,2020,42.8,,score (0–100)
cedefop-esi-editions,HU,Hungary,2018,skills-development,2020,43.1,,score (0–100)
cedefop-esi-editions,IE,Ireland,2016,skills-development,2020,48.6,,score (0–100)
cedefop-esi-editions,IE,Ireland,2017,skills-development,2020,50.6,,score (0–100)
cedefop-esi-editions,IE,Ireland,2018,skills-development,2020,52.6,,score (0–100)
cedefop-esi-editions,IS,Iceland,2016,skills-development,2020,67.3,,score (0–100)
cedefop-esi-editions,IS,Iceland,2017,skills-development,2020,66.6,,score (0–100)
cedefop-esi-editions,IS,Iceland,2018,skills-development,2020,65.8,,score (0–100)
cedefop-esi-editions,IT,Italy,2016,skills-development,2020,47.0,,score (0–100)
cedefop-esi-editions,IT,Italy,2017,skills-development,2020,47.6,,score (0–100)
cedefop-esi-editions,IT,Italy,2018,skills-development,2020,48.0,,score (0–100)
cedefop-esi-editions,LT,Lithuania,2016,skills-development,2020,54.2,,score (0–100)
cedefop-esi-editions,LT,Lithuania,2017,skills-development,2020,53.8,,score (0–100)
cedefop-esi-editions,LT,Lithuania,2018,skills-development,2020,54.3,,score (0–100)
cedefop-esi-editions,LU,Luxembourg,2016,skills-development,2020,66.6,,score (0–100)
cedefop-esi-editions,LU,Luxembourg,2017,skills-development,2020,62.3,,score (0–100)
cedefop-esi-editions,LU,Luxembourg,2018,skills-development,2020,63.8,,score (0–100)
cedefop-esi-editions,LV,Latvia,2016,skills-development,2020,57.9,,score (0–100)
cedefop-esi-editions,LV,Latvia,2017,skills-development,2020,57.3,,score (0–100)
cedefop-esi-editions,LV,Latvia,2018,skills-development,2020,56.9,,score (0–100)
cedefop-esi-editions,MT,Malta,2016,skills-development,2020,34.0,,score (0–100)
cedefop-esi-editions,MT,Malta,2017,skills-development,2020,36.2,,score (0–100)
cedefop-esi-editions,MT,Malta,2018,skills-development,2020,36.7,,score (0–100)
cedefop-esi-editions,NL,Netherlands,2016,skills-development,2020,60.8,,score (0–100)
cedefop-esi-editions,NL,Netherlands,2017,skills-development,2020,62.0,,score (0–100)
cedefop-esi-editions,NL,Netherlands,2018,skills-development,2020,62.2,,score (0–100)
cedefop-esi-editions,NO,Norway,2016,skills-development,2020,57.0,,score (0–100)
cedefop-esi-editions,NO,Norway,2017,skills-development,2020,66.5,,score (0–100)
cedefop-esi-editions,NO,Norway,2018,skills-development,2020,66.7,,score (0–100)
cedefop-esi-editions,PL,Poland,2016,skills-development,2020,53.2,,score (0–100)
cedefop-esi-editions,PL,Poland,2017,skills-development,2020,53.2,,score (0–100)
cedefop-esi-editions,PL,Poland,2018,skills-development,2020,54.3,,score (0–100)
cedefop-esi-editions,PT,Portugal,2016,skills-development,2020,41.0,,score (0–100)
cedefop-esi-editions,PT,Portugal,2017,skills-development,2020,41.5,,score (0–100)
cedefop-esi-editions,PT,Portugal,2018,skills-development,2020,41.8,,score (0–100)
cedefop-esi-editions,RO,Romania,2016,skills-development,2020,28.9,,score (0–100)
cedefop-esi-editions,RO,Romania,2017,skills-development,2020,29.6,,score (0–100)
cedefop-esi-editions,RO,Romania,2018,skills-development,2020,29.8,,score (0–100)
cedefop-esi-editions,SE,Sweden,2016,skills-development,2020,76.1,,score (0–100)
cedefop-esi-editions,SE,Sweden,2017,skills-development,2020,75.7,,score (0–100)
cedefop-esi-editions,SE,Sweden,2018,skills-development,2020,75.3,,score (0–100)
cedefop-esi-editions,SI,Slovenia,2016,skills-development,2020,73.2,,score (0–100)
cedefop-esi-editions,SI,Slovenia,2017,skills-development,2020,73.7,,score (0–100)
cedefop-esi-editions,SI,Slovenia,2018,skills-development,2020,73.5,,score (0–100)
cedefop-esi-editions,SK,Slovakia,2016,skills-development,2020,54.6,,score (0–100)
cedefop-esi-editions,SK,Slovakia,2017,skills-development,2020,54.9,,score (0–100)
cedefop-esi-editions,SK,Slovakia,2018,skills-development,2020,55.4,,score (0–100)
cedefop-esi-editions,UK,United Kingdom,2016,skills-development,2020,51.9,,score (0–100)
cedefop-esi-editions,UK,United Kingdom,2017,skills-development,2020,50.2,,score (0–100)
cedefop-esi-editions,UK,United Kingdom,2018,skills-development,2020,50.5,,score (0–100)
cedefop-esi-editions,AT,Austria,2018,skills-development,2022,62.0,,score (0–100)
cedefop-esi-editions,AT,Austria,2019,skills-development,2022,63.0,,score (0–100)
cedefop-esi-editions,AT,Austria,2020,skills-development,2022,62.0,,score (0–100)
cedefop-esi-editions,BE,Belgium,2018,skills-development,2022,51.0,,score (0–100)
cedefop-esi-editions,BE,Belgium,2019,skills-development,2022,52.0,,score (0–100)
cedefop-esi-editions,BE,Belgium,2020,skills-development,2022,52.0,,score (0–100)
cedefop-esi-editions,BG,Bulgaria,2018,skills-development,2022,34.0,,score (0–100)
cedefop-esi-editions,BG,Bulgaria,2019,skills-development,2022,33.0,,score (0–100)
cedefop-esi-editions,BG,Bulgaria,2020,skills-development,2022,33.0,,score (0–100)
cedefop-esi-editions,CH,Switzerland,2018,skills-development,2022,68.0,,score (0–100)
cedefop-esi-editions,CH,Switzerland,2019,skills-development,2022,69.0,,score (0–100)
cedefop-esi-editions,CH,Switzerland,2020,skills-development,2022,67.0,,score (0–100)
cedefop-esi-editions,CY,Cyprus,2018,skills-development,2022,26.0,,score (0–100)
cedefop-esi-editions,CY,Cyprus,2019,skills-development,2022,26.0,,score (0–100)
cedefop-esi-editions,CY,Cyprus,2020,skills-development,2022,26.0,,score (0–100)
cedefop-esi-editions,CZ,Czechia,2018,skills-development,2022,60.0,,score (0–100)
cedefop-esi-editions,CZ,Czechia,2019,skills-development,2022,60.0,,score (0–100)
cedefop-esi-editions,CZ,Czechia,2020,skills-development,2022,58.0,,score (0–100)
cedefop-esi-editions,DE,Germany,2018,skills-development,2022,58.0,,score (0–100)
cedefop-esi-editions,DE,Germany,2019,skills-development,2022,59.0,,score (0–100)
cedefop-esi-editions,DE,Germany,2020,skills-development,2022,59.0,,score (0–100)
cedefop-esi-editions,DK,Denmark,2018,skills-development,2022,67.0,,score (0–100)
cedefop-esi-editions,DK,Denmark,2019,skills-development,2022,68.0,,score (0–100)
cedefop-esi-editions,DK,Denmark,2020,skills-development,2022,66.0,,score (0–100)
cedefop-esi-editions,EE,Estonia,2018,skills-development,2022,68.0,,score (0–100)
cedefop-esi-editions,EE,Estonia,2019,skills-development,2022,69.0,,score (0–100)
cedefop-esi-editions,EE,Estonia,2020,skills-development,2022,68.0,,score (0–100)
cedefop-esi-editions,EL,Greece,2018,skills-development,2022,33.0,,score (0–100)
cedefop-esi-editions,EL,Greece,2019,skills-development,2022,34.0,,score (0–100)
cedefop-esi-editions,EL,Greece,2020,skills-development,2022,35.0,,score (0–100)
cedefop-esi-editions,ES,Spain,2018,skills-development,2022,39.0,,score (0–100)
cedefop-esi-editions,ES,Spain,2019,skills-development,2022,40.0,,score (0–100)
cedefop-esi-editions,ES,Spain,2020,skills-development,2022,41.0,,score (0–100)
cedefop-esi-editions,FI,Finland,2018,skills-development,2022,83.0,,score (0–100)
cedefop-esi-editions,FI,Finland,2019,skills-development,2022,83.0,,score (0–100)
cedefop-esi-editions,FI,Finland,2020,skills-development,2022,83.0,,score (0–100)
cedefop-esi-editions,FR,France,2018,skills-development,2022,40.0,,score (0–100)
cedefop-esi-editions,FR,France,2019,skills-development,2022,42.0,,score (0–100)
cedefop-esi-editions,FR,France,2020,skills-development,2022,39.0,,score (0–100)
cedefop-esi-editions,HR,Croatia,2018,skills-development,2022,53.0,,score (0–100)
cedefop-esi-editions,HR,Croatia,2019,skills-development,2022,56.0,,score (0–100)
cedefop-esi-editions,HR,Croatia,2020,skills-development,2022,56.0,,score (0–100)
cedefop-esi-editions,HU,Hungary,2018,skills-development,2022,43.0,,score (0–100)
cedefop-esi-editions,HU,Hungary,2019,skills-development,2022,44.0,,score (0–100)
cedefop-esi-editions,HU,Hungary,2020,skills-development,2022,44.0,,score (0–100)
cedefop-esi-editions,IE,Ireland,2018,skills-development,2022,54.0,,score (0–100)
cedefop-esi-editions,IE,Ireland,2019,skills-development,2022,53.0,,score (0–100)
cedefop-esi-editions,IE,Ireland,2020,skills-development,2022,53.0,,score (0–100)
cedefop-esi-editions,IS,Iceland,2018,skills-development,2022,64.0,,score (0–100)
cedefop-esi-editions,IS,Iceland,2019,skills-development,2022,66.0,,score (0–100)
cedefop-esi-editions,IS,Iceland,2020,skills-development,2022,65.0,,score (0–100)
cedefop-esi-editions,IT,Italy,2018,skills-development,2022,39.0,,score (0–100)
cedefop-esi-editions,IT,Italy,2019,skills-development,2022,39.0,,score (0–100)
cedefop-esi-editions,IT,Italy,2020,skills-development,2022,39.0,,score (0–100)
cedefop-esi-editions,LT,Lithuania,2018,skills-development,2022,48.0,,score (0–100)
cedefop-esi-editions,LT,Lithuania,2019,skills-development,2022,49.0,,score (0–100)
cedefop-esi-editions,LT,Lithuania,2020,skills-development,2022,49.0,,score (0–100)
cedefop-esi-editions,LU,Luxembourg,2018,skills-development,2022,59.0,,score (0–100)
cedefop-esi-editions,LU,Luxembourg,2019,skills-development,2022,58.0,,score (0–100)
cedefop-esi-editions,LU,Luxembourg,2020,skills-development,2022,56.0,,score (0–100)
cedefop-esi-editions,LV,Latvia,2018,skills-development,2022,51.0,,score (0–100)
cedefop-esi-editions,LV,Latvia,2019,skills-development,2022,50.0,,score (0–100)
cedefop-esi-editions,LV,Latvia,2020,skills-development,2022,50.0,,score (0–100)
cedefop-esi-editions,MT,Malta,2018,skills-development,2022,34.0,,score (0–100)
cedefop-esi-editions,MT,Malta,2019,skills-development,2022,36.0,,score (0–100)
cedefop-esi-editions,MT,Malta,2020,skills-development,2022,36.0,,score (0–100)
cedefop-esi-editions,NL,Netherlands,2018,skills-development,2022,63.0,,score (0–100)
cedefop-esi-editions,NL,Netherlands,2019,skills-development,2022,64.0,,score (0–100)
cedefop-esi-editions,NL,Netherlands,2020,skills-development,2022,64.0,,score (0–100)
cedefop-esi-editions,NO,Norway,2018,skills-development,2022,61.0,,score (0–100)
cedefop-esi-editions,NO,Norway,2019,skills-development,2022,64.0,,score (0–100)
cedefop-esi-editions,NO,Norway,2020,skills-development,2022,62.0,,score (0–100)
cedefop-esi-editions,PL,Poland,2018,skills-development,2022,52.0,,score (0–100)
cedefop-esi-editions,PL,Poland,2019,skills-development,2022,52.0,,score (0–100)
cedefop-esi-editions,PL,Poland,2020,skills-development,2022,51.0,,score (0–100)
cedefop-esi-editions,PT,Portugal,2018,skills-development,2022,35.0,,score (0–100)
cedefop-esi-editions,PT,Portugal,2019,skills-development,2022,35.0,,score (0–100)
cedefop-esi-editions,PT,Portugal,2020,skills-development,2022,35.0,,score (0–100)
cedefop-esi-editions,RO,Romania,2018,skills-development,2022,28.0,,score (0–100)
cedefop-esi-editions,RO,Romania,2019,skills-development,2022,29.0,,score (0–100)
cedefop-esi-editions,RO,Romania,2020,skills-development,2022,29.0,,score (0–100)
cedefop-esi-editions,SE,Sweden,2018,skills-development,2022,72.0,,score (0–100)
cedefop-esi-editions,SE,Sweden,2019,skills-development,2022,64.0,,score (0–100)
cedefop-esi-editions,SE,Sweden,2020,skills-development,2022,62.0,,score (0–100)
cedefop-esi-editions,SI,Slovenia,2018,skills-development,2022,54.0,,score (0–100)
cedefop-esi-editions,SI,Slovenia,2019,skills-development,2022,54.0,,score (0–100)
cedefop-esi-editions,SI,Slovenia,2020,skills-development,2022,53.0,,score (0–100)
cedefop-esi-editions,SK,Slovakia,2018,skills-development,2022,54.0,,score (0–100)
cedefop-esi-editions,SK,Slovakia,2019,skills-development,2022,53.0,,score (0–100)
cedefop-esi-editions,SK,Slovakia,2020,skills-development,2022,53.0,,score (0–100)
cedefop-esi-editions,UK,United Kingdom,2018,skills-development,2022,50.0,,score (0–100)
cedefop-esi-editions,UK,United Kingdom,2019,skills-development,2022,50.0,,score (0–100)
cedefop-esi-editions,UK,United Kingdom,2020,skills-development,2022,50.0,,score (0–100)
cedefop-esi-editions,AT,Austria,2014,skills-matching,2018,48.5951,,score (0–100)
cedefop-esi-editions,AT,Austria,2015,skills-matching,2018,47.3596,,score (0–100)
cedefop-esi-editions,AT,Austria,2016,skills-matching,2018,47.004,,score (0–100)
cedefop-esi-editions,BE,Belgium,2014,skills-matching,2018,57.0208,,score (0–100)
cedefop-esi-editions,BE,Belgium,2015,skills-matching,2018,56.563,,score (0–100)
cedefop-esi-editions,BE,Belgium,2016,skills-matching,2018,57.6741,,score (0–100)
cedefop-esi-editions,BG,Bulgaria,2014,skills-matching,2018,59.774,,score (0–100)
cedefop-esi-editions,BG,Bulgaria,2015,skills-matching,2018,61.9011,,score (0–100)
cedefop-esi-editions,BG,Bulgaria,2016,skills-matching,2018,63.8566,,score (0–100)
cedefop-esi-editions,CY,Cyprus,2014,skills-matching,2018,15.0175,,score (0–100)
cedefop-esi-editions,CY,Cyprus,2015,skills-matching,2018,16.6175,,score (0–100)
cedefop-esi-editions,CY,Cyprus,2016,skills-matching,2018,18.3952,,score (0–100)
cedefop-esi-editions,CZ,Czechia,2014,skills-matching,2018,89.6866,,score (0–100)
cedefop-esi-editions,CZ,Czechia,2015,skills-matching,2018,90.1,,score (0–100)
cedefop-esi-editions,CZ,Czechia,2016,skills-matching,2018,91.3444,,score (0–100)
cedefop-esi-editions,DE,Germany,2014,skills-matching,2018,53.7897,,score (0–100)
cedefop-esi-editions,DE,Germany,2015,skills-matching,2018,55.1852,,score (0–100)
cedefop-esi-editions,DE,Germany,2016,skills-matching,2018,56.9186,,score (0–100)
cedefop-esi-editions,DK,Denmark,2014,skills-matching,2018,65.3864,,score (0–100)
cedefop-esi-editions,DK,Denmark,2015,skills-matching,2018,64.6424,,score (0–100)
cedefop-esi-editions,DK,Denmark,2016,skills-matching,2018,55.9757,,score (0–100)
cedefop-esi-editions,EE,Estonia,2014,skills-matching,2018,58.6311,,score (0–100)
cedefop-esi-editions,EE,Estonia,2015,skills-matching,2018,61.5831,,score (0–100)
cedefop-esi-editions,EE,Estonia,2016,skills-matching,2018,62.1164,,score (0–100)
cedefop-esi-editions,EL,Greece,2014,skills-matching,2018,10.934,,score (0–100)
cedefop-esi-editions,EL,Greece,2015,skills-matching,2018,10.27,,score (0–100)
cedefop-esi-editions,EL,Greece,2016,skills-matching,2018,9.1589,,score (0–100)
cedefop-esi-editions,ES,Spain,2014,skills-matching,2018,6.88,,score (0–100)
cedefop-esi-editions,ES,Spain,2015,skills-matching,2018,8.08,,score (0–100)
cedefop-esi-editions,ES,Spain,2016,skills-matching,2018,10.5689,,score (0–100)
cedefop-esi-editions,FI,Finland,2014,skills-matching,2018,67.7599,,score (0–100)
cedefop-esi-editions,FI,Finland,2015,skills-matching,2018,66.3927,,score (0–100)
cedefop-esi-editions,FI,Finland,2016,skills-matching,2018,65.9927,,score (0–100)
cedefop-esi-editions,FR,France,2014,skills-matching,2018,40.8438,,score (0–100)
cedefop-esi-editions,FR,France,2015,skills-matching,2018,40.634,,score (0–100)
cedefop-esi-editions,FR,France,2016,skills-matching,2018,41.434,,score (0–100)
cedefop-esi-editions,HR,Croatia,2014,skills-matching,2018,64.6103,,score (0–100)
cedefop-esi-editions,HR,Croatia,2015,skills-matching,2018,58.3383,,score (0–100)
cedefop-esi-editions,HR,Croatia,2016,skills-matching,2018,65.9827,,score (0–100)
cedefop-esi-editions,HU,Hungary,2014,skills-matching,2018,70.082,,score (0–100)
cedefop-esi-editions,HU,Hungary,2015,skills-matching,2018,72.1807,,score (0–100)
cedefop-esi-editions,HU,Hungary,2016,skills-matching,2018,75.4251,,score (0–100)
cedefop-esi-editions,IE,Ireland,2014,skills-matching,2018,12.5326,,score (0–100)
cedefop-esi-editions,IE,Ireland,2015,skills-matching,2018,18.0037,,score (0–100)
cedefop-esi-editions,IE,Ireland,2016,skills-matching,2018,22.3593,,score (0–100)
cedefop-esi-editions,IT,Italy,2014,skills-matching,2018,41.0739,,score (0–100)
cedefop-esi-editions,IT,Italy,2015,skills-matching,2018,42.2481,,score (0–100)
cedefop-esi-editions,IT,Italy,2016,skills-matching,2018,42.6037,,score (0–100)
cedefop-esi-editions,LT,Lithuania,2014,skills-matching,2018,54.5396,,score (0–100)
cedefop-esi-editions,LT,Lithuania,2015,skills-matching,2018,53.0996,,score (0–100)
cedefop-esi-editions,LT,Lithuania,2016,skills-matching,2018,55.4996,,score (0–100)
cedefop-esi-editions,LU,Luxembourg,2014,skills-matching,2018,80.3605,,score (0–100)
cedefop-esi-editions,LU,Luxembourg,2015,skills-matching,2018,77.8271,,score (0–100)
cedefop-esi-editions,LU,Luxembourg,2016,skills-matching,2018,78.0938,,score (0–100)
cedefop-esi-editions,LV,Latvia,2014,skills-matching,2018,57.1221,,score (0–100)
cedefop-esi-editions,LV,Latvia,2015,skills-matching,2018,57.1159,,score (0–100)
cedefop-esi-editions,LV,Latvia,2016,skills-matching,2018,56.0048,,score (0–100)
cedefop-esi-editions,MT,Malta,2014,skills-matching,2018,81.2555,,score (0–100)
cedefop-esi-editions,MT,Malta,2015,skills-matching,2018,83.5168,,score (0–100)
cedefop-esi-editions,MT,Malta,2016,skills-matching,2018,86.4057,,score (0–100)
cedefop-esi-editions,NL,Netherlands,2014,skills-matching,2018,37.5104,,score (0–100)
cedefop-esi-editions,NL,Netherlands,2015,skills-matching,2018,38.8046,,score (0–100)
cedefop-esi-editions,NL,Netherlands,2016,skills-matching,2018,42.0935,,score (0–100)
cedefop-esi-editions,PL,Poland,2014,skills-matching,2018,64.3074,,score (0–100)
cedefop-esi-editions,PL,Poland,2015,skills-matching,2018,67.9296,,score (0–100)
cedefop-esi-editions,PL,Poland,2016,skills-matching,2018,70.5518,,score (0–100)
cedefop-esi-editions,PT,Portugal,2014,skills-matching,2018,35.7663,,score (0–100)
cedefop-esi-editions,PT,Portugal,2015,skills-matching,2018,37.3876,,score (0–100)
cedefop-esi-editions,PT,Portugal,2016,skills-matching,2018,40.3654,,score (0–100)
cedefop-esi-editions,RO,Romania,2014,skills-matching,2018,62.3879,,score (0–100)
cedefop-esi-editions,RO,Romania,2015,skills-matching,2018,59.6563,,score (0–100)
cedefop-esi-editions,RO,Romania,2016,skills-matching,2018,61.6563,,score (0–100)
cedefop-esi-editions,SE,Sweden,2014,skills-matching,2018,54.0543,,score (0–100)
cedefop-esi-editions,SE,Sweden,2015,skills-matching,2018,55.7325,,score (0–100)
cedefop-esi-editions,SE,Sweden,2016,skills-matching,2018,58.8881,,score (0–100)
cedefop-esi-editions,SI,Slovenia,2014,skills-matching,2018,67.2128,,score (0–100)
cedefop-esi-editions,SI,Slovenia,2015,skills-matching,2018,62.5275,,score (0–100)
cedefop-esi-editions,SI,Slovenia,2016,skills-matching,2018,64.4386,,score (0–100)
cedefop-esi-editions,SK,Slovakia,2014,skills-matching,2018,64.4466,,score (0–100)
cedefop-esi-editions,SK,Slovakia,2015,skills-matching,2018,62.9328,,score (0–100)
cedefop-esi-editions,SK,Slovakia,2016,skills-matching,2018,65.3328,,score (0–100)
cedefop-esi-editions,UK,United Kingdom,2014,skills-matching,2018,36.5454,,score (0–100)
cedefop-esi-editions,UK,United Kingdom,2015,skills-matching,2018,37.188,,score (0–100)
cedefop-esi-editions,UK,United Kingdom,2016,skills-matching,2018,39.3214,,score (0–100)
cedefop-esi-editions,AT,Austria,2016,skills-matching,2020,45.8,,score (0–100)
cedefop-esi-editions,AT,Austria,2017,skills-matching,2020,47.9,,score (0–100)
cedefop-esi-editions,AT,Austria,2018,skills-matching,2020,51.4,,score (0–100)
cedefop-esi-editions,BE,Belgium,2016,skills-matching,2020,57.4,,score (0–100)
cedefop-esi-editions,BE,Belgium,2017,skills-matching,2020,58.3,,score (0–100)
cedefop-esi-editions,BE,Belgium,2018,skills-matching,2020,59.3,,score (0–100)
cedefop-esi-editions,BG,Bulgaria,2016,skills-matching,2020,67.1,,score (0–100)
cedefop-esi-editions,BG,Bulgaria,2017,skills-matching,2020,69.1,,score (0–100)
cedefop-esi-editions,BG,Bulgaria,2018,skills-matching,2020,69.8,,score (0–100)
cedefop-esi-editions,CH,Switzerland,2016,skills-matching,2020,48.5,,score (0–100)
cedefop-esi-editions,CH,Switzerland,2017,skills-matching,2020,46.8,,score (0–100)
cedefop-esi-editions,CH,Switzerland,2018,skills-matching,2020,46.4,,score (0–100)
cedefop-esi-editions,CY,Cyprus,2016,skills-matching,2020,20.2,,score (0–100)
cedefop-esi-editions,CY,Cyprus,2017,skills-matching,2020,22.5,,score (0–100)
cedefop-esi-editions,CY,Cyprus,2018,skills-matching,2020,32.1,,score (0–100)
cedefop-esi-editions,CZ,Czechia,2016,skills-matching,2020,91.6,,score (0–100)
cedefop-esi-editions,CZ,Czechia,2017,skills-matching,2020,90.6,,score (0–100)
cedefop-esi-editions,CZ,Czechia,2018,skills-matching,2020,90.6,,score (0–100)
cedefop-esi-editions,DE,Germany,2016,skills-matching,2020,56.4,,score (0–100)
cedefop-esi-editions,DE,Germany,2017,skills-matching,2020,57.4,,score (0–100)
cedefop-esi-editions,DE,Germany,2018,skills-matching,2020,59.4,,score (0–100)
cedefop-esi-editions,DK,Denmark,2016,skills-matching,2020,58.1,,score (0–100)
cedefop-esi-editions,DK,Denmark,2017,skills-matching,2020,62.1,,score (0–100)
cedefop-esi-editions,DK,Denmark,2018,skills-matching,2020,66.1,,score (0–100)
cedefop-esi-editions,EE,Estonia,2016,skills-matching,2020,59.4,,score (0–100)
cedefop-esi-editions,EE,Estonia,2017,skills-matching,2020,65.0,,score (0–100)
cedefop-esi-editions,EE,Estonia,2018,skills-matching,2020,66.1,,score (0–100)
cedefop-esi-editions,EL,Greece,2016,skills-matching,2020,9.5,,score (0–100)
cedefop-esi-editions,EL,Greece,2017,skills-matching,2020,13.5,,score (0–100)
cedefop-esi-editions,EL,Greece,2018,skills-matching,2020,16.6,,score (0–100)
cedefop-esi-editions,ES,Spain,2016,skills-matching,2020,10.9,,score (0–100)
cedefop-esi-editions,ES,Spain,2017,skills-matching,2020,16.7,,score (0–100)
cedefop-esi-editions,ES,Spain,2018,skills-matching,2020,20.6,,score (0–100)
cedefop-esi-editions,FI,Finland,2016,skills-matching,2020,61.9,,score (0–100)
cedefop-esi-editions,FI,Finland,2017,skills-matching,2020,66.8,,score (0–100)
cedefop-esi-editions,FI,Finland,2018,skills-matching,2020,66.9,,score (0–100)
cedefop-esi-editions,FR,France,2016,skills-matching,2020,43.2,,score (0–100)
cedefop-esi-editions,FR,France,2017,skills-matching,2020,43.0,,score (0–100)
cedefop-esi-editions,FR,France,2018,skills-matching,2020,44.5,,score (0–100)
cedefop-esi-editions,HR,Croatia,2016,skills-matching,2020,64.5,,score (0–100)
cedefop-esi-editions,HR,Croatia,2017,skills-matching,2020,70.6,,score (0–100)
cedefop-esi-editions,HR,Croatia,2018,skills-matching,2020,73.5,,score (0–100)
cedefop-esi-editions,HU,Hungary,2016,skills-matching,2020,72.7,,score (0–100)
cedefop-esi-editions,HU,Hungary,2017,skills-matching,2020,75.3,,score (0–100)
cedefop-esi-editions,HU,Hungary,2018,skills-matching,2020,75.8,,score (0–100)
cedefop-esi-editions,IE,Ireland,2016,skills-matching,2020,23.7,,score (0–100)
cedefop-esi-editions,IE,Ireland,2017,skills-matching,2020,27.2,,score (0–100)
cedefop-esi-editions,IE,Ireland,2018,skills-matching,2020,27.6,,score (0–100)
cedefop-esi-editions,IS,Iceland,2016,skills-matching,2020,52.7,,score (0–100)
cedefop-esi-editions,IS,Iceland,2017,skills-matching,2020,51.8,,score (0–100)
cedefop-esi-editions,IS,Iceland,2018,skills-matching,2020,53.0,,score (0–100)
cedefop-esi-editions,IT,Italy,2016,skills-matching,2020,43.4,,score (0–100)
cedefop-esi-editions,IT,Italy,2017,skills-matching,2020,43.7,,score (0–100)
cedefop-esi-editions,IT,Italy,2018,skills-matching,2020,45.0,,score (0–100)
cedefop-esi-editions,LT,Lithuania,2016,skills-matching,2020,56.7,,score (0–100)
cedefop-esi-editions,LT,Lithuania,2017,skills-matching,2020,58.3,,score (0–100)
cedefop-esi-editions,LT,Lithuania,2018,skills-matching,2020,60.0,,score (0–100)
cedefop-esi-editions,LU,Luxembourg,2016,skills-matching,2020,77.5,,score (0–100)
cedefop-esi-editions,LU,Luxembourg,2017,skills-matching,2020,78.4,,score (0–100)
cedefop-esi-editions,LU,Luxembourg,2018,skills-matching,2020,80.9,,score (0–100)
cedefop-esi-editions,LV,Latvia,2016,skills-matching,2020,58.1,,score (0–100)
cedefop-esi-editions,LV,Latvia,2017,skills-matching,2020,60.1,,score (0–100)
cedefop-esi-editions,LV,Latvia,2018,skills-matching,2020,62.5,,score (0–100)
cedefop-esi-editions,MT,Malta,2016,skills-matching,2020,84.5,,score (0–100)
cedefop-esi-editions,MT,Malta,2017,skills-matching,2020,86.0,,score (0–100)
cedefop-esi-editions,MT,Malta,2018,skills-matching,2020,86.1,,score (0–100)
cedefop-esi-editions,NL,Netherlands,2016,skills-matching,2020,44.7,,score (0–100)
cedefop-esi-editions,NL,Netherlands,2017,skills-matching,2020,47.5,,score (0–100)
cedefop-esi-editions,NL,Netherlands,2018,skills-matching,2020,51.6,,score (0–100)
cedefop-esi-editions,NO,Norway,2016,skills-matching,2020,61.9,,score (0–100)
cedefop-esi-editions,NO,Norway,2017,skills-matching,2020,65.7,,score (0–100)
cedefop-esi-editions,NO,Norway,2018,skills-matching,2020,65.5,,score (0–100)
cedefop-esi-editions,PL,Poland,2016,skills-matching,2020,69.9,,score (0–100)
cedefop-esi-editions,PL,Poland,2017,skills-matching,2020,72.0,,score (0–100)
cedefop-esi-editions,PL,Poland,2018,skills-matching,2020,74.1,,score (0–100)
cedefop-esi-editions,PT,Portugal,2016,skills-matching,2020,39.8,,score (0–100)
cedefop-esi-editions,PT,Portugal,2017,skills-matching,2020,44.3,,score (0–100)
cedefop-esi-editions,PT,Portugal,2018,skills-matching,2020,49.2,,score (0–100)
cedefop-esi-editions,RO,Romania,2016,skills-matching,2020,62.3,,score (0–100)
cedefop-esi-editions,RO,Romania,2017,skills-matching,2020,65.2,,score (0–100)
cedefop-esi-editions,RO,Romania,2018,skills-matching,2020,66.0,,score (0–100)
cedefop-esi-editions,SE,Sweden,2016,skills-matching,2020,58.9,,score (0–100)
cedefop-esi-editions,SE,Sweden,2017,skills-matching,2020,59.9,,score (0–100)
cedefop-esi-editions,SE,Sweden,2018,skills-matching,2020,61.5,,score (0–100)
cedefop-esi-editions,SI,Slovenia,2016,skills-matching,2020,61.6,,score (0–100)
cedefop-esi-editions,SI,Slovenia,2017,skills-matching,2020,65.3,,score (0–100)
cedefop-esi-editions,SI,Slovenia,2018,skills-matching,2020,69.7,,score (0–100)
cedefop-esi-editions,SK,Slovakia,2016,skills-matching,2020,65.3,,score (0–100)
cedefop-esi-editions,SK,Slovakia,2017,skills-matching,2020,67.4,,score (0–100)
cedefop-esi-editions,SK,Slovakia,2018,skills-matching,2020,71.4,,score (0–100)
cedefop-esi-editions,UK,United Kingdom,2016,skills-matching,2020,38.1,,score (0–100)
cedefop-esi-editions,UK,United Kingdom,2017,skills-matching,2020,40.6,,score (0–100)
cedefop-esi-editions,UK,United Kingdom,2018,skills-matching,2020,41.4,,score (0–100)
cedefop-esi-editions,AT,Austria,2018,skills-matching,2022,45.0,,score (0–100)
cedefop-esi-editions,AT,Austria,2019,skills-matching,2022,48.0,,score (0–100)
cedefop-esi-editions,AT,Austria,2020,skills-matching,2022,45.0,,score (0–100)
cedefop-esi-editions,BE,Belgium,2018,skills-matching,2022,51.0,,score (0–100)
cedefop-esi-editions,BE,Belgium,2019,skills-matching,2022,53.0,,score (0–100)
cedefop-esi-editions,BE,Belgium,2020,skills-matching,2022,53.0,,score (0–100)
cedefop-esi-editions,BG,Bulgaria,2018,skills-matching,2022,58.0,,score (0–100)
cedefop-esi-editions,BG,Bulgaria,2019,skills-matching,2022,65.0,,score (0–100)
cedefop-esi-editions,BG,Bulgaria,2020,skills-matching,2022,65.0,,score (0–100)
cedefop-esi-editions,CH,Switzerland,2018,skills-matching,2022,38.0,,score (0–100)
cedefop-esi-editions,CH,Switzerland,2019,skills-matching,2022,39.0,,score (0–100)
cedefop-esi-editions,CH,Switzerland,2020,skills-matching,2022,39.0,,score (0–100)
cedefop-esi-editions,CY,Cyprus,2018,skills-matching,2022,26.0,,score (0–100)
cedefop-esi-editions,CY,Cyprus,2019,skills-matching,2022,31.0,,score (0–100)
cedefop-esi-editions,CY,Cyprus,2020,skills-matching,2022,30.0,,score (0–100)
cedefop-esi-editions,CZ,Czechia,2018,skills-matching,2022,91.0,,score (0–100)
cedefop-esi-editions,CZ,Czechia,2019,skills-matching,2022,93.0,,score (0–100)
cedefop-esi-editions,CZ,Czechia,2020,skills-matching,2022,93.0,,score (0–100)
cedefop-esi-editions,DE,Germany,2018,skills-matching,2022,54.0,,score (0–100)
cedefop-esi-editions,DE,Germany,2019,skills-matching,2022,56.0,,score (0–100)
cedefop-esi-editions,DE,Germany,2020,skills-matching,2022,57.0,,score (0–100)
cedefop-esi-editions,DK,Denmark,2018,skills-matching,2022,64.0,,score (0–100)
cedefop-esi-editions,DK,Denmark,2019,skills-matching,2022,65.0,,score (0–100)
cedefop-esi-editions,DK,Denmark,2020,skills-matching,2022,63.0,,score (0–100)
cedefop-esi-editions,EE,Estonia,2018,skills-matching,2022,62.0,,score (0–100)
cedefop-esi-editions,EE,Estonia,2019,skills-matching,2022,62.0,,score (0–100)
cedefop-esi-editions,EE,Estonia,2020,skills-matching,2022,61.0,,score (0–100)
cedefop-esi-editions,EL,Greece,2018,skills-matching,2022,10.0,,score (0–100)
cedefop-esi-editions,EL,Greece,2019,skills-matching,2022,12.0,,score (0–100)
cedefop-esi-editions,EL,Greece,2020,skills-matching,2022,13.0,,score (0–100)
cedefop-esi-editions,ES,Spain,2018,skills-matching,2022,10.0,,score (0–100)
cedefop-esi-editions,ES,Spain,2019,skills-matching,2022,10.0,,score (0–100)
cedefop-esi-editions,ES,Spain,2020,skills-matching,2022,11.0,,score (0–100)
cedefop-esi-editions,FI,Finland,2018,skills-matching,2022,63.0,,score (0–100)
cedefop-esi-editions,FI,Finland,2019,skills-matching,2022,64.0,,score (0–100)
cedefop-esi-editions,FI,Finland,2020,skills-matching,2022,63.0,,score (0–100)
cedefop-esi-editions,FR,France,2018,skills-matching,2022,42.0,,score (0–100)
cedefop-esi-editions,FR,France,2019,skills-matching,2022,43.0,,score (0–100)
cedefop-esi-editions,FR,France,2020,skills-matching,2022,46.0,,score (0–100)
cedefop-esi-editions,HR,Croatia,2018,skills-matching,2022,63.0,,score (0–100)
cedefop-esi-editions,HR,Croatia,2019,skills-matching,2022,73.0,,score (0–100)
cedefop-esi-editions,HR,Croatia,2020,skills-matching,2022,74.0,,score (0–100)
cedefop-esi-editions,HU,Hungary,2018,skills-matching,2022,71.0,,score (0–100)
cedefop-esi-editions,HU,Hungary,2019,skills-matching,2022,73.0,,score (0–100)
cedefop-esi-editions,HU,Hungary,2020,skills-matching,2022,73.0,,score (0–100)
cedefop-esi-editions,IE,Ireland,2018,skills-matching,2022,21.0,,score (0–100)
cedefop-esi-editions,IE,Ireland,2019,skills-matching,2022,26.0,,score (0–100)
cedefop-esi-editions,IE,Ireland,2020,skills-matching,2022,27.0,,score (0–100)
cedefop-esi-editions,IS,Iceland,2018,skills-matching,2022,49.0,,score (0–100)
cedefop-esi-editions,IS,Iceland,2019,skills-matching,2022,56.0,,score (0–100)
cedefop-esi-editions,IS,Iceland,2020,skills-matching,2022,51.0,,score (0–100)
cedefop-esi-editions,IT,Italy,2018,skills-matching,2022,32.0,,score (0–100)
cedefop-esi-editions,IT,Italy,2019,skills-matching,2022,33.0,,score (0–100)
cedefop-esi-editions,IT,Italy,2020,skills-matching,2022,31.0,,score (0–100)
cedefop-esi-editions,LT,Lithuania,2018,skills-matching,2022,53.0,,score (0–100)
cedefop-esi-editions,LT,Lithuania,2019,skills-matching,2022,52.0,,score (0–100)
cedefop-esi-editions,LT,Lithuania,2020,skills-matching,2022,50.0,,score (0–100)
cedefop-esi-editions,LU,Luxembourg,2018,skills-matching,2022,74.0,,score (0–100)
cedefop-esi-editions,LU,Luxembourg,2019,skills-matching,2022,74.0,,score (0–100)
cedefop-esi-editions,LU,Luxembourg,2020,skills-matching,2022,73.0,,score (0–100)
cedefop-esi-editions,LV,Latvia,2018,skills-matching,2022,51.0,,score (0–100)
cedefop-esi-editions,LV,Latvia,2019,skills-matching,2022,50.0,,score (0–100)
cedefop-esi-editions,LV,Latvia,2020,skills-matching,2022,50.0,,score (0–100)
cedefop-esi-editions,MT,Malta,2018,skills-matching,2022,73.0,,score (0–100)
cedefop-esi-editions,MT,Malta,2019,skills-matching,2022,75.0,,score (0–100)
cedefop-esi-editions,MT,Malta,2020,skills-matching,2022,75.0,,score (0–100)
cedefop-esi-editions,NL,Netherlands,2018,skills-matching,2022,51.0,,score (0–100)
cedefop-esi-editions,NL,Netherlands,2019,skills-matching,2022,54.0,,score (0–100)
cedefop-esi-editions,NL,Netherlands,2020,skills-matching,2022,53.0,,score (0–100)
cedefop-esi-editions,NO,Norway,2018,skills-matching,2022,57.0,,score (0–100)
cedefop-esi-editions,NO,Norway,2019,skills-matching,2022,58.0,,score (0–100)
cedefop-esi-editions,NO,Norway,2020,skills-matching,2022,56.0,,score (0–100)
cedefop-esi-editions,PL,Poland,2018,skills-matching,2022,71.0,,score (0–100)
cedefop-esi-editions,PL,Poland,2019,skills-matching,2022,72.0,,score (0–100)
cedefop-esi-editions,PL,Poland,2020,skills-matching,2022,73.0,,score (0–100)
cedefop-esi-editions,PT,Portugal,2018,skills-matching,2022,38.0,,score (0–100)
cedefop-esi-editions,PT,Portugal,2019,skills-matching,2022,42.0,,score (0–100)
cedefop-esi-editions,PT,Portugal,2020,skills-matching,2022,44.0,,score (0–100)
cedefop-esi-editions,RO,Romania,2018,skills-matching,2022,60.0,,score (0–100)
cedefop-esi-editions,RO,Romania,2019,skills-matching,2022,65.0,,score (0–100)
cedefop-esi-editions,RO,Romania,2020,skills-matching,2022,67.0,,score (0–100)
cedefop-esi-editions,SE,Sweden,2018,skills-matching,2022,54.0,,score (0–100)
cedefop-esi-editions,SE,Sweden,2019,skills-matching,2022,56.0,,score (0–100)
cedefop-esi-editions,SE,Sweden,2020,skills-matching,2022,53.0,,score (0–100)
cedefop-esi-editions,SI,Slovenia,2018,skills-matching,2022,63.0,,score (0–100)
cedefop-esi-editions,SI,Slovenia,2019,skills-matching,2022,67.0,,score (0–100)
cedefop-esi-editions,SI,Slovenia,2020,skills-matching,2022,66.0,,score (0–100)
cedefop-esi-editions,SK,Slovakia,2018,skills-matching,2022,59.0,,score (0–100)
cedefop-esi-editions,SK,Slovakia,2019,skills-matching,2022,63.0,,score (0–100)
cedefop-esi-editions,SK,Slovakia,2020,skills-matching,2022,64.0,,score (0–100)
cedefop-esi-editions,UK,United Kingdom,2018,skills-matching,2022,35.0,,score (0–100)
cedefop-esi-editions,UK,United Kingdom,2019,skills-matching,2022,37.0,,score (0–100)
cedefop-esi-editions,UK,United Kingdom,2020,skills-matching,2022,37.0,,score (0–100)
cedefop-esi-editions,AT,Austria,2014,skills-mismatch,2018,35.14,,score (0–100)
cedefop-esi-editions,AT,Austria,2015,skills-mismatch,2018,35.6733,,score (0–100)
cedefop-esi-editions,AT,Austria,2016,skills-mismatch,2018,35.6733,,score (0–100)
cedefop-esi-editions,BE,Belgium,2014,skills-mismatch,2018,52.1457,,score (0–100)
cedefop-esi-editions,BE,Belgium,2015,skills-mismatch,2018,53.6791,,score (0–100)
cedefop-esi-editions,BE,Belgium,2016,skills-mismatch,2018,53.6791,,score (0–100)
cedefop-esi-editions,BG,Bulgaria,2014,skills-mismatch,2018,50.4381,,score (0–100)
cedefop-esi-editions,BG,Bulgaria,2015,skills-mismatch,2018,50.1314,,score (0–100)
cedefop-esi-editions,BG,Bulgaria,2016,skills-mismatch,2018,50.1314,,score (0–100)
cedefop-esi-editions,CY,Cyprus,2014,skills-mismatch,2018,18.2143,,score (0–100)
cedefop-esi-editions,CY,Cyprus,2015,skills-mismatch,2018,18.2143,,score (0–100)
cedefop-esi-editions,CY,Cyprus,2016,skills-mismatch,2018,18.2143,,score (0–100)
cedefop-esi-editions,CZ,Czechia,2014,skills-mismatch,2018,87.8481,,score (0–100)
cedefop-esi-editions,CZ,Czechia,2015,skills-mismatch,2018,87.6481,,score (0–100)
cedefop-esi-editions,CZ,Czechia,2016,skills-mismatch,2018,87.6481,,score (0–100)
cedefop-esi-editions,DE,Germany,2014,skills-mismatch,2018,45.8717,,score (0–100)
cedefop-esi-editions,DE,Germany,2015,skills-mismatch,2018,46.2717,,score (0–100)
cedefop-esi-editions,DE,Germany,2016,skills-mismatch,2018,46.2717,,score (0–100)
cedefop-esi-editions,DK,Denmark,2014,skills-mismatch,2018,54.3848,,score (0–100)
cedefop-esi-editions,DK,Denmark,2015,skills-mismatch,2018,51.8114,,score (0–100)
cedefop-esi-editions,DK,Denmark,2016,skills-mismatch,2018,51.8114,,score (0–100)
cedefop-esi-editions,EE,Estonia,2014,skills-mismatch,2018,37.8667,,score (0–100)
cedefop-esi-editions,EE,Estonia,2015,skills-mismatch,2018,41.4533,,score (0–100)
cedefop-esi-editions,EE,Estonia,2016,skills-mismatch,2018,41.4533,,score (0–100)
cedefop-esi-editions,EL,Greece,2014,skills-mismatch,2018,4.89,,score (0–100)
cedefop-esi-editions,EL,Greece,2015,skills-mismatch,2018,4.45,,score (0–100)
cedefop-esi-editions,EL,Greece,2016,skills-mismatch,2018,4.45,,score (0–100)
cedefop-esi-editions,ES,Spain,2014,skills-mismatch,2018,10.8,,score (0–100)
cedefop-esi-editions,ES,Spain,2015,skills-mismatch,2018,10.8,,score (0–100)
cedefop-esi-editions,ES,Spain,2016,skills-mismatch,2018,10.8,,score (0–100)
cedefop-esi-editions,FI,Finland,2014,skills-mismatch,2018,64.9331,,score (0–100)
cedefop-esi-editions,FI,Finland,2015,skills-mismatch,2018,65.8398,,score (0–100)
cedefop-esi-editions,FI,Finland,2016,skills-mismatch,2018,65.8398,,score (0–100)
cedefop-esi-editions,FR,France,2014,skills-mismatch,2018,42.4433,,score (0–100)
cedefop-esi-editions,FR,France,2015,skills-mismatch,2018,43.7233,,score (0–100)
cedefop-esi-editions,FR,France,2016,skills-mismatch,2018,43.7233,,score (0–100)
cedefop-esi-editions,HR,Croatia,2014,skills-mismatch,2018,73.0171,,score (0–100)
cedefop-esi-editions,HR,Croatia,2015,skills-mismatch,2018,65.8971,,score (0–100)
cedefop-esi-editions,HR,Croatia,2016,skills-mismatch,2018,65.8971,,score (0–100)
cedefop-esi-editions,HU,Hungary,2014,skills-mismatch,2018,63.47,,score (0–100)
cedefop-esi-editions,HU,Hungary,2015,skills-mismatch,2018,63.19,,score (0–100)
cedefop-esi-editions,HU,Hungary,2016,skills-mismatch,2018,63.19,,score (0–100)
cedefop-esi-editions,IE,Ireland,2014,skills-mismatch,2018,3.4802,,score (0–100)
cedefop-esi-editions,IE,Ireland,2015,skills-mismatch,2018,4.0802,,score (0–100)
cedefop-esi-editions,IE,Ireland,2016,skills-mismatch,2018,4.0802,,score (0–100)
cedefop-esi-editions,IT,Italy,2014,skills-mismatch,2018,34.3083,,score (0–100)
cedefop-esi-editions,IT,Italy,2015,skills-mismatch,2018,33.895,,score (0–100)
cedefop-esi-editions,IT,Italy,2016,skills-mismatch,2018,33.895,,score (0–100)
cedefop-esi-editions,LT,Lithuania,2014,skills-mismatch,2018,42.8252,,score (0–100)
cedefop-esi-editions,LT,Lithuania,2015,skills-mismatch,2018,33.7586,,score (0–100)
cedefop-esi-editions,LT,Lithuania,2016,skills-mismatch,2018,33.7586,,score (0–100)
cedefop-esi-editions,LU,Luxembourg,2014,skills-mismatch,2018,74.3786,,score (0–100)
cedefop-esi-editions,LU,Luxembourg,2015,skills-mismatch,2018,74.3786,,score (0–100)
cedefop-esi-editions,LU,Luxembourg,2016,skills-mismatch,2018,74.3786,,score (0–100)
cedefop-esi-editions,LV,Latvia,2014,skills-mismatch,2018,50.5369,,score (0–100)
cedefop-esi-editions,LV,Latvia,2015,skills-mismatch,2018,50.2302,,score (0–100)
cedefop-esi-editions,LV,Latvia,2016,skills-mismatch,2018,50.2302,,score (0–100)
cedefop-esi-editions,MT,Malta,2014,skills-mismatch,2018,83.1295,,score (0–100)
cedefop-esi-editions,MT,Malta,2015,skills-mismatch,2018,84.6762,,score (0–100)
cedefop-esi-editions,MT,Malta,2016,skills-mismatch,2018,84.6762,,score (0–100)
cedefop-esi-editions,NL,Netherlands,2014,skills-mismatch,2018,39.4802,,score (0–100)
cedefop-esi-editions,NL,Netherlands,2015,skills-mismatch,2018,39.2669,,score (0–100)
cedefop-esi-editions,NL,Netherlands,2016,skills-mismatch,2018,39.2669,,score (0–100)
cedefop-esi-editions,PL,Poland,2014,skills-mismatch,2018,56.8086,,score (0–100)
cedefop-esi-editions,PL,Poland,2015,skills-mismatch,2018,58.4752,,score (0–100)
cedefop-esi-editions,PL,Poland,2016,skills-mismatch,2018,58.4752,,score (0–100)
cedefop-esi-editions,PT,Portugal,2014,skills-mismatch,2018,40.2031,,score (0–100)
cedefop-esi-editions,PT,Portugal,2015,skills-mismatch,2018,38.6831,,score (0–100)
cedefop-esi-editions,PT,Portugal,2016,skills-mismatch,2018,38.6831,,score (0–100)
cedefop-esi-editions,RO,Romania,2014,skills-mismatch,2018,53.3131,,score (0–100)
cedefop-esi-editions,RO,Romania,2015,skills-mismatch,2018,51.3531,,score (0–100)
cedefop-esi-editions,RO,Romania,2016,skills-mismatch,2018,51.3531,,score (0–100)
cedefop-esi-editions,SE,Sweden,2014,skills-mismatch,2018,48.609,,score (0–100)
cedefop-esi-editions,SE,Sweden,2015,skills-mismatch,2018,48.369,,score (0–100)
cedefop-esi-editions,SE,Sweden,2016,skills-mismatch,2018,48.369,,score (0–100)
cedefop-esi-editions,SI,Slovenia,2014,skills-mismatch,2018,68.0955,,score (0–100)
cedefop-esi-editions,SI,Slovenia,2015,skills-mismatch,2018,62.5088,,score (0–100)
cedefop-esi-editions,SI,Slovenia,2016,skills-mismatch,2018,62.5088,,score (0–100)
cedefop-esi-editions,SK,Slovakia,2014,skills-mismatch,2018,70.0036,,score (0–100)
cedefop-esi-editions,SK,Slovakia,2015,skills-mismatch,2018,65.1102,,score (0–100)
cedefop-esi-editions,SK,Slovakia,2016,skills-mismatch,2018,65.1102,,score (0–100)
cedefop-esi-editions,UK,United Kingdom,2014,skills-mismatch,2018,28.4645,,score (0–100)
cedefop-esi-editions,UK,United Kingdom,2015,skills-mismatch,2018,25.7579,,score (0–100)
cedefop-esi-editions,UK,United Kingdom,2016,skills-mismatch,2018,25.7579,,score (0–100)
cedefop-esi-editions,AT,Austria,2016,skills-mismatch,2020,33.6,,score (0–100)
cedefop-esi-editions,AT,Austria,2017,skills-mismatch,2020,35.5,,score (0–100)
cedefop-esi-editions,AT,Austria,2018,skills-mismatch,2020,35.5,,score (0–100)
cedefop-esi-editions,BE,Belgium,2016,skills-mismatch,2020,53.2,,score (0–100)
cedefop-esi-editions,BE,Belgium,2017,skills-mismatch,2020,53.9,,score (0–100)
cedefop-esi-editions,BE,Belgium,2018,skills-mismatch,2020,53.9,,score (0–100)
cedefop-esi-editions,BG,Bulgaria,2016,skills-mismatch,2020,55.6,,score (0–100)
cedefop-esi-editions,BG,Bulgaria,2017,skills-mismatch,2020,55.6,,score (0–100)
cedefop-esi-editions,BG,Bulgaria,2018,skills-mismatch,2020,55.6,,score (0–100)
cedefop-esi-editions,CH,Switzerland,2016,skills-mismatch,2020,54.6,,score (0–100)
cedefop-esi-editions,CH,Switzerland,2017,skills-mismatch,2020,52.8,,score (0–100)
cedefop-esi-editions,CH,Switzerland,2018,skills-mismatch,2020,52.8,,score (0–100)
cedefop-esi-editions,CY,Cyprus,2016,skills-mismatch,2020,21.2,,score (0–100)
cedefop-esi-editions,CY,Cyprus,2017,skills-mismatch,2020,21.2,,score (0–100)
cedefop-esi-editions,CY,Cyprus,2018,skills-mismatch,2020,21.2,,score (0–100)
cedefop-esi-editions,CZ,Czechia,2016,skills-mismatch,2020,88.1,,score (0–100)
cedefop-esi-editions,CZ,Czechia,2017,skills-mismatch,2020,84.3,,score (0–100)
cedefop-esi-editions,CZ,Czechia,2018,skills-mismatch,2020,84.3,,score (0–100)
cedefop-esi-editions,DE,Germany,2016,skills-mismatch,2020,45.4,,score (0–100)
cedefop-esi-editions,DE,Germany,2017,skills-mismatch,2020,45.5,,score (0–100)
cedefop-esi-editions,DE,Germany,2018,skills-mismatch,2020,45.5,,score (0–100)
cedefop-esi-editions,DK,Denmark,2016,skills-mismatch,2020,55.4,,score (0–100)
cedefop-esi-editions,DK,Denmark,2017,skills-mismatch,2020,55.1,,score (0–100)
cedefop-esi-editions,DK,Denmark,2018,skills-mismatch,2020,55.1,,score (0–100)
cedefop-esi-editions,EE,Estonia,2016,skills-mismatch,2020,37.0,,score (0–100)
cedefop-esi-editions,EE,Estonia,2017,skills-mismatch,2020,44.4,,score (0–100)
cedefop-esi-editions,EE,Estonia,2018,skills-mismatch,2020,44.4,,score (0–100)
cedefop-esi-editions,EL,Greece,2016,skills-mismatch,2020,5.0,,score (0–100)
cedefop-esi-editions,EL,Greece,2017,skills-mismatch,2020,5.0,,score (0–100)
cedefop-esi-editions,EL,Greece,2018,skills-mismatch,2020,5.0,,score (0–100)
cedefop-esi-editions,ES,Spain,2016,skills-mismatch,2020,11.4,,score (0–100)
cedefop-esi-editions,ES,Spain,2017,skills-mismatch,2020,14.3,,score (0–100)
cedefop-esi-editions,ES,Spain,2018,skills-mismatch,2020,14.3,,score (0–100)
cedefop-esi-editions,FI,Finland,2016,skills-mismatch,2020,59.0,,score (0–100)
cedefop-esi-editions,FI,Finland,2017,skills-mismatch,2020,64.5,,score (0–100)
cedefop-esi-editions,FI,Finland,2018,skills-mismatch,2020,64.5,,score (0–100)
cedefop-esi-editions,FR,France,2016,skills-mismatch,2020,46.7,,score (0–100)
cedefop-esi-editions,FR,France,2017,skills-mismatch,2020,43.1,,score (0–100)
cedefop-esi-editions,FR,France,2018,skills-mismatch,2020,43.1,,score (0–100)
cedefop-esi-editions,HR,Croatia,2016,skills-mismatch,2020,63.4,,score (0–100)
cedefop-esi-editions,HR,Croatia,2017,skills-mismatch,2020,66.3,,score (0–100)
cedefop-esi-editions,HR,Croatia,2018,skills-mismatch,2020,66.3,,score (0–100)
cedefop-esi-editions,HU,Hungary,2016,skills-mismatch,2020,58.7,,score (0–100)
cedefop-esi-editions,HU,Hungary,2017,skills-mismatch,2020,60.9,,score (0–100)
cedefop-esi-editions,HU,Hungary,2018,skills-mismatch,2020,60.9,,score (0–100)
cedefop-esi-editions,IE,Ireland,2016,skills-mismatch,2020,6.4,,score (0–100)
cedefop-esi-editions,IE,Ireland,2017,skills-mismatch,2020,7.9,,score (0–100)
cedefop-esi-editions,IE,Ireland,2018,skills-mismatch,2020,7.9,,score (0–100)
cedefop-esi-editions,IS,Iceland,2016,skills-mismatch,2020,41.9,,score (0–100)
cedefop-esi-editions,IS,Iceland,2017,skills-mismatch,2020,39.7,,score (0–100)
cedefop-esi-editions,IS,Iceland,2018,skills-mismatch,2020,39.7,,score (0–100)
cedefop-esi-editions,IT,Italy,2016,skills-mismatch,2020,35.2,,score (0–100)
cedefop-esi-editions,IT,Italy,2017,skills-mismatch,2020,34.4,,score (0–100)
cedefop-esi-editions,IT,Italy,2018,skills-mismatch,2020,34.4,,score (0–100)
cedefop-esi-editions,LT,Lithuania,2016,skills-mismatch,2020,35.7,,score (0–100)
cedefop-esi-editions,LT,Lithuania,2017,skills-mismatch,2020,36.3,,score (0–100)
cedefop-esi-editions,LT,Lithuania,2018,skills-mismatch,2020,36.3,,score (0–100)
cedefop-esi-editions,LU,Luxembourg,2016,skills-mismatch,2020,73.3,,score (0–100)
cedefop-esi-editions,LU,Luxembourg,2017,skills-mismatch,2020,73.3,,score (0–100)
cedefop-esi-editions,LU,Luxembourg,2018,skills-mismatch,2020,73.3,,score (0–100)
cedefop-esi-editions,LV,Latvia,2016,skills-mismatch,2020,53.8,,score (0–100)
cedefop-esi-editions,LV,Latvia,2017,skills-mismatch,2020,53.0,,score (0–100)
cedefop-esi-editions,LV,Latvia,2018,skills-mismatch,2020,53.0,,score (0–100)
cedefop-esi-editions,MT,Malta,2016,skills-mismatch,2020,82.2,,score (0–100)
cedefop-esi-editions,MT,Malta,2017,skills-mismatch,2020,80.5,,score (0–100)
cedefop-esi-editions,MT,Malta,2018,skills-mismatch,2020,80.5,,score (0–100)
cedefop-esi-editions,NL,Netherlands,2016,skills-mismatch,2020,43.5,,score (0–100)
cedefop-esi-editions,NL,Netherlands,2017,skills-mismatch,2020,41.8,,score (0–100)
cedefop-esi-editions,NL,Netherlands,2018,skills-mismatch,2020,41.8,,score (0–100)
cedefop-esi-editions,NO,Norway,2016,skills-mismatch,2020,49.1,,score (0–100)
cedefop-esi-editions,NO,Norway,2017,skills-mismatch,2020,53.2,,score (0–100)
cedefop-esi-editions,NO,Norway,2018,skills-mismatch,2020,53.2,,score (0–100)
cedefop-esi-editions,PL,Poland,2016,skills-mismatch,2020,57.4,,score (0–100)
cedefop-esi-editions,PL,Poland,2017,skills-mismatch,2020,57.5,,score (0–100)
cedefop-esi-editions,PL,Poland,2018,skills-mismatch,2020,57.5,,score (0–100)
cedefop-esi-editions,PT,Portugal,2016,skills-mismatch,2020,37.7,,score (0–100)
cedefop-esi-editions,PT,Portugal,2017,skills-mismatch,2020,36.8,,score (0–100)
cedefop-esi-editions,PT,Portugal,2018,skills-mismatch,2020,36.8,,score (0–100)
cedefop-esi-editions,RO,Romania,2016,skills-mismatch,2020,52.5,,score (0–100)
cedefop-esi-editions,RO,Romania,2017,skills-mismatch,2020,53.6,,score (0–100)
cedefop-esi-editions,RO,Romania,2018,skills-mismatch,2020,53.6,,score (0–100)
cedefop-esi-editions,SE,Sweden,2016,skills-mismatch,2020,48.4,,score (0–100)
cedefop-esi-editions,SE,Sweden,2017,skills-mismatch,2020,48.4,,score (0–100)
cedefop-esi-editions,SE,Sweden,2018,skills-mismatch,2020,48.4,,score (0–100)
cedefop-esi-editions,SI,Slovenia,2016,skills-mismatch,2020,57.8,,score (0–100)
cedefop-esi-editions,SI,Slovenia,2017,skills-mismatch,2020,60.4,,score (0–100)
cedefop-esi-editions,SI,Slovenia,2018,skills-mismatch,2020,60.4,,score (0–100)
cedefop-esi-editions,SK,Slovakia,2016,skills-mismatch,2020,65.0,,score (0–100)
cedefop-esi-editions,SK,Slovakia,2017,skills-mismatch,2020,65.2,,score (0–100)
cedefop-esi-editions,SK,Slovakia,2018,skills-mismatch,2020,65.2,,score (0–100)
cedefop-esi-editions,UK,United Kingdom,2016,skills-mismatch,2020,23.8,,score (0–100)
cedefop-esi-editions,UK,United Kingdom,2017,skills-mismatch,2020,24.7,,score (0–100)
cedefop-esi-editions,UK,United Kingdom,2018,skills-mismatch,2020,24.7,,score (0–100)
cedefop-esi-editions,AT,Austria,2018,skills-mismatch,2022,31.0,,score (0–100)
cedefop-esi-editions,AT,Austria,2019,skills-mismatch,2022,30.0,,score (0–100)
cedefop-esi-editions,AT,Austria,2020,skills-mismatch,2022,30.0,,score (0–100)
cedefop-esi-editions,BE,Belgium,2018,skills-mismatch,2022,51.0,,score (0–100)
cedefop-esi-editions,BE,Belgium,2019,skills-mismatch,2022,50.0,,score (0–100)
cedefop-esi-editions,BE,Belgium,2020,skills-mismatch,2022,50.0,,score (0–100)
cedefop-esi-editions,BG,Bulgaria,2018,skills-mismatch,2022,46.0,,score (0–100)
cedefop-esi-editions,BG,Bulgaria,2019,skills-mismatch,2022,53.0,,score (0–100)
cedefop-esi-editions,BG,Bulgaria,2020,skills-mismatch,2022,53.0,,score (0–100)
cedefop-esi-editions,CH,Switzerland,2018,skills-mismatch,2022,44.0,,score (0–100)
cedefop-esi-editions,CH,Switzerland,2019,skills-mismatch,2022,44.0,,score (0–100)
cedefop-esi-editions,CH,Switzerland,2020,skills-mismatch,2022,44.0,,score (0–100)
cedefop-esi-editions,CY,Cyprus,2018,skills-mismatch,2022,20.0,,score (0–100)
cedefop-esi-editions,CY,Cyprus,2019,skills-mismatch,2022,20.0,,score (0–100)
cedefop-esi-editions,CY,Cyprus,2020,skills-mismatch,2022,20.0,,score (0–100)
cedefop-esi-editions,CZ,Czechia,2018,skills-mismatch,2022,86.0,,score (0–100)
cedefop-esi-editions,CZ,Czechia,2019,skills-mismatch,2022,89.0,,score (0–100)
cedefop-esi-editions,CZ,Czechia,2020,skills-mismatch,2022,89.0,,score (0–100)
cedefop-esi-editions,DE,Germany,2018,skills-mismatch,2022,43.0,,score (0–100)
cedefop-esi-editions,DE,Germany,2019,skills-mismatch,2022,44.0,,score (0–100)
cedefop-esi-editions,DE,Germany,2020,skills-mismatch,2022,44.0,,score (0–100)
cedefop-esi-editions,DK,Denmark,2018,skills-mismatch,2022,56.0,,score (0–100)
cedefop-esi-editions,DK,Denmark,2019,skills-mismatch,2022,57.0,,score (0–100)
cedefop-esi-editions,DK,Denmark,2020,skills-mismatch,2022,57.0,,score (0–100)
cedefop-esi-editions,EE,Estonia,2018,skills-mismatch,2022,45.0,,score (0–100)
cedefop-esi-editions,EE,Estonia,2019,skills-mismatch,2022,42.0,,score (0–100)
cedefop-esi-editions,EE,Estonia,2020,skills-mismatch,2022,42.0,,score (0–100)
cedefop-esi-editions,EL,Greece,2018,skills-mismatch,2022,6.0,,score (0–100)
cedefop-esi-editions,EL,Greece,2019,skills-mismatch,2022,7.0,,score (0–100)
cedefop-esi-editions,EL,Greece,2020,skills-mismatch,2022,7.0,,score (0–100)
cedefop-esi-editions,ES,Spain,2018,skills-mismatch,2022,7.0,,score (0–100)
cedefop-esi-editions,ES,Spain,2019,skills-mismatch,2022,7.0,,score (0–100)
cedefop-esi-editions,ES,Spain,2020,skills-mismatch,2022,7.0,,score (0–100)
cedefop-esi-editions,FI,Finland,2018,skills-mismatch,2022,64.0,,score (0–100)
cedefop-esi-editions,FI,Finland,2019,skills-mismatch,2022,64.0,,score (0–100)
cedefop-esi-editions,FI,Finland,2020,skills-mismatch,2022,64.0,,score (0–100)
cedefop-esi-editions,FR,France,2018,skills-mismatch,2022,44.0,,score (0–100)
cedefop-esi-editions,FR,France,2019,skills-mismatch,2022,42.0,,score (0–100)
cedefop-esi-editions,FR,France,2020,skills-mismatch,2022,42.0,,score (0–100)
cedefop-esi-editions,HR,Croatia,2018,skills-mismatch,2022,61.0,,score (0–100)
cedefop-esi-editions,HR,Croatia,2019,skills-mismatch,2022,72.0,,score (0–100)
cedefop-esi-editions,HR,Croatia,2020,skills-mismatch,2022,72.0,,score (0–100)
cedefop-esi-editions,HU,Hungary,2018,skills-mismatch,2022,58.0,,score (0–100)
cedefop-esi-editions,HU,Hungary,2019,skills-mismatch,2022,59.0,,score (0–100)
cedefop-esi-editions,HU,Hungary,2020,skills-mismatch,2022,59.0,,score (0–100)
cedefop-esi-editions,IE,Ireland,2018,skills-mismatch,2022,5.0,,score (0–100)
cedefop-esi-editions,IE,Ireland,2019,skills-mismatch,2022,7.0,,score (0–100)
cedefop-esi-editions,IE,Ireland,2020,skills-mismatch,2022,7.0,,score (0–100)
cedefop-esi-editions,IS,Iceland,2018,skills-mismatch,2022,34.0,,score (0–100)
cedefop-esi-editions,IS,Iceland,2019,skills-mismatch,2022,42.0,,score (0–100)
cedefop-esi-editions,IS,Iceland,2020,skills-mismatch,2022,42.0,,score (0–100)
cedefop-esi-editions,IT,Italy,2018,skills-mismatch,2022,26.0,,score (0–100)
cedefop-esi-editions,IT,Italy,2019,skills-mismatch,2022,28.0,,score (0–100)
cedefop-esi-editions,IT,Italy,2020,skills-mismatch,2022,28.0,,score (0–100)
cedefop-esi-editions,LT,Lithuania,2018,skills-mismatch,2022,33.0,,score (0–100)
cedefop-esi-editions,LT,Lithuania,2019,skills-mismatch,2022,30.0,,score (0–100)
cedefop-esi-editions,LT,Lithuania,2020,skills-mismatch,2022,30.0,,score (0–100)
cedefop-esi-editions,LU,Luxembourg,2018,skills-mismatch,2022,68.0,,score (0–100)
cedefop-esi-editions,LU,Luxembourg,2019,skills-mismatch,2022,68.0,,score (0–100)
cedefop-esi-editions,LU,Luxembourg,2020,skills-mismatch,2022,68.0,,score (0–100)
cedefop-esi-editions,LV,Latvia,2018,skills-mismatch,2022,45.0,,score (0–100)
cedefop-esi-editions,LV,Latvia,2019,skills-mismatch,2022,41.0,,score (0–100)
cedefop-esi-editions,LV,Latvia,2020,skills-mismatch,2022,41.0,,score (0–100)
cedefop-esi-editions,MT,Malta,2018,skills-mismatch,2022,68.0,,score (0–100)
cedefop-esi-editions,MT,Malta,2019,skills-mismatch,2022,66.0,,score (0–100)
cedefop-esi-editions,MT,Malta,2020,skills-mismatch,2022,66.0,,score (0–100)
cedefop-esi-editions,NL,Netherlands,2018,skills-mismatch,2022,46.0,,score (0–100)
cedefop-esi-editions,NL,Netherlands,2019,skills-mismatch,2022,46.0,,score (0–100)
cedefop-esi-editions,NL,Netherlands,2020,skills-mismatch,2022,46.0,,score (0–100)
cedefop-esi-editions,NO,Norway,2018,skills-mismatch,2022,43.0,,score (0–100)
cedefop-esi-editions,NO,Norway,2019,skills-mismatch,2022,47.0,,score (0–100)
cedefop-esi-editions,NO,Norway,2020,skills-mismatch,2022,47.0,,score (0–100)
cedefop-esi-editions,PL,Poland,2018,skills-mismatch,2022,58.0,,score (0–100)
cedefop-esi-editions,PL,Poland,2019,skills-mismatch,2022,58.0,,score (0–100)
cedefop-esi-editions,PL,Poland,2020,skills-mismatch,2022,58.0,,score (0–100)
cedefop-esi-editions,PT,Portugal,2018,skills-mismatch,2022,30.0,,score (0–100)
cedefop-esi-editions,PT,Portugal,2019,skills-mismatch,2022,32.0,,score (0–100)
cedefop-esi-editions,PT,Portugal,2020,skills-mismatch,2022,32.0,,score (0–100)
cedefop-esi-editions,RO,Romania,2018,skills-mismatch,2022,51.0,,score (0–100)
cedefop-esi-editions,RO,Romania,2019,skills-mismatch,2022,59.0,,score (0–100)
cedefop-esi-editions,RO,Romania,2020,skills-mismatch,2022,59.0,,score (0–100)
cedefop-esi-editions,SE,Sweden,2018,skills-mismatch,2022,42.0,,score (0–100)
cedefop-esi-editions,SE,Sweden,2019,skills-mismatch,2022,46.0,,score (0–100)
cedefop-esi-editions,SE,Sweden,2020,skills-mismatch,2022,46.0,,score (0–100)
cedefop-esi-editions,SI,Slovenia,2018,skills-mismatch,2022,58.0,,score (0–100)
cedefop-esi-editions,SI,Slovenia,2019,skills-mismatch,2022,58.0,,score (0–100)
cedefop-esi-editions,SI,Slovenia,2020,skills-mismatch,2022,58.0,,score (0–100)
cedefop-esi-editions,SK,Slovakia,2018,skills-mismatch,2022,60.0,,score (0–100)
cedefop-esi-editions,SK,Slovakia,2019,skills-mismatch,2022,60.0,,score (0–100)
cedefop-esi-editions,SK,Slovakia,2020,skills-mismatch,2022,60.0,,score (0–100)
cedefop-esi-editions,UK,United Kingdom,2018,skills-mismatch,2022,19.0,,score (0–100)
cedefop-esi-editions,UK,United Kingdom,2019,skills-mismatch,2022,21.0,,score (0–100)
cedefop-esi-editions,UK,United Kingdom,2020,skills-mismatch,2022,21.0,,score (0–100)
cedefop-esi-editions,AT,Austria,2014,skills-utilisation,2018,68.7778,,score (0–100)
cedefop-esi-editions,AT,Austria,2015,skills-utilisation,2018,64.8889,,score (0–100)
cedefop-esi-editions,AT,Austria,2016,skills-utilisation,2018,64.0,,score (0–100)
cedefop-esi-editions,BE,Belgium,2014,skills-utilisation,2018,64.3333,,score (0–100)
cedefop-esi-editions,BE,Belgium,2015,skills-utilisation,2018,60.8889,,score (0–100)
cedefop-esi-editions,BE,Belgium,2016,skills-utilisation,2018,63.6667,,score (0–100)
cedefop-esi-editions,BG,Bulgaria,2014,skills-utilisation,2018,73.7778,,score (0–100)
cedefop-esi-editions,BG,Bulgaria,2015,skills-utilisation,2018,79.5555,,score (0–100)
cedefop-esi-editions,BG,Bulgaria,2016,skills-utilisation,2018,84.4444,,score (0–100)
cedefop-esi-editions,CY,Cyprus,2014,skills-utilisation,2018,10.2222,,score (0–100)
cedefop-esi-editions,CY,Cyprus,2015,skills-utilisation,2018,14.2222,,score (0–100)
cedefop-esi-editions,CY,Cyprus,2016,skills-utilisation,2018,18.6667,,score (0–100)
cedefop-esi-editions,CZ,Czechia,2014,skills-utilisation,2018,92.4444,,score (0–100)
cedefop-esi-editions,CZ,Czechia,2015,skills-utilisation,2018,93.7778,,score (0–100)
cedefop-esi-editions,CZ,Czechia,2016,skills-utilisation,2018,96.8889,,score (0–100)
cedefop-esi-editions,DE,Germany,2014,skills-utilisation,2018,65.6667,,score (0–100)
cedefop-esi-editions,DE,Germany,2015,skills-utilisation,2018,68.5556,,score (0–100)
cedefop-esi-editions,DE,Germany,2016,skills-utilisation,2018,72.8889,,score (0–100)
cedefop-esi-editions,DK,Denmark,2014,skills-utilisation,2018,81.8889,,score (0–100)
cedefop-esi-editions,DK,Denmark,2015,skills-utilisation,2018,83.8889,,score (0–100)
cedefop-esi-editions,DK,Denmark,2016,skills-utilisation,2018,62.2222,,score (0–100)
cedefop-esi-editions,EE,Estonia,2014,skills-utilisation,2018,89.7778,,score (0–100)
cedefop-esi-editions,EE,Estonia,2015,skills-utilisation,2018,91.7778,,score (0–100)
cedefop-esi-editions,EE,Estonia,2016,skills-utilisation,2018,93.1111,,score (0–100)
cedefop-esi-editions,EL,Greece,2014,skills-utilisation,2018,20.0,,score (0–100)
cedefop-esi-editions,EL,Greece,2015,skills-utilisation,2018,19.0,,score (0–100)
cedefop-esi-editions,EL,Greece,2016,skills-utilisation,2018,16.2222,,score (0–100)
cedefop-esi-editions,ES,Spain,2014,skills-utilisation,2018,1.0,,score (0–100)
cedefop-esi-editions,ES,Spain,2015,skills-utilisation,2018,4.0,,score (0–100)
cedefop-esi-editions,ES,Spain,2016,skills-utilisation,2018,10.2222,,score (0–100)
cedefop-esi-editions,FI,Finland,2014,skills-utilisation,2018,72.0,,score (0–100)
cedefop-esi-editions,FI,Finland,2015,skills-utilisation,2018,67.2222,,score (0–100)
cedefop-esi-editions,FI,Finland,2016,skills-utilisation,2018,66.2222,,score (0–100)
cedefop-esi-editions,FR,France,2014,skills-utilisation,2018,38.4444,,score (0–100)
cedefop-esi-editions,FR,France,2015,skills-utilisation,2018,36.0,,score (0–100)
cedefop-esi-editions,FR,France,2016,skills-utilisation,2018,38.0,,score (0–100)
cedefop-esi-editions,HR,Croatia,2014,skills-utilisation,2018,52.0,,score (0–100)
cedefop-esi-editions,HR,Croatia,2015,skills-utilisation,2018,47.0,,score (0–100)
cedefop-esi-editions,HR,Croatia,2016,skills-utilisation,2018,66.1111,,score (0–100)
cedefop-esi-editions,HU,Hungary,2014,skills-utilisation,2018,80.0,,score (0–100)
cedefop-esi-editions,HU,Hungary,2015,skills-utilisation,2018,85.6667,,score (0–100)
cedefop-esi-editions,HU,Hungary,2016,skills-utilisation,2018,93.7778,,score (0–100)
cedefop-esi-editions,IE,Ireland,2014,skills-utilisation,2018,26.1111,,score (0–100)
cedefop-esi-editions,IE,Ireland,2015,skills-utilisation,2018,38.8889,,score (0–100)
cedefop-esi-editions,IE,Ireland,2016,skills-utilisation,2018,49.7778,,score (0–100)
cedefop-esi-editions,IT,Italy,2014,skills-utilisation,2018,51.2222,,score (0–100)
cedefop-esi-editions,IT,Italy,2015,skills-utilisation,2018,54.7778,,score (0–100)
cedefop-esi-editions,IT,Italy,2016,skills-utilisation,2018,55.6667,,score (0–100)
cedefop-esi-editions,LT,Lithuania,2014,skills-utilisation,2018,72.1111,,score (0–100)
cedefop-esi-editions,LT,Lithuania,2015,skills-utilisation,2018,82.1111,,score (0–100)
cedefop-esi-editions,LT,Lithuania,2016,skills-utilisation,2018,88.1111,,score (0–100)
cedefop-esi-editions,LU,Luxembourg,2014,skills-utilisation,2018,89.3333,,score (0–100)
cedefop-esi-editions,LU,Luxembourg,2015,skills-utilisation,2018,83.0,,score (0–100)
cedefop-esi-editions,LU,Luxembourg,2016,skills-utilisation,2018,83.6667,,score (0–100)
cedefop-esi-editions,LV,Latvia,2014,skills-utilisation,2018,67.0,,score (0–100)
cedefop-esi-editions,LV,Latvia,2015,skills-utilisation,2018,67.4444,,score (0–100)
cedefop-esi-editions,LV,Latvia,2016,skills-utilisation,2018,64.6667,,score (0–100)
cedefop-esi-editions,MT,Malta,2014,skills-utilisation,2018,78.4444,,score (0–100)
cedefop-esi-editions,MT,Malta,2015,skills-utilisation,2018,81.7778,,score (0–100)
cedefop-esi-editions,MT,Malta,2016,skills-utilisation,2018,89.0,,score (0–100)
cedefop-esi-editions,NL,Netherlands,2014,skills-utilisation,2018,34.5556,,score (0–100)
cedefop-esi-editions,NL,Netherlands,2015,skills-utilisation,2018,38.1111,,score (0–100)
cedefop-esi-editions,NL,Netherlands,2016,skills-utilisation,2018,46.3333,,score (0–100)
cedefop-esi-editions,PL,Poland,2014,skills-utilisation,2018,75.5556,,score (0–100)
cedefop-esi-editions,PL,Poland,2015,skills-utilisation,2018,82.1111,,score (0–100)
cedefop-esi-editions,PL,Poland,2016,skills-utilisation,2018,88.6667,,score (0–100)
cedefop-esi-editions,PT,Portugal,2014,skills-utilisation,2018,29.1111,,score (0–100)
cedefop-esi-editions,PT,Portugal,2015,skills-utilisation,2018,35.4444,,score (0–100)
cedefop-esi-editions,PT,Portugal,2016,skills-utilisation,2018,42.8889,,score (0–100)
cedefop-esi-editions,RO,Romania,2014,skills-utilisation,2018,76.0,,score (0–100)
cedefop-esi-editions,RO,Romania,2015,skills-utilisation,2018,72.1111,,score (0–100)
cedefop-esi-editions,RO,Romania,2016,skills-utilisation,2018,77.1111,,score (0–100)
cedefop-esi-editions,SE,Sweden,2014,skills-utilisation,2018,62.2222,,score (0–100)
cedefop-esi-editions,SE,Sweden,2015,skills-utilisation,2018,66.7778,,score (0–100)
cedefop-esi-editions,SE,Sweden,2016,skills-utilisation,2018,74.6667,,score (0–100)
cedefop-esi-editions,SI,Slovenia,2014,skills-utilisation,2018,65.8889,,score (0–100)
cedefop-esi-editions,SI,Slovenia,2015,skills-utilisation,2018,62.5555,,score (0–100)
cedefop-esi-editions,SI,Slovenia,2016,skills-utilisation,2018,67.3333,,score (0–100)
cedefop-esi-editions,SK,Slovakia,2014,skills-utilisation,2018,56.1111,,score (0–100)
cedefop-esi-editions,SK,Slovakia,2015,skills-utilisation,2018,59.6667,,score (0–100)
cedefop-esi-editions,SK,Slovakia,2016,skills-utilisation,2018,65.6667,,score (0–100)
cedefop-esi-editions,UK,United Kingdom,2014,skills-utilisation,2018,48.6667,,score (0–100)
cedefop-esi-editions,UK,United Kingdom,2015,skills-utilisation,2018,54.3333,,score (0–100)
cedefop-esi-editions,UK,United Kingdom,2016,skills-utilisation,2018,59.6667,,score (0–100)
cedefop-esi-editions,AT,Austria,2016,skills-utilisation,2020,64.0,,score (0–100)
cedefop-esi-editions,AT,Austria,2017,skills-utilisation,2020,66.4,,score (0–100)
cedefop-esi-editions,AT,Austria,2018,skills-utilisation,2020,75.2,,score (0–100)
cedefop-esi-editions,BE,Belgium,2016,skills-utilisation,2020,63.7,,score (0–100)
cedefop-esi-editions,BE,Belgium,2017,skills-utilisation,2020,64.9,,score (0–100)
cedefop-esi-editions,BE,Belgium,2018,skills-utilisation,2020,67.6,,score (0–100)
cedefop-esi-editions,BG,Bulgaria,2016,skills-utilisation,2020,84.4,,score (0–100)
cedefop-esi-editions,BG,Bulgaria,2017,skills-utilisation,2020,89.3,,score (0–100)
cedefop-esi-editions,BG,Bulgaria,2018,skills-utilisation,2020,91.1,,score (0–100)
cedefop-esi-editions,CH,Switzerland,2016,skills-utilisation,2020,39.4,,score (0–100)
cedefop-esi-editions,CH,Switzerland,2017,skills-utilisation,2020,37.9,,score (0–100)
cedefop-esi-editions,CH,Switzerland,2018,skills-utilisation,2020,36.9,,score (0–100)
cedefop-esi-editions,CY,Cyprus,2016,skills-utilisation,2020,18.7,,score (0–100)
cedefop-esi-editions,CY,Cyprus,2017,skills-utilisation,2020,24.4,,score (0–100)
cedefop-esi-editions,CY,Cyprus,2018,skills-utilisation,2020,48.4,,score (0–100)
cedefop-esi-editions,CZ,Czechia,2016,skills-utilisation,2020,96.9,,score (0–100)
cedefop-esi-editions,CZ,Czechia,2017,skills-utilisation,2020,100.0,,score (0–100)
cedefop-esi-editions,CZ,Czechia,2018,skills-utilisation,2020,100.0,,score (0–100)
cedefop-esi-editions,DE,Germany,2016,skills-utilisation,2020,72.9,,score (0–100)
cedefop-esi-editions,DE,Germany,2017,skills-utilisation,2020,75.3,,score (0–100)
cedefop-esi-editions,DE,Germany,2018,skills-utilisation,2020,80.2,,score (0–100)
cedefop-esi-editions,DK,Denmark,2016,skills-utilisation,2020,62.2,,score (0–100)
cedefop-esi-editions,DK,Denmark,2017,skills-utilisation,2020,72.7,,score (0–100)
cedefop-esi-editions,DK,Denmark,2018,skills-utilisation,2020,82.6,,score (0–100)
cedefop-esi-editions,EE,Estonia,2016,skills-utilisation,2020,93.1,,score (0–100)
cedefop-esi-editions,EE,Estonia,2017,skills-utilisation,2020,96.0,,score (0–100)
cedefop-esi-editions,EE,Estonia,2018,skills-utilisation,2020,98.7,,score (0–100)
cedefop-esi-editions,EL,Greece,2016,skills-utilisation,2020,16.2,,score (0–100)
cedefop-esi-editions,EL,Greece,2017,skills-utilisation,2020,26.2,,score (0–100)
cedefop-esi-editions,EL,Greece,2018,skills-utilisation,2020,34.0,,score (0–100)
cedefop-esi-editions,ES,Spain,2016,skills-utilisation,2020,10.2,,score (0–100)
cedefop-esi-editions,ES,Spain,2017,skills-utilisation,2020,20.2,,score (0–100)
cedefop-esi-editions,ES,Spain,2018,skills-utilisation,2020,30.0,,score (0–100)
cedefop-esi-editions,FI,Finland,2016,skills-utilisation,2020,66.2,,score (0–100)
cedefop-esi-editions,FI,Finland,2017,skills-utilisation,2020,70.1,,score (0–100)
cedefop-esi-editions,FI,Finland,2018,skills-utilisation,2020,70.3,,score (0–100)
cedefop-esi-editions,FR,France,2016,skills-utilisation,2020,38.0,,score (0–100)
cedefop-esi-editions,FR,France,2017,skills-utilisation,2020,42.8,,score (0–100)
cedefop-esi-editions,FR,France,2018,skills-utilisation,2020,46.6,,score (0–100)
cedefop-esi-editions,HR,Croatia,2016,skills-utilisation,2020,66.1,,score (0–100)
cedefop-esi-editions,HR,Croatia,2017,skills-utilisation,2020,77.0,,score (0–100)
cedefop-esi-editions,HR,Croatia,2018,skills-utilisation,2020,84.3,,score (0–100)
cedefop-esi-editions,HU,Hungary,2016,skills-utilisation,2020,93.8,,score (0–100)
cedefop-esi-editions,HU,Hungary,2017,skills-utilisation,2020,96.9,,score (0–100)
cedefop-esi-editions,HU,Hungary,2018,skills-utilisation,2020,98.2,,score (0–100)
cedefop-esi-editions,IE,Ireland,2016,skills-utilisation,2020,49.8,,score (0–100)
cedefop-esi-editions,IE,Ireland,2017,skills-utilisation,2020,56.1,,score (0–100)
cedefop-esi-editions,IE,Ireland,2018,skills-utilisation,2020,57.1,,score (0–100)
cedefop-esi-editions,IS,Iceland,2016,skills-utilisation,2020,69.0,,score (0–100)
cedefop-esi-editions,IS,Iceland,2017,skills-utilisation,2020,70.0,,score (0–100)
cedefop-esi-editions,IS,Iceland,2018,skills-utilisation,2020,73.0,,score (0–100)
cedefop-esi-editions,IT,Italy,2016,skills-utilisation,2020,55.7,,score (0–100)
cedefop-esi-editions,IT,Italy,2017,skills-utilisation,2020,57.6,,score (0–100)
cedefop-esi-editions,IT,Italy,2018,skills-utilisation,2020,60.9,,score (0–100)
cedefop-esi-editions,LT,Lithuania,2016,skills-utilisation,2020,88.1,,score (0–100)
cedefop-esi-editions,LT,Lithuania,2017,skills-utilisation,2020,91.4,,score (0–100)
cedefop-esi-editions,LT,Lithuania,2018,skills-utilisation,2020,95.6,,score (0–100)
cedefop-esi-editions,LU,Luxembourg,2016,skills-utilisation,2020,83.7,,score (0–100)
cedefop-esi-editions,LU,Luxembourg,2017,skills-utilisation,2020,86.1,,score (0–100)
cedefop-esi-editions,LU,Luxembourg,2018,skills-utilisation,2020,92.2,,score (0–100)
cedefop-esi-editions,LV,Latvia,2016,skills-utilisation,2020,64.7,,score (0–100)
cedefop-esi-editions,LV,Latvia,2017,skills-utilisation,2020,70.8,,score (0–100)
cedefop-esi-editions,LV,Latvia,2018,skills-utilisation,2020,76.7,,score (0–100)
cedefop-esi-editions,MT,Malta,2016,skills-utilisation,2020,88.0,,score (0–100)
cedefop-esi-editions,MT,Malta,2017,skills-utilisation,2020,94.3,,score (0–100)
cedefop-esi-editions,MT,Malta,2018,skills-utilisation,2020,94.6,,score (0–100)
cedefop-esi-editions,NL,Netherlands,2016,skills-utilisation,2020,46.3,,score (0–100)
cedefop-esi-editions,NL,Netherlands,2017,skills-utilisation,2020,56.0,,score (0–100)
cedefop-esi-editions,NL,Netherlands,2018,skills-utilisation,2020,66.2,,score (0–100)
cedefop-esi-editions,NO,Norway,2016,skills-utilisation,2020,81.1,,score (0–100)
cedefop-esi-editions,NO,Norway,2017,skills-utilisation,2020,84.6,,score (0–100)
cedefop-esi-editions,NO,Norway,2018,skills-utilisation,2020,84.0,,score (0–100)
cedefop-esi-editions,PL,Poland,2016,skills-utilisation,2020,88.7,,score (0–100)
cedefop-esi-editions,PL,Poland,2017,skills-utilisation,2020,93.8,,score (0–100)
cedefop-esi-editions,PL,Poland,2018,skills-utilisation,2020,99.0,,score (0–100)
cedefop-esi-editions,PT,Portugal,2016,skills-utilisation,2020,42.9,,score (0–100)
cedefop-esi-editions,PT,Portugal,2017,skills-utilisation,2020,55.4,,score (0–100)
cedefop-esi-editions,PT,Portugal,2018,skills-utilisation,2020,67.7,,score (0–100)
cedefop-esi-editions,RO,Romania,2016,skills-utilisation,2020,77.1,,score (0–100)
cedefop-esi-editions,RO,Romania,2017,skills-utilisation,2020,82.6,,score (0–100)
cedefop-esi-editions,RO,Romania,2018,skills-utilisation,2020,84.4,,score (0–100)
cedefop-esi-editions,SE,Sweden,2016,skills-utilisation,2020,74.7,,score (0–100)
cedefop-esi-editions,SE,Sweden,2017,skills-utilisation,2020,77.1,,score (0–100)
cedefop-esi-editions,SE,Sweden,2018,skills-utilisation,2020,81.1,,score (0–100)
cedefop-esi-editions,SI,Slovenia,2016,skills-utilisation,2020,67.3,,score (0–100)
cedefop-esi-editions,SI,Slovenia,2017,skills-utilisation,2020,72.7,,score (0–100)
cedefop-esi-editions,SI,Slovenia,2018,skills-utilisation,2020,83.7,,score (0–100)
cedefop-esi-editions,SK,Slovakia,2016,skills-utilisation,2020,65.7,,score (0–100)
cedefop-esi-editions,SK,Slovakia,2017,skills-utilisation,2020,70.8,,score (0–100)
cedefop-esi-editions,SK,Slovakia,2018,skills-utilisation,2020,80.7,,score (0–100)
cedefop-esi-editions,UK,United Kingdom,2016,skills-utilisation,2020,59.7,,score (0–100)
cedefop-esi-editions,UK,United Kingdom,2017,skills-utilisation,2020,64.6,,score (0–100)
cedefop-esi-editions,UK,United Kingdom,2018,skills-utilisation,2020,66.6,,score (0–100)
cedefop-esi-editions,AT,Austria,2018,skills-utilisation,2022,66.0,,score (0–100)
cedefop-esi-editions,AT,Austria,2019,skills-utilisation,2022,74.0,,score (0–100)
cedefop-esi-editions,AT,Austria,2020,skills-utilisation,2022,67.0,,score (0–100)
cedefop-esi-editions,BE,Belgium,2018,skills-utilisation,2022,51.0,,score (0–100)
cedefop-esi-editions,BE,Belgium,2019,skills-utilisation,2022,59.0,,score (0–100)
cedefop-esi-editions,BE,Belgium,2020,skills-utilisation,2022,59.0,,score (0–100)
cedefop-esi-editions,BG,Bulgaria,2018,skills-utilisation,2022,77.0,,score (0–100)
cedefop-esi-editions,BG,Bulgaria,2019,skills-utilisation,2022,82.0,,score (0–100)
cedefop-esi-editions,BG,Bulgaria,2020,skills-utilisation,2022,84.0,,score (0–100)
cedefop-esi-editions,CH,Switzerland,2018,skills-utilisation,2022,30.0,,score (0–100)
cedefop-esi-editions,CH,Switzerland,2019,skills-utilisation,2022,33.0,,score (0–100)
cedefop-esi-editions,CH,Switzerland,2020,skills-utilisation,2022,31.0,,score (0–100)
cedefop-esi-editions,CY,Cyprus,2018,skills-utilisation,2022,35.0,,score (0–100)
cedefop-esi-editions,CY,Cyprus,2019,skills-utilisation,2022,48.0,,score (0–100)
cedefop-esi-editions,CY,Cyprus,2020,skills-utilisation,2022,45.0,,score (0–100)
cedefop-esi-editions,CZ,Czechia,2018,skills-utilisation,2022,98.0,,score (0–100)
cedefop-esi-editions,CZ,Czechia,2019,skills-utilisation,2022,99.0,,score (0–100)
cedefop-esi-editions,CZ,Czechia,2020,skills-utilisation,2022,99.0,,score (0–100)
cedefop-esi-editions,DE,Germany,2018,skills-utilisation,2022,71.0,,score (0–100)
cedefop-esi-editions,DE,Germany,2019,skills-utilisation,2022,75.0,,score (0–100)
cedefop-esi-editions,DE,Germany,2020,skills-utilisation,2022,77.0,,score (0–100)
cedefop-esi-editions,DK,Denmark,2018,skills-utilisation,2022,77.0,,score (0–100)
cedefop-esi-editions,DK,Denmark,2019,skills-utilisation,2022,77.0,,score (0–100)
cedefop-esi-editions,DK,Denmark,2020,skills-utilisation,2022,74.0,,score (0–100)
cedefop-esi-editions,EE,Estonia,2018,skills-utilisation,2022,88.0,,score (0–100)
cedefop-esi-editions,EE,Estonia,2019,skills-utilisation,2022,93.0,,score (0–100)
cedefop-esi-editions,EE,Estonia,2020,skills-utilisation,2022,89.0,,score (0–100)
cedefop-esi-editions,EL,Greece,2018,skills-utilisation,2022,17.0,,score (0–100)
cedefop-esi-editions,EL,Greece,2019,skills-utilisation,2022,19.0,,score (0–100)
cedefop-esi-editions,EL,Greece,2020,skills-utilisation,2022,23.0,,score (0–100)
cedefop-esi-editions,ES,Spain,2018,skills-utilisation,2022,13.0,,score (0–100)
cedefop-esi-editions,ES,Spain,2019,skills-utilisation,2022,15.0,,score (0–100)
cedefop-esi-editions,ES,Spain,2020,skills-utilisation,2022,17.0,,score (0–100)
cedefop-esi-editions,FI,Finland,2018,skills-utilisation,2022,61.0,,score (0–100)
cedefop-esi-editions,FI,Finland,2019,skills-utilisation,2022,64.0,,score (0–100)
cedefop-esi-editions,FI,Finland,2020,skills-utilisation,2022,62.0,,score (0–100)
cedefop-esi-editions,FR,France,2018,skills-utilisation,2022,40.0,,score (0–100)
cedefop-esi-editions,FR,France,2019,skills-utilisation,2022,45.0,,score (0–100)
cedefop-esi-editions,FR,France,2020,skills-utilisation,2022,52.0,,score (0–100)
cedefop-esi-editions,HR,Croatia,2018,skills-utilisation,2022,65.0,,score (0–100)
cedefop-esi-editions,HR,Croatia,2019,skills-utilisation,2022,75.0,,score (0–100)
cedefop-esi-editions,HR,Croatia,2020,skills-utilisation,2022,76.0,,score (0–100)
cedefop-esi-editions,HU,Hungary,2018,skills-utilisation,2022,91.0,,score (0–100)
cedefop-esi-editions,HU,Hungary,2019,skills-utilisation,2022,94.0,,score (0–100)
cedefop-esi-editions,HU,Hungary,2020,skills-utilisation,2022,93.0,,score (0–100)
cedefop-esi-editions,IE,Ireland,2018,skills-utilisation,2022,46.0,,score (0–100)
cedefop-esi-editions,IE,Ireland,2019,skills-utilisation,2022,53.0,,score (0–100)
cedefop-esi-editions,IE,Ireland,2020,skills-utilisation,2022,56.0,,score (0–100)
cedefop-esi-editions,IS,Iceland,2018,skills-utilisation,2022,70.0,,score (0–100)
cedefop-esi-editions,IS,Iceland,2019,skills-utilisation,2022,77.0,,score (0–100)
cedefop-esi-editions,IS,Iceland,2020,skills-utilisation,2022,66.0,,score (0–100)
cedefop-esi-editions,IT,Italy,2018,skills-utilisation,2022,41.0,,score (0–100)
cedefop-esi-editions,IT,Italy,2019,skills-utilisation,2022,41.0,,score (0–100)
cedefop-esi-editions,IT,Italy,2020,skills-utilisation,2022,36.0,,score (0–100)
cedefop-esi-editions,LT,Lithuania,2018,skills-utilisation,2022,83.0,,score (0–100)
cedefop-esi-editions,LT,Lithuania,2019,skills-utilisation,2022,86.0,,score (0–100)
cedefop-esi-editions,LT,Lithuania,2020,skills-utilisation,2022,80.0,,score (0–100)
cedefop-esi-editions,LU,Luxembourg,2018,skills-utilisation,2022,82.0,,score (0–100)
cedefop-esi-editions,LU,Luxembourg,2019,skills-utilisation,2022,82.0,,score (0–100)
cedefop-esi-editions,LU,Luxembourg,2020,skills-utilisation,2022,80.0,,score (0–100)
cedefop-esi-editions,LV,Latvia,2018,skills-utilisation,2022,59.0,,score (0–100)
cedefop-esi-editions,LV,Latvia,2019,skills-utilisation,2022,65.0,,score (0–100)
cedefop-esi-editions,LV,Latvia,2020,skills-utilisation,2022,64.0,,score (0–100)
cedefop-esi-editions,MT,Malta,2018,skills-utilisation,2022,80.0,,score (0–100)
cedefop-esi-editions,MT,Malta,2019,skills-utilisation,2022,89.0,,score (0–100)
cedefop-esi-editions,MT,Malta,2020,skills-utilisation,2022,89.0,,score (0–100)
cedefop-esi-editions,NL,Netherlands,2018,skills-utilisation,2022,58.0,,score (0–100)
cedefop-esi-editions,NL,Netherlands,2019,skills-utilisation,2022,67.0,,score (0–100)
cedefop-esi-editions,NL,Netherlands,2020,skills-utilisation,2022,64.0,,score (0–100)
cedefop-esi-editions,NO,Norway,2018,skills-utilisation,2022,76.0,,score (0–100)
cedefop-esi-editions,NO,Norway,2019,skills-utilisation,2022,76.0,,score (0–100)
cedefop-esi-editions,NO,Norway,2020,skills-utilisation,2022,70.0,,score (0–100)
cedefop-esi-editions,PL,Poland,2018,skills-utilisation,2022,90.0,,score (0–100)
cedefop-esi-editions,PL,Poland,2019,skills-utilisation,2022,93.0,,score (0–100)
cedefop-esi-editions,PL,Poland,2020,skills-utilisation,2022,96.0,,score (0–100)
cedefop-esi-editions,PT,Portugal,2018,skills-utilisation,2022,51.0,,score (0–100)
cedefop-esi-editions,PT,Portugal,2019,skills-utilisation,2022,56.0,,score (0–100)
cedefop-esi-editions,PT,Portugal,2020,skills-utilisation,2022,61.0,,score (0–100)
cedefop-esi-editions,RO,Romania,2018,skills-utilisation,2022,72.0,,score (0–100)
cedefop-esi-editions,RO,Romania,2019,skills-utilisation,2022,74.0,,score (0–100)
cedefop-esi-editions,RO,Romania,2020,skills-utilisation,2022,78.0,,score (0–100)
cedefop-esi-editions,SE,Sweden,2018,skills-utilisation,2022,70.0,,score (0–100)
cedefop-esi-editions,SE,Sweden,2019,skills-utilisation,2022,69.0,,score (0–100)
cedefop-esi-editions,SE,Sweden,2020,skills-utilisation,2022,63.0,,score (0–100)
cedefop-esi-editions,SI,Slovenia,2018,skills-utilisation,2022,70.0,,score (0–100)
cedefop-esi-editions,SI,Slovenia,2019,skills-utilisation,2022,80.0,,score (0–100)
cedefop-esi-editions,SI,Slovenia,2020,skills-utilisation,2022,78.0,,score (0–100)
cedefop-esi-editions,SK,Slovakia,2018,skills-utilisation,2022,58.0,,score (0–100)
cedefop-esi-editions,SK,Slovakia,2019,skills-utilisation,2022,68.0,,score (0–100)
cedefop-esi-editions,SK,Slovakia,2020,skills-utilisation,2022,71.0,,score (0–100)
cedefop-esi-editions,UK,United Kingdom,2018,skills-utilisation,2022,60.0,,score (0–100)
cedefop-esi-editions,UK,United Kingdom,2019,skills-utilisation,2022,61.0,,score (0–100)
cedefop-esi-editions,UK,United Kingdom,2020,skills-utilisation,2022,61.0,,score (0–100)
cedefop-esi-editions,AT,Austria,2014,training-and-other-education,2018,70.1894,,score (0–100)
cedefop-esi-editions,AT,Austria,2015,training-and-other-education,2018,70.1313,,score (0–100)
cedefop-esi-editions,AT,Austria,2016,training-and-other-education,2018,70.2716,,score (0–100)
cedefop-esi-editions,BE,Belgium,2014,training-and-other-education,2018,48.7463,,score (0–100)
cedefop-esi-editions,BE,Belgium,2015,training-and-other-education,2018,48.0676,,score (0–100)
cedefop-esi-editions,BE,Belgium,2016,training-and-other-education,2018,48.171,,score (0–100)
cedefop-esi-editions,BG,Bulgaria,2014,training-and-other-education,2018,31.8482,,score (0–100)
cedefop-esi-editions,BG,Bulgaria,2015,training-and-other-education,2018,31.1524,,score (0–100)
cedefop-esi-editions,BG,Bulgaria,2016,training-and-other-education,2018,30.6593,,score (0–100)
cedefop-esi-editions,CY,Cyprus,2014,training-and-other-education,2018,23.4155,,score (0–100)
cedefop-esi-editions,CY,Cyprus,2015,training-and-other-education,2018,24.0985,,score (0–100)
cedefop-esi-editions,CY,Cyprus,2016,training-and-other-education,2018,24.0701,,score (0–100)
cedefop-esi-editions,CZ,Czechia,2014,training-and-other-education,2018,60.9837,,score (0–100)
cedefop-esi-editions,CZ,Czechia,2015,training-and-other-education,2018,59.7381,,score (0–100)
cedefop-esi-editions,CZ,Czechia,2016,training-and-other-education,2018,60.0485,,score (0–100)
cedefop-esi-editions,DE,Germany,2014,training-and-other-education,2018,48.2363,,score (0–100)
cedefop-esi-editions,DE,Germany,2015,training-and-other-education,2018,47.8012,,score (0–100)
cedefop-esi-editions,DE,Germany,2016,training-and-other-education,2018,47.9458,,score (0–100)
cedefop-esi-editions,DK,Denmark,2014,training-and-other-education,2018,76.0564,,score (0–100)
cedefop-esi-editions,DK,Denmark,2015,training-and-other-education,2018,76.2179,,score (0–100)
cedefop-esi-editions,DK,Denmark,2016,training-and-other-education,2018,72.8156,,score (0–100)
cedefop-esi-editions,EE,Estonia,2014,training-and-other-education,2018,51.1886,,score (0–100)
cedefop-esi-editions,EE,Estonia,2015,training-and-other-education,2018,52.5546,,score (0–100)
cedefop-esi-editions,EE,Estonia,2016,training-and-other-education,2018,55.9684,,score (0–100)
cedefop-esi-editions,EL,Greece,2014,training-and-other-education,2018,34.4938,,score (0–100)
cedefop-esi-editions,EL,Greece,2015,training-and-other-education,2018,34.5973,,score (0–100)
cedefop-esi-editions,EL,Greece,2016,training-and-other-education,2018,35.3214,,score (0–100)
cedefop-esi-editions,ES,Spain,2014,training-and-other-education,2018,45.8856,,score (0–100)
cedefop-esi-editions,ES,Spain,2015,training-and-other-education,2018,46.1095,,score (0–100)
cedefop-esi-editions,ES,Spain,2016,training-and-other-education,2018,45.3768,,score (0–100)
cedefop-esi-editions,FI,Finland,2014,training-and-other-education,2018,92.4541,,score (0–100)
cedefop-esi-editions,FI,Finland,2015,training-and-other-education,2018,93.2491,,score (0–100)
cedefop-esi-editions,FI,Finland,2016,training-and-other-education,2018,94.2836,,score (0–100)
cedefop-esi-editions,FR,France,2014,training-and-other-education,2018,58.941,,score (0–100)
cedefop-esi-editions,FR,France,2015,training-and-other-education,2018,58.5018,,score (0–100)
cedefop-esi-editions,FR,France,2016,training-and-other-education,2018,58.7087,,score (0–100)
cedefop-esi-editions,HR,Croatia,2014,training-and-other-education,2018,48.0082,,score (0–100)
cedefop-esi-editions,HR,Croatia,2015,training-and-other-education,2018,48.157,,score (0–100)
cedefop-esi-editions,HR,Croatia,2016,training-and-other-education,2018,48.0536,,score (0–100)
cedefop-esi-editions,HU,Hungary,2014,training-and-other-education,2018,25.7665,,score (0–100)
cedefop-esi-editions,HU,Hungary,2015,training-and-other-education,2018,28.6744,,score (0–100)
cedefop-esi-editions,HU,Hungary,2016,training-and-other-education,2018,26.8776,,score (0–100)
cedefop-esi-editions,IE,Ireland,2014,training-and-other-education,2018,23.1547,,score (0–100)
cedefop-esi-editions,IE,Ireland,2015,training-and-other-education,2018,22.7409,,score (0–100)
cedefop-esi-editions,IE,Ireland,2016,training-and-other-education,2018,22.6375,,score (0–100)
cedefop-esi-editions,IT,Italy,2014,training-and-other-education,2018,49.2192,,score (0–100)
cedefop-esi-editions,IT,Italy,2015,training-and-other-education,2018,48.2301,,score (0–100)
cedefop-esi-editions,IT,Italy,2016,training-and-other-education,2018,49.2645,,score (0–100)
cedefop-esi-editions,LT,Lithuania,2014,training-and-other-education,2018,37.4645,,score (0–100)
cedefop-esi-editions,LT,Lithuania,2015,training-and-other-education,2018,38.2424,,score (0–100)
cedefop-esi-editions,LT,Lithuania,2016,training-and-other-education,2018,38.6647,,score (0–100)
cedefop-esi-editions,LU,Luxembourg,2014,training-and-other-education,2018,72.1912,,score (0–100)
cedefop-esi-editions,LU,Luxembourg,2015,training-and-other-education,2018,76.6734,,score (0–100)
cedefop-esi-editions,LU,Luxembourg,2016,training-and-other-education,2018,75.432,,score (0–100)
cedefop-esi-editions,LV,Latvia,2014,training-and-other-education,2018,41.3381,,score (0–100)
cedefop-esi-editions,LV,Latvia,2015,training-and-other-education,2018,41.5493,,score (0–100)
cedefop-esi-editions,LV,Latvia,2016,training-and-other-education,2018,43.2044,,score (0–100)
cedefop-esi-editions,MT,Malta,2014,training-and-other-education,2018,25.1527,,score (0–100)
cedefop-esi-editions,MT,Malta,2015,training-and-other-education,2018,24.9189,,score (0–100)
cedefop-esi-editions,MT,Malta,2016,training-and-other-education,2018,25.2293,,score (0–100)
cedefop-esi-editions,NL,Netherlands,2014,training-and-other-education,2018,66.2145,,score (0–100)
cedefop-esi-editions,NL,Netherlands,2015,training-and-other-education,2018,67.966,,score (0–100)
cedefop-esi-editions,NL,Netherlands,2016,training-and-other-education,2018,67.8625,,score (0–100)
cedefop-esi-editions,PL,Poland,2014,training-and-other-education,2018,36.7752,,score (0–100)
cedefop-esi-editions,PL,Poland,2015,training-and-other-education,2018,36.958,,score (0–100)
cedefop-esi-editions,PL,Poland,2016,training-and-other-education,2018,37.488,,score (0–100)
cedefop-esi-editions,PT,Portugal,2014,training-and-other-education,2018,52.5119,,score (0–100)
cedefop-esi-editions,PT,Portugal,2015,training-and-other-education,2018,52.0231,,score (0–100)
cedefop-esi-editions,PT,Portugal,2016,training-and-other-education,2018,49.9273,,score (0–100)
cedefop-esi-editions,RO,Romania,2014,training-and-other-education,2018,25.9326,,score (0–100)
cedefop-esi-editions,RO,Romania,2015,training-and-other-education,2018,25.2411,,score (0–100)
cedefop-esi-editions,RO,Romania,2016,training-and-other-education,2018,25.0838,,score (0–100)
cedefop-esi-editions,SE,Sweden,2014,training-and-other-education,2018,75.1391,,score (0–100)
cedefop-esi-editions,SE,Sweden,2015,training-and-other-education,2018,72.3844,,score (0–100)
cedefop-esi-editions,SE,Sweden,2016,training-and-other-education,2018,71.7298,,score (0–100)
cedefop-esi-editions,SI,Slovenia,2014,training-and-other-education,2018,63.6058,,score (0–100)
cedefop-esi-editions,SI,Slovenia,2015,training-and-other-education,2018,64.2605,,score (0–100)
cedefop-esi-editions,SI,Slovenia,2016,training-and-other-education,2018,63.9501,,score (0–100)
cedefop-esi-editions,SK,Slovakia,2014,training-and-other-education,2018,50.0955,,score (0–100)
cedefop-esi-editions,SK,Slovakia,2015,training-and-other-education,2018,50.0955,,score (0–100)
cedefop-esi-editions,SK,Slovakia,2016,training-and-other-education,2018,49.8886,,score (0–100)
cedefop-esi-editions,UK,United Kingdom,2014,training-and-other-education,2018,56.7686,,score (0–100)
cedefop-esi-editions,UK,United Kingdom,2015,training-and-other-education,2018,54.7479,,score (0–100)
cedefop-esi-editions,UK,United Kingdom,2016,training-and-other-education,2018,53.4031,,score (0–100)
cedefop-esi-editions,AT,Austria,2016,training-and-other-education,2020,70.3,,score (0–100)
cedefop-esi-editions,AT,Austria,2017,training-and-other-education,2020,71.1,,score (0–100)
cedefop-esi-editions,AT,Austria,2018,training-and-other-education,2020,70.4,,score (0–100)
cedefop-esi-editions,BE,Belgium,2016,training-and-other-education,2020,48.0,,score (0–100)
cedefop-esi-editions,BE,Belgium,2017,training-and-other-education,2020,48.8,,score (0–100)
cedefop-esi-editions,BE,Belgium,2018,training-and-other-education,2020,48.8,,score (0–100)
cedefop-esi-editions,BG,Bulgaria,2016,training-and-other-education,2020,30.7,,score (0–100)
cedefop-esi-editions,BG,Bulgaria,2017,training-and-other-education,2020,30.4,,score (0–100)
cedefop-esi-editions,BG,Bulgaria,2018,training-and-other-education,2020,30.6,,score (0–100)
cedefop-esi-editions,CH,Switzerland,2016,training-and-other-education,2020,91.6,,score (0–100)
cedefop-esi-editions,CH,Switzerland,2017,training-and-other-education,2020,91.1,,score (0–100)
cedefop-esi-editions,CH,Switzerland,2018,training-and-other-education,2020,91.1,,score (0–100)
cedefop-esi-editions,CY,Cyprus,2016,training-and-other-education,2020,24.1,,score (0–100)
cedefop-esi-editions,CY,Cyprus,2017,training-and-other-education,2020,24.1,,score (0–100)
cedefop-esi-editions,CY,Cyprus,2018,training-and-other-education,2020,23.9,,score (0–100)
cedefop-esi-editions,CZ,Czechia,2016,training-and-other-education,2020,59.9,,score (0–100)
cedefop-esi-editions,CZ,Czechia,2017,training-and-other-education,2020,60.7,,score (0–100)
cedefop-esi-editions,CZ,Czechia,2018,training-and-other-education,2020,59.3,,score (0–100)
cedefop-esi-editions,DE,Germany,2016,training-and-other-education,2020,47.9,,score (0–100)
cedefop-esi-editions,DE,Germany,2017,training-and-other-education,2020,47.5,,score (0–100)
cedefop-esi-editions,DE,Germany,2018,training-and-other-education,2020,47.3,,score (0–100)
cedefop-esi-editions,DK,Denmark,2016,training-and-other-education,2020,72.8,,score (0–100)
cedefop-esi-editions,DK,Denmark,2017,training-and-other-education,2020,71.0,,score (0–100)
cedefop-esi-editions,DK,Denmark,2018,training-and-other-education,2020,67.6,,score (0–100)
cedefop-esi-editions,EE,Estonia,2016,training-and-other-education,2020,57.6,,score (0–100)
cedefop-esi-editions,EE,Estonia,2017,training-and-other-education,2020,60.2,,score (0–100)
cedefop-esi-editions,EE,Estonia,2018,training-and-other-education,2020,62.8,,score (0–100)
cedefop-esi-editions,EL,Greece,2016,training-and-other-education,2020,34.0,,score (0–100)
cedefop-esi-editions,EL,Greece,2017,training-and-other-education,2020,34.4,,score (0–100)
cedefop-esi-editions,EL,Greece,2018,training-and-other-education,2020,34.4,,score (0–100)
cedefop-esi-editions,ES,Spain,2016,training-and-other-education,2020,45.4,,score (0–100)
cedefop-esi-editions,ES,Spain,2017,training-and-other-education,2020,46.2,,score (0–100)
cedefop-esi-editions,ES,Spain,2018,training-and-other-education,2020,46.8,,score (0–100)
cedefop-esi-editions,FI,Finland,2016,training-and-other-education,2020,94.3,,score (0–100)
cedefop-esi-editions,FI,Finland,2017,training-and-other-education,2020,95.5,,score (0–100)
cedefop-esi-editions,FI,Finland,2018,training-and-other-education,2020,96.6,,score (0–100)
cedefop-esi-editions,FR,France,2016,training-and-other-education,2020,58.2,,score (0–100)
cedefop-esi-editions,FR,France,2017,training-and-other-education,2020,57.7,,score (0–100)
cedefop-esi-editions,FR,France,2018,training-and-other-education,2020,57.6,,score (0–100)
cedefop-esi-editions,HR,Croatia,2016,training-and-other-education,2020,47.8,,score (0–100)
cedefop-esi-editions,HR,Croatia,2017,training-and-other-education,2020,46.9,,score (0–100)
cedefop-esi-editions,HR,Croatia,2018,training-and-other-education,2020,47.5,,score (0–100)
cedefop-esi-editions,HU,Hungary,2016,training-and-other-education,2020,26.9,,score (0–100)
cedefop-esi-editions,HU,Hungary,2017,training-and-other-education,2020,27.6,,score (0–100)
cedefop-esi-editions,HU,Hungary,2018,training-and-other-education,2020,27.4,,score (0–100)
cedefop-esi-editions,IE,Ireland,2016,training-and-other-education,2020,22.7,,score (0–100)
cedefop-esi-editions,IE,Ireland,2017,training-and-other-education,2020,25.3,,score (0–100)
cedefop-esi-editions,IE,Ireland,2018,training-and-other-education,2020,28.9,,score (0–100)
cedefop-esi-editions,IS,Iceland,2016,training-and-other-education,2020,64.6,,score (0–100)
cedefop-esi-editions,IS,Iceland,2017,training-and-other-education,2020,63.5,,score (0–100)
cedefop-esi-editions,IS,Iceland,2018,training-and-other-education,2020,61.3,,score (0–100)
cedefop-esi-editions,IT,Italy,2016,training-and-other-education,2020,49.2,,score (0–100)
cedefop-esi-editions,IT,Italy,2017,training-and-other-education,2020,48.6,,score (0–100)
cedefop-esi-editions,IT,Italy,2018,training-and-other-education,2020,48.8,,score (0–100)
cedefop-esi-editions,LT,Lithuania,2016,training-and-other-education,2020,38.7,,score (0–100)
cedefop-esi-editions,LT,Lithuania,2017,training-and-other-education,2020,38.7,,score (0–100)
cedefop-esi-editions,LT,Lithuania,2018,training-and-other-education,2020,39.4,,score (0–100)
cedefop-esi-editions,LU,Luxembourg,2016,training-and-other-education,2020,75.2,,score (0–100)
cedefop-esi-editions,LU,Luxembourg,2017,training-and-other-education,2020,76.0,,score (0–100)
cedefop-esi-editions,LU,Luxembourg,2018,training-and-other-education,2020,76.8,,score (0–100)
cedefop-esi-editions,LV,Latvia,2016,training-and-other-education,2020,42.3,,score (0–100)
cedefop-esi-editions,LV,Latvia,2017,training-and-other-education,2020,42.8,,score (0–100)
cedefop-esi-editions,LV,Latvia,2018,training-and-other-education,2020,41.9,,score (0–100)
cedefop-esi-editions,MT,Malta,2016,training-and-other-education,2020,34.2,,score (0–100)
cedefop-esi-editions,MT,Malta,2017,training-and-other-education,2020,36.2,,score (0–100)
cedefop-esi-editions,MT,Malta,2018,training-and-other-education,2020,36.4,,score (0–100)
cedefop-esi-editions,NL,Netherlands,2016,training-and-other-education,2020,67.3,,score (0–100)
cedefop-esi-editions,NL,Netherlands,2017,training-and-other-education,2020,68.0,,score (0–100)
cedefop-esi-editions,NL,Netherlands,2018,training-and-other-education,2020,68.0,,score (0–100)
cedefop-esi-editions,NO,Norway,2016,training-and-other-education,2020,72.4,,score (0–100)
cedefop-esi-editions,NO,Norway,2017,training-and-other-education,2020,72.3,,score (0–100)
cedefop-esi-editions,NO,Norway,2018,training-and-other-education,2020,72.1,,score (0–100)
cedefop-esi-editions,PL,Poland,2016,training-and-other-education,2020,37.5,,score (0–100)
cedefop-esi-editions,PL,Poland,2017,training-and-other-education,2020,38.1,,score (0–100)
cedefop-esi-editions,PL,Poland,2018,training-and-other-education,2020,39.9,,score (0–100)
cedefop-esi-editions,PT,Portugal,2016,training-and-other-education,2020,49.9,,score (0–100)
cedefop-esi-editions,PT,Portugal,2017,training-and-other-education,2020,49.9,,score (0–100)
cedefop-esi-editions,PT,Portugal,2018,training-and-other-education,2020,50.4,,score (0–100)
cedefop-esi-editions,RO,Romania,2016,training-and-other-education,2020,25.1,,score (0–100)
cedefop-esi-editions,RO,Romania,2017,training-and-other-education,2020,25.0,,score (0–100)
cedefop-esi-editions,RO,Romania,2018,training-and-other-education,2020,24.9,,score (0–100)
cedefop-esi-editions,SE,Sweden,2016,training-and-other-education,2020,71.7,,score (0–100)
cedefop-esi-editions,SE,Sweden,2017,training-and-other-education,2020,70.8,,score (0–100)
cedefop-esi-editions,SE,Sweden,2018,training-and-other-education,2020,70.0,,score (0–100)
cedefop-esi-editions,SI,Slovenia,2016,training-and-other-education,2020,65.6,,score (0–100)
cedefop-esi-editions,SI,Slovenia,2017,training-and-other-education,2020,65.7,,score (0–100)
cedefop-esi-editions,SI,Slovenia,2018,training-and-other-education,2020,65.1,,score (0–100)
cedefop-esi-editions,SK,Slovakia,2016,training-and-other-education,2020,49.8,,score (0–100)
cedefop-esi-editions,SK,Slovakia,2017,training-and-other-education,2020,50.4,,score (0–100)
cedefop-esi-editions,SK,Slovakia,2018,training-and-other-education,2020,51.0,,score (0–100)
cedefop-esi-editions,UK,United Kingdom,2016,training-and-other-education,2020,60.4,,score (0–100)
cedefop-esi-editions,UK,United Kingdom,2017,training-and-other-education,2020,56.8,,score (0–100)
cedefop-esi-editions,UK,United Kingdom,2018,training-and-other-education,2020,57.1,,score (0–100)
cedefop-esi-editions,AT,Austria,2018,training-and-other-education,2022,63.0,,score (0–100)
cedefop-esi-editions,AT,Austria,2019,training-and-other-education,2022,64.0,,score (0–100)
cedefop-esi-editions,AT,Austria,2020,training-and-other-education,2022,61.0,,score (0–100)
cedefop-esi-editions,BE,Belgium,2018,training-and-other-education,2022,47.0,,score (0–100)
cedefop-esi-editions,BE,Belgium,2019,training-and-other-education,2022,47.0,,score (0–100)
cedefop-esi-editions,BE,Belgium,2020,training-and-other-education,2022,47.0,,score (0–100)
cedefop-esi-editions,BG,Bulgaria,2018,training-and-other-education,2022,24.0,,score (0–100)
cedefop-esi-editions,BG,Bulgaria,2019,training-and-other-education,2022,23.0,,score (0–100)
cedefop-esi-editions,BG,Bulgaria,2020,training-and-other-education,2022,23.0,,score (0–100)
cedefop-esi-editions,CH,Switzerland,2018,training-and-other-education,2022,82.0,,score (0–100)
cedefop-esi-editions,CH,Switzerland,2019,training-and-other-education,2022,84.0,,score (0–100)
cedefop-esi-editions,CH,Switzerland,2020,training-and-other-education,2022,80.0,,score (0–100)
cedefop-esi-editions,CY,Cyprus,2018,training-and-other-education,2022,14.0,,score (0–100)
cedefop-esi-editions,CY,Cyprus,2019,training-and-other-education,2022,15.0,,score (0–100)
cedefop-esi-editions,CY,Cyprus,2020,training-and-other-education,2022,14.0,,score (0–100)
cedefop-esi-editions,CZ,Czechia,2018,training-and-other-education,2022,51.0,,score (0–100)
cedefop-esi-editions,CZ,Czechia,2019,training-and-other-education,2022,50.0,,score (0–100)
cedefop-esi-editions,CZ,Czechia,2020,training-and-other-education,2022,48.0,,score (0–100)
cedefop-esi-editions,DE,Germany,2018,training-and-other-education,2022,44.0,,score (0–100)
cedefop-esi-editions,DE,Germany,2019,training-and-other-education,2022,46.0,,score (0–100)
cedefop-esi-editions,DE,Germany,2020,training-and-other-education,2022,45.0,,score (0–100)
cedefop-esi-editions,DK,Denmark,2018,training-and-other-education,2022,60.0,,score (0–100)
cedefop-esi-editions,DK,Denmark,2019,training-and-other-education,2022,62.0,,score (0–100)
cedefop-esi-editions,DK,Denmark,2020,training-and-other-education,2022,57.0,,score (0–100)
cedefop-esi-editions,EE,Estonia,2018,training-and-other-education,2022,50.0,,score (0–100)
cedefop-esi-editions,EE,Estonia,2019,training-and-other-education,2022,51.0,,score (0–100)
cedefop-esi-editions,EE,Estonia,2020,training-and-other-education,2022,48.0,,score (0–100)
cedefop-esi-editions,EL,Greece,2018,training-and-other-education,2022,19.0,,score (0–100)
cedefop-esi-editions,EL,Greece,2019,training-and-other-education,2022,19.0,,score (0–100)
cedefop-esi-editions,EL,Greece,2020,training-and-other-education,2022,20.0,,score (0–100)
cedefop-esi-editions,ES,Spain,2018,training-and-other-education,2022,37.0,,score (0–100)
cedefop-esi-editions,ES,Spain,2019,training-and-other-education,2022,39.0,,score (0–100)
cedefop-esi-editions,ES,Spain,2020,training-and-other-education,2022,39.0,,score (0–100)
cedefop-esi-editions,FI,Finland,2018,training-and-other-education,2022,85.0,,score (0–100)
cedefop-esi-editions,FI,Finland,2019,training-and-other-education,2022,85.0,,score (0–100)
cedefop-esi-editions,FI,Finland,2020,training-and-other-education,2022,84.0,,score (0–100)
cedefop-esi-editions,FR,France,2018,training-and-other-education,2022,44.0,,score (0–100)
cedefop-esi-editions,FR,France,2019,training-and-other-education,2022,46.0,,score (0–100)
cedefop-esi-editions,FR,France,2020,training-and-other-education,2022,40.0,,score (0–100)
cedefop-esi-editions,HR,Croatia,2018,training-and-other-education,2022,46.0,,score (0–100)
cedefop-esi-editions,HR,Croatia,2019,training-and-other-education,2022,51.0,,score (0–100)
cedefop-esi-editions,HR,Croatia,2020,training-and-other-education,2022,51.0,,score (0–100)
cedefop-esi-editions,HU,Hungary,2018,training-and-other-education,2022,28.0,,score (0–100)
cedefop-esi-editions,HU,Hungary,2019,training-and-other-education,2022,32.0,,score (0–100)
cedefop-esi-editions,HU,Hungary,2020,training-and-other-education,2022,31.0,,score (0–100)
cedefop-esi-editions,IE,Ireland,2018,training-and-other-education,2022,37.0,,score (0–100)
cedefop-esi-editions,IE,Ireland,2019,training-and-other-education,2022,34.0,,score (0–100)
cedefop-esi-editions,IE,Ireland,2020,training-and-other-education,2022,33.0,,score (0–100)
cedefop-esi-editions,IS,Iceland,2018,training-and-other-education,2022,60.0,,score (0–100)
cedefop-esi-editions,IS,Iceland,2019,training-and-other-education,2022,62.0,,score (0–100)
cedefop-esi-editions,IS,Iceland,2020,training-and-other-education,2022,61.0,,score (0–100)
cedefop-esi-editions,IT,Italy,2018,training-and-other-education,2022,37.0,,score (0–100)
cedefop-esi-editions,IT,Italy,2019,training-and-other-education,2022,37.0,,score (0–100)
cedefop-esi-editions,IT,Italy,2020,training-and-other-education,2022,36.0,,score (0–100)
cedefop-esi-editions,LT,Lithuania,2018,training-and-other-education,2022,27.0,,score (0–100)
cedefop-esi-editions,LT,Lithuania,2019,training-and-other-education,2022,26.0,,score (0–100)
cedefop-esi-editions,LT,Lithuania,2020,training-and-other-education,2022,27.0,,score (0–100)
cedefop-esi-editions,LU,Luxembourg,2018,training-and-other-education,2022,67.0,,score (0–100)
cedefop-esi-editions,LU,Luxembourg,2019,training-and-other-education,2022,62.0,,score (0–100)
cedefop-esi-editions,LU,Luxembourg,2020,training-and-other-education,2022,60.0,,score (0–100)
cedefop-esi-editions,LV,Latvia,2018,training-and-other-education,2022,30.0,,score (0–100)
cedefop-esi-editions,LV,Latvia,2019,training-and-other-education,2022,29.0,,score (0–100)
cedefop-esi-editions,LV,Latvia,2020,training-and-other-education,2022,29.0,,score (0–100)
cedefop-esi-editions,MT,Malta,2018,training-and-other-education,2022,36.0,,score (0–100)
cedefop-esi-editions,MT,Malta,2019,training-and-other-education,2022,36.0,,score (0–100)
cedefop-esi-editions,MT,Malta,2020,training-and-other-education,2022,35.0,,score (0–100)
cedefop-esi-editions,NL,Netherlands,2018,training-and-other-education,2022,74.0,,score (0–100)
cedefop-esi-editions,NL,Netherlands,2019,training-and-other-education,2022,75.0,,score (0–100)
cedefop-esi-editions,NL,Netherlands,2020,training-and-other-education,2022,75.0,,score (0–100)
cedefop-esi-editions,NO,Norway,2018,training-and-other-education,2022,65.0,,score (0–100)
cedefop-esi-editions,NO,Norway,2019,training-and-other-education,2022,66.0,,score (0–100)
cedefop-esi-editions,NO,Norway,2020,training-and-other-education,2022,63.0,,score (0–100)
cedefop-esi-editions,PL,Poland,2018,training-and-other-education,2022,34.0,,score (0–100)
cedefop-esi-editions,PL,Poland,2019,training-and-other-education,2022,33.0,,score (0–100)
cedefop-esi-editions,PL,Poland,2020,training-and-other-education,2022,32.0,,score (0–100)
cedefop-esi-editions,PT,Portugal,2018,training-and-other-education,2022,38.0,,score (0–100)
cedefop-esi-editions,PT,Portugal,2019,training-and-other-education,2022,38.0,,score (0–100)
cedefop-esi-editions,PT,Portugal,2020,training-and-other-education,2022,37.0,,score (0–100)
cedefop-esi-editions,RO,Romania,2018,training-and-other-education,2022,24.0,,score (0–100)
cedefop-esi-editions,RO,Romania,2019,training-and-other-education,2022,25.0,,score (0–100)
cedefop-esi-editions,RO,Romania,2020,training-and-other-education,2022,24.0,,score (0–100)
cedefop-esi-editions,SE,Sweden,2018,training-and-other-education,2022,65.0,,score (0–100)
cedefop-esi-editions,SE,Sweden,2019,training-and-other-education,2022,65.0,,score (0–100)
cedefop-esi-editions,SE,Sweden,2020,training-and-other-education,2022,62.0,,score (0–100)
cedefop-esi-editions,SI,Slovenia,2018,training-and-other-education,2022,57.0,,score (0–100)
cedefop-esi-editions,SI,Slovenia,2019,training-and-other-education,2022,57.0,,score (0–100)
cedefop-esi-editions,SI,Slovenia,2020,training-and-other-education,2022,54.0,,score (0–100)
cedefop-esi-editions,SK,Slovakia,2018,training-and-other-education,2022,47.0,,score (0–100)
cedefop-esi-editions,SK,Slovakia,2019,training-and-other-education,2022,45.0,,score (0–100)
cedefop-esi-editions,SK,Slovakia,2020,training-and-other-education,2022,44.0,,score (0–100)
cedefop-esi-editions,UK,United Kingdom,2018,training-and-other-education,2022,55.0,,score (0–100)
cedefop-esi-editions,UK,United Kingdom,2019,training-and-other-education,2022,55.0,,score (0–100)
cedefop-esi-editions,UK,United Kingdom,2020,training-and-other-education,2022,55.0,,score (0–100)
cedefop-esi-editions,AT,Austria,2014,transition-to-work,2018,79.275,,score (0–100)
cedefop-esi-editions,AT,Austria,2015,transition-to-work,2018,78.175,,score (0–100)
cedefop-esi-editions,AT,Austria,2016,transition-to-work,2018,79.575,,score (0–100)
cedefop-esi-editions,BE,Belgium,2014,transition-to-work,2018,53.875,,score (0–100)
cedefop-esi-editions,BE,Belgium,2015,transition-to-work,2018,49.875,,score (0–100)
cedefop-esi-editions,BE,Belgium,2016,transition-to-work,2018,61.65,,score (0–100)
cedefop-esi-editions,BG,Bulgaria,2014,transition-to-work,2018,7.8,,score (0–100)
cedefop-esi-editions,BG,Bulgaria,2015,transition-to-work,2018,14.7,,score (0–100)
cedefop-esi-editions,BG,Bulgaria,2016,transition-to-work,2018,12.75,,score (0–100)
cedefop-esi-editions,CY,Cyprus,2014,transition-to-work,2018,73.275,,score (0–100)
cedefop-esi-editions,CY,Cyprus,2015,transition-to-work,2018,72.55,,score (0–100)
cedefop-esi-editions,CY,Cyprus,2016,transition-to-work,2018,69.8,,score (0–100)
cedefop-esi-editions,CZ,Czechia,2014,transition-to-work,2018,79.225,,score (0–100)
cedefop-esi-editions,CZ,Czechia,2015,transition-to-work,2018,72.9,,score (0–100)
cedefop-esi-editions,CZ,Czechia,2016,transition-to-work,2018,77.15,,score (0–100)
cedefop-esi-editions,DE,Germany,2014,transition-to-work,2018,67.375,,score (0–100)
cedefop-esi-editions,DE,Germany,2015,transition-to-work,2018,65.05,,score (0–100)
cedefop-esi-editions,DE,Germany,2016,transition-to-work,2018,64.825,,score (0–100)
cedefop-esi-editions,DK,Denmark,2014,transition-to-work,2018,73.15,,score (0–100)
cedefop-esi-editions,DK,Denmark,2015,transition-to-work,2018,72.525,,score (0–100)
cedefop-esi-editions,DK,Denmark,2016,transition-to-work,2018,75.925,,score (0–100)
cedefop-esi-editions,EE,Estonia,2014,transition-to-work,2018,64.05,,score (0–100)
cedefop-esi-editions,EE,Estonia,2015,transition-to-work,2018,61.05,,score (0–100)
cedefop-esi-editions,EE,Estonia,2016,transition-to-work,2018,68.2,,score (0–100)
cedefop-esi-editions,EL,Greece,2014,transition-to-work,2018,36.75,,score (0–100)
cedefop-esi-editions,EL,Greece,2015,transition-to-work,2018,44.625,,score (0–100)
cedefop-esi-editions,EL,Greece,2016,transition-to-work,2018,53.375,,score (0–100)
cedefop-esi-editions,ES,Spain,2014,transition-to-work,2018,7.575,,score (0–100)
cedefop-esi-editions,ES,Spain,2015,transition-to-work,2018,7.65,,score (0–100)
cedefop-esi-editions,ES,Spain,2016,transition-to-work,2018,9.75,,score (0–100)
cedefop-esi-editions,FI,Finland,2014,transition-to-work,2018,54.125,,score (0–100)
cedefop-esi-editions,FI,Finland,2015,transition-to-work,2018,53.0,,score (0–100)
cedefop-esi-editions,FI,Finland,2016,transition-to-work,2018,62.3,,score (0–100)
cedefop-esi-editions,FR,France,2014,transition-to-work,2018,51.025,,score (0–100)
cedefop-esi-editions,FR,France,2015,transition-to-work,2018,46.3,,score (0–100)
cedefop-esi-editions,FR,France,2016,transition-to-work,2018,49.375,,score (0–100)
cedefop-esi-editions,HR,Croatia,2014,transition-to-work,2018,73.5,,score (0–100)
cedefop-esi-editions,HR,Croatia,2015,transition-to-work,2018,74.175,,score (0–100)
cedefop-esi-editions,HR,Croatia,2016,transition-to-work,2018,82.25,,score (0–100)
cedefop-esi-editions,HU,Hungary,2014,transition-to-work,2018,42.125,,score (0–100)
cedefop-esi-editions,HU,Hungary,2015,transition-to-work,2018,46.175,,score (0–100)
cedefop-esi-editions,HU,Hungary,2016,transition-to-work,2018,47.0,,score (0–100)
cedefop-esi-editions,IE,Ireland,2014,transition-to-work,2018,57.05,,score (0–100)
cedefop-esi-editions,IE,Ireland,2015,transition-to-work,2018,58.1,,score (0–100)
cedefop-esi-editions,IE,Ireland,2016,transition-to-work,2018,68.25,,score (0–100)
cedefop-esi-editions,IT,Italy,2014,transition-to-work,2018,0.0,,score (0–100)
cedefop-esi-editions,IT,Italy,2015,transition-to-work,2018,0.0,,score (0–100)
cedefop-esi-editions,IT,Italy,2016,transition-to-work,2018,5.25,,score (0–100)
cedefop-esi-editions,LT,Lithuania,2014,transition-to-work,2018,75.275,,score (0–100)
cedefop-esi-editions,LT,Lithuania,2015,transition-to-work,2018,78.075,,score (0–100)
cedefop-esi-editions,LT,Lithuania,2016,transition-to-work,2018,80.925,,score (0–100)
cedefop-esi-editions,LU,Luxembourg,2014,transition-to-work,2018,88.975,,score (0–100)
cedefop-esi-editions,LU,Luxembourg,2015,transition-to-work,2018,77.4,,score (0–100)
cedefop-esi-editions,LU,Luxembourg,2016,transition-to-work,2018,85.8,,score (0–100)
cedefop-esi-editions,LV,Latvia,2014,transition-to-work,2018,65.5,,score (0–100)
cedefop-esi-editions,LV,Latvia,2015,transition-to-work,2018,72.1,,score (0–100)
cedefop-esi-editions,LV,Latvia,2016,transition-to-work,2018,58.3,,score (0–100)
cedefop-esi-editions,MT,Malta,2014,transition-to-work,2018,63.5,,score (0–100)
cedefop-esi-editions,MT,Malta,2015,transition-to-work,2018,65.875,,score (0–100)
cedefop-esi-editions,MT,Malta,2016,transition-to-work,2018,72.0,,score (0–100)
cedefop-esi-editions,NL,Netherlands,2014,transition-to-work,2018,78.525,,score (0–100)
cedefop-esi-editions,NL,Netherlands,2015,transition-to-work,2018,84.4,,score (0–100)
cedefop-esi-editions,NL,Netherlands,2016,transition-to-work,2018,85.825,,score (0–100)
cedefop-esi-editions,PL,Poland,2014,transition-to-work,2018,73.2,,score (0–100)
cedefop-esi-editions,PL,Poland,2015,transition-to-work,2018,75.425,,score (0–100)
cedefop-esi-editions,PL,Poland,2016,transition-to-work,2018,78.4,,score (0–100)
cedefop-esi-editions,PT,Portugal,2014,transition-to-work,2018,26.55,,score (0–100)
cedefop-esi-editions,PT,Portugal,2015,transition-to-work,2018,45.275,,score (0–100)
cedefop-esi-editions,PT,Portugal,2016,transition-to-work,2018,44.725,,score (0–100)
cedefop-esi-editions,RO,Romania,2014,transition-to-work,2018,17.15,,score (0–100)
cedefop-esi-editions,RO,Romania,2015,transition-to-work,2018,12.45,,score (0–100)
cedefop-esi-editions,RO,Romania,2016,transition-to-work,2018,12.475,,score (0–100)
cedefop-esi-editions,SE,Sweden,2014,transition-to-work,2018,82.0,,score (0–100)
cedefop-esi-editions,SE,Sweden,2015,transition-to-work,2018,83.55,,score (0–100)
cedefop-esi-editions,SE,Sweden,2016,transition-to-work,2018,82.4,,score (0–100)
cedefop-esi-editions,SI,Slovenia,2014,transition-to-work,2018,73.45,,score (0–100)
cedefop-esi-editions,SI,Slovenia,2015,transition-to-work,2018,71.0,,score (0–100)
cedefop-esi-editions,SI,Slovenia,2016,transition-to-work,2018,75.775,,score (0–100)
cedefop-esi-editions,SK,Slovakia,2014,transition-to-work,2018,57.9,,score (0–100)
cedefop-esi-editions,SK,Slovakia,2015,transition-to-work,2018,56.275,,score (0–100)
cedefop-esi-editions,SK,Slovakia,2016,transition-to-work,2018,58.7,,score (0–100)
cedefop-esi-editions,UK,United Kingdom,2014,transition-to-work,2018,55.275,,score (0–100)
cedefop-esi-editions,UK,United Kingdom,2015,transition-to-work,2018,64.15,,score (0–100)
cedefop-esi-editions,UK,United Kingdom,2016,transition-to-work,2018,63.175,,score (0–100)
cedefop-esi-editions,AT,Austria,2016,transition-to-work,2020,79.6,,score (0–100)
cedefop-esi-editions,AT,Austria,2017,transition-to-work,2020,80.9,,score (0–100)
cedefop-esi-editions,AT,Austria,2018,transition-to-work,2020,84.7,,score (0–100)
cedefop-esi-editions,BE,Belgium,2016,transition-to-work,2020,61.7,,score (0–100)
cedefop-esi-editions,BE,Belgium,2017,transition-to-work,2020,63.9,,score (0–100)
cedefop-esi-editions,BE,Belgium,2018,transition-to-work,2020,68.5,,score (0–100)
cedefop-esi-editions,BG,Bulgaria,2016,transition-to-work,2020,12.8,,score (0–100)
cedefop-esi-editions,BG,Bulgaria,2017,transition-to-work,2020,26.6,,score (0–100)
cedefop-esi-editions,BG,Bulgaria,2018,transition-to-work,2020,29.9,,score (0–100)
cedefop-esi-editions,CH,Switzerland,2016,transition-to-work,2020,91.2,,score (0–100)
cedefop-esi-editions,CH,Switzerland,2017,transition-to-work,2020,91.6,,score (0–100)
cedefop-esi-editions,CH,Switzerland,2018,transition-to-work,2020,94.1,,score (0–100)
cedefop-esi-editions,CY,Cyprus,2016,transition-to-work,2020,69.8,,score (0–100)
cedefop-esi-editions,CY,Cyprus,2017,transition-to-work,2020,59.7,,score (0–100)
cedefop-esi-editions,CY,Cyprus,2018,transition-to-work,2020,73.1,,score (0–100)
cedefop-esi-editions,CZ,Czechia,2016,transition-to-work,2020,77.2,,score (0–100)
cedefop-esi-editions,CZ,Czechia,2017,transition-to-work,2020,83.1,,score (0–100)
cedefop-esi-editions,CZ,Czechia,2018,transition-to-work,2020,85.5,,score (0–100)
cedefop-esi-editions,DE,Germany,2016,transition-to-work,2020,64.8,,score (0–100)
cedefop-esi-editions,DE,Germany,2017,transition-to-work,2020,68.0,,score (0–100)
cedefop-esi-editions,DE,Germany,2018,transition-to-work,2020,70.7,,score (0–100)
cedefop-esi-editions,DK,Denmark,2016,transition-to-work,2020,75.9,,score (0–100)
cedefop-esi-editions,DK,Denmark,2017,transition-to-work,2020,69.0,,score (0–100)
cedefop-esi-editions,DK,Denmark,2018,transition-to-work,2020,71.3,,score (0–100)
cedefop-esi-editions,EE,Estonia,2016,transition-to-work,2020,68.2,,score (0–100)
cedefop-esi-editions,EE,Estonia,2017,transition-to-work,2020,75.9,,score (0–100)
cedefop-esi-editions,EE,Estonia,2018,transition-to-work,2020,71.7,,score (0–100)
cedefop-esi-editions,EL,Greece,2016,transition-to-work,2020,53.4,,score (0–100)
cedefop-esi-editions,EL,Greece,2017,transition-to-work,2020,54.2,,score (0–100)
cedefop-esi-editions,EL,Greece,2018,transition-to-work,2020,60.6,,score (0–100)
cedefop-esi-editions,ES,Spain,2016,transition-to-work,2020,9.8,,score (0–100)
cedefop-esi-editions,ES,Spain,2017,transition-to-work,2020,12.7,,score (0–100)
cedefop-esi-editions,ES,Spain,2018,transition-to-work,2020,19.7,,score (0–100)
cedefop-esi-editions,FI,Finland,2016,transition-to-work,2020,62.3,,score (0–100)
cedefop-esi-editions,FI,Finland,2017,transition-to-work,2020,62.0,,score (0–100)
cedefop-esi-editions,FI,Finland,2018,transition-to-work,2020,66.4,,score (0–100)
cedefop-esi-editions,FR,France,2016,transition-to-work,2020,49.4,,score (0–100)
cedefop-esi-editions,FR,France,2017,transition-to-work,2020,51.3,,score (0–100)
cedefop-esi-editions,FR,France,2018,transition-to-work,2020,56.4,,score (0–100)
cedefop-esi-editions,HR,Croatia,2016,transition-to-work,2020,82.3,,score (0–100)
cedefop-esi-editions,HR,Croatia,2017,transition-to-work,2020,76.4,,score (0–100)
cedefop-esi-editions,HR,Croatia,2018,transition-to-work,2020,77.8,,score (0–100)
cedefop-esi-editions,HU,Hungary,2016,transition-to-work,2020,47.0,,score (0–100)
cedefop-esi-editions,HU,Hungary,2017,transition-to-work,2020,47.7,,score (0–100)
cedefop-esi-editions,HU,Hungary,2018,transition-to-work,2020,49.8,,score (0–100)
cedefop-esi-editions,IE,Ireland,2016,transition-to-work,2020,76.4,,score (0–100)
cedefop-esi-editions,IE,Ireland,2017,transition-to-work,2020,78.3,,score (0–100)
cedefop-esi-editions,IE,Ireland,2018,transition-to-work,2020,78.8,,score (0–100)
cedefop-esi-editions,IS,Iceland,2016,transition-to-work,2020,91.9,,score (0–100)
cedefop-esi-editions,IS,Iceland,2017,transition-to-work,2020,91.1,,score (0–100)
cedefop-esi-editions,IS,Iceland,2018,transition-to-work,2020,82.0,,score (0–100)
cedefop-esi-editions,IT,Italy,2016,transition-to-work,2020,5.3,,score (0–100)
cedefop-esi-editions,IT,Italy,2017,transition-to-work,2020,3.6,,score (0–100)
cedefop-esi-editions,IT,Italy,2018,transition-to-work,2020,4.6,,score (0–100)
cedefop-esi-editions,LT,Lithuania,2016,transition-to-work,2020,80.9,,score (0–100)
cedefop-esi-editions,LT,Lithuania,2017,transition-to-work,2020,80.3,,score (0–100)
cedefop-esi-editions,LT,Lithuania,2018,transition-to-work,2020,88.8,,score (0–100)
cedefop-esi-editions,LU,Luxembourg,2016,transition-to-work,2020,85.8,,score (0–100)
cedefop-esi-editions,LU,Luxembourg,2017,transition-to-work,2020,82.9,,score (0–100)
cedefop-esi-editions,LU,Luxembourg,2018,transition-to-work,2020,86.8,,score (0–100)
cedefop-esi-editions,LV,Latvia,2016,transition-to-work,2020,58.3,,score (0–100)
cedefop-esi-editions,LV,Latvia,2017,transition-to-work,2020,69.8,,score (0–100)
cedefop-esi-editions,LV,Latvia,2018,transition-to-work,2020,80.4,,score (0–100)
cedefop-esi-editions,MT,Malta,2016,transition-to-work,2020,72.0,,score (0–100)
cedefop-esi-editions,MT,Malta,2017,transition-to-work,2020,72.8,,score (0–100)
cedefop-esi-editions,MT,Malta,2018,transition-to-work,2020,80.6,,score (0–100)
cedefop-esi-editions,NL,Netherlands,2016,transition-to-work,2020,85.8,,score (0–100)
cedefop-esi-editions,NL,Netherlands,2017,transition-to-work,2020,90.4,,score (0–100)
cedefop-esi-editions,NL,Netherlands,2018,transition-to-work,2020,90.8,,score (0–100)
cedefop-esi-editions,NO,Norway,2016,transition-to-work,2020,81.5,,score (0–100)
cedefop-esi-editions,NO,Norway,2017,transition-to-work,2020,86.0,,score (0–100)
cedefop-esi-editions,NO,Norway,2018,transition-to-work,2020,85.5,,score (0–100)
cedefop-esi-editions,PL,Poland,2016,transition-to-work,2020,78.4,,score (0–100)
cedefop-esi-editions,PL,Poland,2017,transition-to-work,2020,82.4,,score (0–100)
cedefop-esi-editions,PL,Poland,2018,transition-to-work,2020,84.1,,score (0–100)
cedefop-esi-editions,PT,Portugal,2016,transition-to-work,2020,44.7,,score (0–100)
cedefop-esi-editions,PT,Portugal,2017,transition-to-work,2020,62.2,,score (0–100)
cedefop-esi-editions,PT,Portugal,2018,transition-to-work,2020,70.8,,score (0–100)
cedefop-esi-editions,RO,Romania,2016,transition-to-work,2020,12.5,,score (0–100)
cedefop-esi-editions,RO,Romania,2017,transition-to-work,2020,27.1,,score (0–100)
cedefop-esi-editions,RO,Romania,2018,transition-to-work,2020,34.3,,score (0–100)
cedefop-esi-editions,SE,Sweden,2016,transition-to-work,2020,82.4,,score (0–100)
cedefop-esi-editions,SE,Sweden,2017,transition-to-work,2020,82.7,,score (0–100)
cedefop-esi-editions,SE,Sweden,2018,transition-to-work,2020,81.1,,score (0–100)
cedefop-esi-editions,SI,Slovenia,2016,transition-to-work,2020,75.8,,score (0–100)
cedefop-esi-editions,SI,Slovenia,2017,transition-to-work,2020,87.3,,score (0–100)
cedefop-esi-editions,SI,Slovenia,2018,transition-to-work,2020,88.4,,score (0–100)
cedefop-esi-editions,SK,Slovakia,2016,transition-to-work,2020,58.7,,score (0–100)
cedefop-esi-editions,SK,Slovakia,2017,transition-to-work,2020,48.8,,score (0–100)
cedefop-esi-editions,SK,Slovakia,2018,transition-to-work,2020,55.4,,score (0–100)
cedefop-esi-editions,UK,United Kingdom,2016,transition-to-work,2020,63.2,,score (0–100)
cedefop-esi-editions,UK,United Kingdom,2017,transition-to-work,2020,69.2,,score (0–100)
cedefop-esi-editions,UK,United Kingdom,2018,transition-to-work,2020,71.0,,score (0–100)
cedefop-esi-editions,AT,Austria,2018,transition-to-work,2022,75.0,,score (0–100)
cedefop-esi-editions,AT,Austria,2019,transition-to-work,2022,71.0,,score (0–100)
cedefop-esi-editions,AT,Austria,2020,transition-to-work,2022,66.0,,score (0–100)
cedefop-esi-editions,BE,Belgium,2018,transition-to-work,2022,58.0,,score (0–100)
cedefop-esi-editions,BE,Belgium,2019,transition-to-work,2022,55.0,,score (0–100)
cedefop-esi-editions,BE,Belgium,2020,transition-to-work,2022,55.0,,score (0–100)
cedefop-esi-editions,BG,Bulgaria,2018,transition-to-work,2022,21.0,,score (0–100)
cedefop-esi-editions,BG,Bulgaria,2019,transition-to-work,2022,22.0,,score (0–100)
cedefop-esi-editions,BG,Bulgaria,2020,transition-to-work,2022,21.0,,score (0–100)
cedefop-esi-editions,CH,Switzerland,2018,transition-to-work,2022,83.0,,score (0–100)
cedefop-esi-editions,CH,Switzerland,2019,transition-to-work,2022,83.0,,score (0–100)
cedefop-esi-editions,CH,Switzerland,2020,transition-to-work,2022,86.0,,score (0–100)
cedefop-esi-editions,CY,Cyprus,2018,transition-to-work,2022,58.0,,score (0–100)
cedefop-esi-editions,CY,Cyprus,2019,transition-to-work,2022,58.0,,score (0–100)
cedefop-esi-editions,CY,Cyprus,2020,transition-to-work,2022,50.0,,score (0–100)
cedefop-esi-editions,CZ,Czechia,2018,transition-to-work,2022,76.0,,score (0–100)
cedefop-esi-editions,CZ,Czechia,2019,transition-to-work,2022,73.0,,score (0–100)
cedefop-esi-editions,CZ,Czechia,2020,transition-to-work,2022,68.0,,score (0–100)
cedefop-esi-editions,DE,Germany,2018,transition-to-work,2022,65.0,,score (0–100)
cedefop-esi-editions,DE,Germany,2019,transition-to-work,2022,68.0,,score (0–100)
cedefop-esi-editions,DE,Germany,2020,transition-to-work,2022,64.0,,score (0–100)
cedefop-esi-editions,DK,Denmark,2018,transition-to-work,2022,56.0,,score (0–100)
cedefop-esi-editions,DK,Denmark,2019,transition-to-work,2022,57.0,,score (0–100)
cedefop-esi-editions,DK,Denmark,2020,transition-to-work,2022,59.0,,score (0–100)
cedefop-esi-editions,EE,Estonia,2018,transition-to-work,2022,59.0,,score (0–100)
cedefop-esi-editions,EE,Estonia,2019,transition-to-work,2022,64.0,,score (0–100)
cedefop-esi-editions,EE,Estonia,2020,transition-to-work,2022,58.0,,score (0–100)
cedefop-esi-editions,EL,Greece,2018,transition-to-work,2022,44.0,,score (0–100)
cedefop-esi-editions,EL,Greece,2019,transition-to-work,2022,46.0,,score (0–100)
cedefop-esi-editions,EL,Greece,2020,transition-to-work,2022,49.0,,score (0–100)
cedefop-esi-editions,ES,Spain,2018,transition-to-work,2022,14.0,,score (0–100)
cedefop-esi-editions,ES,Spain,2019,transition-to-work,2022,13.0,,score (0–100)
cedefop-esi-editions,ES,Spain,2020,transition-to-work,2022,6.0,,score (0–100)
cedefop-esi-editions,FI,Finland,2018,transition-to-work,2022,55.0,,score (0–100)
cedefop-esi-editions,FI,Finland,2019,transition-to-work,2022,61.0,,score (0–100)
cedefop-esi-editions,FI,Finland,2020,transition-to-work,2022,54.0,,score (0–100)
cedefop-esi-editions,FR,France,2018,transition-to-work,2022,43.0,,score (0–100)
cedefop-esi-editions,FR,France,2019,transition-to-work,2022,41.0,,score (0–100)
cedefop-esi-editions,FR,France,2020,transition-to-work,2022,42.0,,score (0–100)
cedefop-esi-editions,HR,Croatia,2018,transition-to-work,2022,57.0,,score (0–100)
cedefop-esi-editions,HR,Croatia,2019,transition-to-work,2022,65.0,,score (0–100)
cedefop-esi-editions,HR,Croatia,2020,transition-to-work,2022,68.0,,score (0–100)
cedefop-esi-editions,HU,Hungary,2018,transition-to-work,2022,44.0,,score (0–100)
cedefop-esi-editions,HU,Hungary,2019,transition-to-work,2022,45.0,,score (0–100)
cedefop-esi-editions,HU,Hungary,2020,transition-to-work,2022,40.0,,score (0–100)
cedefop-esi-editions,IE,Ireland,2018,transition-to-work,2022,67.0,,score (0–100)
cedefop-esi-editions,IE,Ireland,2019,transition-to-work,2022,66.0,,score (0–100)
cedefop-esi-editions,IE,Ireland,2020,transition-to-work,2022,61.0,,score (0–100)
cedefop-esi-editions,IS,Iceland,2018,transition-to-work,2022,77.0,,score (0–100)
cedefop-esi-editions,IS,Iceland,2019,transition-to-work,2022,75.0,,score (0–100)
cedefop-esi-editions,IS,Iceland,2020,transition-to-work,2022,66.0,,score (0–100)
cedefop-esi-editions,IT,Italy,2018,transition-to-work,2022,0.0,,score (0–100)
cedefop-esi-editions,IT,Italy,2019,transition-to-work,2022,2.0,,score (0–100)
cedefop-esi-editions,IT,Italy,2020,transition-to-work,2022,2.0,,score (0–100)
cedefop-esi-editions,LT,Lithuania,2018,transition-to-work,2022,76.0,,score (0–100)
cedefop-esi-editions,LT,Lithuania,2019,transition-to-work,2022,70.0,,score (0–100)
cedefop-esi-editions,LT,Lithuania,2020,transition-to-work,2022,55.0,,score (0–100)
cedefop-esi-editions,LU,Luxembourg,2018,transition-to-work,2022,76.0,,score (0–100)
cedefop-esi-editions,LU,Luxembourg,2019,transition-to-work,2022,75.0,,score (0–100)
cedefop-esi-editions,LU,Luxembourg,2020,transition-to-work,2022,59.0,,score (0–100)
cedefop-esi-editions,LV,Latvia,2018,transition-to-work,2022,68.0,,score (0–100)
cedefop-esi-editions,LV,Latvia,2019,transition-to-work,2022,64.0,,score (0–100)
cedefop-esi-editions,LV,Latvia,2020,transition-to-work,2022,64.0,,score (0–100)
cedefop-esi-editions,MT,Malta,2018,transition-to-work,2022,76.0,,score (0–100)
cedefop-esi-editions,MT,Malta,2019,transition-to-work,2022,68.0,,score (0–100)
cedefop-esi-editions,MT,Malta,2020,transition-to-work,2022,62.0,,score (0–100)
cedefop-esi-editions,NL,Netherlands,2018,transition-to-work,2022,82.0,,score (0–100)
cedefop-esi-editions,NL,Netherlands,2019,transition-to-work,2022,82.0,,score (0–100)
cedefop-esi-editions,NL,Netherlands,2020,transition-to-work,2022,79.0,,score (0–100)
cedefop-esi-editions,NO,Norway,2018,transition-to-work,2022,77.0,,score (0–100)
cedefop-esi-editions,NO,Norway,2019,transition-to-work,2022,75.0,,score (0–100)
cedefop-esi-editions,NO,Norway,2020,transition-to-work,2022,76.0,,score (0–100)
cedefop-esi-editions,PL,Poland,2018,transition-to-work,2022,71.0,,score (0–100)
cedefop-esi-editions,PL,Poland,2019,transition-to-work,2022,73.0,,score (0–100)
cedefop-esi-editions,PL,Poland,2020,transition-to-work,2022,68.0,,score (0–100)
cedefop-esi-editions,PT,Portugal,2018,transition-to-work,2022,58.0,,score (0–100)
cedefop-esi-editions,PT,Portugal,2019,transition-to-work,2022,59.0,,score (0–100)
cedefop-esi-editions,PT,Portugal,2020,transition-to-work,2022,54.0,,score (0–100)
cedefop-esi-editions,RO,Romania,2018,transition-to-work,2022,24.0,,score (0–100)
cedefop-esi-editions,RO,Romania,2019,transition-to-work,2022,25.0,,score (0–100)
cedefop-esi-editions,RO,Romania,2020,transition-to-work,2022,24.0,,score (0–100)
cedefop-esi-editions,SE,Sweden,2018,transition-to-work,2022,74.0,,score (0–100)
cedefop-esi-editions,SE,Sweden,2019,transition-to-work,2022,77.0,,score (0–100)
cedefop-esi-editions,SE,Sweden,2020,transition-to-work,2022,68.0,,score (0–100)
cedefop-esi-editions,SI,Slovenia,2018,transition-to-work,2022,75.0,,score (0–100)
cedefop-esi-editions,SI,Slovenia,2019,transition-to-work,2022,75.0,,score (0–100)
cedefop-esi-editions,SI,Slovenia,2020,transition-to-work,2022,72.0,,score (0–100)
cedefop-esi-editions,SK,Slovakia,2018,transition-to-work,2022,46.0,,score (0–100)
cedefop-esi-editions,SK,Slovakia,2019,transition-to-work,2022,44.0,,score (0–100)
cedefop-esi-editions,SK,Slovakia,2020,transition-to-work,2022,45.0,,score (0–100)
cedefop-esi-editions,UK,United Kingdom,2018,transition-to-work,2022,62.0,,score (0–100)
cedefop-esi-editions,UK,United Kingdom,2019,transition-to-work,2022,57.0,,score (0–100)
cedefop-esi-editions,UK,United Kingdom,2020,transition-to-work,2022,57.0,,score (0–100)
