indicator,geo,geo_name,time,canton,form,value,flag,unit
ch-bfs-learners-vet-canton,CH,Switzerland,2007,AG,DUAL,15492.0,,learners
ch-bfs-learners-vet-canton,CH,Switzerland,2008,AG,DUAL,16224.0,,learners
ch-bfs-learners-vet-canton,CH,Switzerland,2009,AG,DUAL,16191.0,,learners
ch-bfs-learners-vet-canton,CH,Switzerland,2010,AG,DUAL,16063.0,,learners
ch-bfs-learners-vet-canton,CH,Switzerland,2011,AG,DUAL,15873.0,,learners
ch-bfs-learners-vet-canton,CH,Switzerland,2012,AG,DUAL,15694.0,,learners
ch-bfs-learners-vet-canton,CH,Switzerland,2013,AG,DUAL,15801.0,,learners
ch-bfs-learners-vet-canton,CH,Switzerland,2014,AG,DUAL,15774.0,,learners
ch-bfs-learners-vet-canton,CH,Switzerland,2015,AG,DUAL,15663.0,,learners
ch-bfs-learners-vet-canton,CH,Switzerland,2016,AG,DUAL,15567.0,,learners
ch-bfs-learners-vet-canton,CH,Switzerland,2017,AG,DUAL,15480.0,,learners
ch-bfs-learners-vet-canton,CH,Switzerland,2018,AG,DUAL,15315.0,,learners
ch-bfs-learners-vet-canton,CH,Switzerland,2019,AG,DUAL,15300.0,,learners
ch-bfs-learners-vet-canton,CH,Switzerland,2020,AG,DUAL,15196.0,,learners
ch-bfs-learners-vet-canton,CH,Switzerland,2021,AG,DUAL,15146.0,,learners
ch-bfs-learners-vet-canton,CH,Switzerland,2022,AG,DUAL,15230.0,,learners
ch-bfs-learners-vet-canton,CH,Switzerland,2023,AG,DUAL,15325.0,,learners
ch-bfs-learners-vet-canton,CH,Switzerland,2024,AG,DUAL,15527.0,,learners
ch-bfs-learners-vet-canton,CH,Switzerland,2025,AG,DUAL,15954.0,,learners
ch-bfs-learners-vet-canton,CH,Switzerland,2007,AG,SCHOOL,48.0,,learners
ch-bfs-learners-vet-canton,CH,Switzerland,2008,AG,SCHOOL,52.0,,learners
ch-bfs-learners-vet-canton,CH,Switzerland,2009,AG,SCHOOL,46.0,,learners
ch-bfs-learners-vet-canton,CH,Switzerland,2010,AG,SCHOOL,60.0,,learners
ch-bfs-learners-vet-canton,CH,Switzerland,2011,AG,SCHOOL,0.0,,learners
ch-bfs-learners-vet-canton,CH,Switzerland,2012,AG,SCHOOL,0.0,,learners
ch-bfs-learners-vet-canton,CH,Switzerland,2013,AG,SCHOOL,0.0,,learners
ch-bfs-learners-vet-canton,CH,Switzerland,2014,AG,SCHOOL,690.0,,learners
ch-bfs-learners-vet-canton,CH,Switzerland,2015,AG,SCHOOL,752.0,,learners
ch-bfs-learners-vet-canton,CH,Switzerland,2016,AG,SCHOOL,780.0,,learners
ch-bfs-learners-vet-canton,CH,Switzerland,2017,AG,SCHOOL,774.0,,learners
ch-bfs-learners-vet-canton,CH,Switzerland,2018,AG,SCHOOL,776.0,,learners
ch-bfs-learners-vet-canton,CH,Switzerland,2019,AG,SCHOOL,653.0,,learners
ch-bfs-learners-vet-canton,CH,Switzerland,2020,AG,SCHOOL,545.0,,learners
ch-bfs-learners-vet-canton,CH,Switzerland,2021,AG,SCHOOL,581.0,,learners
ch-bfs-learners-vet-canton,CH,Switzerland,2022,AG,SCHOOL,575.0,,learners
ch-bfs-learners-vet-canton,CH,Switzerland,2023,AG,SCHOOL,612.0,,learners
ch-bfs-learners-vet-canton,CH,Switzerland,2024,AG,SCHOOL,644.0,,learners
ch-bfs-learners-vet-canton,CH,Switzerland,2025,AG,SCHOOL,701.0,,learners
ch-bfs-learners-vet-canton,CH,Switzerland,2005,AG,TOTAL,14972.0,,learners
ch-bfs-learners-vet-canton,CH,Switzerland,2006,AG,TOTAL,15438.0,,learners
ch-bfs-learners-vet-canton,CH,Switzerland,2007,AG,TOTAL,15540.0,,learners
ch-bfs-learners-vet-canton,CH,Switzerland,2008,AG,TOTAL,16276.0,,learners
ch-bfs-learners-vet-canton,CH,Switzerland,2009,AG,TOTAL,16237.0,,learners
ch-bfs-learners-vet-canton,CH,Switzerland,2010,AG,TOTAL,16123.0,,learners
ch-bfs-learners-vet-canton,CH,Switzerland,2011,AG,TOTAL,15873.0,,learners
ch-bfs-learners-vet-canton,CH,Switzerland,2012,AG,TOTAL,15694.0,,learners
ch-bfs-learners-vet-canton,CH,Switzerland,2013,AG,TOTAL,15801.0,,learners
ch-bfs-learners-vet-canton,CH,Switzerland,2014,AG,TOTAL,16464.0,,learners
ch-bfs-learners-vet-canton,CH,Switzerland,2015,AG,TOTAL,16415.0,,learners
ch-bfs-learners-vet-canton,CH,Switzerland,2016,AG,TOTAL,16347.0,,learners
ch-bfs-learners-vet-canton,CH,Switzerland,2017,AG,TOTAL,16254.0,,learners
ch-bfs-learners-vet-canton,CH,Switzerland,2018,AG,TOTAL,16091.0,,learners
ch-bfs-learners-vet-canton,CH,Switzerland,2019,AG,TOTAL,15953.0,,learners
ch-bfs-learners-vet-canton,CH,Switzerland,2020,AG,TOTAL,15741.0,,learners
ch-bfs-learners-vet-canton,CH,Switzerland,2021,AG,TOTAL,15727.0,,learners
ch-bfs-learners-vet-canton,CH,Switzerland,2022,AG,TOTAL,15805.0,,learners
ch-bfs-learners-vet-canton,CH,Switzerland,2023,AG,TOTAL,15937.0,,learners
ch-bfs-learners-vet-canton,CH,Switzerland,2024,AG,TOTAL,16171.0,,learners
ch-bfs-learners-vet-canton,CH,Switzerland,2025,AG,TOTAL,16655.0,,learners
ch-bfs-learners-vet-canton,CH,Switzerland,2005,AG,UNK,14972.0,,learners
ch-bfs-learners-vet-canton,CH,Switzerland,2006,AG,UNK,15438.0,,learners
ch-bfs-learners-vet-canton,CH,Switzerland,2007,AG,UNK,0.0,,learners
ch-bfs-learners-vet-canton,CH,Switzerland,2008,AG,UNK,0.0,,learners
ch-bfs-learners-vet-canton,CH,Switzerland,2009,AG,UNK,0.0,,learners
ch-bfs-learners-vet-canton,CH,Switzerland,2010,AG,UNK,0.0,,learners
ch-bfs-learners-vet-canton,CH,Switzerland,2011,AG,UNK,0.0,,learners
ch-bfs-learners-vet-canton,CH,Switzerland,2012,AG,UNK,0.0,,learners
ch-bfs-learners-vet-canton,CH,Switzerland,2013,AG,UNK,0.0,,learners
ch-bfs-learners-vet-canton,CH,Switzerland,2014,AG,UNK,0.0,,learners
ch-bfs-learners-vet-canton,CH,Switzerland,2015,AG,UNK,0.0,,learners
ch-bfs-learners-vet-canton,CH,Switzerland,2016,AG,UNK,0.0,,learners
ch-bfs-learners-vet-canton,CH,Switzerland,2017,AG,UNK,0.0,,learners
ch-bfs-learners-vet-canton,CH,Switzerland,2018,AG,UNK,0.0,,learners
ch-bfs-learners-vet-canton,CH,Switzerland,2019,AG,UNK,0.0,,learners
ch-bfs-learners-vet-canton,CH,Switzerland,2020,AG,UNK,0.0,,learners
ch-bfs-learners-vet-canton,CH,Switzerland,2021,AG,UNK,0.0,,learners
ch-bfs-learners-vet-canton,CH,Switzerland,2022,AG,UNK,0.0,,learners
ch-bfs-learners-vet-canton,CH,Switzerland,2023,AG,UNK,0.0,,learners
ch-bfs-learners-vet-canton,CH,Switzerland,2024,AG,UNK,0.0,,learners
ch-bfs-learners-vet-canton,CH,Switzerland,2025,AG,UNK,0.0,,learners
ch-bfs-learners-vet-canton,CH,Switzerland,2007,AI,DUAL,480.0,,learners
ch-bfs-learners-vet-canton,CH,Switzerland,2008,AI,DUAL,501.0,,learners
ch-bfs-learners-vet-canton,CH,Switzerland,2009,AI,DUAL,512.0,,learners
ch-bfs-learners-vet-canton,CH,Switzerland,2010,AI,DUAL,506.0,,learners
ch-bfs-learners-vet-canton,CH,Switzerland,2011,AI,DUAL,502.0,,learners
ch-bfs-learners-vet-canton,CH,Switzerland,2012,AI,DUAL,502.0,,learners
ch-bfs-learners-vet-canton,CH,Switzerland,2013,AI,DUAL,503.0,,learners
ch-bfs-learners-vet-canton,CH,Switzerland,2014,AI,DUAL,500.0,,learners
ch-bfs-learners-vet-canton,CH,Switzerland,2015,AI,DUAL,483.0,,learners
ch-bfs-learners-vet-canton,CH,Switzerland,2016,AI,DUAL,474.0,,learners
ch-bfs-learners-vet-canton,CH,Switzerland,2017,AI,DUAL,483.0,,learners
ch-bfs-learners-vet-canton,CH,Switzerland,2018,AI,DUAL,490.0,,learners
ch-bfs-learners-vet-canton,CH,Switzerland,2019,AI,DUAL,477.0,,learners
ch-bfs-learners-vet-canton,CH,Switzerland,2020,AI,DUAL,458.0,,learners
ch-bfs-learners-vet-canton,CH,Switzerland,2021,AI,DUAL,444.0,,learners
ch-bfs-learners-vet-canton,CH,Switzerland,2022,AI,DUAL,453.0,,learners
ch-bfs-learners-vet-canton,CH,Switzerland,2023,AI,DUAL,443.0,,learners
ch-bfs-learners-vet-canton,CH,Switzerland,2024,AI,DUAL,476.0,,learners
ch-bfs-learners-vet-canton,CH,Switzerland,2025,AI,DUAL,497.0,,learners
ch-bfs-learners-vet-canton,CH,Switzerland,2007,AI,SCHOOL,0.0,,learners
ch-bfs-learners-vet-canton,CH,Switzerland,2008,AI,SCHOOL,0.0,,learners
ch-bfs-learners-vet-canton,CH,Switzerland,2009,AI,SCHOOL,0.0,,learners
ch-bfs-learners-vet-canton,CH,Switzerland,2010,AI,SCHOOL,0.0,,learners
ch-bfs-learners-vet-canton,CH,Switzerland,2011,AI,SCHOOL,0.0,,learners
ch-bfs-learners-vet-canton,CH,Switzerland,2012,AI,SCHOOL,0.0,,learners
ch-bfs-learners-vet-canton,CH,Switzerland,2013,AI,SCHOOL,0.0,,learners
ch-bfs-learners-vet-canton,CH,Switzerland,2014,AI,SCHOOL,0.0,,learners
ch-bfs-learners-vet-canton,CH,Switzerland,2015,AI,SCHOOL,0.0,,learners
ch-bfs-learners-vet-canton,CH,Switzerland,2016,AI,SCHOOL,0.0,,learners
ch-bfs-learners-vet-canton,CH,Switzerland,2017,AI,SCHOOL,0.0,,learners
ch-bfs-learners-vet-canton,CH,Switzerland,2018,AI,SCHOOL,0.0,,learners
ch-bfs-learners-vet-canton,CH,Switzerland,2019,AI,SCHOOL,0.0,,learners
ch-bfs-learners-vet-canton,CH,Switzerland,2020,AI,SCHOOL,0.0,,learners
ch-bfs-learners-vet-canton,CH,Switzerland,2021,AI,SCHOOL,0.0,,learners
ch-bfs-learners-vet-canton,CH,Switzerland,2022,AI,SCHOOL,0.0,,learners
ch-bfs-learners-vet-canton,CH,Switzerland,2023,AI,SCHOOL,0.0,,learners
ch-bfs-learners-vet-canton,CH,Switzerland,2024,AI,SCHOOL,0.0,,learners
ch-bfs-learners-vet-canton,CH,Switzerland,2025,AI,SCHOOL,0.0,,learners
ch-bfs-learners-vet-canton,CH,Switzerland,2005,AI,TOTAL,445.0,,learners
ch-bfs-learners-vet-canton,CH,Switzerland,2006,AI,TOTAL,446.0,,learners
ch-bfs-learners-vet-canton,CH,Switzerland,2007,AI,TOTAL,480.0,,learners
ch-bfs-learners-vet-canton,CH,Switzerland,2008,AI,TOTAL,501.0,,learners
ch-bfs-learners-vet-canton,CH,Switzerland,2009,AI,TOTAL,512.0,,learners
ch-bfs-learners-vet-canton,CH,Switzerland,2010,AI,TOTAL,506.0,,learners
ch-bfs-learners-vet-canton,CH,Switzerland,2011,AI,TOTAL,502.0,,learners
ch-bfs-learners-vet-canton,CH,Switzerland,2012,AI,TOTAL,502.0,,learners
ch-bfs-learners-vet-canton,CH,Switzerland,2013,AI,TOTAL,503.0,,learners
ch-bfs-learners-vet-canton,CH,Switzerland,2014,AI,TOTAL,500.0,,learners
ch-bfs-learners-vet-canton,CH,Switzerland,2015,AI,TOTAL,483.0,,learners
ch-bfs-learners-vet-canton,CH,Switzerland,2016,AI,TOTAL,474.0,,learners
ch-bfs-learners-vet-canton,CH,Switzerland,2017,AI,TOTAL,483.0,,learners
ch-bfs-learners-vet-canton,CH,Switzerland,2018,AI,TOTAL,490.0,,learners
ch-bfs-learners-vet-canton,CH,Switzerland,2019,AI,TOTAL,477.0,,learners
ch-bfs-learners-vet-canton,CH,Switzerland,2020,AI,TOTAL,458.0,,learners
ch-bfs-learners-vet-canton,CH,Switzerland,2021,AI,TOTAL,444.0,,learners
ch-bfs-learners-vet-canton,CH,Switzerland,2022,AI,TOTAL,453.0,,learners
ch-bfs-learners-vet-canton,CH,Switzerland,2023,AI,TOTAL,443.0,,learners
ch-bfs-learners-vet-canton,CH,Switzerland,2024,AI,TOTAL,476.0,,learners
ch-bfs-learners-vet-canton,CH,Switzerland,2025,AI,TOTAL,497.0,,learners
ch-bfs-learners-vet-canton,CH,Switzerland,2005,AI,UNK,445.0,,learners
ch-bfs-learners-vet-canton,CH,Switzerland,2006,AI,UNK,446.0,,learners
ch-bfs-learners-vet-canton,CH,Switzerland,2007,AI,UNK,0.0,,learners
ch-bfs-learners-vet-canton,CH,Switzerland,2008,AI,UNK,0.0,,learners
ch-bfs-learners-vet-canton,CH,Switzerland,2009,AI,UNK,0.0,,learners
ch-bfs-learners-vet-canton,CH,Switzerland,2010,AI,UNK,0.0,,learners
ch-bfs-learners-vet-canton,CH,Switzerland,2011,AI,UNK,0.0,,learners
ch-bfs-learners-vet-canton,CH,Switzerland,2012,AI,UNK,0.0,,learners
ch-bfs-learners-vet-canton,CH,Switzerland,2013,AI,UNK,0.0,,learners
ch-bfs-learners-vet-canton,CH,Switzerland,2014,AI,UNK,0.0,,learners
ch-bfs-learners-vet-canton,CH,Switzerland,2015,AI,UNK,0.0,,learners
ch-bfs-learners-vet-canton,CH,Switzerland,2016,AI,UNK,0.0,,learners
ch-bfs-learners-vet-canton,CH,Switzerland,2017,AI,UNK,0.0,,learners
ch-bfs-learners-vet-canton,CH,Switzerland,2018,AI,UNK,0.0,,learners
ch-bfs-learners-vet-canton,CH,Switzerland,2019,AI,UNK,0.0,,learners
ch-bfs-learners-vet-canton,CH,Switzerland,2020,AI,UNK,0.0,,learners
ch-bfs-learners-vet-canton,CH,Switzerland,2021,AI,UNK,0.0,,learners
ch-bfs-learners-vet-canton,CH,Switzerland,2022,AI,UNK,0.0,,learners
ch-bfs-learners-vet-canton,CH,Switzerland,2023,AI,UNK,0.0,,learners
ch-bfs-learners-vet-canton,CH,Switzerland,2024,AI,UNK,0.0,,learners
ch-bfs-learners-vet-canton,CH,Switzerland,2025,AI,UNK,0.0,,learners
ch-bfs-learners-vet-canton,CH,Switzerland,2007,AR,DUAL,1271.0,,learners
ch-bfs-learners-vet-canton,CH,Switzerland,2008,AR,DUAL,1370.0,,learners
ch-bfs-learners-vet-canton,CH,Switzerland,2009,AR,DUAL,1345.0,,learners
ch-bfs-learners-vet-canton,CH,Switzerland,2010,AR,DUAL,1371.0,,learners
ch-bfs-learners-vet-canton,CH,Switzerland,2011,AR,DUAL,1377.0,,learners
ch-bfs-learners-vet-canton,CH,Switzerland,2012,AR,DUAL,1386.0,,learners
ch-bfs-learners-vet-canton,CH,Switzerland,2013,AR,DUAL,1388.0,,learners
ch-bfs-learners-vet-canton,CH,Switzerland,2014,AR,DUAL,1377.0,,learners
ch-bfs-learners-vet-canton,CH,Switzerland,2015,AR,DUAL,1350.0,,learners
ch-bfs-learners-vet-canton,CH,Switzerland,2016,AR,DUAL,1322.0,,learners
ch-bfs-learners-vet-canton,CH,Switzerland,2017,AR,DUAL,1319.0,,learners
ch-bfs-learners-vet-canton,CH,Switzerland,2018,AR,DUAL,1263.0,,learners
ch-bfs-learners-vet-canton,CH,Switzerland,2019,AR,DUAL,1248.0,,learners
ch-bfs-learners-vet-canton,CH,Switzerland,2020,AR,DUAL,1273.0,,learners
ch-bfs-learners-vet-canton,CH,Switzerland,2021,AR,DUAL,1259.0,,learners
ch-bfs-learners-vet-canton,CH,Switzerland,2022,AR,DUAL,1241.0,,learners
ch-bfs-learners-vet-canton,CH,Switzerland,2023,AR,DUAL,1233.0,,learners
ch-bfs-learners-vet-canton,CH,Switzerland,2024,AR,DUAL,1229.0,,learners
ch-bfs-learners-vet-canton,CH,Switzerland,2025,AR,DUAL,1231.0,,learners
ch-bfs-learners-vet-canton,CH,Switzerland,2007,AR,SCHOOL,0.0,,learners
ch-bfs-learners-vet-canton,CH,Switzerland,2008,AR,SCHOOL,0.0,,learners
ch-bfs-learners-vet-canton,CH,Switzerland,2009,AR,SCHOOL,0.0,,learners
ch-bfs-learners-vet-canton,CH,Switzerland,2010,AR,SCHOOL,0.0,,learners
ch-bfs-learners-vet-canton,CH,Switzerland,2011,AR,SCHOOL,0.0,,learners
ch-bfs-learners-vet-canton,CH,Switzerland,2012,AR,SCHOOL,0.0,,learners
ch-bfs-learners-vet-canton,CH,Switzerland,2013,AR,SCHOOL,32.0,,learners
ch-bfs-learners-vet-canton,CH,Switzerland,2014,AR,SCHOOL,40.0,,learners
ch-bfs-learners-vet-canton,CH,Switzerland,2015,AR,SCHOOL,44.0,,learners
ch-bfs-learners-vet-canton,CH,Switzerland,2016,AR,SCHOOL,35.0,,learners
ch-bfs-learners-vet-canton,CH,Switzerland,2017,AR,SCHOOL,26.0,,learners
ch-bfs-learners-vet-canton,CH,Switzerland,2018,AR,SCHOOL,23.0,,learners
ch-bfs-learners-vet-canton,CH,Switzerland,2019,AR,SCHOOL,25.0,,learners
ch-bfs-learners-vet-canton,CH,Switzerland,2020,AR,SCHOOL,28.0,,learners
ch-bfs-learners-vet-canton,CH,Switzerland,2021,AR,SCHOOL,33.0,,learners
ch-bfs-learners-vet-canton,CH,Switzerland,2022,AR,SCHOOL,30.0,,learners
ch-bfs-learners-vet-canton,CH,Switzerland,2023,AR,SCHOOL,20.0,,learners
ch-bfs-learners-vet-canton,CH,Switzerland,2024,AR,SCHOOL,12.0,,learners
ch-bfs-learners-vet-canton,CH,Switzerland,2025,AR,SCHOOL,6.0,,learners
ch-bfs-learners-vet-canton,CH,Switzerland,2005,AR,TOTAL,1122.0,,learners
ch-bfs-learners-vet-canton,CH,Switzerland,2006,AR,TOTAL,1230.0,,learners
ch-bfs-learners-vet-canton,CH,Switzerland,2007,AR,TOTAL,1271.0,,learners
ch-bfs-learners-vet-canton,CH,Switzerland,2008,AR,TOTAL,1370.0,,learners
ch-bfs-learners-vet-canton,CH,Switzerland,2009,AR,TOTAL,1345.0,,learners
ch-bfs-learners-vet-canton,CH,Switzerland,2010,AR,TOTAL,1371.0,,learners
ch-bfs-learners-vet-canton,CH,Switzerland,2011,AR,TOTAL,1377.0,,learners
ch-bfs-learners-vet-canton,CH,Switzerland,2012,AR,TOTAL,1386.0,,learners
ch-bfs-learners-vet-canton,CH,Switzerland,2013,AR,TOTAL,1420.0,,learners
ch-bfs-learners-vet-canton,CH,Switzerland,2014,AR,TOTAL,1417.0,,learners
ch-bfs-learners-vet-canton,CH,Switzerland,2015,AR,TOTAL,1394.0,,learners
ch-bfs-learners-vet-canton,CH,Switzerland,2016,AR,TOTAL,1357.0,,learners
ch-bfs-learners-vet-canton,CH,Switzerland,2017,AR,TOTAL,1345.0,,learners
ch-bfs-learners-vet-canton,CH,Switzerland,2018,AR,TOTAL,1286.0,,learners
ch-bfs-learners-vet-canton,CH,Switzerland,2019,AR,TOTAL,1273.0,,learners
ch-bfs-learners-vet-canton,CH,Switzerland,2020,AR,TOTAL,1301.0,,learners
ch-bfs-learners-vet-canton,CH,Switzerland,2021,AR,TOTAL,1292.0,,learners
ch-bfs-learners-vet-canton,CH,Switzerland,2022,AR,TOTAL,1271.0,,learners
ch-bfs-learners-vet-canton,CH,Switzerland,2023,AR,TOTAL,1253.0,,learners
ch-bfs-learners-vet-canton,CH,Switzerland,2024,AR,TOTAL,1241.0,,learners
ch-bfs-learners-vet-canton,CH,Switzerland,2025,AR,TOTAL,1237.0,,learners
ch-bfs-learners-vet-canton,CH,Switzerland,2005,AR,UNK,1122.0,,learners
ch-bfs-learners-vet-canton,CH,Switzerland,2006,AR,UNK,1230.0,,learners
ch-bfs-learners-vet-canton,CH,Switzerland,2007,AR,UNK,0.0,,learners
ch-bfs-learners-vet-canton,CH,Switzerland,2008,AR,UNK,0.0,,learners
ch-bfs-learners-vet-canton,CH,Switzerland,2009,AR,UNK,0.0,,learners
ch-bfs-learners-vet-canton,CH,Switzerland,2010,AR,UNK,0.0,,learners
ch-bfs-learners-vet-canton,CH,Switzerland,2011,AR,UNK,0.0,,learners
ch-bfs-learners-vet-canton,CH,Switzerland,2012,AR,UNK,0.0,,learners
ch-bfs-learners-vet-canton,CH,Switzerland,2013,AR,UNK,0.0,,learners
ch-bfs-learners-vet-canton,CH,Switzerland,2014,AR,UNK,0.0,,learners
ch-bfs-learners-vet-canton,CH,Switzerland,2015,AR,UNK,0.0,,learners
ch-bfs-learners-vet-canton,CH,Switzerland,2016,AR,UNK,0.0,,learners
ch-bfs-learners-vet-canton,CH,Switzerland,2017,AR,UNK,0.0,,learners
ch-bfs-learners-vet-canton,CH,Switzerland,2018,AR,UNK,0.0,,learners
ch-bfs-learners-vet-canton,CH,Switzerland,2019,AR,UNK,0.0,,learners
ch-bfs-learners-vet-canton,CH,Switzerland,2020,AR,UNK,0.0,,learners
ch-bfs-learners-vet-canton,CH,Switzerland,2021,AR,UNK,0.0,,learners
ch-bfs-learners-vet-canton,CH,Switzerland,2022,AR,UNK,0.0,,learners
ch-bfs-learners-vet-canton,CH,Switzerland,2023,AR,UNK,0.0,,learners
ch-bfs-learners-vet-canton,CH,Switzerland,2024,AR,UNK,0.0,,learners
ch-bfs-learners-vet-canton,CH,Switzerland,2025,AR,UNK,0.0,,learners
ch-bfs-learners-vet-canton,CH,Switzerland,2007,BE,DUAL,27282.0,,learners
ch-bfs-learners-vet-canton,CH,Switzerland,2008,BE,DUAL,27135.0,,learners
ch-bfs-learners-vet-canton,CH,Switzerland,2009,BE,DUAL,27680.0,,learners
ch-bfs-learners-vet-canton,CH,Switzerland,2010,BE,DUAL,27837.0,,learners
ch-bfs-learners-vet-canton,CH,Switzerland,2011,BE,DUAL,27595.0,,learners
ch-bfs-learners-vet-canton,CH,Switzerland,2012,BE,DUAL,27555.0,,learners
ch-bfs-learners-vet-canton,CH,Switzerland,2013,BE,DUAL,27503.0,,learners
ch-bfs-learners-vet-canton,CH,Switzerland,2014,BE,DUAL,27513.0,,learners
ch-bfs-learners-vet-canton,CH,Switzerland,2015,BE,DUAL,27111.0,,learners
ch-bfs-learners-vet-canton,CH,Switzerland,2016,BE,DUAL,26839.0,,learners
ch-bfs-learners-vet-canton,CH,Switzerland,2017,BE,DUAL,26572.0,,learners
ch-bfs-learners-vet-canton,CH,Switzerland,2018,BE,DUAL,26174.0,,learners
ch-bfs-learners-vet-canton,CH,Switzerland,2019,BE,DUAL,25880.0,,learners
ch-bfs-learners-vet-canton,CH,Switzerland,2020,BE,DUAL,25690.0,,learners
ch-bfs-learners-vet-canton,CH,Switzerland,2021,BE,DUAL,25460.0,,learners
ch-bfs-learners-vet-canton,CH,Switzerland,2022,BE,DUAL,24823.0,,learners
ch-bfs-learners-vet-canton,CH,Switzerland,2023,BE,DUAL,24707.0,,learners
ch-bfs-learners-vet-canton,CH,Switzerland,2024,BE,DUAL,25070.0,,learners
ch-bfs-learners-vet-canton,CH,Switzerland,2025,BE,DUAL,25703.0,,learners
ch-bfs-learners-vet-canton,CH,Switzerland,2007,BE,SCHOOL,703.0,,learners
ch-bfs-learners-vet-canton,CH,Switzerland,2008,BE,SCHOOL,1554.0,,learners
ch-bfs-learners-vet-canton,CH,Switzerland,2009,BE,SCHOOL,1492.0,,learners
ch-bfs-learners-vet-canton,CH,Switzerland,2010,BE,SCHOOL,1435.0,,learners
ch-bfs-learners-vet-canton,CH,Switzerland,2011,BE,SCHOOL,1533.0,,learners
ch-bfs-learners-vet-canton,CH,Switzerland,2012,BE,SCHOOL,1436.0,,learners
ch-bfs-learners-vet-canton,CH,Switzerland,2013,BE,SCHOOL,1463.0,,learners
ch-bfs-learners-vet-canton,CH,Switzerland,2014,BE,SCHOOL,2707.0,,learners
ch-bfs-learners-vet-canton,CH,Switzerland,2015,BE,SCHOOL,2698.0,,learners
ch-bfs-learners-vet-canton,CH,Switzerland,2016,BE,SCHOOL,2650.0,,learners
ch-bfs-learners-vet-canton,CH,Switzerland,2017,BE,SCHOOL,2515.0,,learners
ch-bfs-learners-vet-canton,CH,Switzerland,2018,BE,SCHOOL,2445.0,,learners
ch-bfs-learners-vet-canton,CH,Switzerland,2019,BE,SCHOOL,2272.0,,learners
ch-bfs-learners-vet-canton,CH,Switzerland,2020,BE,SCHOOL,2360.0,,learners
ch-bfs-learners-vet-canton,CH,Switzerland,2021,BE,SCHOOL,2317.0,,learners
ch-bfs-learners-vet-canton,CH,Switzerland,2022,BE,SCHOOL,2260.0,,learners
ch-bfs-learners-vet-canton,CH,Switzerland,2023,BE,SCHOOL,2234.0,,learners
ch-bfs-learners-vet-canton,CH,Switzerland,2024,BE,SCHOOL,2266.0,,learners
ch-bfs-learners-vet-canton,CH,Switzerland,2025,BE,SCHOOL,2298.0,,learners
ch-bfs-learners-vet-canton,CH,Switzerland,2005,BE,TOTAL,26266.0,,learners
ch-bfs-learners-vet-canton,CH,Switzerland,2006,BE,TOTAL,26835.0,,learners
ch-bfs-learners-vet-canton,CH,Switzerland,2007,BE,TOTAL,27985.0,,learners
ch-bfs-learners-vet-canton,CH,Switzerland,2008,BE,TOTAL,28689.0,,learners
ch-bfs-learners-vet-canton,CH,Switzerland,2009,BE,TOTAL,29172.0,,learners
ch-bfs-learners-vet-canton,CH,Switzerland,2010,BE,TOTAL,29272.0,,learners
ch-bfs-learners-vet-canton,CH,Switzerland,2011,BE,TOTAL,29128.0,,learners
ch-bfs-learners-vet-canton,CH,Switzerland,2012,BE,TOTAL,28991.0,,learners
ch-bfs-learners-vet-canton,CH,Switzerland,2013,BE,TOTAL,28966.0,,learners
ch-bfs-learners-vet-canton,CH,Switzerland,2014,BE,TOTAL,30220.0,,learners
ch-bfs-learners-vet-canton,CH,Switzerland,2015,BE,TOTAL,29809.0,,learners
ch-bfs-learners-vet-canton,CH,Switzerland,2016,BE,TOTAL,29489.0,,learners
ch-bfs-learners-vet-canton,CH,Switzerland,2017,BE,TOTAL,29087.0,,learners
ch-bfs-learners-vet-canton,CH,Switzerland,2018,BE,TOTAL,28619.0,,learners
ch-bfs-learners-vet-canton,CH,Switzerland,2019,BE,TOTAL,28152.0,,learners
ch-bfs-learners-vet-canton,CH,Switzerland,2020,BE,TOTAL,28050.0,,learners
ch-bfs-learners-vet-canton,CH,Switzerland,2021,BE,TOTAL,27777.0,,learners
ch-bfs-learners-vet-canton,CH,Switzerland,2022,BE,TOTAL,27083.0,,learners
ch-bfs-learners-vet-canton,CH,Switzerland,2023,BE,TOTAL,26941.0,,learners
ch-bfs-learners-vet-canton,CH,Switzerland,2024,BE,TOTAL,27336.0,,learners
ch-bfs-learners-vet-canton,CH,Switzerland,2025,BE,TOTAL,28001.0,,learners
ch-bfs-learners-vet-canton,CH,Switzerland,2005,BE,UNK,26266.0,,learners
ch-bfs-learners-vet-canton,CH,Switzerland,2006,BE,UNK,26835.0,,learners
ch-bfs-learners-vet-canton,CH,Switzerland,2007,BE,UNK,0.0,,learners
ch-bfs-learners-vet-canton,CH,Switzerland,2008,BE,UNK,0.0,,learners
ch-bfs-learners-vet-canton,CH,Switzerland,2009,BE,UNK,0.0,,learners
ch-bfs-learners-vet-canton,CH,Switzerland,2010,BE,UNK,0.0,,learners
ch-bfs-learners-vet-canton,CH,Switzerland,2011,BE,UNK,0.0,,learners
ch-bfs-learners-vet-canton,CH,Switzerland,2012,BE,UNK,0.0,,learners
ch-bfs-learners-vet-canton,CH,Switzerland,2013,BE,UNK,0.0,,learners
ch-bfs-learners-vet-canton,CH,Switzerland,2014,BE,UNK,0.0,,learners
ch-bfs-learners-vet-canton,CH,Switzerland,2015,BE,UNK,0.0,,learners
ch-bfs-learners-vet-canton,CH,Switzerland,2016,BE,UNK,0.0,,learners
ch-bfs-learners-vet-canton,CH,Switzerland,2017,BE,UNK,0.0,,learners
ch-bfs-learners-vet-canton,CH,Switzerland,2018,BE,UNK,0.0,,learners
ch-bfs-learners-vet-canton,CH,Switzerland,2019,BE,UNK,0.0,,learners
ch-bfs-learners-vet-canton,CH,Switzerland,2020,BE,UNK,0.0,,learners
ch-bfs-learners-vet-canton,CH,Switzerland,2021,BE,UNK,0.0,,learners
ch-bfs-learners-vet-canton,CH,Switzerland,2022,BE,UNK,0.0,,learners
ch-bfs-learners-vet-canton,CH,Switzerland,2023,BE,UNK,0.0,,learners
ch-bfs-learners-vet-canton,CH,Switzerland,2024,BE,UNK,0.0,,learners
ch-bfs-learners-vet-canton,CH,Switzerland,2025,BE,UNK,0.0,,learners
ch-bfs-learners-vet-canton,CH,Switzerland,2007,BL,DUAL,5240.0,,learners
ch-bfs-learners-vet-canton,CH,Switzerland,2008,BL,DUAL,5520.0,,learners
ch-bfs-learners-vet-canton,CH,Switzerland,2009,BL,DUAL,5571.0,,learners
ch-bfs-learners-vet-canton,CH,Switzerland,2010,BL,DUAL,5566.0,,learners
ch-bfs-learners-vet-canton,CH,Switzerland,2011,BL,DUAL,5570.0,,learners
ch-bfs-learners-vet-canton,CH,Switzerland,2012,BL,DUAL,5451.0,,learners
ch-bfs-learners-vet-canton,CH,Switzerland,2013,BL,DUAL,5456.0,,learners
ch-bfs-learners-vet-canton,CH,Switzerland,2014,BL,DUAL,5559.0,,learners
ch-bfs-learners-vet-canton,CH,Switzerland,2015,BL,DUAL,5495.0,,learners
ch-bfs-learners-vet-canton,CH,Switzerland,2016,BL,DUAL,5463.0,,learners
ch-bfs-learners-vet-canton,CH,Switzerland,2017,BL,DUAL,5385.0,,learners
ch-bfs-learners-vet-canton,CH,Switzerland,2018,BL,DUAL,5388.0,,learners
ch-bfs-learners-vet-canton,CH,Switzerland,2019,BL,DUAL,5345.0,,learners
ch-bfs-learners-vet-canton,CH,Switzerland,2020,BL,DUAL,5264.0,,learners
ch-bfs-learners-vet-canton,CH,Switzerland,2021,BL,DUAL,5327.0,,learners
ch-bfs-learners-vet-canton,CH,Switzerland,2022,BL,DUAL,5289.0,,learners
ch-bfs-learners-vet-canton,CH,Switzerland,2023,BL,DUAL,5335.0,,learners
ch-bfs-learners-vet-canton,CH,Switzerland,2024,BL,DUAL,5407.0,,learners
ch-bfs-learners-vet-canton,CH,Switzerland,2025,BL,DUAL,5506.0,,learners
ch-bfs-learners-vet-canton,CH,Switzerland,2007,BL,SCHOOL,0.0,,learners
ch-bfs-learners-vet-canton,CH,Switzerland,2008,BL,SCHOOL,0.0,,learners
ch-bfs-learners-vet-canton,CH,Switzerland,2009,BL,SCHOOL,0.0,,learners
ch-bfs-learners-vet-canton,CH,Switzerland,2010,BL,SCHOOL,0.0,,learners
ch-bfs-learners-vet-canton,CH,Switzerland,2011,BL,SCHOOL,0.0,,learners
ch-bfs-learners-vet-canton,CH,Switzerland,2012,BL,SCHOOL,0.0,,learners
ch-bfs-learners-vet-canton,CH,Switzerland,2013,BL,SCHOOL,0.0,,learners
ch-bfs-learners-vet-canton,CH,Switzerland,2014,BL,SCHOOL,867.0,,learners
ch-bfs-learners-vet-canton,CH,Switzerland,2015,BL,SCHOOL,799.0,,learners
ch-bfs-learners-vet-canton,CH,Switzerland,2016,BL,SCHOOL,789.0,,learners
ch-bfs-learners-vet-canton,CH,Switzerland,2017,BL,SCHOOL,785.0,,learners
ch-bfs-learners-vet-canton,CH,Switzerland,2018,BL,SCHOOL,725.0,,learners
ch-bfs-learners-vet-canton,CH,Switzerland,2019,BL,SCHOOL,663.0,,learners
ch-bfs-learners-vet-canton,CH,Switzerland,2020,BL,SCHOOL,663.0,,learners
ch-bfs-learners-vet-canton,CH,Switzerland,2021,BL,SCHOOL,616.0,,learners
ch-bfs-learners-vet-canton,CH,Switzerland,2022,BL,SCHOOL,642.0,,learners
ch-bfs-learners-vet-canton,CH,Switzerland,2023,BL,SCHOOL,699.0,,learners
ch-bfs-learners-vet-canton,CH,Switzerland,2024,BL,SCHOOL,748.0,,learners
ch-bfs-learners-vet-canton,CH,Switzerland,2025,BL,SCHOOL,779.0,,learners
ch-bfs-learners-vet-canton,CH,Switzerland,2005,BL,TOTAL,4786.0,,learners
ch-bfs-learners-vet-canton,CH,Switzerland,2006,BL,TOTAL,5084.0,,learners
ch-bfs-learners-vet-canton,CH,Switzerland,2007,BL,TOTAL,5240.0,,learners
ch-bfs-learners-vet-canton,CH,Switzerland,2008,BL,TOTAL,5520.0,,learners
ch-bfs-learners-vet-canton,CH,Switzerland,2009,BL,TOTAL,5571.0,,learners
ch-bfs-learners-vet-canton,CH,Switzerland,2010,BL,TOTAL,5566.0,,learners
ch-bfs-learners-vet-canton,CH,Switzerland,2011,BL,TOTAL,5570.0,,learners
ch-bfs-learners-vet-canton,CH,Switzerland,2012,BL,TOTAL,5451.0,,learners
ch-bfs-learners-vet-canton,CH,Switzerland,2013,BL,TOTAL,5456.0,,learners
ch-bfs-learners-vet-canton,CH,Switzerland,2014,BL,TOTAL,6426.0,,learners
ch-bfs-learners-vet-canton,CH,Switzerland,2015,BL,TOTAL,6294.0,,learners
ch-bfs-learners-vet-canton,CH,Switzerland,2016,BL,TOTAL,6252.0,,learners
ch-bfs-learners-vet-canton,CH,Switzerland,2017,BL,TOTAL,6170.0,,learners
ch-bfs-learners-vet-canton,CH,Switzerland,2018,BL,TOTAL,6113.0,,learners
ch-bfs-learners-vet-canton,CH,Switzerland,2019,BL,TOTAL,6008.0,,learners
ch-bfs-learners-vet-canton,CH,Switzerland,2020,BL,TOTAL,5927.0,,learners
ch-bfs-learners-vet-canton,CH,Switzerland,2021,BL,TOTAL,5943.0,,learners
ch-bfs-learners-vet-canton,CH,Switzerland,2022,BL,TOTAL,5931.0,,learners
ch-bfs-learners-vet-canton,CH,Switzerland,2023,BL,TOTAL,6034.0,,learners
ch-bfs-learners-vet-canton,CH,Switzerland,2024,BL,TOTAL,6155.0,,learners
ch-bfs-learners-vet-canton,CH,Switzerland,2025,BL,TOTAL,6285.0,,learners
ch-bfs-learners-vet-canton,CH,Switzerland,2005,BL,UNK,4786.0,,learners
ch-bfs-learners-vet-canton,CH,Switzerland,2006,BL,UNK,5084.0,,learners
ch-bfs-learners-vet-canton,CH,Switzerland,2007,BL,UNK,0.0,,learners
ch-bfs-learners-vet-canton,CH,Switzerland,2008,BL,UNK,0.0,,learners
ch-bfs-learners-vet-canton,CH,Switzerland,2009,BL,UNK,0.0,,learners
ch-bfs-learners-vet-canton,CH,Switzerland,2010,BL,UNK,0.0,,learners
ch-bfs-learners-vet-canton,CH,Switzerland,2011,BL,UNK,0.0,,learners
ch-bfs-learners-vet-canton,CH,Switzerland,2012,BL,UNK,0.0,,learners
ch-bfs-learners-vet-canton,CH,Switzerland,2013,BL,UNK,0.0,,learners
ch-bfs-learners-vet-canton,CH,Switzerland,2014,BL,UNK,0.0,,learners
ch-bfs-learners-vet-canton,CH,Switzerland,2015,BL,UNK,0.0,,learners
ch-bfs-learners-vet-canton,CH,Switzerland,2016,BL,UNK,0.0,,learners
ch-bfs-learners-vet-canton,CH,Switzerland,2017,BL,UNK,0.0,,learners
ch-bfs-learners-vet-canton,CH,Switzerland,2018,BL,UNK,0.0,,learners
ch-bfs-learners-vet-canton,CH,Switzerland,2019,BL,UNK,0.0,,learners
ch-bfs-learners-vet-canton,CH,Switzerland,2020,BL,UNK,0.0,,learners
ch-bfs-learners-vet-canton,CH,Switzerland,2021,BL,UNK,0.0,,learners
ch-bfs-learners-vet-canton,CH,Switzerland,2022,BL,UNK,0.0,,learners
ch-bfs-learners-vet-canton,CH,Switzerland,2023,BL,UNK,0.0,,learners
ch-bfs-learners-vet-canton,CH,Switzerland,2024,BL,UNK,0.0,,learners
ch-bfs-learners-vet-canton,CH,Switzerland,2025,BL,UNK,0.0,,learners
ch-bfs-learners-vet-canton,CH,Switzerland,2007,BS,DUAL,5195.0,,learners
ch-bfs-learners-vet-canton,CH,Switzerland,2008,BS,DUAL,5265.0,,learners
ch-bfs-learners-vet-canton,CH,Switzerland,2009,BS,DUAL,5244.0,,learners
ch-bfs-learners-vet-canton,CH,Switzerland,2010,BS,DUAL,5206.0,,learners
ch-bfs-learners-vet-canton,CH,Switzerland,2011,BS,DUAL,5260.0,,learners
ch-bfs-learners-vet-canton,CH,Switzerland,2012,BS,DUAL,5218.0,,learners
ch-bfs-learners-vet-canton,CH,Switzerland,2013,BS,DUAL,5219.0,,learners
ch-bfs-learners-vet-canton,CH,Switzerland,2014,BS,DUAL,5212.0,,learners
ch-bfs-learners-vet-canton,CH,Switzerland,2015,BS,DUAL,5179.0,,learners
ch-bfs-learners-vet-canton,CH,Switzerland,2016,BS,DUAL,5183.0,,learners
ch-bfs-learners-vet-canton,CH,Switzerland,2017,BS,DUAL,5061.0,,learners
ch-bfs-learners-vet-canton,CH,Switzerland,2018,BS,DUAL,4909.0,,learners
ch-bfs-learners-vet-canton,CH,Switzerland,2019,BS,DUAL,4877.0,,learners
ch-bfs-learners-vet-canton,CH,Switzerland,2020,BS,DUAL,4776.0,,learners
ch-bfs-learners-vet-canton,CH,Switzerland,2021,BS,DUAL,4665.0,,learners
ch-bfs-learners-vet-canton,CH,Switzerland,2022,BS,DUAL,4607.0,,learners
ch-bfs-learners-vet-canton,CH,Switzerland,2023,BS,DUAL,4689.0,,learners
ch-bfs-learners-vet-canton,CH,Switzerland,2024,BS,DUAL,4801.0,,learners
ch-bfs-learners-vet-canton,CH,Switzerland,2025,BS,DUAL,4980.0,,learners
ch-bfs-learners-vet-canton,CH,Switzerland,2007,BS,SCHOOL,101.0,,learners
ch-bfs-learners-vet-canton,CH,Switzerland,2008,BS,SCHOOL,55.0,,learners
ch-bfs-learners-vet-canton,CH,Switzerland,2009,BS,SCHOOL,179.0,,learners
ch-bfs-learners-vet-canton,CH,Switzerland,2010,BS,SCHOOL,180.0,,learners
ch-bfs-learners-vet-canton,CH,Switzerland,2011,BS,SCHOOL,140.0,,learners
ch-bfs-learners-vet-canton,CH,Switzerland,2012,BS,SCHOOL,148.0,,learners
ch-bfs-learners-vet-canton,CH,Switzerland,2013,BS,SCHOOL,165.0,,learners
ch-bfs-learners-vet-canton,CH,Switzerland,2014,BS,SCHOOL,381.0,,learners
ch-bfs-learners-vet-canton,CH,Switzerland,2015,BS,SCHOOL,733.0,,learners
ch-bfs-learners-vet-canton,CH,Switzerland,2016,BS,SCHOOL,784.0,,learners
ch-bfs-learners-vet-canton,CH,Switzerland,2017,BS,SCHOOL,718.0,,learners
ch-bfs-learners-vet-canton,CH,Switzerland,2018,BS,SCHOOL,725.0,,learners
ch-bfs-learners-vet-canton,CH,Switzerland,2019,BS,SCHOOL,692.0,,learners
ch-bfs-learners-vet-canton,CH,Switzerland,2020,BS,SCHOOL,649.0,,learners
ch-bfs-learners-vet-canton,CH,Switzerland,2021,BS,SCHOOL,652.0,,learners
ch-bfs-learners-vet-canton,CH,Switzerland,2022,BS,SCHOOL,672.0,,learners
ch-bfs-learners-vet-canton,CH,Switzerland,2023,BS,SCHOOL,613.0,,learners
ch-bfs-learners-vet-canton,CH,Switzerland,2024,BS,SCHOOL,628.0,,learners
ch-bfs-learners-vet-canton,CH,Switzerland,2025,BS,SCHOOL,681.0,,learners
ch-bfs-learners-vet-canton,CH,Switzerland,2005,BS,TOTAL,4746.0,,learners
ch-bfs-learners-vet-canton,CH,Switzerland,2006,BS,TOTAL,5007.0,,learners
ch-bfs-learners-vet-canton,CH,Switzerland,2007,BS,TOTAL,5296.0,,learners
ch-bfs-learners-vet-canton,CH,Switzerland,2008,BS,TOTAL,5320.0,,learners
ch-bfs-learners-vet-canton,CH,Switzerland,2009,BS,TOTAL,5423.0,,learners
ch-bfs-learners-vet-canton,CH,Switzerland,2010,BS,TOTAL,5386.0,,learners
ch-bfs-learners-vet-canton,CH,Switzerland,2011,BS,TOTAL,5400.0,,learners
ch-bfs-learners-vet-canton,CH,Switzerland,2012,BS,TOTAL,5366.0,,learners
ch-bfs-learners-vet-canton,CH,Switzerland,2013,BS,TOTAL,5384.0,,learners
ch-bfs-learners-vet-canton,CH,Switzerland,2014,BS,TOTAL,5593.0,,learners
ch-bfs-learners-vet-canton,CH,Switzerland,2015,BS,TOTAL,5912.0,,learners
ch-bfs-learners-vet-canton,CH,Switzerland,2016,BS,TOTAL,5967.0,,learners
ch-bfs-learners-vet-canton,CH,Switzerland,2017,BS,TOTAL,5779.0,,learners
ch-bfs-learners-vet-canton,CH,Switzerland,2018,BS,TOTAL,5634.0,,learners
ch-bfs-learners-vet-canton,CH,Switzerland,2019,BS,TOTAL,5569.0,,learners
ch-bfs-learners-vet-canton,CH,Switzerland,2020,BS,TOTAL,5425.0,,learners
ch-bfs-learners-vet-canton,CH,Switzerland,2021,BS,TOTAL,5317.0,,learners
ch-bfs-learners-vet-canton,CH,Switzerland,2022,BS,TOTAL,5279.0,,learners
ch-bfs-learners-vet-canton,CH,Switzerland,2023,BS,TOTAL,5302.0,,learners
ch-bfs-learners-vet-canton,CH,Switzerland,2024,BS,TOTAL,5429.0,,learners
ch-bfs-learners-vet-canton,CH,Switzerland,2025,BS,TOTAL,5661.0,,learners
ch-bfs-learners-vet-canton,CH,Switzerland,2005,BS,UNK,4746.0,,learners
ch-bfs-learners-vet-canton,CH,Switzerland,2006,BS,UNK,5007.0,,learners
ch-bfs-learners-vet-canton,CH,Switzerland,2007,BS,UNK,0.0,,learners
ch-bfs-learners-vet-canton,CH,Switzerland,2008,BS,UNK,0.0,,learners
ch-bfs-learners-vet-canton,CH,Switzerland,2009,BS,UNK,0.0,,learners
ch-bfs-learners-vet-canton,CH,Switzerland,2010,BS,UNK,0.0,,learners
ch-bfs-learners-vet-canton,CH,Switzerland,2011,BS,UNK,0.0,,learners
ch-bfs-learners-vet-canton,CH,Switzerland,2012,BS,UNK,0.0,,learners
ch-bfs-learners-vet-canton,CH,Switzerland,2013,BS,UNK,0.0,,learners
ch-bfs-learners-vet-canton,CH,Switzerland,2014,BS,UNK,0.0,,learners
ch-bfs-learners-vet-canton,CH,Switzerland,2015,BS,UNK,0.0,,learners
ch-bfs-learners-vet-canton,CH,Switzerland,2016,BS,UNK,0.0,,learners
ch-bfs-learners-vet-canton,CH,Switzerland,2017,BS,UNK,0.0,,learners
ch-bfs-learners-vet-canton,CH,Switzerland,2018,BS,UNK,0.0,,learners
ch-bfs-learners-vet-canton,CH,Switzerland,2019,BS,UNK,0.0,,learners
ch-bfs-learners-vet-canton,CH,Switzerland,2020,BS,UNK,0.0,,learners
ch-bfs-learners-vet-canton,CH,Switzerland,2021,BS,UNK,0.0,,learners
ch-bfs-learners-vet-canton,CH,Switzerland,2022,BS,UNK,0.0,,learners
ch-bfs-learners-vet-canton,CH,Switzerland,2023,BS,UNK,0.0,,learners
ch-bfs-learners-vet-canton,CH,Switzerland,2024,BS,UNK,0.0,,learners
ch-bfs-learners-vet-canton,CH,Switzerland,2025,BS,UNK,0.0,,learners
ch-bfs-learners-vet-canton,CH,Switzerland,2007,CH,DUAL,188486.0,,learners
ch-bfs-learners-vet-canton,CH,Switzerland,2008,CH,DUAL,194535.0,,learners
ch-bfs-learners-vet-canton,CH,Switzerland,2009,CH,DUAL,198206.0,,learners
ch-bfs-learners-vet-canton,CH,Switzerland,2010,CH,DUAL,198375.0,,learners
ch-bfs-learners-vet-canton,CH,Switzerland,2011,CH,DUAL,198638.0,,learners
ch-bfs-learners-vet-canton,CH,Switzerland,2012,CH,DUAL,199783.0,,learners
ch-bfs-learners-vet-canton,CH,Switzerland,2013,CH,DUAL,197501.0,,learners
ch-bfs-learners-vet-canton,CH,Switzerland,2014,CH,DUAL,197370.0,,learners
ch-bfs-learners-vet-canton,CH,Switzerland,2015,CH,DUAL,195766.0,,learners
ch-bfs-learners-vet-canton,CH,Switzerland,2016,CH,DUAL,194396.0,,learners
ch-bfs-learners-vet-canton,CH,Switzerland,2017,CH,DUAL,192852.0,,learners
ch-bfs-learners-vet-canton,CH,Switzerland,2018,CH,DUAL,190463.0,,learners
ch-bfs-learners-vet-canton,CH,Switzerland,2019,CH,DUAL,189098.0,,learners
ch-bfs-learners-vet-canton,CH,Switzerland,2020,CH,DUAL,188353.0,,learners
ch-bfs-learners-vet-canton,CH,Switzerland,2021,CH,DUAL,187835.0,,learners
ch-bfs-learners-vet-canton,CH,Switzerland,2022,CH,DUAL,185689.0,,learners
ch-bfs-learners-vet-canton,CH,Switzerland,2023,CH,DUAL,186357.0,,learners
ch-bfs-learners-vet-canton,CH,Switzerland,2024,CH,DUAL,188301.0,,learners
ch-bfs-learners-vet-canton,CH,Switzerland,2025,CH,DUAL,191164.0,,learners
ch-bfs-learners-vet-canton,CH,Switzerland,2007,CH,SCHOOL,8009.0,,learners
ch-bfs-learners-vet-canton,CH,Switzerland,2008,CH,SCHOOL,10969.0,,learners
ch-bfs-learners-vet-canton,CH,Switzerland,2009,CH,SCHOOL,10258.0,,learners
ch-bfs-learners-vet-canton,CH,Switzerland,2010,CH,SCHOOL,12525.0,,learners
ch-bfs-learners-vet-canton,CH,Switzerland,2011,CH,SCHOOL,13573.0,,learners
ch-bfs-learners-vet-canton,CH,Switzerland,2012,CH,SCHOOL,14613.0,,learners
ch-bfs-learners-vet-canton,CH,Switzerland,2013,CH,SCHOOL,19444.0,,learners
ch-bfs-learners-vet-canton,CH,Switzerland,2014,CH,SCHOOL,25028.0,,learners
ch-bfs-learners-vet-canton,CH,Switzerland,2015,CH,SCHOOL,25334.0,,learners
ch-bfs-learners-vet-canton,CH,Switzerland,2016,CH,SCHOOL,25402.0,,learners
ch-bfs-learners-vet-canton,CH,Switzerland,2017,CH,SCHOOL,24914.0,,learners
ch-bfs-learners-vet-canton,CH,Switzerland,2018,CH,SCHOOL,24335.0,,learners
ch-bfs-learners-vet-canton,CH,Switzerland,2019,CH,SCHOOL,23634.0,,learners
ch-bfs-learners-vet-canton,CH,Switzerland,2020,CH,SCHOOL,23534.0,,learners
ch-bfs-learners-vet-canton,CH,Switzerland,2021,CH,SCHOOL,22917.0,,learners
ch-bfs-learners-vet-canton,CH,Switzerland,2022,CH,SCHOOL,22700.0,,learners
ch-bfs-learners-vet-canton,CH,Switzerland,2023,CH,SCHOOL,22865.0,,learners
ch-bfs-learners-vet-canton,CH,Switzerland,2024,CH,SCHOOL,23325.0,,learners
ch-bfs-learners-vet-canton,CH,Switzerland,2025,CH,SCHOOL,23888.0,,learners
ch-bfs-learners-vet-canton,CH,Switzerland,2005,CH,TOTAL,185412.0,,learners
ch-bfs-learners-vet-canton,CH,Switzerland,2006,CH,TOTAL,191548.0,,learners
ch-bfs-learners-vet-canton,CH,Switzerland,2007,CH,TOTAL,196495.0,,learners
ch-bfs-learners-vet-canton,CH,Switzerland,2008,CH,TOTAL,205504.0,,learners
ch-bfs-learners-vet-canton,CH,Switzerland,2009,CH,TOTAL,208464.0,,learners
ch-bfs-learners-vet-canton,CH,Switzerland,2010,CH,TOTAL,210900.0,,learners
ch-bfs-learners-vet-canton,CH,Switzerland,2011,CH,TOTAL,212211.0,,learners
ch-bfs-learners-vet-canton,CH,Switzerland,2012,CH,TOTAL,214396.0,,learners
ch-bfs-learners-vet-canton,CH,Switzerland,2013,CH,TOTAL,216945.0,,learners
ch-bfs-learners-vet-canton,CH,Switzerland,2014,CH,TOTAL,222398.0,,learners
ch-bfs-learners-vet-canton,CH,Switzerland,2015,CH,TOTAL,221100.0,,learners
ch-bfs-learners-vet-canton,CH,Switzerland,2016,CH,TOTAL,219798.0,,learners
ch-bfs-learners-vet-canton,CH,Switzerland,2017,CH,TOTAL,217766.0,,learners
ch-bfs-learners-vet-canton,CH,Switzerland,2018,CH,TOTAL,214798.0,,learners
ch-bfs-learners-vet-canton,CH,Switzerland,2019,CH,TOTAL,212732.0,,learners
ch-bfs-learners-vet-canton,CH,Switzerland,2020,CH,TOTAL,211887.0,,learners
ch-bfs-learners-vet-canton,CH,Switzerland,2021,CH,TOTAL,210752.0,,learners
ch-bfs-learners-vet-canton,CH,Switzerland,2022,CH,TOTAL,208389.0,,learners
ch-bfs-learners-vet-canton,CH,Switzerland,2023,CH,TOTAL,209222.0,,learners
ch-bfs-learners-vet-canton,CH,Switzerland,2024,CH,TOTAL,211626.0,,learners
ch-bfs-learners-vet-canton,CH,Switzerland,2025,CH,TOTAL,215052.0,,learners
ch-bfs-learners-vet-canton,CH,Switzerland,2005,CH,UNK,185412.0,,learners
ch-bfs-learners-vet-canton,CH,Switzerland,2006,CH,UNK,191548.0,,learners
ch-bfs-learners-vet-canton,CH,Switzerland,2007,CH,UNK,0.0,,learners
ch-bfs-learners-vet-canton,CH,Switzerland,2008,CH,UNK,0.0,,learners
ch-bfs-learners-vet-canton,CH,Switzerland,2009,CH,UNK,0.0,,learners
ch-bfs-learners-vet-canton,CH,Switzerland,2010,CH,UNK,0.0,,learners
ch-bfs-learners-vet-canton,CH,Switzerland,2011,CH,UNK,0.0,,learners
ch-bfs-learners-vet-canton,CH,Switzerland,2012,CH,UNK,0.0,,learners
ch-bfs-learners-vet-canton,CH,Switzerland,2013,CH,UNK,0.0,,learners
ch-bfs-learners-vet-canton,CH,Switzerland,2014,CH,UNK,0.0,,learners
ch-bfs-learners-vet-canton,CH,Switzerland,2015,CH,UNK,0.0,,learners
ch-bfs-learners-vet-canton,CH,Switzerland,2016,CH,UNK,0.0,,learners
ch-bfs-learners-vet-canton,CH,Switzerland,2017,CH,UNK,0.0,,learners
ch-bfs-learners-vet-canton,CH,Switzerland,2018,CH,UNK,0.0,,learners
ch-bfs-learners-vet-canton,CH,Switzerland,2019,CH,UNK,0.0,,learners
ch-bfs-learners-vet-canton,CH,Switzerland,2020,CH,UNK,0.0,,learners
ch-bfs-learners-vet-canton,CH,Switzerland,2021,CH,UNK,0.0,,learners
ch-bfs-learners-vet-canton,CH,Switzerland,2022,CH,UNK,0.0,,learners
ch-bfs-learners-vet-canton,CH,Switzerland,2023,CH,UNK,0.0,,learners
ch-bfs-learners-vet-canton,CH,Switzerland,2024,CH,UNK,0.0,,learners
ch-bfs-learners-vet-canton,CH,Switzerland,2025,CH,UNK,0.0,,learners
ch-bfs-learners-vet-canton,CH,Switzerland,2007,FR,DUAL,5926.0,,learners
ch-bfs-learners-vet-canton,CH,Switzerland,2008,FR,DUAL,6074.0,,learners
ch-bfs-learners-vet-canton,CH,Switzerland,2009,FR,DUAL,6252.0,,learners
ch-bfs-learners-vet-canton,CH,Switzerland,2010,FR,DUAL,6481.0,,learners
ch-bfs-learners-vet-canton,CH,Switzerland,2011,FR,DUAL,6686.0,,learners
ch-bfs-learners-vet-canton,CH,Switzerland,2012,FR,DUAL,6888.0,,learners
ch-bfs-learners-vet-canton,CH,Switzerland,2013,FR,DUAL,7048.0,,learners
ch-bfs-learners-vet-canton,CH,Switzerland,2014,FR,DUAL,7071.0,,learners
ch-bfs-learners-vet-canton,CH,Switzerland,2015,FR,DUAL,7051.0,,learners
ch-bfs-learners-vet-canton,CH,Switzerland,2016,FR,DUAL,6916.0,,learners
ch-bfs-learners-vet-canton,CH,Switzerland,2017,FR,DUAL,7014.0,,learners
ch-bfs-learners-vet-canton,CH,Switzerland,2018,FR,DUAL,6919.0,,learners
ch-bfs-learners-vet-canton,CH,Switzerland,2019,FR,DUAL,6822.0,,learners
ch-bfs-learners-vet-canton,CH,Switzerland,2020,FR,DUAL,6764.0,,learners
ch-bfs-learners-vet-canton,CH,Switzerland,2021,FR,DUAL,6804.0,,learners
ch-bfs-learners-vet-canton,CH,Switzerland,2022,FR,DUAL,6698.0,,learners
ch-bfs-learners-vet-canton,CH,Switzerland,2023,FR,DUAL,6804.0,,learners
ch-bfs-learners-vet-canton,CH,Switzerland,2024,FR,DUAL,6849.0,,learners
ch-bfs-learners-vet-canton,CH,Switzerland,2025,FR,DUAL,6930.0,,learners
ch-bfs-learners-vet-canton,CH,Switzerland,2007,FR,SCHOOL,671.0,,learners
ch-bfs-learners-vet-canton,CH,Switzerland,2008,FR,SCHOOL,793.0,,learners
ch-bfs-learners-vet-canton,CH,Switzerland,2009,FR,SCHOOL,745.0,,learners
ch-bfs-learners-vet-canton,CH,Switzerland,2010,FR,SCHOOL,766.0,,learners
ch-bfs-learners-vet-canton,CH,Switzerland,2011,FR,SCHOOL,664.0,,learners
ch-bfs-learners-vet-canton,CH,Switzerland,2012,FR,SCHOOL,571.0,,learners
ch-bfs-learners-vet-canton,CH,Switzerland,2013,FR,SCHOOL,567.0,,learners
ch-bfs-learners-vet-canton,CH,Switzerland,2014,FR,SCHOOL,901.0,,learners
ch-bfs-learners-vet-canton,CH,Switzerland,2015,FR,SCHOOL,879.0,,learners
ch-bfs-learners-vet-canton,CH,Switzerland,2016,FR,SCHOOL,903.0,,learners
ch-bfs-learners-vet-canton,CH,Switzerland,2017,FR,SCHOOL,894.0,,learners
ch-bfs-learners-vet-canton,CH,Switzerland,2018,FR,SCHOOL,890.0,,learners
ch-bfs-learners-vet-canton,CH,Switzerland,2019,FR,SCHOOL,896.0,,learners
ch-bfs-learners-vet-canton,CH,Switzerland,2020,FR,SCHOOL,941.0,,learners
ch-bfs-learners-vet-canton,CH,Switzerland,2021,FR,SCHOOL,934.0,,learners
ch-bfs-learners-vet-canton,CH,Switzerland,2022,FR,SCHOOL,978.0,,learners
ch-bfs-learners-vet-canton,CH,Switzerland,2023,FR,SCHOOL,996.0,,learners
ch-bfs-learners-vet-canton,CH,Switzerland,2024,FR,SCHOOL,1094.0,,learners
ch-bfs-learners-vet-canton,CH,Switzerland,2025,FR,SCHOOL,1114.0,,learners
ch-bfs-learners-vet-canton,CH,Switzerland,2005,FR,TOTAL,6188.0,,learners
ch-bfs-learners-vet-canton,CH,Switzerland,2006,FR,TOTAL,6390.0,,learners
ch-bfs-learners-vet-canton,CH,Switzerland,2007,FR,TOTAL,6597.0,,learners
ch-bfs-learners-vet-canton,CH,Switzerland,2008,FR,TOTAL,6867.0,,learners
ch-bfs-learners-vet-canton,CH,Switzerland,2009,FR,TOTAL,6997.0,,learners
ch-bfs-learners-vet-canton,CH,Switzerland,2010,FR,TOTAL,7247.0,,learners
ch-bfs-learners-vet-canton,CH,Switzerland,2011,FR,TOTAL,7350.0,,learners
ch-bfs-learners-vet-canton,CH,Switzerland,2012,FR,TOTAL,7459.0,,learners
ch-bfs-learners-vet-canton,CH,Switzerland,2013,FR,TOTAL,7615.0,,learners
ch-bfs-learners-vet-canton,CH,Switzerland,2014,FR,TOTAL,7972.0,,learners
ch-bfs-learners-vet-canton,CH,Switzerland,2015,FR,TOTAL,7930.0,,learners
ch-bfs-learners-vet-canton,CH,Switzerland,2016,FR,TOTAL,7819.0,,learners
ch-bfs-learners-vet-canton,CH,Switzerland,2017,FR,TOTAL,7908.0,,learners
ch-bfs-learners-vet-canton,CH,Switzerland,2018,FR,TOTAL,7809.0,,learners
ch-bfs-learners-vet-canton,CH,Switzerland,2019,FR,TOTAL,7718.0,,learners
ch-bfs-learners-vet-canton,CH,Switzerland,2020,FR,TOTAL,7705.0,,learners
ch-bfs-learners-vet-canton,CH,Switzerland,2021,FR,TOTAL,7738.0,,learners
ch-bfs-learners-vet-canton,CH,Switzerland,2022,FR,TOTAL,7676.0,,learners
ch-bfs-learners-vet-canton,CH,Switzerland,2023,FR,TOTAL,7800.0,,learners
ch-bfs-learners-vet-canton,CH,Switzerland,2024,FR,TOTAL,7943.0,,learners
ch-bfs-learners-vet-canton,CH,Switzerland,2025,FR,TOTAL,8044.0,,learners
ch-bfs-learners-vet-canton,CH,Switzerland,2005,FR,UNK,6188.0,,learners
ch-bfs-learners-vet-canton,CH,Switzerland,2006,FR,UNK,6390.0,,learners
ch-bfs-learners-vet-canton,CH,Switzerland,2007,FR,UNK,0.0,,learners
ch-bfs-learners-vet-canton,CH,Switzerland,2008,FR,UNK,0.0,,learners
ch-bfs-learners-vet-canton,CH,Switzerland,2009,FR,UNK,0.0,,learners
ch-bfs-learners-vet-canton,CH,Switzerland,2010,FR,UNK,0.0,,learners
ch-bfs-learners-vet-canton,CH,Switzerland,2011,FR,UNK,0.0,,learners
ch-bfs-learners-vet-canton,CH,Switzerland,2012,FR,UNK,0.0,,learners
ch-bfs-learners-vet-canton,CH,Switzerland,2013,FR,UNK,0.0,,learners
ch-bfs-learners-vet-canton,CH,Switzerland,2014,FR,UNK,0.0,,learners
ch-bfs-learners-vet-canton,CH,Switzerland,2015,FR,UNK,0.0,,learners
ch-bfs-learners-vet-canton,CH,Switzerland,2016,FR,UNK,0.0,,learners
ch-bfs-learners-vet-canton,CH,Switzerland,2017,FR,UNK,0.0,,learners
ch-bfs-learners-vet-canton,CH,Switzerland,2018,FR,UNK,0.0,,learners
ch-bfs-learners-vet-canton,CH,Switzerland,2019,FR,UNK,0.0,,learners
ch-bfs-learners-vet-canton,CH,Switzerland,2020,FR,UNK,0.0,,learners
ch-bfs-learners-vet-canton,CH,Switzerland,2021,FR,UNK,0.0,,learners
ch-bfs-learners-vet-canton,CH,Switzerland,2022,FR,UNK,0.0,,learners
ch-bfs-learners-vet-canton,CH,Switzerland,2023,FR,UNK,0.0,,learners
ch-bfs-learners-vet-canton,CH,Switzerland,2024,FR,UNK,0.0,,learners
ch-bfs-learners-vet-canton,CH,Switzerland,2025,FR,UNK,0.0,,learners
ch-bfs-learners-vet-canton,CH,Switzerland,2007,GE,DUAL,4446.0,,learners
ch-bfs-learners-vet-canton,CH,Switzerland,2008,GE,DUAL,4564.0,,learners
ch-bfs-learners-vet-canton,CH,Switzerland,2009,GE,DUAL,4953.0,,learners
ch-bfs-learners-vet-canton,CH,Switzerland,2010,GE,DUAL,5126.0,,learners
ch-bfs-learners-vet-canton,CH,Switzerland,2011,GE,DUAL,4969.0,,learners
ch-bfs-learners-vet-canton,CH,Switzerland,2012,GE,DUAL,5021.0,,learners
ch-bfs-learners-vet-canton,CH,Switzerland,2013,GE,DUAL,4946.0,,learners
ch-bfs-learners-vet-canton,CH,Switzerland,2014,GE,DUAL,4977.0,,learners
ch-bfs-learners-vet-canton,CH,Switzerland,2015,GE,DUAL,5020.0,,learners
ch-bfs-learners-vet-canton,CH,Switzerland,2016,GE,DUAL,5059.0,,learners
ch-bfs-learners-vet-canton,CH,Switzerland,2017,GE,DUAL,5122.0,,learners
ch-bfs-learners-vet-canton,CH,Switzerland,2018,GE,DUAL,5114.0,,learners
ch-bfs-learners-vet-canton,CH,Switzerland,2019,GE,DUAL,5138.0,,learners
ch-bfs-learners-vet-canton,CH,Switzerland,2020,GE,DUAL,5246.0,,learners
ch-bfs-learners-vet-canton,CH,Switzerland,2021,GE,DUAL,5294.0,,learners
ch-bfs-learners-vet-canton,CH,Switzerland,2022,GE,DUAL,5297.0,,learners
ch-bfs-learners-vet-canton,CH,Switzerland,2023,GE,DUAL,5419.0,,learners
ch-bfs-learners-vet-canton,CH,Switzerland,2024,GE,DUAL,5451.0,,learners
ch-bfs-learners-vet-canton,CH,Switzerland,2025,GE,DUAL,5555.0,,learners
ch-bfs-learners-vet-canton,CH,Switzerland,2007,GE,SCHOOL,1386.0,,learners
ch-bfs-learners-vet-canton,CH,Switzerland,2008,GE,SCHOOL,1713.0,,learners
ch-bfs-learners-vet-canton,CH,Switzerland,2009,GE,SCHOOL,1530.0,,learners
ch-bfs-learners-vet-canton,CH,Switzerland,2010,GE,SCHOOL,2258.0,,learners
ch-bfs-learners-vet-canton,CH,Switzerland,2011,GE,SCHOOL,3067.0,,learners
ch-bfs-learners-vet-canton,CH,Switzerland,2012,GE,SCHOOL,3576.0,,learners
ch-bfs-learners-vet-canton,CH,Switzerland,2013,GE,SCHOOL,3975.0,,learners
ch-bfs-learners-vet-canton,CH,Switzerland,2014,GE,SCHOOL,4048.0,,learners
ch-bfs-learners-vet-canton,CH,Switzerland,2015,GE,SCHOOL,4193.0,,learners
ch-bfs-learners-vet-canton,CH,Switzerland,2016,GE,SCHOOL,4322.0,,learners
ch-bfs-learners-vet-canton,CH,Switzerland,2017,GE,SCHOOL,4371.0,,learners
ch-bfs-learners-vet-canton,CH,Switzerland,2018,GE,SCHOOL,4240.0,,learners
ch-bfs-learners-vet-canton,CH,Switzerland,2019,GE,SCHOOL,4186.0,,learners
ch-bfs-learners-vet-canton,CH,Switzerland,2020,GE,SCHOOL,4064.0,,learners
ch-bfs-learners-vet-canton,CH,Switzerland,2021,GE,SCHOOL,3909.0,,learners
ch-bfs-learners-vet-canton,CH,Switzerland,2022,GE,SCHOOL,3870.0,,learners
ch-bfs-learners-vet-canton,CH,Switzerland,2023,GE,SCHOOL,3790.0,,learners
ch-bfs-learners-vet-canton,CH,Switzerland,2024,GE,SCHOOL,3914.0,,learners
ch-bfs-learners-vet-canton,CH,Switzerland,2025,GE,SCHOOL,3941.0,,learners
ch-bfs-learners-vet-canton,CH,Switzerland,2005,GE,TOTAL,5658.0,,learners
ch-bfs-learners-vet-canton,CH,Switzerland,2006,GE,TOTAL,5680.0,,learners
ch-bfs-learners-vet-canton,CH,Switzerland,2007,GE,TOTAL,5832.0,,learners
ch-bfs-learners-vet-canton,CH,Switzerland,2008,GE,TOTAL,6277.0,,learners
ch-bfs-learners-vet-canton,CH,Switzerland,2009,GE,TOTAL,6483.0,,learners
ch-bfs-learners-vet-canton,CH,Switzerland,2010,GE,TOTAL,7384.0,,learners
ch-bfs-learners-vet-canton,CH,Switzerland,2011,GE,TOTAL,8036.0,,learners
ch-bfs-learners-vet-canton,CH,Switzerland,2012,GE,TOTAL,8597.0,,learners
ch-bfs-learners-vet-canton,CH,Switzerland,2013,GE,TOTAL,8921.0,,learners
ch-bfs-learners-vet-canton,CH,Switzerland,2014,GE,TOTAL,9025.0,,learners
ch-bfs-learners-vet-canton,CH,Switzerland,2015,GE,TOTAL,9213.0,,learners
ch-bfs-learners-vet-canton,CH,Switzerland,2016,GE,TOTAL,9381.0,,learners
ch-bfs-learners-vet-canton,CH,Switzerland,2017,GE,TOTAL,9493.0,,learners
ch-bfs-learners-vet-canton,CH,Switzerland,2018,GE,TOTAL,9354.0,,learners
ch-bfs-learners-vet-canton,CH,Switzerland,2019,GE,TOTAL,9324.0,,learners
ch-bfs-learners-vet-canton,CH,Switzerland,2020,GE,TOTAL,9310.0,,learners
ch-bfs-learners-vet-canton,CH,Switzerland,2021,GE,TOTAL,9203.0,,learners
ch-bfs-learners-vet-canton,CH,Switzerland,2022,GE,TOTAL,9167.0,,learners
ch-bfs-learners-vet-canton,CH,Switzerland,2023,GE,TOTAL,9209.0,,learners
ch-bfs-learners-vet-canton,CH,Switzerland,2024,GE,TOTAL,9365.0,,learners
ch-bfs-learners-vet-canton,CH,Switzerland,2025,GE,TOTAL,9496.0,,learners
ch-bfs-learners-vet-canton,CH,Switzerland,2005,GE,UNK,5658.0,,learners
ch-bfs-learners-vet-canton,CH,Switzerland,2006,GE,UNK,5680.0,,learners
ch-bfs-learners-vet-canton,CH,Switzerland,2007,GE,UNK,0.0,,learners
ch-bfs-learners-vet-canton,CH,Switzerland,2008,GE,UNK,0.0,,learners
ch-bfs-learners-vet-canton,CH,Switzerland,2009,GE,UNK,0.0,,learners
ch-bfs-learners-vet-canton,CH,Switzerland,2010,GE,UNK,0.0,,learners
ch-bfs-learners-vet-canton,CH,Switzerland,2011,GE,UNK,0.0,,learners
ch-bfs-learners-vet-canton,CH,Switzerland,2012,GE,UNK,0.0,,learners
ch-bfs-learners-vet-canton,CH,Switzerland,2013,GE,UNK,0.0,,learners
ch-bfs-learners-vet-canton,CH,Switzerland,2014,GE,UNK,0.0,,learners
ch-bfs-learners-vet-canton,CH,Switzerland,2015,GE,UNK,0.0,,learners
ch-bfs-learners-vet-canton,CH,Switzerland,2016,GE,UNK,0.0,,learners
ch-bfs-learners-vet-canton,CH,Switzerland,2017,GE,UNK,0.0,,learners
ch-bfs-learners-vet-canton,CH,Switzerland,2018,GE,UNK,0.0,,learners
ch-bfs-learners-vet-canton,CH,Switzerland,2019,GE,UNK,0.0,,learners
ch-bfs-learners-vet-canton,CH,Switzerland,2020,GE,UNK,0.0,,learners
ch-bfs-learners-vet-canton,CH,Switzerland,2021,GE,UNK,0.0,,learners
ch-bfs-learners-vet-canton,CH,Switzerland,2022,GE,UNK,0.0,,learners
ch-bfs-learners-vet-canton,CH,Switzerland,2023,GE,UNK,0.0,,learners
ch-bfs-learners-vet-canton,CH,Switzerland,2024,GE,UNK,0.0,,learners
ch-bfs-learners-vet-canton,CH,Switzerland,2025,GE,UNK,0.0,,learners
ch-bfs-learners-vet-canton,CH,Switzerland,2007,GL,DUAL,1315.0,,learners
ch-bfs-learners-vet-canton,CH,Switzerland,2008,GL,DUAL,1366.0,,learners
ch-bfs-learners-vet-canton,CH,Switzerland,2009,GL,DUAL,1379.0,,learners
ch-bfs-learners-vet-canton,CH,Switzerland,2010,GL,DUAL,1371.0,,learners
ch-bfs-learners-vet-canton,CH,Switzerland,2011,GL,DUAL,1366.0,,learners
ch-bfs-learners-vet-canton,CH,Switzerland,2012,GL,DUAL,1333.0,,learners
ch-bfs-learners-vet-canton,CH,Switzerland,2013,GL,DUAL,1302.0,,learners
ch-bfs-learners-vet-canton,CH,Switzerland,2014,GL,DUAL,1254.0,,learners
ch-bfs-learners-vet-canton,CH,Switzerland,2015,GL,DUAL,1204.0,,learners
ch-bfs-learners-vet-canton,CH,Switzerland,2016,GL,DUAL,1177.0,,learners
ch-bfs-learners-vet-canton,CH,Switzerland,2017,GL,DUAL,1155.0,,learners
ch-bfs-learners-vet-canton,CH,Switzerland,2018,GL,DUAL,1155.0,,learners
ch-bfs-learners-vet-canton,CH,Switzerland,2019,GL,DUAL,1134.0,,learners
ch-bfs-learners-vet-canton,CH,Switzerland,2020,GL,DUAL,1104.0,,learners
ch-bfs-learners-vet-canton,CH,Switzerland,2021,GL,DUAL,1110.0,,learners
ch-bfs-learners-vet-canton,CH,Switzerland,2022,GL,DUAL,1096.0,,learners
ch-bfs-learners-vet-canton,CH,Switzerland,2023,GL,DUAL,1088.0,,learners
ch-bfs-learners-vet-canton,CH,Switzerland,2024,GL,DUAL,1052.0,,learners
ch-bfs-learners-vet-canton,CH,Switzerland,2025,GL,DUAL,1079.0,,learners
ch-bfs-learners-vet-canton,CH,Switzerland,2007,GL,SCHOOL,0.0,,learners
ch-bfs-learners-vet-canton,CH,Switzerland,2008,GL,SCHOOL,0.0,,learners
ch-bfs-learners-vet-canton,CH,Switzerland,2009,GL,SCHOOL,0.0,,learners
ch-bfs-learners-vet-canton,CH,Switzerland,2010,GL,SCHOOL,0.0,,learners
ch-bfs-learners-vet-canton,CH,Switzerland,2011,GL,SCHOOL,0.0,,learners
ch-bfs-learners-vet-canton,CH,Switzerland,2012,GL,SCHOOL,0.0,,learners
ch-bfs-learners-vet-canton,CH,Switzerland,2013,GL,SCHOOL,0.0,,learners
ch-bfs-learners-vet-canton,CH,Switzerland,2014,GL,SCHOOL,0.0,,learners
ch-bfs-learners-vet-canton,CH,Switzerland,2015,GL,SCHOOL,0.0,,learners
ch-bfs-learners-vet-canton,CH,Switzerland,2016,GL,SCHOOL,0.0,,learners
ch-bfs-learners-vet-canton,CH,Switzerland,2017,GL,SCHOOL,0.0,,learners
ch-bfs-learners-vet-canton,CH,Switzerland,2018,GL,SCHOOL,0.0,,learners
ch-bfs-learners-vet-canton,CH,Switzerland,2019,GL,SCHOOL,0.0,,learners
ch-bfs-learners-vet-canton,CH,Switzerland,2020,GL,SCHOOL,0.0,,learners
ch-bfs-learners-vet-canton,CH,Switzerland,2021,GL,SCHOOL,0.0,,learners
ch-bfs-learners-vet-canton,CH,Switzerland,2022,GL,SCHOOL,0.0,,learners
ch-bfs-learners-vet-canton,CH,Switzerland,2023,GL,SCHOOL,0.0,,learners
ch-bfs-learners-vet-canton,CH,Switzerland,2024,GL,SCHOOL,0.0,,learners
ch-bfs-learners-vet-canton,CH,Switzerland,2025,GL,SCHOOL,0.0,,learners
ch-bfs-learners-vet-canton,CH,Switzerland,2005,GL,TOTAL,1280.0,,learners
ch-bfs-learners-vet-canton,CH,Switzerland,2006,GL,TOTAL,1300.0,,learners
ch-bfs-learners-vet-canton,CH,Switzerland,2007,GL,TOTAL,1315.0,,learners
ch-bfs-learners-vet-canton,CH,Switzerland,2008,GL,TOTAL,1366.0,,learners
ch-bfs-learners-vet-canton,CH,Switzerland,2009,GL,TOTAL,1379.0,,learners
ch-bfs-learners-vet-canton,CH,Switzerland,2010,GL,TOTAL,1371.0,,learners
ch-bfs-learners-vet-canton,CH,Switzerland,2011,GL,TOTAL,1366.0,,learners
ch-bfs-learners-vet-canton,CH,Switzerland,2012,GL,TOTAL,1333.0,,learners
ch-bfs-learners-vet-canton,CH,Switzerland,2013,GL,TOTAL,1302.0,,learners
ch-bfs-learners-vet-canton,CH,Switzerland,2014,GL,TOTAL,1254.0,,learners
ch-bfs-learners-vet-canton,CH,Switzerland,2015,GL,TOTAL,1204.0,,learners
ch-bfs-learners-vet-canton,CH,Switzerland,2016,GL,TOTAL,1177.0,,learners
ch-bfs-learners-vet-canton,CH,Switzerland,2017,GL,TOTAL,1155.0,,learners
ch-bfs-learners-vet-canton,CH,Switzerland,2018,GL,TOTAL,1155.0,,learners
ch-bfs-learners-vet-canton,CH,Switzerland,2019,GL,TOTAL,1134.0,,learners
ch-bfs-learners-vet-canton,CH,Switzerland,2020,GL,TOTAL,1104.0,,learners
ch-bfs-learners-vet-canton,CH,Switzerland,2021,GL,TOTAL,1110.0,,learners
ch-bfs-learners-vet-canton,CH,Switzerland,2022,GL,TOTAL,1096.0,,learners
ch-bfs-learners-vet-canton,CH,Switzerland,2023,GL,TOTAL,1088.0,,learners
ch-bfs-learners-vet-canton,CH,Switzerland,2024,GL,TOTAL,1052.0,,learners
ch-bfs-learners-vet-canton,CH,Switzerland,2025,GL,TOTAL,1079.0,,learners
ch-bfs-learners-vet-canton,CH,Switzerland,2005,GL,UNK,1280.0,,learners
ch-bfs-learners-vet-canton,CH,Switzerland,2006,GL,UNK,1300.0,,learners
ch-bfs-learners-vet-canton,CH,Switzerland,2007,GL,UNK,0.0,,learners
ch-bfs-learners-vet-canton,CH,Switzerland,2008,GL,UNK,0.0,,learners
ch-bfs-learners-vet-canton,CH,Switzerland,2009,GL,UNK,0.0,,learners
ch-bfs-learners-vet-canton,CH,Switzerland,2010,GL,UNK,0.0,,learners
ch-bfs-learners-vet-canton,CH,Switzerland,2011,GL,UNK,0.0,,learners
ch-bfs-learners-vet-canton,CH,Switzerland,2012,GL,UNK,0.0,,learners
ch-bfs-learners-vet-canton,CH,Switzerland,2013,GL,UNK,0.0,,learners
ch-bfs-learners-vet-canton,CH,Switzerland,2014,GL,UNK,0.0,,learners
ch-bfs-learners-vet-canton,CH,Switzerland,2015,GL,UNK,0.0,,learners
ch-bfs-learners-vet-canton,CH,Switzerland,2016,GL,UNK,0.0,,learners
ch-bfs-learners-vet-canton,CH,Switzerland,2017,GL,UNK,0.0,,learners
ch-bfs-learners-vet-canton,CH,Switzerland,2018,GL,UNK,0.0,,learners
ch-bfs-learners-vet-canton,CH,Switzerland,2019,GL,UNK,0.0,,learners
ch-bfs-learners-vet-canton,CH,Switzerland,2020,GL,UNK,0.0,,learners
ch-bfs-learners-vet-canton,CH,Switzerland,2021,GL,UNK,0.0,,learners
ch-bfs-learners-vet-canton,CH,Switzerland,2022,GL,UNK,0.0,,learners
ch-bfs-learners-vet-canton,CH,Switzerland,2023,GL,UNK,0.0,,learners
ch-bfs-learners-vet-canton,CH,Switzerland,2024,GL,UNK,0.0,,learners
ch-bfs-learners-vet-canton,CH,Switzerland,2025,GL,UNK,0.0,,learners
ch-bfs-learners-vet-canton,CH,Switzerland,2007,GR,DUAL,5863.0,,learners
ch-bfs-learners-vet-canton,CH,Switzerland,2008,GR,DUAL,6063.0,,learners
ch-bfs-learners-vet-canton,CH,Switzerland,2009,GR,DUAL,6225.0,,learners
ch-bfs-learners-vet-canton,CH,Switzerland,2010,GR,DUAL,6010.0,,learners
ch-bfs-learners-vet-canton,CH,Switzerland,2011,GR,DUAL,5880.0,,learners
ch-bfs-learners-vet-canton,CH,Switzerland,2012,GR,DUAL,5692.0,,learners
ch-bfs-learners-vet-canton,CH,Switzerland,2013,GR,DUAL,5557.0,,learners
ch-bfs-learners-vet-canton,CH,Switzerland,2014,GR,DUAL,5528.0,,learners
ch-bfs-learners-vet-canton,CH,Switzerland,2015,GR,DUAL,5511.0,,learners
ch-bfs-learners-vet-canton,CH,Switzerland,2016,GR,DUAL,5462.0,,learners
ch-bfs-learners-vet-canton,CH,Switzerland,2017,GR,DUAL,5321.0,,learners
ch-bfs-learners-vet-canton,CH,Switzerland,2018,GR,DUAL,5240.0,,learners
ch-bfs-learners-vet-canton,CH,Switzerland,2019,GR,DUAL,5207.0,,learners
ch-bfs-learners-vet-canton,CH,Switzerland,2020,GR,DUAL,5088.0,,learners
ch-bfs-learners-vet-canton,CH,Switzerland,2021,GR,DUAL,4982.0,,learners
ch-bfs-learners-vet-canton,CH,Switzerland,2022,GR,DUAL,4860.0,,learners
ch-bfs-learners-vet-canton,CH,Switzerland,2023,GR,DUAL,4823.0,,learners
ch-bfs-learners-vet-canton,CH,Switzerland,2024,GR,DUAL,4871.0,,learners
ch-bfs-learners-vet-canton,CH,Switzerland,2025,GR,DUAL,4949.0,,learners
ch-bfs-learners-vet-canton,CH,Switzerland,2007,GR,SCHOOL,49.0,,learners
ch-bfs-learners-vet-canton,CH,Switzerland,2008,GR,SCHOOL,43.0,,learners
ch-bfs-learners-vet-canton,CH,Switzerland,2009,GR,SCHOOL,30.0,,learners
ch-bfs-learners-vet-canton,CH,Switzerland,2010,GR,SCHOOL,20.0,,learners
ch-bfs-learners-vet-canton,CH,Switzerland,2011,GR,SCHOOL,27.0,,learners
ch-bfs-learners-vet-canton,CH,Switzerland,2012,GR,SCHOOL,46.0,,learners
ch-bfs-learners-vet-canton,CH,Switzerland,2013,GR,SCHOOL,228.0,,learners
ch-bfs-learners-vet-canton,CH,Switzerland,2014,GR,SCHOOL,261.0,,learners
ch-bfs-learners-vet-canton,CH,Switzerland,2015,GR,SCHOOL,228.0,,learners
ch-bfs-learners-vet-canton,CH,Switzerland,2016,GR,SCHOOL,201.0,,learners
ch-bfs-learners-vet-canton,CH,Switzerland,2017,GR,SCHOOL,219.0,,learners
ch-bfs-learners-vet-canton,CH,Switzerland,2018,GR,SCHOOL,230.0,,learners
ch-bfs-learners-vet-canton,CH,Switzerland,2019,GR,SCHOOL,271.0,,learners
ch-bfs-learners-vet-canton,CH,Switzerland,2020,GR,SCHOOL,283.0,,learners
ch-bfs-learners-vet-canton,CH,Switzerland,2021,GR,SCHOOL,298.0,,learners
ch-bfs-learners-vet-canton,CH,Switzerland,2022,GR,SCHOOL,292.0,,learners
ch-bfs-learners-vet-canton,CH,Switzerland,2023,GR,SCHOOL,291.0,,learners
ch-bfs-learners-vet-canton,CH,Switzerland,2024,GR,SCHOOL,309.0,,learners
ch-bfs-learners-vet-canton,CH,Switzerland,2025,GR,SCHOOL,314.0,,learners
ch-bfs-learners-vet-canton,CH,Switzerland,2005,GR,TOTAL,5674.0,,learners
ch-bfs-learners-vet-canton,CH,Switzerland,2006,GR,TOTAL,5951.0,,learners
ch-bfs-learners-vet-canton,CH,Switzerland,2007,GR,TOTAL,5912.0,,learners
ch-bfs-learners-vet-canton,CH,Switzerland,2008,GR,TOTAL,6106.0,,learners
ch-bfs-learners-vet-canton,CH,Switzerland,2009,GR,TOTAL,6255.0,,learners
ch-bfs-learners-vet-canton,CH,Switzerland,2010,GR,TOTAL,6030.0,,learners
ch-bfs-learners-vet-canton,CH,Switzerland,2011,GR,TOTAL,5907.0,,learners
ch-bfs-learners-vet-canton,CH,Switzerland,2012,GR,TOTAL,5738.0,,learners
ch-bfs-learners-vet-canton,CH,Switzerland,2013,GR,TOTAL,5785.0,,learners
ch-bfs-learners-vet-canton,CH,Switzerland,2014,GR,TOTAL,5789.0,,learners
ch-bfs-learners-vet-canton,CH,Switzerland,2015,GR,TOTAL,5739.0,,learners
ch-bfs-learners-vet-canton,CH,Switzerland,2016,GR,TOTAL,5663.0,,learners
ch-bfs-learners-vet-canton,CH,Switzerland,2017,GR,TOTAL,5540.0,,learners
ch-bfs-learners-vet-canton,CH,Switzerland,2018,GR,TOTAL,5470.0,,learners
ch-bfs-learners-vet-canton,CH,Switzerland,2019,GR,TOTAL,5478.0,,learners
ch-bfs-learners-vet-canton,CH,Switzerland,2020,GR,TOTAL,5371.0,,learners
ch-bfs-learners-vet-canton,CH,Switzerland,2021,GR,TOTAL,5280.0,,learners
ch-bfs-learners-vet-canton,CH,Switzerland,2022,GR,TOTAL,5152.0,,learners
ch-bfs-learners-vet-canton,CH,Switzerland,2023,GR,TOTAL,5114.0,,learners
ch-bfs-learners-vet-canton,CH,Switzerland,2024,GR,TOTAL,5180.0,,learners
ch-bfs-learners-vet-canton,CH,Switzerland,2025,GR,TOTAL,5263.0,,learners
ch-bfs-learners-vet-canton,CH,Switzerland,2005,GR,UNK,5674.0,,learners
ch-bfs-learners-vet-canton,CH,Switzerland,2006,GR,UNK,5951.0,,learners
ch-bfs-learners-vet-canton,CH,Switzerland,2007,GR,UNK,0.0,,learners
ch-bfs-learners-vet-canton,CH,Switzerland,2008,GR,UNK,0.0,,learners
ch-bfs-learners-vet-canton,CH,Switzerland,2009,GR,UNK,0.0,,learners
ch-bfs-learners-vet-canton,CH,Switzerland,2010,GR,UNK,0.0,,learners
ch-bfs-learners-vet-canton,CH,Switzerland,2011,GR,UNK,0.0,,learners
ch-bfs-learners-vet-canton,CH,Switzerland,2012,GR,UNK,0.0,,learners
ch-bfs-learners-vet-canton,CH,Switzerland,2013,GR,UNK,0.0,,learners
ch-bfs-learners-vet-canton,CH,Switzerland,2014,GR,UNK,0.0,,learners
ch-bfs-learners-vet-canton,CH,Switzerland,2015,GR,UNK,0.0,,learners
ch-bfs-learners-vet-canton,CH,Switzerland,2016,GR,UNK,0.0,,learners
ch-bfs-learners-vet-canton,CH,Switzerland,2017,GR,UNK,0.0,,learners
ch-bfs-learners-vet-canton,CH,Switzerland,2018,GR,UNK,0.0,,learners
ch-bfs-learners-vet-canton,CH,Switzerland,2019,GR,UNK,0.0,,learners
ch-bfs-learners-vet-canton,CH,Switzerland,2020,GR,UNK,0.0,,learners
ch-bfs-learners-vet-canton,CH,Switzerland,2021,GR,UNK,0.0,,learners
ch-bfs-learners-vet-canton,CH,Switzerland,2022,GR,UNK,0.0,,learners
ch-bfs-learners-vet-canton,CH,Switzerland,2023,GR,UNK,0.0,,learners
ch-bfs-learners-vet-canton,CH,Switzerland,2024,GR,UNK,0.0,,learners
ch-bfs-learners-vet-canton,CH,Switzerland,2025,GR,UNK,0.0,,learners
ch-bfs-learners-vet-canton,CH,Switzerland,2007,JU,DUAL,1899.0,,learners
ch-bfs-learners-vet-canton,CH,Switzerland,2008,JU,DUAL,1598.0,,learners
ch-bfs-learners-vet-canton,CH,Switzerland,2009,JU,DUAL,1652.0,,learners
ch-bfs-learners-vet-canton,CH,Switzerland,2010,JU,DUAL,1620.0,,learners
ch-bfs-learners-vet-canton,CH,Switzerland,2011,JU,DUAL,1692.0,,learners
ch-bfs-learners-vet-canton,CH,Switzerland,2012,JU,DUAL,1643.0,,learners
ch-bfs-learners-vet-canton,CH,Switzerland,2013,JU,DUAL,1623.0,,learners
ch-bfs-learners-vet-canton,CH,Switzerland,2014,JU,DUAL,1706.0,,learners
ch-bfs-learners-vet-canton,CH,Switzerland,2015,JU,DUAL,1700.0,,learners
ch-bfs-learners-vet-canton,CH,Switzerland,2016,JU,DUAL,1682.0,,learners
ch-bfs-learners-vet-canton,CH,Switzerland,2017,JU,DUAL,1659.0,,learners
ch-bfs-learners-vet-canton,CH,Switzerland,2018,JU,DUAL,1624.0,,learners
ch-bfs-learners-vet-canton,CH,Switzerland,2019,JU,DUAL,1591.0,,learners
ch-bfs-learners-vet-canton,CH,Switzerland,2020,JU,DUAL,1609.0,,learners
ch-bfs-learners-vet-canton,CH,Switzerland,2021,JU,DUAL,1588.0,,learners
ch-bfs-learners-vet-canton,CH,Switzerland,2022,JU,DUAL,1564.0,,learners
ch-bfs-learners-vet-canton,CH,Switzerland,2023,JU,DUAL,1535.0,,learners
ch-bfs-learners-vet-canton,CH,Switzerland,2024,JU,DUAL,1626.0,,learners
ch-bfs-learners-vet-canton,CH,Switzerland,2025,JU,DUAL,1655.0,,learners
ch-bfs-learners-vet-canton,CH,Switzerland,2007,JU,SCHOOL,0.0,,learners
ch-bfs-learners-vet-canton,CH,Switzerland,2008,JU,SCHOOL,391.0,,learners
ch-bfs-learners-vet-canton,CH,Switzerland,2009,JU,SCHOOL,462.0,,learners
ch-bfs-learners-vet-canton,CH,Switzerland,2010,JU,SCHOOL,479.0,,learners
ch-bfs-learners-vet-canton,CH,Switzerland,2011,JU,SCHOOL,499.0,,learners
ch-bfs-learners-vet-canton,CH,Switzerland,2012,JU,SCHOOL,592.0,,learners
ch-bfs-learners-vet-canton,CH,Switzerland,2013,JU,SCHOOL,720.0,,learners
ch-bfs-learners-vet-canton,CH,Switzerland,2014,JU,SCHOOL,763.0,,learners
ch-bfs-learners-vet-canton,CH,Switzerland,2015,JU,SCHOOL,745.0,,learners
ch-bfs-learners-vet-canton,CH,Switzerland,2016,JU,SCHOOL,718.0,,learners
ch-bfs-learners-vet-canton,CH,Switzerland,2017,JU,SCHOOL,666.0,,learners
ch-bfs-learners-vet-canton,CH,Switzerland,2018,JU,SCHOOL,657.0,,learners
ch-bfs-learners-vet-canton,CH,Switzerland,2019,JU,SCHOOL,671.0,,learners
ch-bfs-learners-vet-canton,CH,Switzerland,2020,JU,SCHOOL,674.0,,learners
ch-bfs-learners-vet-canton,CH,Switzerland,2021,JU,SCHOOL,692.0,,learners
ch-bfs-learners-vet-canton,CH,Switzerland,2022,JU,SCHOOL,663.0,,learners
ch-bfs-learners-vet-canton,CH,Switzerland,2023,JU,SCHOOL,646.0,,learners
ch-bfs-learners-vet-canton,CH,Switzerland,2024,JU,SCHOOL,628.0,,learners
ch-bfs-learners-vet-canton,CH,Switzerland,2025,JU,SCHOOL,635.0,,learners
ch-bfs-learners-vet-canton,CH,Switzerland,2005,JU,TOTAL,1781.0,,learners
ch-bfs-learners-vet-canton,CH,Switzerland,2006,JU,TOTAL,1792.0,,learners
ch-bfs-learners-vet-canton,CH,Switzerland,2007,JU,TOTAL,1899.0,,learners
ch-bfs-learners-vet-canton,CH,Switzerland,2008,JU,TOTAL,1989.0,,learners
ch-bfs-learners-vet-canton,CH,Switzerland,2009,JU,TOTAL,2114.0,,learners
ch-bfs-learners-vet-canton,CH,Switzerland,2010,JU,TOTAL,2099.0,,learners
ch-bfs-learners-vet-canton,CH,Switzerland,2011,JU,TOTAL,2191.0,,learners
ch-bfs-learners-vet-canton,CH,Switzerland,2012,JU,TOTAL,2235.0,,learners
ch-bfs-learners-vet-canton,CH,Switzerland,2013,JU,TOTAL,2343.0,,learners
ch-bfs-learners-vet-canton,CH,Switzerland,2014,JU,TOTAL,2469.0,,learners
ch-bfs-learners-vet-canton,CH,Switzerland,2015,JU,TOTAL,2445.0,,learners
ch-bfs-learners-vet-canton,CH,Switzerland,2016,JU,TOTAL,2400.0,,learners
ch-bfs-learners-vet-canton,CH,Switzerland,2017,JU,TOTAL,2325.0,,learners
ch-bfs-learners-vet-canton,CH,Switzerland,2018,JU,TOTAL,2281.0,,learners
ch-bfs-learners-vet-canton,CH,Switzerland,2019,JU,TOTAL,2262.0,,learners
ch-bfs-learners-vet-canton,CH,Switzerland,2020,JU,TOTAL,2283.0,,learners
ch-bfs-learners-vet-canton,CH,Switzerland,2021,JU,TOTAL,2280.0,,learners
ch-bfs-learners-vet-canton,CH,Switzerland,2022,JU,TOTAL,2227.0,,learners
ch-bfs-learners-vet-canton,CH,Switzerland,2023,JU,TOTAL,2181.0,,learners
ch-bfs-learners-vet-canton,CH,Switzerland,2024,JU,TOTAL,2254.0,,learners
ch-bfs-learners-vet-canton,CH,Switzerland,2025,JU,TOTAL,2290.0,,learners
ch-bfs-learners-vet-canton,CH,Switzerland,2005,JU,UNK,1781.0,,learners
ch-bfs-learners-vet-canton,CH,Switzerland,2006,JU,UNK,1792.0,,learners
ch-bfs-learners-vet-canton,CH,Switzerland,2007,JU,UNK,0.0,,learners
ch-bfs-learners-vet-canton,CH,Switzerland,2008,JU,UNK,0.0,,learners
ch-bfs-learners-vet-canton,CH,Switzerland,2009,JU,UNK,0.0,,learners
ch-bfs-learners-vet-canton,CH,Switzerland,2010,JU,UNK,0.0,,learners
ch-bfs-learners-vet-canton,CH,Switzerland,2011,JU,UNK,0.0,,learners
ch-bfs-learners-vet-canton,CH,Switzerland,2012,JU,UNK,0.0,,learners
ch-bfs-learners-vet-canton,CH,Switzerland,2013,JU,UNK,0.0,,learners
ch-bfs-learners-vet-canton,CH,Switzerland,2014,JU,UNK,0.0,,learners
ch-bfs-learners-vet-canton,CH,Switzerland,2015,JU,UNK,0.0,,learners
ch-bfs-learners-vet-canton,CH,Switzerland,2016,JU,UNK,0.0,,learners
ch-bfs-learners-vet-canton,CH,Switzerland,2017,JU,UNK,0.0,,learners
ch-bfs-learners-vet-canton,CH,Switzerland,2018,JU,UNK,0.0,,learners
ch-bfs-learners-vet-canton,CH,Switzerland,2019,JU,UNK,0.0,,learners
ch-bfs-learners-vet-canton,CH,Switzerland,2020,JU,UNK,0.0,,learners
ch-bfs-learners-vet-canton,CH,Switzerland,2021,JU,UNK,0.0,,learners
ch-bfs-learners-vet-canton,CH,Switzerland,2022,JU,UNK,0.0,,learners
ch-bfs-learners-vet-canton,CH,Switzerland,2023,JU,UNK,0.0,,learners
ch-bfs-learners-vet-canton,CH,Switzerland,2024,JU,UNK,0.0,,learners
ch-bfs-learners-vet-canton,CH,Switzerland,2025,JU,UNK,0.0,,learners
ch-bfs-learners-vet-canton,CH,Switzerland,2007,LU,DUAL,10800.0,,learners
ch-bfs-learners-vet-canton,CH,Switzerland,2008,LU,DUAL,11252.0,,learners
ch-bfs-learners-vet-canton,CH,Switzerland,2009,LU,DUAL,11596.0,,learners
ch-bfs-learners-vet-canton,CH,Switzerland,2010,LU,DUAL,11513.0,,learners
ch-bfs-learners-vet-canton,CH,Switzerland,2011,LU,DUAL,11574.0,,learners
ch-bfs-learners-vet-canton,CH,Switzerland,2012,LU,DUAL,11695.0,,learners
ch-bfs-learners-vet-canton,CH,Switzerland,2013,LU,DUAL,11822.0,,learners
ch-bfs-learners-vet-canton,CH,Switzerland,2014,LU,DUAL,11794.0,,learners
ch-bfs-learners-vet-canton,CH,Switzerland,2015,LU,DUAL,11735.0,,learners
ch-bfs-learners-vet-canton,CH,Switzerland,2016,LU,DUAL,11712.0,,learners
ch-bfs-learners-vet-canton,CH,Switzerland,2017,LU,DUAL,11537.0,,learners
ch-bfs-learners-vet-canton,CH,Switzerland,2018,LU,DUAL,11269.0,,learners
ch-bfs-learners-vet-canton,CH,Switzerland,2019,LU,DUAL,11104.0,,learners
ch-bfs-learners-vet-canton,CH,Switzerland,2020,LU,DUAL,11035.0,,learners
ch-bfs-learners-vet-canton,CH,Switzerland,2021,LU,DUAL,10979.0,,learners
ch-bfs-learners-vet-canton,CH,Switzerland,2022,LU,DUAL,10850.0,,learners
ch-bfs-learners-vet-canton,CH,Switzerland,2023,LU,DUAL,10932.0,,learners
ch-bfs-learners-vet-canton,CH,Switzerland,2024,LU,DUAL,11048.0,,learners
ch-bfs-learners-vet-canton,CH,Switzerland,2025,LU,DUAL,11141.0,,learners
ch-bfs-learners-vet-canton,CH,Switzerland,2007,LU,SCHOOL,162.0,,learners
ch-bfs-learners-vet-canton,CH,Switzerland,2008,LU,SCHOOL,144.0,,learners
ch-bfs-learners-vet-canton,CH,Switzerland,2009,LU,SCHOOL,161.0,,learners
ch-bfs-learners-vet-canton,CH,Switzerland,2010,LU,SCHOOL,152.0,,learners
ch-bfs-learners-vet-canton,CH,Switzerland,2011,LU,SCHOOL,69.0,,learners
ch-bfs-learners-vet-canton,CH,Switzerland,2012,LU,SCHOOL,64.0,,learners
ch-bfs-learners-vet-canton,CH,Switzerland,2013,LU,SCHOOL,79.0,,learners
ch-bfs-learners-vet-canton,CH,Switzerland,2014,LU,SCHOOL,552.0,,learners
ch-bfs-learners-vet-canton,CH,Switzerland,2015,LU,SCHOOL,529.0,,learners
ch-bfs-learners-vet-canton,CH,Switzerland,2016,LU,SCHOOL,523.0,,learners
ch-bfs-learners-vet-canton,CH,Switzerland,2017,LU,SCHOOL,524.0,,learners
ch-bfs-learners-vet-canton,CH,Switzerland,2018,LU,SCHOOL,490.0,,learners
ch-bfs-learners-vet-canton,CH,Switzerland,2019,LU,SCHOOL,496.0,,learners
ch-bfs-learners-vet-canton,CH,Switzerland,2020,LU,SCHOOL,529.0,,learners
ch-bfs-learners-vet-canton,CH,Switzerland,2021,LU,SCHOOL,531.0,,learners
ch-bfs-learners-vet-canton,CH,Switzerland,2022,LU,SCHOOL,548.0,,learners
ch-bfs-learners-vet-canton,CH,Switzerland,2023,LU,SCHOOL,541.0,,learners
ch-bfs-learners-vet-canton,CH,Switzerland,2024,LU,SCHOOL,579.0,,learners
ch-bfs-learners-vet-canton,CH,Switzerland,2025,LU,SCHOOL,597.0,,learners
ch-bfs-learners-vet-canton,CH,Switzerland,2005,LU,TOTAL,10872.0,,learners
ch-bfs-learners-vet-canton,CH,Switzerland,2006,LU,TOTAL,10709.0,,learners
ch-bfs-learners-vet-canton,CH,Switzerland,2007,LU,TOTAL,10962.0,,learners
ch-bfs-learners-vet-canton,CH,Switzerland,2008,LU,TOTAL,11396.0,,learners
ch-bfs-learners-vet-canton,CH,Switzerland,2009,LU,TOTAL,11757.0,,learners
ch-bfs-learners-vet-canton,CH,Switzerland,2010,LU,TOTAL,11665.0,,learners
ch-bfs-learners-vet-canton,CH,Switzerland,2011,LU,TOTAL,11643.0,,learners
ch-bfs-learners-vet-canton,CH,Switzerland,2012,LU,TOTAL,11759.0,,learners
ch-bfs-learners-vet-canton,CH,Switzerland,2013,LU,TOTAL,11901.0,,learners
ch-bfs-learners-vet-canton,CH,Switzerland,2014,LU,TOTAL,12346.0,,learners
ch-bfs-learners-vet-canton,CH,Switzerland,2015,LU,TOTAL,12264.0,,learners
ch-bfs-learners-vet-canton,CH,Switzerland,2016,LU,TOTAL,12235.0,,learners
ch-bfs-learners-vet-canton,CH,Switzerland,2017,LU,TOTAL,12061.0,,learners
ch-bfs-learners-vet-canton,CH,Switzerland,2018,LU,TOTAL,11759.0,,learners
ch-bfs-learners-vet-canton,CH,Switzerland,2019,LU,TOTAL,11600.0,,learners
ch-bfs-learners-vet-canton,CH,Switzerland,2020,LU,TOTAL,11564.0,,learners
ch-bfs-learners-vet-canton,CH,Switzerland,2021,LU,TOTAL,11510.0,,learners
ch-bfs-learners-vet-canton,CH,Switzerland,2022,LU,TOTAL,11398.0,,learners
ch-bfs-learners-vet-canton,CH,Switzerland,2023,LU,TOTAL,11473.0,,learners
ch-bfs-learners-vet-canton,CH,Switzerland,2024,LU,TOTAL,11627.0,,learners
ch-bfs-learners-vet-canton,CH,Switzerland,2025,LU,TOTAL,11738.0,,learners
ch-bfs-learners-vet-canton,CH,Switzerland,2005,LU,UNK,10872.0,,learners
ch-bfs-learners-vet-canton,CH,Switzerland,2006,LU,UNK,10709.0,,learners
ch-bfs-learners-vet-canton,CH,Switzerland,2007,LU,UNK,0.0,,learners
ch-bfs-learners-vet-canton,CH,Switzerland,2008,LU,UNK,0.0,,learners
ch-bfs-learners-vet-canton,CH,Switzerland,2009,LU,UNK,0.0,,learners
ch-bfs-learners-vet-canton,CH,Switzerland,2010,LU,UNK,0.0,,learners
ch-bfs-learners-vet-canton,CH,Switzerland,2011,LU,UNK,0.0,,learners
ch-bfs-learners-vet-canton,CH,Switzerland,2012,LU,UNK,0.0,,learners
ch-bfs-learners-vet-canton,CH,Switzerland,2013,LU,UNK,0.0,,learners
ch-bfs-learners-vet-canton,CH,Switzerland,2014,LU,UNK,0.0,,learners
ch-bfs-learners-vet-canton,CH,Switzerland,2015,LU,UNK,0.0,,learners
ch-bfs-learners-vet-canton,CH,Switzerland,2016,LU,UNK,0.0,,learners
ch-bfs-learners-vet-canton,CH,Switzerland,2017,LU,UNK,0.0,,learners
ch-bfs-learners-vet-canton,CH,Switzerland,2018,LU,UNK,0.0,,learners
ch-bfs-learners-vet-canton,CH,Switzerland,2019,LU,UNK,0.0,,learners
ch-bfs-learners-vet-canton,CH,Switzerland,2020,LU,UNK,0.0,,learners
ch-bfs-learners-vet-canton,CH,Switzerland,2021,LU,UNK,0.0,,learners
ch-bfs-learners-vet-canton,CH,Switzerland,2022,LU,UNK,0.0,,learners
ch-bfs-learners-vet-canton,CH,Switzerland,2023,LU,UNK,0.0,,learners
ch-bfs-learners-vet-canton,CH,Switzerland,2024,LU,UNK,0.0,,learners
ch-bfs-learners-vet-canton,CH,Switzerland,2025,LU,UNK,0.0,,learners
ch-bfs-learners-vet-canton,CH,Switzerland,2007,NE,DUAL,4143.0,,learners
ch-bfs-learners-vet-canton,CH,Switzerland,2008,NE,DUAL,3064.0,,learners
ch-bfs-learners-vet-canton,CH,Switzerland,2009,NE,DUAL,3218.0,,learners
ch-bfs-learners-vet-canton,CH,Switzerland,2010,NE,DUAL,3422.0,,learners
ch-bfs-learners-vet-canton,CH,Switzerland,2011,NE,DUAL,3590.0,,learners
ch-bfs-learners-vet-canton,CH,Switzerland,2012,NE,DUAL,3772.0,,learners
ch-bfs-learners-vet-canton,CH,Switzerland,2013,NE,DUAL,3816.0,,learners
ch-bfs-learners-vet-canton,CH,Switzerland,2014,NE,DUAL,3964.0,,learners
ch-bfs-learners-vet-canton,CH,Switzerland,2015,NE,DUAL,3890.0,,learners
ch-bfs-learners-vet-canton,CH,Switzerland,2016,NE,DUAL,3974.0,,learners
ch-bfs-learners-vet-canton,CH,Switzerland,2017,NE,DUAL,3892.0,,learners
ch-bfs-learners-vet-canton,CH,Switzerland,2018,NE,DUAL,3937.0,,learners
ch-bfs-learners-vet-canton,CH,Switzerland,2019,NE,DUAL,3940.0,,learners
ch-bfs-learners-vet-canton,CH,Switzerland,2020,NE,DUAL,4026.0,,learners
ch-bfs-learners-vet-canton,CH,Switzerland,2021,NE,DUAL,4079.0,,learners
ch-bfs-learners-vet-canton,CH,Switzerland,2022,NE,DUAL,4141.0,,learners
ch-bfs-learners-vet-canton,CH,Switzerland,2023,NE,DUAL,4141.0,,learners
ch-bfs-learners-vet-canton,CH,Switzerland,2024,NE,DUAL,4119.0,,learners
ch-bfs-learners-vet-canton,CH,Switzerland,2025,NE,DUAL,4087.0,,learners
ch-bfs-learners-vet-canton,CH,Switzerland,2007,NE,SCHOOL,1.0,,learners
ch-bfs-learners-vet-canton,CH,Switzerland,2008,NE,SCHOOL,1170.0,,learners
ch-bfs-learners-vet-canton,CH,Switzerland,2009,NE,SCHOOL,1274.0,,learners
ch-bfs-learners-vet-canton,CH,Switzerland,2010,NE,SCHOOL,1347.0,,learners
ch-bfs-learners-vet-canton,CH,Switzerland,2011,NE,SCHOOL,1497.0,,learners
ch-bfs-learners-vet-canton,CH,Switzerland,2012,NE,SCHOOL,1706.0,,learners
ch-bfs-learners-vet-canton,CH,Switzerland,2013,NE,SCHOOL,1803.0,,learners
ch-bfs-learners-vet-canton,CH,Switzerland,2014,NE,SCHOOL,1913.0,,learners
ch-bfs-learners-vet-canton,CH,Switzerland,2015,NE,SCHOOL,1828.0,,learners
ch-bfs-learners-vet-canton,CH,Switzerland,2016,NE,SCHOOL,1663.0,,learners
ch-bfs-learners-vet-canton,CH,Switzerland,2017,NE,SCHOOL,1535.0,,learners
ch-bfs-learners-vet-canton,CH,Switzerland,2018,NE,SCHOOL,1429.0,,learners
ch-bfs-learners-vet-canton,CH,Switzerland,2019,NE,SCHOOL,1293.0,,learners
ch-bfs-learners-vet-canton,CH,Switzerland,2020,NE,SCHOOL,1210.0,,learners
ch-bfs-learners-vet-canton,CH,Switzerland,2021,NE,SCHOOL,1075.0,,learners
ch-bfs-learners-vet-canton,CH,Switzerland,2022,NE,SCHOOL,1049.0,,learners
ch-bfs-learners-vet-canton,CH,Switzerland,2023,NE,SCHOOL,965.0,,learners
ch-bfs-learners-vet-canton,CH,Switzerland,2024,NE,SCHOOL,895.0,,learners
ch-bfs-learners-vet-canton,CH,Switzerland,2025,NE,SCHOOL,825.0,,learners
ch-bfs-learners-vet-canton,CH,Switzerland,2005,NE,TOTAL,4026.0,,learners
ch-bfs-learners-vet-canton,CH,Switzerland,2006,NE,TOTAL,4162.0,,learners
ch-bfs-learners-vet-canton,CH,Switzerland,2007,NE,TOTAL,4144.0,,learners
ch-bfs-learners-vet-canton,CH,Switzerland,2008,NE,TOTAL,4234.0,,learners
ch-bfs-learners-vet-canton,CH,Switzerland,2009,NE,TOTAL,4492.0,,learners
ch-bfs-learners-vet-canton,CH,Switzerland,2010,NE,TOTAL,4769.0,,learners
ch-bfs-learners-vet-canton,CH,Switzerland,2011,NE,TOTAL,5087.0,,learners
ch-bfs-learners-vet-canton,CH,Switzerland,2012,NE,TOTAL,5478.0,,learners
ch-bfs-learners-vet-canton,CH,Switzerland,2013,NE,TOTAL,5619.0,,learners
ch-bfs-learners-vet-canton,CH,Switzerland,2014,NE,TOTAL,5877.0,,learners
ch-bfs-learners-vet-canton,CH,Switzerland,2015,NE,TOTAL,5718.0,,learners
ch-bfs-learners-vet-canton,CH,Switzerland,2016,NE,TOTAL,5637.0,,learners
ch-bfs-learners-vet-canton,CH,Switzerland,2017,NE,TOTAL,5427.0,,learners
ch-bfs-learners-vet-canton,CH,Switzerland,2018,NE,TOTAL,5366.0,,learners
ch-bfs-learners-vet-canton,CH,Switzerland,2019,NE,TOTAL,5233.0,,learners
ch-bfs-learners-vet-canton,CH,Switzerland,2020,NE,TOTAL,5236.0,,learners
ch-bfs-learners-vet-canton,CH,Switzerland,2021,NE,TOTAL,5154.0,,learners
ch-bfs-learners-vet-canton,CH,Switzerland,2022,NE,TOTAL,5190.0,,learners
ch-bfs-learners-vet-canton,CH,Switzerland,2023,NE,TOTAL,5106.0,,learners
ch-bfs-learners-vet-canton,CH,Switzerland,2024,NE,TOTAL,5014.0,,learners
ch-bfs-learners-vet-canton,CH,Switzerland,2025,NE,TOTAL,4912.0,,learners
ch-bfs-learners-vet-canton,CH,Switzerland,2005,NE,UNK,4026.0,,learners
ch-bfs-learners-vet-canton,CH,Switzerland,2006,NE,UNK,4162.0,,learners
ch-bfs-learners-vet-canton,CH,Switzerland,2007,NE,UNK,0.0,,learners
ch-bfs-learners-vet-canton,CH,Switzerland,2008,NE,UNK,0.0,,learners
ch-bfs-learners-vet-canton,CH,Switzerland,2009,NE,UNK,0.0,,learners
ch-bfs-learners-vet-canton,CH,Switzerland,2010,NE,UNK,0.0,,learners
ch-bfs-learners-vet-canton,CH,Switzerland,2011,NE,UNK,0.0,,learners
ch-bfs-learners-vet-canton,CH,Switzerland,2012,NE,UNK,0.0,,learners
ch-bfs-learners-vet-canton,CH,Switzerland,2013,NE,UNK,0.0,,learners
ch-bfs-learners-vet-canton,CH,Switzerland,2014,NE,UNK,0.0,,learners
ch-bfs-learners-vet-canton,CH,Switzerland,2015,NE,UNK,0.0,,learners
ch-bfs-learners-vet-canton,CH,Switzerland,2016,NE,UNK,0.0,,learners
ch-bfs-learners-vet-canton,CH,Switzerland,2017,NE,UNK,0.0,,learners
ch-bfs-learners-vet-canton,CH,Switzerland,2018,NE,UNK,0.0,,learners
ch-bfs-learners-vet-canton,CH,Switzerland,2019,NE,UNK,0.0,,learners
ch-bfs-learners-vet-canton,CH,Switzerland,2020,NE,UNK,0.0,,learners
ch-bfs-learners-vet-canton,CH,Switzerland,2021,NE,UNK,0.0,,learners
ch-bfs-learners-vet-canton,CH,Switzerland,2022,NE,UNK,0.0,,learners
ch-bfs-learners-vet-canton,CH,Switzerland,2023,NE,UNK,0.0,,learners
ch-bfs-learners-vet-canton,CH,Switzerland,2024,NE,UNK,0.0,,learners
ch-bfs-learners-vet-canton,CH,Switzerland,2025,NE,UNK,0.0,,learners
ch-bfs-learners-vet-canton,CH,Switzerland,2007,NW,DUAL,1147.0,,learners
ch-bfs-learners-vet-canton,CH,Switzerland,2008,NW,DUAL,1146.0,,learners
ch-bfs-learners-vet-canton,CH,Switzerland,2009,NW,DUAL,1124.0,,learners
ch-bfs-learners-vet-canton,CH,Switzerland,2010,NW,DUAL,1141.0,,learners
ch-bfs-learners-vet-canton,CH,Switzerland,2011,NW,DUAL,1151.0,,learners
ch-bfs-learners-vet-canton,CH,Switzerland,2012,NW,DUAL,1168.0,,learners
ch-bfs-learners-vet-canton,CH,Switzerland,2013,NW,DUAL,1148.0,,learners
ch-bfs-learners-vet-canton,CH,Switzerland,2014,NW,DUAL,1157.0,,learners
ch-bfs-learners-vet-canton,CH,Switzerland,2015,NW,DUAL,1158.0,,learners
ch-bfs-learners-vet-canton,CH,Switzerland,2016,NW,DUAL,1120.0,,learners
ch-bfs-learners-vet-canton,CH,Switzerland,2017,NW,DUAL,1117.0,,learners
ch-bfs-learners-vet-canton,CH,Switzerland,2018,NW,DUAL,1113.0,,learners
ch-bfs-learners-vet-canton,CH,Switzerland,2019,NW,DUAL,1061.0,,learners
ch-bfs-learners-vet-canton,CH,Switzerland,2020,NW,DUAL,1070.0,,learners
ch-bfs-learners-vet-canton,CH,Switzerland,2021,NW,DUAL,1096.0,,learners
ch-bfs-learners-vet-canton,CH,Switzerland,2022,NW,DUAL,1070.0,,learners
ch-bfs-learners-vet-canton,CH,Switzerland,2023,NW,DUAL,1079.0,,learners
ch-bfs-learners-vet-canton,CH,Switzerland,2024,NW,DUAL,1039.0,,learners
ch-bfs-learners-vet-canton,CH,Switzerland,2025,NW,DUAL,1093.0,,learners
ch-bfs-learners-vet-canton,CH,Switzerland,2007,NW,SCHOOL,0.0,,learners
ch-bfs-learners-vet-canton,CH,Switzerland,2008,NW,SCHOOL,0.0,,learners
ch-bfs-learners-vet-canton,CH,Switzerland,2009,NW,SCHOOL,0.0,,learners
ch-bfs-learners-vet-canton,CH,Switzerland,2010,NW,SCHOOL,0.0,,learners
ch-bfs-learners-vet-canton,CH,Switzerland,2011,NW,SCHOOL,0.0,,learners
ch-bfs-learners-vet-canton,CH,Switzerland,2012,NW,SCHOOL,0.0,,learners
ch-bfs-learners-vet-canton,CH,Switzerland,2013,NW,SCHOOL,0.0,,learners
ch-bfs-learners-vet-canton,CH,Switzerland,2014,NW,SCHOOL,0.0,,learners
ch-bfs-learners-vet-canton,CH,Switzerland,2015,NW,SCHOOL,0.0,,learners
ch-bfs-learners-vet-canton,CH,Switzerland,2016,NW,SCHOOL,0.0,,learners
ch-bfs-learners-vet-canton,CH,Switzerland,2017,NW,SCHOOL,0.0,,learners
ch-bfs-learners-vet-canton,CH,Switzerland,2018,NW,SCHOOL,0.0,,learners
ch-bfs-learners-vet-canton,CH,Switzerland,2019,NW,SCHOOL,0.0,,learners
ch-bfs-learners-vet-canton,CH,Switzerland,2020,NW,SCHOOL,0.0,,learners
ch-bfs-learners-vet-canton,CH,Switzerland,2021,NW,SCHOOL,0.0,,learners
ch-bfs-learners-vet-canton,CH,Switzerland,2022,NW,SCHOOL,0.0,,learners
ch-bfs-learners-vet-canton,CH,Switzerland,2023,NW,SCHOOL,0.0,,learners
ch-bfs-learners-vet-canton,CH,Switzerland,2024,NW,SCHOOL,0.0,,learners
ch-bfs-learners-vet-canton,CH,Switzerland,2025,NW,SCHOOL,0.0,,learners
ch-bfs-learners-vet-canton,CH,Switzerland,2005,NW,TOTAL,1050.0,,learners
ch-bfs-learners-vet-canton,CH,Switzerland,2006,NW,TOTAL,1115.0,,learners
ch-bfs-learners-vet-canton,CH,Switzerland,2007,NW,TOTAL,1147.0,,learners
ch-bfs-learners-vet-canton,CH,Switzerland,2008,NW,TOTAL,1146.0,,learners
ch-bfs-learners-vet-canton,CH,Switzerland,2009,NW,TOTAL,1124.0,,learners
ch-bfs-learners-vet-canton,CH,Switzerland,2010,NW,TOTAL,1141.0,,learners
ch-bfs-learners-vet-canton,CH,Switzerland,2011,NW,TOTAL,1151.0,,learners
ch-bfs-learners-vet-canton,CH,Switzerland,2012,NW,TOTAL,1168.0,,learners
ch-bfs-learners-vet-canton,CH,Switzerland,2013,NW,TOTAL,1148.0,,learners
ch-bfs-learners-vet-canton,CH,Switzerland,2014,NW,TOTAL,1157.0,,learners
ch-bfs-learners-vet-canton,CH,Switzerland,2015,NW,TOTAL,1158.0,,learners
ch-bfs-learners-vet-canton,CH,Switzerland,2016,NW,TOTAL,1120.0,,learners
ch-bfs-learners-vet-canton,CH,Switzerland,2017,NW,TOTAL,1117.0,,learners
ch-bfs-learners-vet-canton,CH,Switzerland,2018,NW,TOTAL,1113.0,,learners
ch-bfs-learners-vet-canton,CH,Switzerland,2019,NW,TOTAL,1061.0,,learners
ch-bfs-learners-vet-canton,CH,Switzerland,2020,NW,TOTAL,1070.0,,learners
ch-bfs-learners-vet-canton,CH,Switzerland,2021,NW,TOTAL,1096.0,,learners
ch-bfs-learners-vet-canton,CH,Switzerland,2022,NW,TOTAL,1070.0,,learners
ch-bfs-learners-vet-canton,CH,Switzerland,2023,NW,TOTAL,1079.0,,learners
ch-bfs-learners-vet-canton,CH,Switzerland,2024,NW,TOTAL,1039.0,,learners
ch-bfs-learners-vet-canton,CH,Switzerland,2025,NW,TOTAL,1093.0,,learners
ch-bfs-learners-vet-canton,CH,Switzerland,2005,NW,UNK,1050.0,,learners
ch-bfs-learners-vet-canton,CH,Switzerland,2006,NW,UNK,1115.0,,learners
ch-bfs-learners-vet-canton,CH,Switzerland,2007,NW,UNK,0.0,,learners
ch-bfs-learners-vet-canton,CH,Switzerland,2008,NW,UNK,0.0,,learners
ch-bfs-learners-vet-canton,CH,Switzerland,2009,NW,UNK,0.0,,learners
ch-bfs-learners-vet-canton,CH,Switzerland,2010,NW,UNK,0.0,,learners
ch-bfs-learners-vet-canton,CH,Switzerland,2011,NW,UNK,0.0,,learners
ch-bfs-learners-vet-canton,CH,Switzerland,2012,NW,UNK,0.0,,learners
ch-bfs-learners-vet-canton,CH,Switzerland,2013,NW,UNK,0.0,,learners
ch-bfs-learners-vet-canton,CH,Switzerland,2014,NW,UNK,0.0,,learners
ch-bfs-learners-vet-canton,CH,Switzerland,2015,NW,UNK,0.0,,learners
ch-bfs-learners-vet-canton,CH,Switzerland,2016,NW,UNK,0.0,,learners
ch-bfs-learners-vet-canton,CH,Switzerland,2017,NW,UNK,0.0,,learners
ch-bfs-learners-vet-canton,CH,Switzerland,2018,NW,UNK,0.0,,learners
ch-bfs-learners-vet-canton,CH,Switzerland,2019,NW,UNK,0.0,,learners
ch-bfs-learners-vet-canton,CH,Switzerland,2020,NW,UNK,0.0,,learners
ch-bfs-learners-vet-canton,CH,Switzerland,2021,NW,UNK,0.0,,learners
ch-bfs-learners-vet-canton,CH,Switzerland,2022,NW,UNK,0.0,,learners
ch-bfs-learners-vet-canton,CH,Switzerland,2023,NW,UNK,0.0,,learners
ch-bfs-learners-vet-canton,CH,Switzerland,2024,NW,UNK,0.0,,learners
ch-bfs-learners-vet-canton,CH,Switzerland,2025,NW,UNK,0.0,,learners
ch-bfs-learners-vet-canton,CH,Switzerland,2007,OW,DUAL,1137.0,,learners
ch-bfs-learners-vet-canton,CH,Switzerland,2008,OW,DUAL,1150.0,,learners
ch-bfs-learners-vet-canton,CH,Switzerland,2009,OW,DUAL,1135.0,,learners
ch-bfs-learners-vet-canton,CH,Switzerland,2010,OW,DUAL,1102.0,,learners
ch-bfs-learners-vet-canton,CH,Switzerland,2011,OW,DUAL,1085.0,,learners
ch-bfs-learners-vet-canton,CH,Switzerland,2012,OW,DUAL,1071.0,,learners
ch-bfs-learners-vet-canton,CH,Switzerland,2013,OW,DUAL,1090.0,,learners
ch-bfs-learners-vet-canton,CH,Switzerland,2014,OW,DUAL,1089.0,,learners
ch-bfs-learners-vet-canton,CH,Switzerland,2015,OW,DUAL,1074.0,,learners
ch-bfs-learners-vet-canton,CH,Switzerland,2016,OW,DUAL,1079.0,,learners
ch-bfs-learners-vet-canton,CH,Switzerland,2017,OW,DUAL,1055.0,,learners
ch-bfs-learners-vet-canton,CH,Switzerland,2018,OW,DUAL,1023.0,,learners
ch-bfs-learners-vet-canton,CH,Switzerland,2019,OW,DUAL,1002.0,,learners
ch-bfs-learners-vet-canton,CH,Switzerland,2020,OW,DUAL,993.0,,learners
ch-bfs-learners-vet-canton,CH,Switzerland,2021,OW,DUAL,1018.0,,learners
ch-bfs-learners-vet-canton,CH,Switzerland,2022,OW,DUAL,976.0,,learners
ch-bfs-learners-vet-canton,CH,Switzerland,2023,OW,DUAL,1019.0,,learners
ch-bfs-learners-vet-canton,CH,Switzerland,2024,OW,DUAL,1023.0,,learners
ch-bfs-learners-vet-canton,CH,Switzerland,2025,OW,DUAL,1029.0,,learners
ch-bfs-learners-vet-canton,CH,Switzerland,2007,OW,SCHOOL,0.0,,learners
ch-bfs-learners-vet-canton,CH,Switzerland,2008,OW,SCHOOL,0.0,,learners
ch-bfs-learners-vet-canton,CH,Switzerland,2009,OW,SCHOOL,0.0,,learners
ch-bfs-learners-vet-canton,CH,Switzerland,2010,OW,SCHOOL,0.0,,learners
ch-bfs-learners-vet-canton,CH,Switzerland,2011,OW,SCHOOL,0.0,,learners
ch-bfs-learners-vet-canton,CH,Switzerland,2012,OW,SCHOOL,0.0,,learners
ch-bfs-learners-vet-canton,CH,Switzerland,2013,OW,SCHOOL,0.0,,learners
ch-bfs-learners-vet-canton,CH,Switzerland,2014,OW,SCHOOL,12.0,,learners
ch-bfs-learners-vet-canton,CH,Switzerland,2015,OW,SCHOOL,0.0,,learners
ch-bfs-learners-vet-canton,CH,Switzerland,2016,OW,SCHOOL,28.0,,learners
ch-bfs-learners-vet-canton,CH,Switzerland,2017,OW,SCHOOL,32.0,,learners
ch-bfs-learners-vet-canton,CH,Switzerland,2018,OW,SCHOOL,35.0,,learners
ch-bfs-learners-vet-canton,CH,Switzerland,2019,OW,SCHOOL,34.0,,learners
ch-bfs-learners-vet-canton,CH,Switzerland,2020,OW,SCHOOL,42.0,,learners
ch-bfs-learners-vet-canton,CH,Switzerland,2021,OW,SCHOOL,45.0,,learners
ch-bfs-learners-vet-canton,CH,Switzerland,2022,OW,SCHOOL,41.0,,learners
ch-bfs-learners-vet-canton,CH,Switzerland,2023,OW,SCHOOL,46.0,,learners
ch-bfs-learners-vet-canton,CH,Switzerland,2024,OW,SCHOOL,48.0,,learners
ch-bfs-learners-vet-canton,CH,Switzerland,2025,OW,SCHOOL,57.0,,learners
ch-bfs-learners-vet-canton,CH,Switzerland,2005,OW,TOTAL,1032.0,,learners
ch-bfs-learners-vet-canton,CH,Switzerland,2006,OW,TOTAL,1107.0,,learners
ch-bfs-learners-vet-canton,CH,Switzerland,2007,OW,TOTAL,1137.0,,learners
ch-bfs-learners-vet-canton,CH,Switzerland,2008,OW,TOTAL,1150.0,,learners
ch-bfs-learners-vet-canton,CH,Switzerland,2009,OW,TOTAL,1135.0,,learners
ch-bfs-learners-vet-canton,CH,Switzerland,2010,OW,TOTAL,1102.0,,learners
ch-bfs-learners-vet-canton,CH,Switzerland,2011,OW,TOTAL,1085.0,,learners
ch-bfs-learners-vet-canton,CH,Switzerland,2012,OW,TOTAL,1071.0,,learners
ch-bfs-learners-vet-canton,CH,Switzerland,2013,OW,TOTAL,1090.0,,learners
ch-bfs-learners-vet-canton,CH,Switzerland,2014,OW,TOTAL,1101.0,,learners
ch-bfs-learners-vet-canton,CH,Switzerland,2015,OW,TOTAL,1074.0,,learners
ch-bfs-learners-vet-canton,CH,Switzerland,2016,OW,TOTAL,1107.0,,learners
ch-bfs-learners-vet-canton,CH,Switzerland,2017,OW,TOTAL,1087.0,,learners
ch-bfs-learners-vet-canton,CH,Switzerland,2018,OW,TOTAL,1058.0,,learners
ch-bfs-learners-vet-canton,CH,Switzerland,2019,OW,TOTAL,1036.0,,learners
ch-bfs-learners-vet-canton,CH,Switzerland,2020,OW,TOTAL,1035.0,,learners
ch-bfs-learners-vet-canton,CH,Switzerland,2021,OW,TOTAL,1063.0,,learners
ch-bfs-learners-vet-canton,CH,Switzerland,2022,OW,TOTAL,1017.0,,learners
ch-bfs-learners-vet-canton,CH,Switzerland,2023,OW,TOTAL,1065.0,,learners
ch-bfs-learners-vet-canton,CH,Switzerland,2024,OW,TOTAL,1071.0,,learners
ch-bfs-learners-vet-canton,CH,Switzerland,2025,OW,TOTAL,1086.0,,learners
ch-bfs-learners-vet-canton,CH,Switzerland,2005,OW,UNK,1032.0,,learners
ch-bfs-learners-vet-canton,CH,Switzerland,2006,OW,UNK,1107.0,,learners
ch-bfs-learners-vet-canton,CH,Switzerland,2007,OW,UNK,0.0,,learners
ch-bfs-learners-vet-canton,CH,Switzerland,2008,OW,UNK,0.0,,learners
ch-bfs-learners-vet-canton,CH,Switzerland,2009,OW,UNK,0.0,,learners
ch-bfs-learners-vet-canton,CH,Switzerland,2010,OW,UNK,0.0,,learners
ch-bfs-learners-vet-canton,CH,Switzerland,2011,OW,UNK,0.0,,learners
ch-bfs-learners-vet-canton,CH,Switzerland,2012,OW,UNK,0.0,,learners
ch-bfs-learners-vet-canton,CH,Switzerland,2013,OW,UNK,0.0,,learners
ch-bfs-learners-vet-canton,CH,Switzerland,2014,OW,UNK,0.0,,learners
ch-bfs-learners-vet-canton,CH,Switzerland,2015,OW,UNK,0.0,,learners
ch-bfs-learners-vet-canton,CH,Switzerland,2016,OW,UNK,0.0,,learners
ch-bfs-learners-vet-canton,CH,Switzerland,2017,OW,UNK,0.0,,learners
ch-bfs-learners-vet-canton,CH,Switzerland,2018,OW,UNK,0.0,,learners
ch-bfs-learners-vet-canton,CH,Switzerland,2019,OW,UNK,0.0,,learners
ch-bfs-learners-vet-canton,CH,Switzerland,2020,OW,UNK,0.0,,learners
ch-bfs-learners-vet-canton,CH,Switzerland,2021,OW,UNK,0.0,,learners
ch-bfs-learners-vet-canton,CH,Switzerland,2022,OW,UNK,0.0,,learners
ch-bfs-learners-vet-canton,CH,Switzerland,2023,OW,UNK,0.0,,learners
ch-bfs-learners-vet-canton,CH,Switzerland,2024,OW,UNK,0.0,,learners
ch-bfs-learners-vet-canton,CH,Switzerland,2025,OW,UNK,0.0,,learners
ch-bfs-learners-vet-canton,CH,Switzerland,2007,SG,DUAL,15765.0,,learners
ch-bfs-learners-vet-canton,CH,Switzerland,2008,SG,DUAL,16362.0,,learners
ch-bfs-learners-vet-canton,CH,Switzerland,2009,SG,DUAL,16556.0,,learners
ch-bfs-learners-vet-canton,CH,Switzerland,2010,SG,DUAL,16391.0,,learners
ch-bfs-learners-vet-canton,CH,Switzerland,2011,SG,DUAL,16331.0,,learners
ch-bfs-learners-vet-canton,CH,Switzerland,2012,SG,DUAL,16245.0,,learners
ch-bfs-learners-vet-canton,CH,Switzerland,2013,SG,DUAL,16165.0,,learners
ch-bfs-learners-vet-canton,CH,Switzerland,2014,SG,DUAL,16066.0,,learners
ch-bfs-learners-vet-canton,CH,Switzerland,2015,SG,DUAL,15763.0,,learners
ch-bfs-learners-vet-canton,CH,Switzerland,2016,SG,DUAL,15535.0,,learners
ch-bfs-learners-vet-canton,CH,Switzerland,2017,SG,DUAL,15347.0,,learners
ch-bfs-learners-vet-canton,CH,Switzerland,2018,SG,DUAL,15022.0,,learners
ch-bfs-learners-vet-canton,CH,Switzerland,2019,SG,DUAL,14921.0,,learners
ch-bfs-learners-vet-canton,CH,Switzerland,2020,SG,DUAL,14754.0,,learners
ch-bfs-learners-vet-canton,CH,Switzerland,2021,SG,DUAL,14607.0,,learners
ch-bfs-learners-vet-canton,CH,Switzerland,2022,SG,DUAL,14333.0,,learners
ch-bfs-learners-vet-canton,CH,Switzerland,2023,SG,DUAL,14151.0,,learners
ch-bfs-learners-vet-canton,CH,Switzerland,2024,SG,DUAL,14174.0,,learners
ch-bfs-learners-vet-canton,CH,Switzerland,2025,SG,DUAL,14320.0,,learners
ch-bfs-learners-vet-canton,CH,Switzerland,2007,SG,SCHOOL,45.0,,learners
ch-bfs-learners-vet-canton,CH,Switzerland,2008,SG,SCHOOL,39.0,,learners
ch-bfs-learners-vet-canton,CH,Switzerland,2009,SG,SCHOOL,98.0,,learners
ch-bfs-learners-vet-canton,CH,Switzerland,2010,SG,SCHOOL,55.0,,learners
ch-bfs-learners-vet-canton,CH,Switzerland,2011,SG,SCHOOL,55.0,,learners
ch-bfs-learners-vet-canton,CH,Switzerland,2012,SG,SCHOOL,54.0,,learners
ch-bfs-learners-vet-canton,CH,Switzerland,2013,SG,SCHOOL,528.0,,learners
ch-bfs-learners-vet-canton,CH,Switzerland,2014,SG,SCHOOL,529.0,,learners
ch-bfs-learners-vet-canton,CH,Switzerland,2015,SG,SCHOOL,499.0,,learners
ch-bfs-learners-vet-canton,CH,Switzerland,2016,SG,SCHOOL,408.0,,learners
ch-bfs-learners-vet-canton,CH,Switzerland,2017,SG,SCHOOL,462.0,,learners
ch-bfs-learners-vet-canton,CH,Switzerland,2018,SG,SCHOOL,425.0,,learners
ch-bfs-learners-vet-canton,CH,Switzerland,2019,SG,SCHOOL,442.0,,learners
ch-bfs-learners-vet-canton,CH,Switzerland,2020,SG,SCHOOL,450.0,,learners
ch-bfs-learners-vet-canton,CH,Switzerland,2021,SG,SCHOOL,489.0,,learners
ch-bfs-learners-vet-canton,CH,Switzerland,2022,SG,SCHOOL,482.0,,learners
ch-bfs-learners-vet-canton,CH,Switzerland,2023,SG,SCHOOL,524.0,,learners
ch-bfs-learners-vet-canton,CH,Switzerland,2024,SG,SCHOOL,532.0,,learners
ch-bfs-learners-vet-canton,CH,Switzerland,2025,SG,SCHOOL,581.0,,learners
ch-bfs-learners-vet-canton,CH,Switzerland,2005,SG,TOTAL,14860.0,,learners
ch-bfs-learners-vet-canton,CH,Switzerland,2006,SG,TOTAL,15211.0,,learners
ch-bfs-learners-vet-canton,CH,Switzerland,2007,SG,TOTAL,15810.0,,learners
ch-bfs-learners-vet-canton,CH,Switzerland,2008,SG,TOTAL,16401.0,,learners
ch-bfs-learners-vet-canton,CH,Switzerland,2009,SG,TOTAL,16654.0,,learners
ch-bfs-learners-vet-canton,CH,Switzerland,2010,SG,TOTAL,16446.0,,learners
ch-bfs-learners-vet-canton,CH,Switzerland,2011,SG,TOTAL,16386.0,,learners
ch-bfs-learners-vet-canton,CH,Switzerland,2012,SG,TOTAL,16299.0,,learners
ch-bfs-learners-vet-canton,CH,Switzerland,2013,SG,TOTAL,16693.0,,learners
ch-bfs-learners-vet-canton,CH,Switzerland,2014,SG,TOTAL,16595.0,,learners
ch-bfs-learners-vet-canton,CH,Switzerland,2015,SG,TOTAL,16262.0,,learners
ch-bfs-learners-vet-canton,CH,Switzerland,2016,SG,TOTAL,15943.0,,learners
ch-bfs-learners-vet-canton,CH,Switzerland,2017,SG,TOTAL,15809.0,,learners
ch-bfs-learners-vet-canton,CH,Switzerland,2018,SG,TOTAL,15447.0,,learners
ch-bfs-learners-vet-canton,CH,Switzerland,2019,SG,TOTAL,15363.0,,learners
ch-bfs-learners-vet-canton,CH,Switzerland,2020,SG,TOTAL,15204.0,,learners
ch-bfs-learners-vet-canton,CH,Switzerland,2021,SG,TOTAL,15096.0,,learners
ch-bfs-learners-vet-canton,CH,Switzerland,2022,SG,TOTAL,14815.0,,learners
ch-bfs-learners-vet-canton,CH,Switzerland,2023,SG,TOTAL,14675.0,,learners
ch-bfs-learners-vet-canton,CH,Switzerland,2024,SG,TOTAL,14706.0,,learners
ch-bfs-learners-vet-canton,CH,Switzerland,2025,SG,TOTAL,14901.0,,learners
ch-bfs-learners-vet-canton,CH,Switzerland,2005,SG,UNK,14860.0,,learners
ch-bfs-learners-vet-canton,CH,Switzerland,2006,SG,UNK,15211.0,,learners
ch-bfs-learners-vet-canton,CH,Switzerland,2007,SG,UNK,0.0,,learners
ch-bfs-learners-vet-canton,CH,Switzerland,2008,SG,UNK,0.0,,learners
ch-bfs-learners-vet-canton,CH,Switzerland,2009,SG,UNK,0.0,,learners
ch-bfs-learners-vet-canton,CH,Switzerland,2010,SG,UNK,0.0,,learners
ch-bfs-learners-vet-canton,CH,Switzerland,2011,SG,UNK,0.0,,learners
ch-bfs-learners-vet-canton,CH,Switzerland,2012,SG,UNK,0.0,,learners
ch-bfs-learners-vet-canton,CH,Switzerland,2013,SG,UNK,0.0,,learners
ch-bfs-learners-vet-canton,CH,Switzerland,2014,SG,UNK,0.0,,learners
ch-bfs-learners-vet-canton,CH,Switzerland,2015,SG,UNK,0.0,,learners
ch-bfs-learners-vet-canton,CH,Switzerland,2016,SG,UNK,0.0,,learners
ch-bfs-learners-vet-canton,CH,Switzerland,2017,SG,UNK,0.0,,learners
ch-bfs-learners-vet-canton,CH,Switzerland,2018,SG,UNK,0.0,,learners
ch-bfs-learners-vet-canton,CH,Switzerland,2019,SG,UNK,0.0,,learners
ch-bfs-learners-vet-canton,CH,Switzerland,2020,SG,UNK,0.0,,learners
ch-bfs-learners-vet-canton,CH,Switzerland,2021,SG,UNK,0.0,,learners
ch-bfs-learners-vet-canton,CH,Switzerland,2022,SG,UNK,0.0,,learners
ch-bfs-learners-vet-canton,CH,Switzerland,2023,SG,UNK,0.0,,learners
ch-bfs-learners-vet-canton,CH,Switzerland,2024,SG,UNK,0.0,,learners
ch-bfs-learners-vet-canton,CH,Switzerland,2025,SG,UNK,0.0,,learners
ch-bfs-learners-vet-canton,CH,Switzerland,2007,SH,DUAL,2462.0,,learners
ch-bfs-learners-vet-canton,CH,Switzerland,2008,SH,DUAL,2527.0,,learners
ch-bfs-learners-vet-canton,CH,Switzerland,2009,SH,DUAL,2537.0,,learners
ch-bfs-learners-vet-canton,CH,Switzerland,2010,SH,DUAL,2552.0,,learners
ch-bfs-learners-vet-canton,CH,Switzerland,2011,SH,DUAL,2543.0,,learners
ch-bfs-learners-vet-canton,CH,Switzerland,2012,SH,DUAL,2550.0,,learners
ch-bfs-learners-vet-canton,CH,Switzerland,2013,SH,DUAL,2519.0,,learners
ch-bfs-learners-vet-canton,CH,Switzerland,2014,SH,DUAL,2454.0,,learners
ch-bfs-learners-vet-canton,CH,Switzerland,2015,SH,DUAL,2448.0,,learners
ch-bfs-learners-vet-canton,CH,Switzerland,2016,SH,DUAL,2350.0,,learners
ch-bfs-learners-vet-canton,CH,Switzerland,2017,SH,DUAL,2321.0,,learners
ch-bfs-learners-vet-canton,CH,Switzerland,2018,SH,DUAL,2322.0,,learners
ch-bfs-learners-vet-canton,CH,Switzerland,2019,SH,DUAL,2309.0,,learners
ch-bfs-learners-vet-canton,CH,Switzerland,2020,SH,DUAL,2318.0,,learners
ch-bfs-learners-vet-canton,CH,Switzerland,2021,SH,DUAL,2297.0,,learners
ch-bfs-learners-vet-canton,CH,Switzerland,2022,SH,DUAL,2272.0,,learners
ch-bfs-learners-vet-canton,CH,Switzerland,2023,SH,DUAL,2272.0,,learners
ch-bfs-learners-vet-canton,CH,Switzerland,2024,SH,DUAL,2284.0,,learners
ch-bfs-learners-vet-canton,CH,Switzerland,2025,SH,DUAL,2326.0,,learners
ch-bfs-learners-vet-canton,CH,Switzerland,2007,SH,SCHOOL,1.0,,learners
ch-bfs-learners-vet-canton,CH,Switzerland,2008,SH,SCHOOL,0.0,,learners
ch-bfs-learners-vet-canton,CH,Switzerland,2009,SH,SCHOOL,0.0,,learners
ch-bfs-learners-vet-canton,CH,Switzerland,2010,SH,SCHOOL,0.0,,learners
ch-bfs-learners-vet-canton,CH,Switzerland,2011,SH,SCHOOL,0.0,,learners
ch-bfs-learners-vet-canton,CH,Switzerland,2012,SH,SCHOOL,0.0,,learners
ch-bfs-learners-vet-canton,CH,Switzerland,2013,SH,SCHOOL,79.0,,learners
ch-bfs-learners-vet-canton,CH,Switzerland,2014,SH,SCHOOL,72.0,,learners
ch-bfs-learners-vet-canton,CH,Switzerland,2015,SH,SCHOOL,68.0,,learners
ch-bfs-learners-vet-canton,CH,Switzerland,2016,SH,SCHOOL,61.0,,learners
ch-bfs-learners-vet-canton,CH,Switzerland,2017,SH,SCHOOL,54.0,,learners
ch-bfs-learners-vet-canton,CH,Switzerland,2018,SH,SCHOOL,48.0,,learners
ch-bfs-learners-vet-canton,CH,Switzerland,2019,SH,SCHOOL,43.0,,learners
ch-bfs-learners-vet-canton,CH,Switzerland,2020,SH,SCHOOL,42.0,,learners
ch-bfs-learners-vet-canton,CH,Switzerland,2021,SH,SCHOOL,37.0,,learners
ch-bfs-learners-vet-canton,CH,Switzerland,2022,SH,SCHOOL,40.0,,learners
ch-bfs-learners-vet-canton,CH,Switzerland,2023,SH,SCHOOL,45.0,,learners
ch-bfs-learners-vet-canton,CH,Switzerland,2024,SH,SCHOOL,62.0,,learners
ch-bfs-learners-vet-canton,CH,Switzerland,2025,SH,SCHOOL,78.0,,learners
ch-bfs-learners-vet-canton,CH,Switzerland,2005,SH,TOTAL,2327.0,,learners
ch-bfs-learners-vet-canton,CH,Switzerland,2006,SH,TOTAL,2357.0,,learners
ch-bfs-learners-vet-canton,CH,Switzerland,2007,SH,TOTAL,2463.0,,learners
ch-bfs-learners-vet-canton,CH,Switzerland,2008,SH,TOTAL,2527.0,,learners
ch-bfs-learners-vet-canton,CH,Switzerland,2009,SH,TOTAL,2537.0,,learners
ch-bfs-learners-vet-canton,CH,Switzerland,2010,SH,TOTAL,2552.0,,learners
ch-bfs-learners-vet-canton,CH,Switzerland,2011,SH,TOTAL,2543.0,,learners
ch-bfs-learners-vet-canton,CH,Switzerland,2012,SH,TOTAL,2550.0,,learners
ch-bfs-learners-vet-canton,CH,Switzerland,2013,SH,TOTAL,2598.0,,learners
ch-bfs-learners-vet-canton,CH,Switzerland,2014,SH,TOTAL,2526.0,,learners
ch-bfs-learners-vet-canton,CH,Switzerland,2015,SH,TOTAL,2516.0,,learners
ch-bfs-learners-vet-canton,CH,Switzerland,2016,SH,TOTAL,2411.0,,learners
ch-bfs-learners-vet-canton,CH,Switzerland,2017,SH,TOTAL,2375.0,,learners
ch-bfs-learners-vet-canton,CH,Switzerland,2018,SH,TOTAL,2370.0,,learners
ch-bfs-learners-vet-canton,CH,Switzerland,2019,SH,TOTAL,2352.0,,learners
ch-bfs-learners-vet-canton,CH,Switzerland,2020,SH,TOTAL,2360.0,,learners
ch-bfs-learners-vet-canton,CH,Switzerland,2021,SH,TOTAL,2334.0,,learners
ch-bfs-learners-vet-canton,CH,Switzerland,2022,SH,TOTAL,2312.0,,learners
ch-bfs-learners-vet-canton,CH,Switzerland,2023,SH,TOTAL,2317.0,,learners
ch-bfs-learners-vet-canton,CH,Switzerland,2024,SH,TOTAL,2346.0,,learners
ch-bfs-learners-vet-canton,CH,Switzerland,2025,SH,TOTAL,2404.0,,learners
ch-bfs-learners-vet-canton,CH,Switzerland,2005,SH,UNK,2327.0,,learners
ch-bfs-learners-vet-canton,CH,Switzerland,2006,SH,UNK,2357.0,,learners
ch-bfs-learners-vet-canton,CH,Switzerland,2007,SH,UNK,0.0,,learners
ch-bfs-learners-vet-canton,CH,Switzerland,2008,SH,UNK,0.0,,learners
ch-bfs-learners-vet-canton,CH,Switzerland,2009,SH,UNK,0.0,,learners
ch-bfs-learners-vet-canton,CH,Switzerland,2010,SH,UNK,0.0,,learners
ch-bfs-learners-vet-canton,CH,Switzerland,2011,SH,UNK,0.0,,learners
ch-bfs-learners-vet-canton,CH,Switzerland,2012,SH,UNK,0.0,,learners
ch-bfs-learners-vet-canton,CH,Switzerland,2013,SH,UNK,0.0,,learners
ch-bfs-learners-vet-canton,CH,Switzerland,2014,SH,UNK,0.0,,learners
ch-bfs-learners-vet-canton,CH,Switzerland,2015,SH,UNK,0.0,,learners
ch-bfs-learners-vet-canton,CH,Switzerland,2016,SH,UNK,0.0,,learners
ch-bfs-learners-vet-canton,CH,Switzerland,2017,SH,UNK,0.0,,learners
ch-bfs-learners-vet-canton,CH,Switzerland,2018,SH,UNK,0.0,,learners
ch-bfs-learners-vet-canton,CH,Switzerland,2019,SH,UNK,0.0,,learners
ch-bfs-learners-vet-canton,CH,Switzerland,2020,SH,UNK,0.0,,learners
ch-bfs-learners-vet-canton,CH,Switzerland,2021,SH,UNK,0.0,,learners
ch-bfs-learners-vet-canton,CH,Switzerland,2022,SH,UNK,0.0,,learners
ch-bfs-learners-vet-canton,CH,Switzerland,2023,SH,UNK,0.0,,learners
ch-bfs-learners-vet-canton,CH,Switzerland,2024,SH,UNK,0.0,,learners
ch-bfs-learners-vet-canton,CH,Switzerland,2025,SH,UNK,0.0,,learners
ch-bfs-learners-vet-canton,CH,Switzerland,2007,SO,DUAL,6035.0,,learners
ch-bfs-learners-vet-canton,CH,Switzerland,2008,SO,DUAL,6192.0,,learners
ch-bfs-learners-vet-canton,CH,Switzerland,2009,SO,DUAL,6266.0,,learners
ch-bfs-learners-vet-canton,CH,Switzerland,2010,SO,DUAL,6341.0,,learners
ch-bfs-learners-vet-canton,CH,Switzerland,2011,SO,DUAL,6146.0,,learners
ch-bfs-learners-vet-canton,CH,Switzerland,2012,SO,DUAL,6217.0,,learners
ch-bfs-learners-vet-canton,CH,Switzerland,2013,SO,DUAL,6152.0,,learners
ch-bfs-learners-vet-canton,CH,Switzerland,2014,SO,DUAL,6140.0,,learners
ch-bfs-learners-vet-canton,CH,Switzerland,2015,SO,DUAL,6193.0,,learners
ch-bfs-learners-vet-canton,CH,Switzerland,2016,SO,DUAL,6051.0,,learners
ch-bfs-learners-vet-canton,CH,Switzerland,2017,SO,DUAL,6050.0,,learners
ch-bfs-learners-vet-canton,CH,Switzerland,2018,SO,DUAL,5956.0,,learners
ch-bfs-learners-vet-canton,CH,Switzerland,2019,SO,DUAL,5888.0,,learners
ch-bfs-learners-vet-canton,CH,Switzerland,2020,SO,DUAL,5878.0,,learners
ch-bfs-learners-vet-canton,CH,Switzerland,2021,SO,DUAL,5744.0,,learners
ch-bfs-learners-vet-canton,CH,Switzerland,2022,SO,DUAL,5717.0,,learners
ch-bfs-learners-vet-canton,CH,Switzerland,2023,SO,DUAL,5638.0,,learners
ch-bfs-learners-vet-canton,CH,Switzerland,2024,SO,DUAL,5746.0,,learners
ch-bfs-learners-vet-canton,CH,Switzerland,2025,SO,DUAL,5808.0,,learners
ch-bfs-learners-vet-canton,CH,Switzerland,2007,SO,SCHOOL,126.0,,learners
ch-bfs-learners-vet-canton,CH,Switzerland,2008,SO,SCHOOL,120.0,,learners
ch-bfs-learners-vet-canton,CH,Switzerland,2009,SO,SCHOOL,99.0,,learners
ch-bfs-learners-vet-canton,CH,Switzerland,2010,SO,SCHOOL,77.0,,learners
ch-bfs-learners-vet-canton,CH,Switzerland,2011,SO,SCHOOL,144.0,,learners
ch-bfs-learners-vet-canton,CH,Switzerland,2012,SO,SCHOOL,142.0,,learners
ch-bfs-learners-vet-canton,CH,Switzerland,2013,SO,SCHOOL,142.0,,learners
ch-bfs-learners-vet-canton,CH,Switzerland,2014,SO,SCHOOL,141.0,,learners
ch-bfs-learners-vet-canton,CH,Switzerland,2015,SO,SCHOOL,139.0,,learners
ch-bfs-learners-vet-canton,CH,Switzerland,2016,SO,SCHOOL,144.0,,learners
ch-bfs-learners-vet-canton,CH,Switzerland,2017,SO,SCHOOL,129.0,,learners
ch-bfs-learners-vet-canton,CH,Switzerland,2018,SO,SCHOOL,127.0,,learners
ch-bfs-learners-vet-canton,CH,Switzerland,2019,SO,SCHOOL,128.0,,learners
ch-bfs-learners-vet-canton,CH,Switzerland,2020,SO,SCHOOL,132.0,,learners
ch-bfs-learners-vet-canton,CH,Switzerland,2021,SO,SCHOOL,122.0,,learners
ch-bfs-learners-vet-canton,CH,Switzerland,2022,SO,SCHOOL,127.0,,learners
ch-bfs-learners-vet-canton,CH,Switzerland,2023,SO,SCHOOL,120.0,,learners
ch-bfs-learners-vet-canton,CH,Switzerland,2024,SO,SCHOOL,121.0,,learners
ch-bfs-learners-vet-canton,CH,Switzerland,2025,SO,SCHOOL,124.0,,learners
ch-bfs-learners-vet-canton,CH,Switzerland,2005,SO,TOTAL,5738.0,,learners
ch-bfs-learners-vet-canton,CH,Switzerland,2006,SO,TOTAL,6091.0,,learners
ch-bfs-learners-vet-canton,CH,Switzerland,2007,SO,TOTAL,6161.0,,learners
ch-bfs-learners-vet-canton,CH,Switzerland,2008,SO,TOTAL,6312.0,,learners
ch-bfs-learners-vet-canton,CH,Switzerland,2009,SO,TOTAL,6365.0,,learners
ch-bfs-learners-vet-canton,CH,Switzerland,2010,SO,TOTAL,6418.0,,learners
ch-bfs-learners-vet-canton,CH,Switzerland,2011,SO,TOTAL,6290.0,,learners
ch-bfs-learners-vet-canton,CH,Switzerland,2012,SO,TOTAL,6359.0,,learners
ch-bfs-learners-vet-canton,CH,Switzerland,2013,SO,TOTAL,6294.0,,learners
ch-bfs-learners-vet-canton,CH,Switzerland,2014,SO,TOTAL,6281.0,,learners
ch-bfs-learners-vet-canton,CH,Switzerland,2015,SO,TOTAL,6332.0,,learners
ch-bfs-learners-vet-canton,CH,Switzerland,2016,SO,TOTAL,6195.0,,learners
ch-bfs-learners-vet-canton,CH,Switzerland,2017,SO,TOTAL,6179.0,,learners
ch-bfs-learners-vet-canton,CH,Switzerland,2018,SO,TOTAL,6083.0,,learners
ch-bfs-learners-vet-canton,CH,Switzerland,2019,SO,TOTAL,6016.0,,learners
ch-bfs-learners-vet-canton,CH,Switzerland,2020,SO,TOTAL,6010.0,,learners
ch-bfs-learners-vet-canton,CH,Switzerland,2021,SO,TOTAL,5866.0,,learners
ch-bfs-learners-vet-canton,CH,Switzerland,2022,SO,TOTAL,5844.0,,learners
ch-bfs-learners-vet-canton,CH,Switzerland,2023,SO,TOTAL,5758.0,,learners
ch-bfs-learners-vet-canton,CH,Switzerland,2024,SO,TOTAL,5867.0,,learners
ch-bfs-learners-vet-canton,CH,Switzerland,2025,SO,TOTAL,5932.0,,learners
ch-bfs-learners-vet-canton,CH,Switzerland,2005,SO,UNK,5738.0,,learners
ch-bfs-learners-vet-canton,CH,Switzerland,2006,SO,UNK,6091.0,,learners
ch-bfs-learners-vet-canton,CH,Switzerland,2007,SO,UNK,0.0,,learners
ch-bfs-learners-vet-canton,CH,Switzerland,2008,SO,UNK,0.0,,learners
ch-bfs-learners-vet-canton,CH,Switzerland,2009,SO,UNK,0.0,,learners
ch-bfs-learners-vet-canton,CH,Switzerland,2010,SO,UNK,0.0,,learners
ch-bfs-learners-vet-canton,CH,Switzerland,2011,SO,UNK,0.0,,learners
ch-bfs-learners-vet-canton,CH,Switzerland,2012,SO,UNK,0.0,,learners
ch-bfs-learners-vet-canton,CH,Switzerland,2013,SO,UNK,0.0,,learners
ch-bfs-learners-vet-canton,CH,Switzerland,2014,SO,UNK,0.0,,learners
ch-bfs-learners-vet-canton,CH,Switzerland,2015,SO,UNK,0.0,,learners
ch-bfs-learners-vet-canton,CH,Switzerland,2016,SO,UNK,0.0,,learners
ch-bfs-learners-vet-canton,CH,Switzerland,2017,SO,UNK,0.0,,learners
ch-bfs-learners-vet-canton,CH,Switzerland,2018,SO,UNK,0.0,,learners
ch-bfs-learners-vet-canton,CH,Switzerland,2019,SO,UNK,0.0,,learners
ch-bfs-learners-vet-canton,CH,Switzerland,2020,SO,UNK,0.0,,learners
ch-bfs-learners-vet-canton,CH,Switzerland,2021,SO,UNK,0.0,,learners
ch-bfs-learners-vet-canton,CH,Switzerland,2022,SO,UNK,0.0,,learners
ch-bfs-learners-vet-canton,CH,Switzerland,2023,SO,UNK,0.0,,learners
ch-bfs-learners-vet-canton,CH,Switzerland,2024,SO,UNK,0.0,,learners
ch-bfs-learners-vet-canton,CH,Switzerland,2025,SO,UNK,0.0,,learners
ch-bfs-learners-vet-canton,CH,Switzerland,2007,SZ,DUAL,3284.0,,learners
ch-bfs-learners-vet-canton,CH,Switzerland,2008,SZ,DUAL,3439.0,,learners
ch-bfs-learners-vet-canton,CH,Switzerland,2009,SZ,DUAL,3448.0,,learners
ch-bfs-learners-vet-canton,CH,Switzerland,2010,SZ,DUAL,3368.0,,learners
ch-bfs-learners-vet-canton,CH,Switzerland,2011,SZ,DUAL,3355.0,,learners
ch-bfs-learners-vet-canton,CH,Switzerland,2012,SZ,DUAL,3370.0,,learners
ch-bfs-learners-vet-canton,CH,Switzerland,2013,SZ,DUAL,3390.0,,learners
ch-bfs-learners-vet-canton,CH,Switzerland,2014,SZ,DUAL,3358.0,,learners
ch-bfs-learners-vet-canton,CH,Switzerland,2015,SZ,DUAL,3351.0,,learners
ch-bfs-learners-vet-canton,CH,Switzerland,2016,SZ,DUAL,3347.0,,learners
ch-bfs-learners-vet-canton,CH,Switzerland,2017,SZ,DUAL,3302.0,,learners
ch-bfs-learners-vet-canton,CH,Switzerland,2018,SZ,DUAL,3229.0,,learners
ch-bfs-learners-vet-canton,CH,Switzerland,2019,SZ,DUAL,3207.0,,learners
ch-bfs-learners-vet-canton,CH,Switzerland,2020,SZ,DUAL,3218.0,,learners
ch-bfs-learners-vet-canton,CH,Switzerland,2021,SZ,DUAL,3231.0,,learners
ch-bfs-learners-vet-canton,CH,Switzerland,2022,SZ,DUAL,3202.0,,learners
ch-bfs-learners-vet-canton,CH,Switzerland,2023,SZ,DUAL,3187.0,,learners
ch-bfs-learners-vet-canton,CH,Switzerland,2024,SZ,DUAL,3231.0,,learners
ch-bfs-learners-vet-canton,CH,Switzerland,2025,SZ,DUAL,3293.0,,learners
ch-bfs-learners-vet-canton,CH,Switzerland,2007,SZ,SCHOOL,0.0,,learners
ch-bfs-learners-vet-canton,CH,Switzerland,2008,SZ,SCHOOL,0.0,,learners
ch-bfs-learners-vet-canton,CH,Switzerland,2009,SZ,SCHOOL,0.0,,learners
ch-bfs-learners-vet-canton,CH,Switzerland,2010,SZ,SCHOOL,0.0,,learners
ch-bfs-learners-vet-canton,CH,Switzerland,2011,SZ,SCHOOL,0.0,,learners
ch-bfs-learners-vet-canton,CH,Switzerland,2012,SZ,SCHOOL,0.0,,learners
ch-bfs-learners-vet-canton,CH,Switzerland,2013,SZ,SCHOOL,80.0,,learners
ch-bfs-learners-vet-canton,CH,Switzerland,2014,SZ,SCHOOL,75.0,,learners
ch-bfs-learners-vet-canton,CH,Switzerland,2015,SZ,SCHOOL,71.0,,learners
ch-bfs-learners-vet-canton,CH,Switzerland,2016,SZ,SCHOOL,56.0,,learners
ch-bfs-learners-vet-canton,CH,Switzerland,2017,SZ,SCHOOL,49.0,,learners
ch-bfs-learners-vet-canton,CH,Switzerland,2018,SZ,SCHOOL,31.0,,learners
ch-bfs-learners-vet-canton,CH,Switzerland,2019,SZ,SCHOOL,19.0,,learners
ch-bfs-learners-vet-canton,CH,Switzerland,2020,SZ,SCHOOL,12.0,,learners
ch-bfs-learners-vet-canton,CH,Switzerland,2021,SZ,SCHOOL,0.0,,learners
ch-bfs-learners-vet-canton,CH,Switzerland,2022,SZ,SCHOOL,0.0,,learners
ch-bfs-learners-vet-canton,CH,Switzerland,2023,SZ,SCHOOL,0.0,,learners
ch-bfs-learners-vet-canton,CH,Switzerland,2024,SZ,SCHOOL,0.0,,learners
ch-bfs-learners-vet-canton,CH,Switzerland,2025,SZ,SCHOOL,0.0,,learners
ch-bfs-learners-vet-canton,CH,Switzerland,2005,SZ,TOTAL,2960.0,,learners
ch-bfs-learners-vet-canton,CH,Switzerland,2006,SZ,TOTAL,3114.0,,learners
ch-bfs-learners-vet-canton,CH,Switzerland,2007,SZ,TOTAL,3284.0,,learners
ch-bfs-learners-vet-canton,CH,Switzerland,2008,SZ,TOTAL,3439.0,,learners
ch-bfs-learners-vet-canton,CH,Switzerland,2009,SZ,TOTAL,3448.0,,learners
ch-bfs-learners-vet-canton,CH,Switzerland,2010,SZ,TOTAL,3368.0,,learners
ch-bfs-learners-vet-canton,CH,Switzerland,2011,SZ,TOTAL,3355.0,,learners
ch-bfs-learners-vet-canton,CH,Switzerland,2012,SZ,TOTAL,3370.0,,learners
ch-bfs-learners-vet-canton,CH,Switzerland,2013,SZ,TOTAL,3470.0,,learners
ch-bfs-learners-vet-canton,CH,Switzerland,2014,SZ,TOTAL,3433.0,,learners
ch-bfs-learners-vet-canton,CH,Switzerland,2015,SZ,TOTAL,3422.0,,learners
ch-bfs-learners-vet-canton,CH,Switzerland,2016,SZ,TOTAL,3403.0,,learners
ch-bfs-learners-vet-canton,CH,Switzerland,2017,SZ,TOTAL,3351.0,,learners
ch-bfs-learners-vet-canton,CH,Switzerland,2018,SZ,TOTAL,3260.0,,learners
ch-bfs-learners-vet-canton,CH,Switzerland,2019,SZ,TOTAL,3226.0,,learners
ch-bfs-learners-vet-canton,CH,Switzerland,2020,SZ,TOTAL,3230.0,,learners
ch-bfs-learners-vet-canton,CH,Switzerland,2021,SZ,TOTAL,3231.0,,learners
ch-bfs-learners-vet-canton,CH,Switzerland,2022,SZ,TOTAL,3202.0,,learners
ch-bfs-learners-vet-canton,CH,Switzerland,2023,SZ,TOTAL,3187.0,,learners
ch-bfs-learners-vet-canton,CH,Switzerland,2024,SZ,TOTAL,3231.0,,learners
ch-bfs-learners-vet-canton,CH,Switzerland,2025,SZ,TOTAL,3293.0,,learners
ch-bfs-learners-vet-canton,CH,Switzerland,2005,SZ,UNK,2960.0,,learners
ch-bfs-learners-vet-canton,CH,Switzerland,2006,SZ,UNK,3114.0,,learners
ch-bfs-learners-vet-canton,CH,Switzerland,2007,SZ,UNK,0.0,,learners
ch-bfs-learners-vet-canton,CH,Switzerland,2008,SZ,UNK,0.0,,learners
ch-bfs-learners-vet-canton,CH,Switzerland,2009,SZ,UNK,0.0,,learners
ch-bfs-learners-vet-canton,CH,Switzerland,2010,SZ,UNK,0.0,,learners
ch-bfs-learners-vet-canton,CH,Switzerland,2011,SZ,UNK,0.0,,learners
ch-bfs-learners-vet-canton,CH,Switzerland,2012,SZ,UNK,0.0,,learners
ch-bfs-learners-vet-canton,CH,Switzerland,2013,SZ,UNK,0.0,,learners
ch-bfs-learners-vet-canton,CH,Switzerland,2014,SZ,UNK,0.0,,learners
ch-bfs-learners-vet-canton,CH,Switzerland,2015,SZ,UNK,0.0,,learners
ch-bfs-learners-vet-canton,CH,Switzerland,2016,SZ,UNK,0.0,,learners
ch-bfs-learners-vet-canton,CH,Switzerland,2017,SZ,UNK,0.0,,learners
ch-bfs-learners-vet-canton,CH,Switzerland,2018,SZ,UNK,0.0,,learners
ch-bfs-learners-vet-canton,CH,Switzerland,2019,SZ,UNK,0.0,,learners
ch-bfs-learners-vet-canton,CH,Switzerland,2020,SZ,UNK,0.0,,learners
ch-bfs-learners-vet-canton,CH,Switzerland,2021,SZ,UNK,0.0,,learners
ch-bfs-learners-vet-canton,CH,Switzerland,2022,SZ,UNK,0.0,,learners
ch-bfs-learners-vet-canton,CH,Switzerland,2023,SZ,UNK,0.0,,learners
ch-bfs-learners-vet-canton,CH,Switzerland,2024,SZ,UNK,0.0,,learners
ch-bfs-learners-vet-canton,CH,Switzerland,2025,SZ,UNK,0.0,,learners
ch-bfs-learners-vet-canton,CH,Switzerland,2007,TG,DUAL,6844.0,,learners
ch-bfs-learners-vet-canton,CH,Switzerland,2008,TG,DUAL,7157.0,,learners
ch-bfs-learners-vet-canton,CH,Switzerland,2009,TG,DUAL,7160.0,,learners
ch-bfs-learners-vet-canton,CH,Switzerland,2010,TG,DUAL,7106.0,,learners
ch-bfs-learners-vet-canton,CH,Switzerland,2011,TG,DUAL,7070.0,,learners
ch-bfs-learners-vet-canton,CH,Switzerland,2012,TG,DUAL,7013.0,,learners
ch-bfs-learners-vet-canton,CH,Switzerland,2013,TG,DUAL,6842.0,,learners
ch-bfs-learners-vet-canton,CH,Switzerland,2014,TG,DUAL,6827.0,,learners
ch-bfs-learners-vet-canton,CH,Switzerland,2015,TG,DUAL,6689.0,,learners
ch-bfs-learners-vet-canton,CH,Switzerland,2016,TG,DUAL,6596.0,,learners
ch-bfs-learners-vet-canton,CH,Switzerland,2017,TG,DUAL,6422.0,,learners
ch-bfs-learners-vet-canton,CH,Switzerland,2018,TG,DUAL,6332.0,,learners
ch-bfs-learners-vet-canton,CH,Switzerland,2019,TG,DUAL,6288.0,,learners
ch-bfs-learners-vet-canton,CH,Switzerland,2020,TG,DUAL,6328.0,,learners
ch-bfs-learners-vet-canton,CH,Switzerland,2021,TG,DUAL,6314.0,,learners
ch-bfs-learners-vet-canton,CH,Switzerland,2022,TG,DUAL,6180.0,,learners
ch-bfs-learners-vet-canton,CH,Switzerland,2023,TG,DUAL,6246.0,,learners
ch-bfs-learners-vet-canton,CH,Switzerland,2024,TG,DUAL,6310.0,,learners
ch-bfs-learners-vet-canton,CH,Switzerland,2025,TG,DUAL,6377.0,,learners
ch-bfs-learners-vet-canton,CH,Switzerland,2007,TG,SCHOOL,0.0,,learners
ch-bfs-learners-vet-canton,CH,Switzerland,2008,TG,SCHOOL,0.0,,learners
ch-bfs-learners-vet-canton,CH,Switzerland,2009,TG,SCHOOL,0.0,,learners
ch-bfs-learners-vet-canton,CH,Switzerland,2010,TG,SCHOOL,1.0,,learners
ch-bfs-learners-vet-canton,CH,Switzerland,2011,TG,SCHOOL,1.0,,learners
ch-bfs-learners-vet-canton,CH,Switzerland,2012,TG,SCHOOL,0.0,,learners
ch-bfs-learners-vet-canton,CH,Switzerland,2013,TG,SCHOOL,235.0,,learners
ch-bfs-learners-vet-canton,CH,Switzerland,2014,TG,SCHOOL,253.0,,learners
ch-bfs-learners-vet-canton,CH,Switzerland,2015,TG,SCHOOL,249.0,,learners
ch-bfs-learners-vet-canton,CH,Switzerland,2016,TG,SCHOOL,245.0,,learners
ch-bfs-learners-vet-canton,CH,Switzerland,2017,TG,SCHOOL,221.0,,learners
ch-bfs-learners-vet-canton,CH,Switzerland,2018,TG,SCHOOL,186.0,,learners
ch-bfs-learners-vet-canton,CH,Switzerland,2019,TG,SCHOOL,166.0,,learners
ch-bfs-learners-vet-canton,CH,Switzerland,2020,TG,SCHOOL,152.0,,learners
ch-bfs-learners-vet-canton,CH,Switzerland,2021,TG,SCHOOL,137.0,,learners
ch-bfs-learners-vet-canton,CH,Switzerland,2022,TG,SCHOOL,135.0,,learners
ch-bfs-learners-vet-canton,CH,Switzerland,2023,TG,SCHOOL,126.0,,learners
ch-bfs-learners-vet-canton,CH,Switzerland,2024,TG,SCHOOL,117.0,,learners
ch-bfs-learners-vet-canton,CH,Switzerland,2025,TG,SCHOOL,108.0,,learners
ch-bfs-learners-vet-canton,CH,Switzerland,2005,TG,TOTAL,6395.0,,learners
ch-bfs-learners-vet-canton,CH,Switzerland,2006,TG,TOTAL,6613.0,,learners
ch-bfs-learners-vet-canton,CH,Switzerland,2007,TG,TOTAL,6844.0,,learners
ch-bfs-learners-vet-canton,CH,Switzerland,2008,TG,TOTAL,7157.0,,learners
ch-bfs-learners-vet-canton,CH,Switzerland,2009,TG,TOTAL,7160.0,,learners
ch-bfs-learners-vet-canton,CH,Switzerland,2010,TG,TOTAL,7107.0,,learners
ch-bfs-learners-vet-canton,CH,Switzerland,2011,TG,TOTAL,7071.0,,learners
ch-bfs-learners-vet-canton,CH,Switzerland,2012,TG,TOTAL,7013.0,,learners
ch-bfs-learners-vet-canton,CH,Switzerland,2013,TG,TOTAL,7077.0,,learners
ch-bfs-learners-vet-canton,CH,Switzerland,2014,TG,TOTAL,7080.0,,learners
ch-bfs-learners-vet-canton,CH,Switzerland,2015,TG,TOTAL,6938.0,,learners
ch-bfs-learners-vet-canton,CH,Switzerland,2016,TG,TOTAL,6841.0,,learners
ch-bfs-learners-vet-canton,CH,Switzerland,2017,TG,TOTAL,6643.0,,learners
ch-bfs-learners-vet-canton,CH,Switzerland,2018,TG,TOTAL,6518.0,,learners
ch-bfs-learners-vet-canton,CH,Switzerland,2019,TG,TOTAL,6454.0,,learners
ch-bfs-learners-vet-canton,CH,Switzerland,2020,TG,TOTAL,6480.0,,learners
ch-bfs-learners-vet-canton,CH,Switzerland,2021,TG,TOTAL,6451.0,,learners
ch-bfs-learners-vet-canton,CH,Switzerland,2022,TG,TOTAL,6315.0,,learners
ch-bfs-learners-vet-canton,CH,Switzerland,2023,TG,TOTAL,6372.0,,learners
ch-bfs-learners-vet-canton,CH,Switzerland,2024,TG,TOTAL,6427.0,,learners
ch-bfs-learners-vet-canton,CH,Switzerland,2025,TG,TOTAL,6485.0,,learners
ch-bfs-learners-vet-canton,CH,Switzerland,2005,TG,UNK,6395.0,,learners
ch-bfs-learners-vet-canton,CH,Switzerland,2006,TG,UNK,6613.0,,learners
ch-bfs-learners-vet-canton,CH,Switzerland,2007,TG,UNK,0.0,,learners
ch-bfs-learners-vet-canton,CH,Switzerland,2008,TG,UNK,0.0,,learners
ch-bfs-learners-vet-canton,CH,Switzerland,2009,TG,UNK,0.0,,learners
ch-bfs-learners-vet-canton,CH,Switzerland,2010,TG,UNK,0.0,,learners
ch-bfs-learners-vet-canton,CH,Switzerland,2011,TG,UNK,0.0,,learners
ch-bfs-learners-vet-canton,CH,Switzerland,2012,TG,UNK,0.0,,learners
ch-bfs-learners-vet-canton,CH,Switzerland,2013,TG,UNK,0.0,,learners
ch-bfs-learners-vet-canton,CH,Switzerland,2014,TG,UNK,0.0,,learners
ch-bfs-learners-vet-canton,CH,Switzerland,2015,TG,UNK,0.0,,learners
ch-bfs-learners-vet-canton,CH,Switzerland,2016,TG,UNK,0.0,,learners
ch-bfs-learners-vet-canton,CH,Switzerland,2017,TG,UNK,0.0,,learners
ch-bfs-learners-vet-canton,CH,Switzerland,2018,TG,UNK,0.0,,learners
ch-bfs-learners-vet-canton,CH,Switzerland,2019,TG,UNK,0.0,,learners
ch-bfs-learners-vet-canton,CH,Switzerland,2020,TG,UNK,0.0,,learners
ch-bfs-learners-vet-canton,CH,Switzerland,2021,TG,UNK,0.0,,learners
ch-bfs-learners-vet-canton,CH,Switzerland,2022,TG,UNK,0.0,,learners
ch-bfs-learners-vet-canton,CH,Switzerland,2023,TG,UNK,0.0,,learners
ch-bfs-learners-vet-canton,CH,Switzerland,2024,TG,UNK,0.0,,learners
ch-bfs-learners-vet-canton,CH,Switzerland,2025,TG,UNK,0.0,,learners
ch-bfs-learners-vet-canton,CH,Switzerland,2007,TI,DUAL,5705.0,,learners
ch-bfs-learners-vet-canton,CH,Switzerland,2008,TI,DUAL,5894.0,,learners
ch-bfs-learners-vet-canton,CH,Switzerland,2009,TI,DUAL,6929.0,,learners
ch-bfs-learners-vet-canton,CH,Switzerland,2010,TI,DUAL,6071.0,,learners
ch-bfs-learners-vet-canton,CH,Switzerland,2011,TI,DUAL,6033.0,,learners
ch-bfs-learners-vet-canton,CH,Switzerland,2012,TI,DUAL,6242.0,,learners
ch-bfs-learners-vet-canton,CH,Switzerland,2013,TI,DUAL,6307.0,,learners
ch-bfs-learners-vet-canton,CH,Switzerland,2014,TI,DUAL,6294.0,,learners
ch-bfs-learners-vet-canton,CH,Switzerland,2015,TI,DUAL,6254.0,,learners
ch-bfs-learners-vet-canton,CH,Switzerland,2016,TI,DUAL,6168.0,,learners
ch-bfs-learners-vet-canton,CH,Switzerland,2017,TI,DUAL,6199.0,,learners
ch-bfs-learners-vet-canton,CH,Switzerland,2018,TI,DUAL,6121.0,,learners
ch-bfs-learners-vet-canton,CH,Switzerland,2019,TI,DUAL,6069.0,,learners
ch-bfs-learners-vet-canton,CH,Switzerland,2020,TI,DUAL,6063.0,,learners
ch-bfs-learners-vet-canton,CH,Switzerland,2021,TI,DUAL,6145.0,,learners
ch-bfs-learners-vet-canton,CH,Switzerland,2022,TI,DUAL,6076.0,,learners
ch-bfs-learners-vet-canton,CH,Switzerland,2023,TI,DUAL,6075.0,,learners
ch-bfs-learners-vet-canton,CH,Switzerland,2024,TI,DUAL,6135.0,,learners
ch-bfs-learners-vet-canton,CH,Switzerland,2025,TI,DUAL,6188.0,,learners
ch-bfs-learners-vet-canton,CH,Switzerland,2007,TI,SCHOOL,1335.0,,learners
ch-bfs-learners-vet-canton,CH,Switzerland,2008,TI,SCHOOL,1407.0,,learners
ch-bfs-learners-vet-canton,CH,Switzerland,2009,TI,SCHOOL,592.0,,learners
ch-bfs-learners-vet-canton,CH,Switzerland,2010,TI,SCHOOL,1856.0,,learners
ch-bfs-learners-vet-canton,CH,Switzerland,2011,TI,SCHOOL,2226.0,,learners
ch-bfs-learners-vet-canton,CH,Switzerland,2012,TI,SCHOOL,2577.0,,learners
ch-bfs-learners-vet-canton,CH,Switzerland,2013,TI,SCHOOL,3932.0,,learners
ch-bfs-learners-vet-canton,CH,Switzerland,2014,TI,SCHOOL,3961.0,,learners
ch-bfs-learners-vet-canton,CH,Switzerland,2015,TI,SCHOOL,3788.0,,learners
ch-bfs-learners-vet-canton,CH,Switzerland,2016,TI,SCHOOL,3916.0,,learners
ch-bfs-learners-vet-canton,CH,Switzerland,2017,TI,SCHOOL,3822.0,,learners
ch-bfs-learners-vet-canton,CH,Switzerland,2018,TI,SCHOOL,3883.0,,learners
ch-bfs-learners-vet-canton,CH,Switzerland,2019,TI,SCHOOL,3849.0,,learners
ch-bfs-learners-vet-canton,CH,Switzerland,2020,TI,SCHOOL,3885.0,,learners
ch-bfs-learners-vet-canton,CH,Switzerland,2021,TI,SCHOOL,3738.0,,learners
ch-bfs-learners-vet-canton,CH,Switzerland,2022,TI,SCHOOL,3703.0,,learners
ch-bfs-learners-vet-canton,CH,Switzerland,2023,TI,SCHOOL,3820.0,,learners
ch-bfs-learners-vet-canton,CH,Switzerland,2024,TI,SCHOOL,3963.0,,learners
ch-bfs-learners-vet-canton,CH,Switzerland,2025,TI,SCHOOL,4041.0,,learners
ch-bfs-learners-vet-canton,CH,Switzerland,2005,TI,TOTAL,6296.0,,learners
ch-bfs-learners-vet-canton,CH,Switzerland,2006,TI,TOTAL,6670.0,,learners
ch-bfs-learners-vet-canton,CH,Switzerland,2007,TI,TOTAL,7040.0,,learners
ch-bfs-learners-vet-canton,CH,Switzerland,2008,TI,TOTAL,7301.0,,learners
ch-bfs-learners-vet-canton,CH,Switzerland,2009,TI,TOTAL,7521.0,,learners
ch-bfs-learners-vet-canton,CH,Switzerland,2010,TI,TOTAL,7927.0,,learners
ch-bfs-learners-vet-canton,CH,Switzerland,2011,TI,TOTAL,8259.0,,learners
ch-bfs-learners-vet-canton,CH,Switzerland,2012,TI,TOTAL,8819.0,,learners
ch-bfs-learners-vet-canton,CH,Switzerland,2013,TI,TOTAL,10239.0,,learners
ch-bfs-learners-vet-canton,CH,Switzerland,2014,TI,TOTAL,10255.0,,learners
ch-bfs-learners-vet-canton,CH,Switzerland,2015,TI,TOTAL,10042.0,,learners
ch-bfs-learners-vet-canton,CH,Switzerland,2016,TI,TOTAL,10084.0,,learners
ch-bfs-learners-vet-canton,CH,Switzerland,2017,TI,TOTAL,10021.0,,learners
ch-bfs-learners-vet-canton,CH,Switzerland,2018,TI,TOTAL,10004.0,,learners
ch-bfs-learners-vet-canton,CH,Switzerland,2019,TI,TOTAL,9918.0,,learners
ch-bfs-learners-vet-canton,CH,Switzerland,2020,TI,TOTAL,9948.0,,learners
ch-bfs-learners-vet-canton,CH,Switzerland,2021,TI,TOTAL,9883.0,,learners
ch-bfs-learners-vet-canton,CH,Switzerland,2022,TI,TOTAL,9779.0,,learners
ch-bfs-learners-vet-canton,CH,Switzerland,2023,TI,TOTAL,9895.0,,learners
ch-bfs-learners-vet-canton,CH,Switzerland,2024,TI,TOTAL,10098.0,,learners
ch-bfs-learners-vet-canton,CH,Switzerland,2025,TI,TOTAL,10229.0,,learners
ch-bfs-learners-vet-canton,CH,Switzerland,2005,TI,UNK,6296.0,,learners
ch-bfs-learners-vet-canton,CH,Switzerland,2006,TI,UNK,6670.0,,learners
ch-bfs-learners-vet-canton,CH,Switzerland,2007,TI,UNK,0.0,,learners
ch-bfs-learners-vet-canton,CH,Switzerland,2008,TI,UNK,0.0,,learners
ch-bfs-learners-vet-canton,CH,Switzerland,2009,TI,UNK,0.0,,learners
ch-bfs-learners-vet-canton,CH,Switzerland,2010,TI,UNK,0.0,,learners
ch-bfs-learners-vet-canton,CH,Switzerland,2011,TI,UNK,0.0,,learners
ch-bfs-learners-vet-canton,CH,Switzerland,2012,TI,UNK,0.0,,learners
ch-bfs-learners-vet-canton,CH,Switzerland,2013,TI,UNK,0.0,,learners
ch-bfs-learners-vet-canton,CH,Switzerland,2014,TI,UNK,0.0,,learners
ch-bfs-learners-vet-canton,CH,Switzerland,2015,TI,UNK,0.0,,learners
ch-bfs-learners-vet-canton,CH,Switzerland,2016,TI,UNK,0.0,,learners
ch-bfs-learners-vet-canton,CH,Switzerland,2017,TI,UNK,0.0,,learners
ch-bfs-learners-vet-canton,CH,Switzerland,2018,TI,UNK,0.0,,learners
ch-bfs-learners-vet-canton,CH,Switzerland,2019,TI,UNK,0.0,,learners
ch-bfs-learners-vet-canton,CH,Switzerland,2020,TI,UNK,0.0,,learners
ch-bfs-learners-vet-canton,CH,Switzerland,2021,TI,UNK,0.0,,learners
ch-bfs-learners-vet-canton,CH,Switzerland,2022,TI,UNK,0.0,,learners
ch-bfs-learners-vet-canton,CH,Switzerland,2023,TI,UNK,0.0,,learners
ch-bfs-learners-vet-canton,CH,Switzerland,2024,TI,UNK,0.0,,learners
ch-bfs-learners-vet-canton,CH,Switzerland,2025,TI,UNK,0.0,,learners
ch-bfs-learners-vet-canton,CH,Switzerland,2007,UR,DUAL,1176.0,,learners
ch-bfs-learners-vet-canton,CH,Switzerland,2008,UR,DUAL,1184.0,,learners
ch-bfs-learners-vet-canton,CH,Switzerland,2009,UR,DUAL,1266.0,,learners
ch-bfs-learners-vet-canton,CH,Switzerland,2010,UR,DUAL,1230.0,,learners
ch-bfs-learners-vet-canton,CH,Switzerland,2011,UR,DUAL,1255.0,,learners
ch-bfs-learners-vet-canton,CH,Switzerland,2012,UR,DUAL,1201.0,,learners
ch-bfs-learners-vet-canton,CH,Switzerland,2013,UR,DUAL,1183.0,,learners
ch-bfs-learners-vet-canton,CH,Switzerland,2014,UR,DUAL,1165.0,,learners
ch-bfs-learners-vet-canton,CH,Switzerland,2015,UR,DUAL,1149.0,,learners
ch-bfs-learners-vet-canton,CH,Switzerland,2016,UR,DUAL,1138.0,,learners
ch-bfs-learners-vet-canton,CH,Switzerland,2017,UR,DUAL,1135.0,,learners
ch-bfs-learners-vet-canton,CH,Switzerland,2018,UR,DUAL,1137.0,,learners
ch-bfs-learners-vet-canton,CH,Switzerland,2019,UR,DUAL,1122.0,,learners
ch-bfs-learners-vet-canton,CH,Switzerland,2020,UR,DUAL,1103.0,,learners
ch-bfs-learners-vet-canton,CH,Switzerland,2021,UR,DUAL,1111.0,,learners
ch-bfs-learners-vet-canton,CH,Switzerland,2022,UR,DUAL,1059.0,,learners
ch-bfs-learners-vet-canton,CH,Switzerland,2023,UR,DUAL,1031.0,,learners
ch-bfs-learners-vet-canton,CH,Switzerland,2024,UR,DUAL,1027.0,,learners
ch-bfs-learners-vet-canton,CH,Switzerland,2025,UR,DUAL,1050.0,,learners
ch-bfs-learners-vet-canton,CH,Switzerland,2007,UR,SCHOOL,0.0,,learners
ch-bfs-learners-vet-canton,CH,Switzerland,2008,UR,SCHOOL,0.0,,learners
ch-bfs-learners-vet-canton,CH,Switzerland,2009,UR,SCHOOL,0.0,,learners
ch-bfs-learners-vet-canton,CH,Switzerland,2010,UR,SCHOOL,0.0,,learners
ch-bfs-learners-vet-canton,CH,Switzerland,2011,UR,SCHOOL,0.0,,learners
ch-bfs-learners-vet-canton,CH,Switzerland,2012,UR,SCHOOL,0.0,,learners
ch-bfs-learners-vet-canton,CH,Switzerland,2013,UR,SCHOOL,0.0,,learners
ch-bfs-learners-vet-canton,CH,Switzerland,2014,UR,SCHOOL,0.0,,learners
ch-bfs-learners-vet-canton,CH,Switzerland,2015,UR,SCHOOL,0.0,,learners
ch-bfs-learners-vet-canton,CH,Switzerland,2016,UR,SCHOOL,0.0,,learners
ch-bfs-learners-vet-canton,CH,Switzerland,2017,UR,SCHOOL,0.0,,learners
ch-bfs-learners-vet-canton,CH,Switzerland,2018,UR,SCHOOL,0.0,,learners
ch-bfs-learners-vet-canton,CH,Switzerland,2019,UR,SCHOOL,0.0,,learners
ch-bfs-learners-vet-canton,CH,Switzerland,2020,UR,SCHOOL,0.0,,learners
ch-bfs-learners-vet-canton,CH,Switzerland,2021,UR,SCHOOL,0.0,,learners
ch-bfs-learners-vet-canton,CH,Switzerland,2022,UR,SCHOOL,0.0,,learners
ch-bfs-learners-vet-canton,CH,Switzerland,2023,UR,SCHOOL,0.0,,learners
ch-bfs-learners-vet-canton,CH,Switzerland,2024,UR,SCHOOL,0.0,,learners
ch-bfs-learners-vet-canton,CH,Switzerland,2025,UR,SCHOOL,0.0,,learners
ch-bfs-learners-vet-canton,CH,Switzerland,2005,UR,TOTAL,1082.0,,learners
ch-bfs-learners-vet-canton,CH,Switzerland,2006,UR,TOTAL,1195.0,,learners
ch-bfs-learners-vet-canton,CH,Switzerland,2007,UR,TOTAL,1176.0,,learners
ch-bfs-learners-vet-canton,CH,Switzerland,2008,UR,TOTAL,1184.0,,learners
ch-bfs-learners-vet-canton,CH,Switzerland,2009,UR,TOTAL,1266.0,,learners
ch-bfs-learners-vet-canton,CH,Switzerland,2010,UR,TOTAL,1230.0,,learners
ch-bfs-learners-vet-canton,CH,Switzerland,2011,UR,TOTAL,1255.0,,learners
ch-bfs-learners-vet-canton,CH,Switzerland,2012,UR,TOTAL,1201.0,,learners
ch-bfs-learners-vet-canton,CH,Switzerland,2013,UR,TOTAL,1183.0,,learners
ch-bfs-learners-vet-canton,CH,Switzerland,2014,UR,TOTAL,1165.0,,learners
ch-bfs-learners-vet-canton,CH,Switzerland,2015,UR,TOTAL,1149.0,,learners
ch-bfs-learners-vet-canton,CH,Switzerland,2016,UR,TOTAL,1138.0,,learners
ch-bfs-learners-vet-canton,CH,Switzerland,2017,UR,TOTAL,1135.0,,learners
ch-bfs-learners-vet-canton,CH,Switzerland,2018,UR,TOTAL,1137.0,,learners
ch-bfs-learners-vet-canton,CH,Switzerland,2019,UR,TOTAL,1122.0,,learners
ch-bfs-learners-vet-canton,CH,Switzerland,2020,UR,TOTAL,1103.0,,learners
ch-bfs-learners-vet-canton,CH,Switzerland,2021,UR,TOTAL,1111.0,,learners
ch-bfs-learners-vet-canton,CH,Switzerland,2022,UR,TOTAL,1059.0,,learners
ch-bfs-learners-vet-canton,CH,Switzerland,2023,UR,TOTAL,1031.0,,learners
ch-bfs-learners-vet-canton,CH,Switzerland,2024,UR,TOTAL,1027.0,,learners
ch-bfs-learners-vet-canton,CH,Switzerland,2025,UR,TOTAL,1050.0,,learners
ch-bfs-learners-vet-canton,CH,Switzerland,2005,UR,UNK,1082.0,,learners
ch-bfs-learners-vet-canton,CH,Switzerland,2006,UR,UNK,1195.0,,learners
ch-bfs-learners-vet-canton,CH,Switzerland,2007,UR,UNK,0.0,,learners
ch-bfs-learners-vet-canton,CH,Switzerland,2008,UR,UNK,0.0,,learners
ch-bfs-learners-vet-canton,CH,Switzerland,2009,UR,UNK,0.0,,learners
ch-bfs-learners-vet-canton,CH,Switzerland,2010,UR,UNK,0.0,,learners
ch-bfs-learners-vet-canton,CH,Switzerland,2011,UR,UNK,0.0,,learners
ch-bfs-learners-vet-canton,CH,Switzerland,2012,UR,UNK,0.0,,learners
ch-bfs-learners-vet-canton,CH,Switzerland,2013,UR,UNK,0.0,,learners
ch-bfs-learners-vet-canton,CH,Switzerland,2014,UR,UNK,0.0,,learners
ch-bfs-learners-vet-canton,CH,Switzerland,2015,UR,UNK,0.0,,learners
ch-bfs-learners-vet-canton,CH,Switzerland,2016,UR,UNK,0.0,,learners
ch-bfs-learners-vet-canton,CH,Switzerland,2017,UR,UNK,0.0,,learners
ch-bfs-learners-vet-canton,CH,Switzerland,2018,UR,UNK,0.0,,learners
ch-bfs-learners-vet-canton,CH,Switzerland,2019,UR,UNK,0.0,,learners
ch-bfs-learners-vet-canton,CH,Switzerland,2020,UR,UNK,0.0,,learners
ch-bfs-learners-vet-canton,CH,Switzerland,2021,UR,UNK,0.0,,learners
ch-bfs-learners-vet-canton,CH,Switzerland,2022,UR,UNK,0.0,,learners
ch-bfs-learners-vet-canton,CH,Switzerland,2023,UR,UNK,0.0,,learners
ch-bfs-learners-vet-canton,CH,Switzerland,2024,UR,UNK,0.0,,learners
ch-bfs-learners-vet-canton,CH,Switzerland,2025,UR,UNK,0.0,,learners
ch-bfs-learners-vet-canton,CH,Switzerland,2007,VD,DUAL,13240.0,,learners
ch-bfs-learners-vet-canton,CH,Switzerland,2008,VD,DUAL,15303.0,,learners
ch-bfs-learners-vet-canton,CH,Switzerland,2009,VD,DUAL,15262.0,,learners
ch-bfs-learners-vet-canton,CH,Switzerland,2010,VD,DUAL,15853.0,,learners
ch-bfs-learners-vet-canton,CH,Switzerland,2011,VD,DUAL,16479.0,,learners
ch-bfs-learners-vet-canton,CH,Switzerland,2012,VD,DUAL,17188.0,,learners
ch-bfs-learners-vet-canton,CH,Switzerland,2013,VD,DUAL,14960.0,,learners
ch-bfs-learners-vet-canton,CH,Switzerland,2014,VD,DUAL,15013.0,,learners
ch-bfs-learners-vet-canton,CH,Switzerland,2015,VD,DUAL,14806.0,,learners
ch-bfs-learners-vet-canton,CH,Switzerland,2016,VD,DUAL,14575.0,,learners
ch-bfs-learners-vet-canton,CH,Switzerland,2017,VD,DUAL,14389.0,,learners
ch-bfs-learners-vet-canton,CH,Switzerland,2018,VD,DUAL,14395.0,,learners
ch-bfs-learners-vet-canton,CH,Switzerland,2019,VD,DUAL,14422.0,,learners
ch-bfs-learners-vet-canton,CH,Switzerland,2020,VD,DUAL,14184.0,,learners
ch-bfs-learners-vet-canton,CH,Switzerland,2021,VD,DUAL,14257.0,,learners
ch-bfs-learners-vet-canton,CH,Switzerland,2022,VD,DUAL,13985.0,,learners
ch-bfs-learners-vet-canton,CH,Switzerland,2023,VD,DUAL,14059.0,,learners
ch-bfs-learners-vet-canton,CH,Switzerland,2024,VD,DUAL,14063.0,,learners
ch-bfs-learners-vet-canton,CH,Switzerland,2025,VD,DUAL,14081.0,,learners
ch-bfs-learners-vet-canton,CH,Switzerland,2007,VD,SCHOOL,1796.0,,learners
ch-bfs-learners-vet-canton,CH,Switzerland,2008,VD,SCHOOL,1932.0,,learners
ch-bfs-learners-vet-canton,CH,Switzerland,2009,VD,SCHOOL,2242.0,,learners
ch-bfs-learners-vet-canton,CH,Switzerland,2010,VD,SCHOOL,2320.0,,learners
ch-bfs-learners-vet-canton,CH,Switzerland,2011,VD,SCHOOL,2410.0,,learners
ch-bfs-learners-vet-canton,CH,Switzerland,2012,VD,SCHOOL,2455.0,,learners
ch-bfs-learners-vet-canton,CH,Switzerland,2013,VD,SCHOOL,3328.0,,learners
ch-bfs-learners-vet-canton,CH,Switzerland,2014,VD,SCHOOL,3655.0,,learners
ch-bfs-learners-vet-canton,CH,Switzerland,2015,VD,SCHOOL,3701.0,,learners
ch-bfs-learners-vet-canton,CH,Switzerland,2016,VD,SCHOOL,3790.0,,learners
ch-bfs-learners-vet-canton,CH,Switzerland,2017,VD,SCHOOL,3747.0,,learners
ch-bfs-learners-vet-canton,CH,Switzerland,2018,VD,SCHOOL,3654.0,,learners
ch-bfs-learners-vet-canton,CH,Switzerland,2019,VD,SCHOOL,3593.0,,learners
ch-bfs-learners-vet-canton,CH,Switzerland,2020,VD,SCHOOL,3578.0,,learners
ch-bfs-learners-vet-canton,CH,Switzerland,2021,VD,SCHOOL,3443.0,,learners
ch-bfs-learners-vet-canton,CH,Switzerland,2022,VD,SCHOOL,3282.0,,learners
ch-bfs-learners-vet-canton,CH,Switzerland,2023,VD,SCHOOL,3296.0,,learners
ch-bfs-learners-vet-canton,CH,Switzerland,2024,VD,SCHOOL,3182.0,,learners
ch-bfs-learners-vet-canton,CH,Switzerland,2025,VD,SCHOOL,3180.0,,learners
ch-bfs-learners-vet-canton,CH,Switzerland,2005,VD,TOTAL,13671.0,,learners
ch-bfs-learners-vet-canton,CH,Switzerland,2006,VD,TOTAL,14239.0,,learners
ch-bfs-learners-vet-canton,CH,Switzerland,2007,VD,TOTAL,15036.0,,learners
ch-bfs-learners-vet-canton,CH,Switzerland,2008,VD,TOTAL,17235.0,,learners
ch-bfs-learners-vet-canton,CH,Switzerland,2009,VD,TOTAL,17504.0,,learners
ch-bfs-learners-vet-canton,CH,Switzerland,2010,VD,TOTAL,18173.0,,learners
ch-bfs-learners-vet-canton,CH,Switzerland,2011,VD,TOTAL,18889.0,,learners
ch-bfs-learners-vet-canton,CH,Switzerland,2012,VD,TOTAL,19643.0,,learners
ch-bfs-learners-vet-canton,CH,Switzerland,2013,VD,TOTAL,18288.0,,learners
ch-bfs-learners-vet-canton,CH,Switzerland,2014,VD,TOTAL,18668.0,,learners
ch-bfs-learners-vet-canton,CH,Switzerland,2015,VD,TOTAL,18507.0,,learners
ch-bfs-learners-vet-canton,CH,Switzerland,2016,VD,TOTAL,18365.0,,learners
ch-bfs-learners-vet-canton,CH,Switzerland,2017,VD,TOTAL,18136.0,,learners
ch-bfs-learners-vet-canton,CH,Switzerland,2018,VD,TOTAL,18049.0,,learners
ch-bfs-learners-vet-canton,CH,Switzerland,2019,VD,TOTAL,18015.0,,learners
ch-bfs-learners-vet-canton,CH,Switzerland,2020,VD,TOTAL,17762.0,,learners
ch-bfs-learners-vet-canton,CH,Switzerland,2021,VD,TOTAL,17700.0,,learners
ch-bfs-learners-vet-canton,CH,Switzerland,2022,VD,TOTAL,17267.0,,learners
ch-bfs-learners-vet-canton,CH,Switzerland,2023,VD,TOTAL,17355.0,,learners
ch-bfs-learners-vet-canton,CH,Switzerland,2024,VD,TOTAL,17245.0,,learners
ch-bfs-learners-vet-canton,CH,Switzerland,2025,VD,TOTAL,17261.0,,learners
ch-bfs-learners-vet-canton,CH,Switzerland,2005,VD,UNK,13671.0,,learners
ch-bfs-learners-vet-canton,CH,Switzerland,2006,VD,UNK,14239.0,,learners
ch-bfs-learners-vet-canton,CH,Switzerland,2007,VD,UNK,0.0,,learners
ch-bfs-learners-vet-canton,CH,Switzerland,2008,VD,UNK,0.0,,learners
ch-bfs-learners-vet-canton,CH,Switzerland,2009,VD,UNK,0.0,,learners
ch-bfs-learners-vet-canton,CH,Switzerland,2010,VD,UNK,0.0,,learners
ch-bfs-learners-vet-canton,CH,Switzerland,2011,VD,UNK,0.0,,learners
ch-bfs-learners-vet-canton,CH,Switzerland,2012,VD,UNK,0.0,,learners
ch-bfs-learners-vet-canton,CH,Switzerland,2013,VD,UNK,0.0,,learners
ch-bfs-learners-vet-canton,CH,Switzerland,2014,VD,UNK,0.0,,learners
ch-bfs-learners-vet-canton,CH,Switzerland,2015,VD,UNK,0.0,,learners
ch-bfs-learners-vet-canton,CH,Switzerland,2016,VD,UNK,0.0,,learners
ch-bfs-learners-vet-canton,CH,Switzerland,2017,VD,UNK,0.0,,learners
ch-bfs-learners-vet-canton,CH,Switzerland,2018,VD,UNK,0.0,,learners
ch-bfs-learners-vet-canton,CH,Switzerland,2019,VD,UNK,0.0,,learners
ch-bfs-learners-vet-canton,CH,Switzerland,2020,VD,UNK,0.0,,learners
ch-bfs-learners-vet-canton,CH,Switzerland,2021,VD,UNK,0.0,,learners
ch-bfs-learners-vet-canton,CH,Switzerland,2022,VD,UNK,0.0,,learners
ch-bfs-learners-vet-canton,CH,Switzerland,2023,VD,UNK,0.0,,learners
ch-bfs-learners-vet-canton,CH,Switzerland,2024,VD,UNK,0.0,,learners
ch-bfs-learners-vet-canton,CH,Switzerland,2025,VD,UNK,0.0,,learners
ch-bfs-learners-vet-canton,CH,Switzerland,2007,VS,DUAL,7425.0,,learners
ch-bfs-learners-vet-canton,CH,Switzerland,2008,VS,DUAL,7568.0,,learners
ch-bfs-learners-vet-canton,CH,Switzerland,2009,VS,DUAL,7722.0,,learners
ch-bfs-learners-vet-canton,CH,Switzerland,2010,VS,DUAL,7743.0,,learners
ch-bfs-learners-vet-canton,CH,Switzerland,2011,VS,DUAL,7714.0,,learners
ch-bfs-learners-vet-canton,CH,Switzerland,2012,VS,DUAL,7747.0,,learners
ch-bfs-learners-vet-canton,CH,Switzerland,2013,VS,DUAL,7619.0,,learners
ch-bfs-learners-vet-canton,CH,Switzerland,2014,VS,DUAL,7534.0,,learners
ch-bfs-learners-vet-canton,CH,Switzerland,2015,VS,DUAL,7449.0,,learners
ch-bfs-learners-vet-canton,CH,Switzerland,2016,VS,DUAL,7472.0,,learners
ch-bfs-learners-vet-canton,CH,Switzerland,2017,VS,DUAL,7417.0,,learners
ch-bfs-learners-vet-canton,CH,Switzerland,2018,VS,DUAL,7131.0,,learners
ch-bfs-learners-vet-canton,CH,Switzerland,2019,VS,DUAL,7026.0,,learners
ch-bfs-learners-vet-canton,CH,Switzerland,2020,VS,DUAL,7015.0,,learners
ch-bfs-learners-vet-canton,CH,Switzerland,2021,VS,DUAL,6969.0,,learners
ch-bfs-learners-vet-canton,CH,Switzerland,2022,VS,DUAL,6866.0,,learners
ch-bfs-learners-vet-canton,CH,Switzerland,2023,VS,DUAL,6944.0,,learners
ch-bfs-learners-vet-canton,CH,Switzerland,2024,VS,DUAL,6881.0,,learners
ch-bfs-learners-vet-canton,CH,Switzerland,2025,VS,DUAL,6887.0,,learners
ch-bfs-learners-vet-canton,CH,Switzerland,2007,VS,SCHOOL,842.0,,learners
ch-bfs-learners-vet-canton,CH,Switzerland,2008,VS,SCHOOL,810.0,,learners
ch-bfs-learners-vet-canton,CH,Switzerland,2009,VS,SCHOOL,799.0,,learners
ch-bfs-learners-vet-canton,CH,Switzerland,2010,VS,SCHOOL,838.0,,learners
ch-bfs-learners-vet-canton,CH,Switzerland,2011,VS,SCHOOL,827.0,,learners
ch-bfs-learners-vet-canton,CH,Switzerland,2012,VS,SCHOOL,831.0,,learners
ch-bfs-learners-vet-canton,CH,Switzerland,2013,VS,SCHOOL,848.0,,learners
ch-bfs-learners-vet-canton,CH,Switzerland,2014,VS,SCHOOL,1921.0,,learners
ch-bfs-learners-vet-canton,CH,Switzerland,2015,VS,SCHOOL,1855.0,,learners
ch-bfs-learners-vet-canton,CH,Switzerland,2016,VS,SCHOOL,1846.0,,learners
ch-bfs-learners-vet-canton,CH,Switzerland,2017,VS,SCHOOL,1842.0,,learners
ch-bfs-learners-vet-canton,CH,Switzerland,2018,VS,SCHOOL,1814.0,,learners
ch-bfs-learners-vet-canton,CH,Switzerland,2019,VS,SCHOOL,1697.0,,learners
ch-bfs-learners-vet-canton,CH,Switzerland,2020,VS,SCHOOL,1678.0,,learners
ch-bfs-learners-vet-canton,CH,Switzerland,2021,VS,SCHOOL,1646.0,,learners
ch-bfs-learners-vet-canton,CH,Switzerland,2022,VS,SCHOOL,1638.0,,learners
ch-bfs-learners-vet-canton,CH,Switzerland,2023,VS,SCHOOL,1717.0,,learners
ch-bfs-learners-vet-canton,CH,Switzerland,2024,VS,SCHOOL,1706.0,,learners
ch-bfs-learners-vet-canton,CH,Switzerland,2025,VS,SCHOOL,1793.0,,learners
ch-bfs-learners-vet-canton,CH,Switzerland,2005,VS,TOTAL,7519.0,,learners
ch-bfs-learners-vet-canton,CH,Switzerland,2006,VS,TOTAL,7788.0,,learners
ch-bfs-learners-vet-canton,CH,Switzerland,2007,VS,TOTAL,8267.0,,learners
ch-bfs-learners-vet-canton,CH,Switzerland,2008,VS,TOTAL,8378.0,,learners
ch-bfs-learners-vet-canton,CH,Switzerland,2009,VS,TOTAL,8521.0,,learners
ch-bfs-learners-vet-canton,CH,Switzerland,2010,VS,TOTAL,8581.0,,learners
ch-bfs-learners-vet-canton,CH,Switzerland,2011,VS,TOTAL,8541.0,,learners
ch-bfs-learners-vet-canton,CH,Switzerland,2012,VS,TOTAL,8578.0,,learners
ch-bfs-learners-vet-canton,CH,Switzerland,2013,VS,TOTAL,8467.0,,learners
ch-bfs-learners-vet-canton,CH,Switzerland,2014,VS,TOTAL,9455.0,,learners
ch-bfs-learners-vet-canton,CH,Switzerland,2015,VS,TOTAL,9304.0,,learners
ch-bfs-learners-vet-canton,CH,Switzerland,2016,VS,TOTAL,9318.0,,learners
ch-bfs-learners-vet-canton,CH,Switzerland,2017,VS,TOTAL,9259.0,,learners
ch-bfs-learners-vet-canton,CH,Switzerland,2018,VS,TOTAL,8945.0,,learners
ch-bfs-learners-vet-canton,CH,Switzerland,2019,VS,TOTAL,8723.0,,learners
ch-bfs-learners-vet-canton,CH,Switzerland,2020,VS,TOTAL,8693.0,,learners
ch-bfs-learners-vet-canton,CH,Switzerland,2021,VS,TOTAL,8615.0,,learners
ch-bfs-learners-vet-canton,CH,Switzerland,2022,VS,TOTAL,8504.0,,learners
ch-bfs-learners-vet-canton,CH,Switzerland,2023,VS,TOTAL,8661.0,,learners
ch-bfs-learners-vet-canton,CH,Switzerland,2024,VS,TOTAL,8587.0,,learners
ch-bfs-learners-vet-canton,CH,Switzerland,2025,VS,TOTAL,8680.0,,learners
ch-bfs-learners-vet-canton,CH,Switzerland,2005,VS,UNK,7519.0,,learners
ch-bfs-learners-vet-canton,CH,Switzerland,2006,VS,UNK,7788.0,,learners
ch-bfs-learners-vet-canton,CH,Switzerland,2007,VS,UNK,0.0,,learners
ch-bfs-learners-vet-canton,CH,Switzerland,2008,VS,UNK,0.0,,learners
ch-bfs-learners-vet-canton,CH,Switzerland,2009,VS,UNK,0.0,,learners
ch-bfs-learners-vet-canton,CH,Switzerland,2010,VS,UNK,0.0,,learners
ch-bfs-learners-vet-canton,CH,Switzerland,2011,VS,UNK,0.0,,learners
ch-bfs-learners-vet-canton,CH,Switzerland,2012,VS,UNK,0.0,,learners
ch-bfs-learners-vet-canton,CH,Switzerland,2013,VS,UNK,0.0,,learners
ch-bfs-learners-vet-canton,CH,Switzerland,2014,VS,UNK,0.0,,learners
ch-bfs-learners-vet-canton,CH,Switzerland,2015,VS,UNK,0.0,,learners
ch-bfs-learners-vet-canton,CH,Switzerland,2016,VS,UNK,0.0,,learners
ch-bfs-learners-vet-canton,CH,Switzerland,2017,VS,UNK,0.0,,learners
ch-bfs-learners-vet-canton,CH,Switzerland,2018,VS,UNK,0.0,,learners
ch-bfs-learners-vet-canton,CH,Switzerland,2019,VS,UNK,0.0,,learners
ch-bfs-learners-vet-canton,CH,Switzerland,2020,VS,UNK,0.0,,learners
ch-bfs-learners-vet-canton,CH,Switzerland,2021,VS,UNK,0.0,,learners
ch-bfs-learners-vet-canton,CH,Switzerland,2022,VS,UNK,0.0,,learners
ch-bfs-learners-vet-canton,CH,Switzerland,2023,VS,UNK,0.0,,learners
ch-bfs-learners-vet-canton,CH,Switzerland,2024,VS,UNK,0.0,,learners
ch-bfs-learners-vet-canton,CH,Switzerland,2025,VS,UNK,0.0,,learners
ch-bfs-learners-vet-canton,CH,Switzerland,2007,ZG,DUAL,3349.0,,learners
ch-bfs-learners-vet-canton,CH,Switzerland,2008,ZG,DUAL,3451.0,,learners
ch-bfs-learners-vet-canton,CH,Switzerland,2009,ZG,DUAL,3502.0,,learners
ch-bfs-learners-vet-canton,CH,Switzerland,2010,ZG,DUAL,3521.0,,learners
ch-bfs-learners-vet-canton,CH,Switzerland,2011,ZG,DUAL,3581.0,,learners
ch-bfs-learners-vet-canton,CH,Switzerland,2012,ZG,DUAL,3550.0,,learners
ch-bfs-learners-vet-canton,CH,Switzerland,2013,ZG,DUAL,3504.0,,learners
ch-bfs-learners-vet-canton,CH,Switzerland,2014,ZG,DUAL,3499.0,,learners
ch-bfs-learners-vet-canton,CH,Switzerland,2015,ZG,DUAL,3473.0,,learners
ch-bfs-learners-vet-canton,CH,Switzerland,2016,ZG,DUAL,3484.0,,learners
ch-bfs-learners-vet-canton,CH,Switzerland,2017,ZG,DUAL,3414.0,,learners
ch-bfs-learners-vet-canton,CH,Switzerland,2018,ZG,DUAL,3325.0,,learners
ch-bfs-learners-vet-canton,CH,Switzerland,2019,ZG,DUAL,3247.0,,learners
ch-bfs-learners-vet-canton,CH,Switzerland,2020,ZG,DUAL,3266.0,,learners
ch-bfs-learners-vet-canton,CH,Switzerland,2021,ZG,DUAL,3289.0,,learners
ch-bfs-learners-vet-canton,CH,Switzerland,2022,ZG,DUAL,3277.0,,learners
ch-bfs-learners-vet-canton,CH,Switzerland,2023,ZG,DUAL,3274.0,,learners
ch-bfs-learners-vet-canton,CH,Switzerland,2024,ZG,DUAL,3404.0,,learners
ch-bfs-learners-vet-canton,CH,Switzerland,2025,ZG,DUAL,3500.0,,learners
ch-bfs-learners-vet-canton,CH,Switzerland,2007,ZG,SCHOOL,0.0,,learners
ch-bfs-learners-vet-canton,CH,Switzerland,2008,ZG,SCHOOL,0.0,,learners
ch-bfs-learners-vet-canton,CH,Switzerland,2009,ZG,SCHOOL,0.0,,learners
ch-bfs-learners-vet-canton,CH,Switzerland,2010,ZG,SCHOOL,0.0,,learners
ch-bfs-learners-vet-canton,CH,Switzerland,2011,ZG,SCHOOL,0.0,,learners
ch-bfs-learners-vet-canton,CH,Switzerland,2012,ZG,SCHOOL,0.0,,learners
ch-bfs-learners-vet-canton,CH,Switzerland,2013,ZG,SCHOOL,97.0,,learners
ch-bfs-learners-vet-canton,CH,Switzerland,2014,ZG,SCHOOL,144.0,,learners
ch-bfs-learners-vet-canton,CH,Switzerland,2015,ZG,SCHOOL,161.0,,learners
ch-bfs-learners-vet-canton,CH,Switzerland,2016,ZG,SCHOOL,146.0,,learners
ch-bfs-learners-vet-canton,CH,Switzerland,2017,ZG,SCHOOL,129.0,,learners
ch-bfs-learners-vet-canton,CH,Switzerland,2018,ZG,SCHOOL,129.0,,learners
ch-bfs-learners-vet-canton,CH,Switzerland,2019,ZG,SCHOOL,128.0,,learners
ch-bfs-learners-vet-canton,CH,Switzerland,2020,ZG,SCHOOL,145.0,,learners
ch-bfs-learners-vet-canton,CH,Switzerland,2021,ZG,SCHOOL,173.0,,learners
ch-bfs-learners-vet-canton,CH,Switzerland,2022,ZG,SCHOOL,198.0,,learners
ch-bfs-learners-vet-canton,CH,Switzerland,2023,ZG,SCHOOL,202.0,,learners
ch-bfs-learners-vet-canton,CH,Switzerland,2024,ZG,SCHOOL,201.0,,learners
ch-bfs-learners-vet-canton,CH,Switzerland,2025,ZG,SCHOOL,212.0,,learners
ch-bfs-learners-vet-canton,CH,Switzerland,2005,ZG,TOTAL,3097.0,,learners
ch-bfs-learners-vet-canton,CH,Switzerland,2006,ZG,TOTAL,3233.0,,learners
ch-bfs-learners-vet-canton,CH,Switzerland,2007,ZG,TOTAL,3349.0,,learners
ch-bfs-learners-vet-canton,CH,Switzerland,2008,ZG,TOTAL,3451.0,,learners
ch-bfs-learners-vet-canton,CH,Switzerland,2009,ZG,TOTAL,3502.0,,learners
ch-bfs-learners-vet-canton,CH,Switzerland,2010,ZG,TOTAL,3521.0,,learners
ch-bfs-learners-vet-canton,CH,Switzerland,2011,ZG,TOTAL,3581.0,,learners
ch-bfs-learners-vet-canton,CH,Switzerland,2012,ZG,TOTAL,3550.0,,learners
ch-bfs-learners-vet-canton,CH,Switzerland,2013,ZG,TOTAL,3601.0,,learners
ch-bfs-learners-vet-canton,CH,Switzerland,2014,ZG,TOTAL,3643.0,,learners
ch-bfs-learners-vet-canton,CH,Switzerland,2015,ZG,TOTAL,3634.0,,learners
ch-bfs-learners-vet-canton,CH,Switzerland,2016,ZG,TOTAL,3630.0,,learners
ch-bfs-learners-vet-canton,CH,Switzerland,2017,ZG,TOTAL,3543.0,,learners
ch-bfs-learners-vet-canton,CH,Switzerland,2018,ZG,TOTAL,3454.0,,learners
ch-bfs-learners-vet-canton,CH,Switzerland,2019,ZG,TOTAL,3375.0,,learners
ch-bfs-learners-vet-canton,CH,Switzerland,2020,ZG,TOTAL,3411.0,,learners
ch-bfs-learners-vet-canton,CH,Switzerland,2021,ZG,TOTAL,3462.0,,learners
ch-bfs-learners-vet-canton,CH,Switzerland,2022,ZG,TOTAL,3475.0,,learners
ch-bfs-learners-vet-canton,CH,Switzerland,2023,ZG,TOTAL,3476.0,,learners
ch-bfs-learners-vet-canton,CH,Switzerland,2024,ZG,TOTAL,3605.0,,learners
ch-bfs-learners-vet-canton,CH,Switzerland,2025,ZG,TOTAL,3712.0,,learners
ch-bfs-learners-vet-canton,CH,Switzerland,2005,ZG,UNK,3097.0,,learners
ch-bfs-learners-vet-canton,CH,Switzerland,2006,ZG,UNK,3233.0,,learners
ch-bfs-learners-vet-canton,CH,Switzerland,2007,ZG,UNK,0.0,,learners
ch-bfs-learners-vet-canton,CH,Switzerland,2008,ZG,UNK,0.0,,learners
ch-bfs-learners-vet-canton,CH,Switzerland,2009,ZG,UNK,0.0,,learners
ch-bfs-learners-vet-canton,CH,Switzerland,2010,ZG,UNK,0.0,,learners
ch-bfs-learners-vet-canton,CH,Switzerland,2011,ZG,UNK,0.0,,learners
ch-bfs-learners-vet-canton,CH,Switzerland,2012,ZG,UNK,0.0,,learners
ch-bfs-learners-vet-canton,CH,Switzerland,2013,ZG,UNK,0.0,,learners
ch-bfs-learners-vet-canton,CH,Switzerland,2014,ZG,UNK,0.0,,learners
ch-bfs-learners-vet-canton,CH,Switzerland,2015,ZG,UNK,0.0,,learners
ch-bfs-learners-vet-canton,CH,Switzerland,2016,ZG,UNK,0.0,,learners
ch-bfs-learners-vet-canton,CH,Switzerland,2017,ZG,UNK,0.0,,learners
ch-bfs-learners-vet-canton,CH,Switzerland,2018,ZG,UNK,0.0,,learners
ch-bfs-learners-vet-canton,CH,Switzerland,2019,ZG,UNK,0.0,,learners
ch-bfs-learners-vet-canton,CH,Switzerland,2020,ZG,UNK,0.0,,learners
ch-bfs-learners-vet-canton,CH,Switzerland,2021,ZG,UNK,0.0,,learners
ch-bfs-learners-vet-canton,CH,Switzerland,2022,ZG,UNK,0.0,,learners
ch-bfs-learners-vet-canton,CH,Switzerland,2023,ZG,UNK,0.0,,learners
ch-bfs-learners-vet-canton,CH,Switzerland,2024,ZG,UNK,0.0,,learners
ch-bfs-learners-vet-canton,CH,Switzerland,2025,ZG,UNK,0.0,,learners
ch-bfs-learners-vet-canton,CH,Switzerland,2007,ZH,DUAL,31565.0,,learners
ch-bfs-learners-vet-canton,CH,Switzerland,2008,ZH,DUAL,33166.0,,learners
ch-bfs-learners-vet-canton,CH,Switzerland,2009,ZH,DUAL,33481.0,,learners
ch-bfs-learners-vet-canton,CH,Switzerland,2010,ZH,DUAL,33864.0,,learners
ch-bfs-learners-vet-canton,CH,Switzerland,2011,ZH,DUAL,33961.0,,learners
ch-bfs-learners-vet-canton,CH,Switzerland,2012,ZH,DUAL,34371.0,,learners
ch-bfs-learners-vet-canton,CH,Switzerland,2013,ZH,DUAL,34638.0,,learners
ch-bfs-learners-vet-canton,CH,Switzerland,2014,ZH,DUAL,34545.0,,learners
ch-bfs-learners-vet-canton,CH,Switzerland,2015,ZH,DUAL,34567.0,,learners
ch-bfs-learners-vet-canton,CH,Switzerland,2016,ZH,DUAL,34651.0,,learners
ch-bfs-learners-vet-canton,CH,Switzerland,2017,ZH,DUAL,34684.0,,learners
ch-bfs-learners-vet-canton,CH,Switzerland,2018,ZH,DUAL,34560.0,,learners
ch-bfs-learners-vet-canton,CH,Switzerland,2019,ZH,DUAL,34473.0,,learners
ch-bfs-learners-vet-canton,CH,Switzerland,2020,ZH,DUAL,34634.0,,learners
ch-bfs-learners-vet-canton,CH,Switzerland,2021,ZH,DUAL,34620.0,,learners
ch-bfs-learners-vet-canton,CH,Switzerland,2022,ZH,DUAL,34527.0,,learners
ch-bfs-learners-vet-canton,CH,Switzerland,2023,ZH,DUAL,34908.0,,learners
ch-bfs-learners-vet-canton,CH,Switzerland,2024,ZH,DUAL,35458.0,,learners
ch-bfs-learners-vet-canton,CH,Switzerland,2025,ZH,DUAL,35945.0,,learners
ch-bfs-learners-vet-canton,CH,Switzerland,2007,ZH,SCHOOL,743.0,,learners
ch-bfs-learners-vet-canton,CH,Switzerland,2008,ZH,SCHOOL,746.0,,learners
ch-bfs-learners-vet-canton,CH,Switzerland,2009,ZH,SCHOOL,509.0,,learners
ch-bfs-learners-vet-canton,CH,Switzerland,2010,ZH,SCHOOL,681.0,,learners
ch-bfs-learners-vet-canton,CH,Switzerland,2011,ZH,SCHOOL,414.0,,learners
ch-bfs-learners-vet-canton,CH,Switzerland,2012,ZH,SCHOOL,415.0,,learners
ch-bfs-learners-vet-canton,CH,Switzerland,2013,ZH,SCHOOL,1143.0,,learners
ch-bfs-learners-vet-canton,CH,Switzerland,2014,ZH,SCHOOL,1142.0,,learners
ch-bfs-learners-vet-canton,CH,Switzerland,2015,ZH,SCHOOL,1375.0,,learners
ch-bfs-learners-vet-canton,CH,Switzerland,2016,ZH,SCHOOL,1394.0,,learners
ch-bfs-learners-vet-canton,CH,Switzerland,2017,ZH,SCHOOL,1400.0,,learners
ch-bfs-learners-vet-canton,CH,Switzerland,2018,ZH,SCHOOL,1373.0,,learners
ch-bfs-learners-vet-canton,CH,Switzerland,2019,ZH,SCHOOL,1417.0,,learners
ch-bfs-learners-vet-canton,CH,Switzerland,2020,ZH,SCHOOL,1472.0,,learners
ch-bfs-learners-vet-canton,CH,Switzerland,2021,ZH,SCHOOL,1449.0,,learners
ch-bfs-learners-vet-canton,CH,Switzerland,2022,ZH,SCHOOL,1475.0,,learners
ch-bfs-learners-vet-canton,CH,Switzerland,2023,ZH,SCHOOL,1562.0,,learners
ch-bfs-learners-vet-canton,CH,Switzerland,2024,ZH,SCHOOL,1676.0,,learners
ch-bfs-learners-vet-canton,CH,Switzerland,2025,ZH,SCHOOL,1823.0,,learners
ch-bfs-learners-vet-canton,CH,Switzerland,2005,ZH,TOTAL,31569.0,,learners
ch-bfs-learners-vet-canton,CH,Switzerland,2006,ZH,TOTAL,32791.0,,learners
ch-bfs-learners-vet-canton,CH,Switzerland,2007,ZH,TOTAL,32308.0,,learners
ch-bfs-learners-vet-canton,CH,Switzerland,2008,ZH,TOTAL,33912.0,,learners
ch-bfs-learners-vet-canton,CH,Switzerland,2009,ZH,TOTAL,33990.0,,learners
ch-bfs-learners-vet-canton,CH,Switzerland,2010,ZH,TOTAL,34545.0,,learners
ch-bfs-learners-vet-canton,CH,Switzerland,2011,ZH,TOTAL,34375.0,,learners
ch-bfs-learners-vet-canton,CH,Switzerland,2012,ZH,TOTAL,34786.0,,learners
ch-bfs-learners-vet-canton,CH,Switzerland,2013,ZH,TOTAL,35781.0,,learners
ch-bfs-learners-vet-canton,CH,Switzerland,2014,ZH,TOTAL,35687.0,,learners
ch-bfs-learners-vet-canton,CH,Switzerland,2015,ZH,TOTAL,35942.0,,learners
ch-bfs-learners-vet-canton,CH,Switzerland,2016,ZH,TOTAL,36045.0,,learners
ch-bfs-learners-vet-canton,CH,Switzerland,2017,ZH,TOTAL,36084.0,,learners
ch-bfs-learners-vet-canton,CH,Switzerland,2018,ZH,TOTAL,35933.0,,learners
ch-bfs-learners-vet-canton,CH,Switzerland,2019,ZH,TOTAL,35890.0,,learners
ch-bfs-learners-vet-canton,CH,Switzerland,2020,ZH,TOTAL,36106.0,,learners
ch-bfs-learners-vet-canton,CH,Switzerland,2021,ZH,TOTAL,36069.0,,learners
ch-bfs-learners-vet-canton,CH,Switzerland,2022,ZH,TOTAL,36002.0,,learners
ch-bfs-learners-vet-canton,CH,Switzerland,2023,ZH,TOTAL,36470.0,,learners
ch-bfs-learners-vet-canton,CH,Switzerland,2024,ZH,TOTAL,37134.0,,learners
ch-bfs-learners-vet-canton,CH,Switzerland,2025,ZH,TOTAL,37768.0,,learners
ch-bfs-learners-vet-canton,CH,Switzerland,2005,ZH,UNK,31569.0,,learners
ch-bfs-learners-vet-canton,CH,Switzerland,2006,ZH,UNK,32791.0,,learners
ch-bfs-learners-vet-canton,CH,Switzerland,2007,ZH,UNK,0.0,,learners
ch-bfs-learners-vet-canton,CH,Switzerland,2008,ZH,UNK,0.0,,learners
ch-bfs-learners-vet-canton,CH,Switzerland,2009,ZH,UNK,0.0,,learners
ch-bfs-learners-vet-canton,CH,Switzerland,2010,ZH,UNK,0.0,,learners
ch-bfs-learners-vet-canton,CH,Switzerland,2011,ZH,UNK,0.0,,learners
ch-bfs-learners-vet-canton,CH,Switzerland,2012,ZH,UNK,0.0,,learners
ch-bfs-learners-vet-canton,CH,Switzerland,2013,ZH,UNK,0.0,,learners
ch-bfs-learners-vet-canton,CH,Switzerland,2014,ZH,UNK,0.0,,learners
ch-bfs-learners-vet-canton,CH,Switzerland,2015,ZH,UNK,0.0,,learners
ch-bfs-learners-vet-canton,CH,Switzerland,2016,ZH,UNK,0.0,,learners
ch-bfs-learners-vet-canton,CH,Switzerland,2017,ZH,UNK,0.0,,learners
ch-bfs-learners-vet-canton,CH,Switzerland,2018,ZH,UNK,0.0,,learners
ch-bfs-learners-vet-canton,CH,Switzerland,2019,ZH,UNK,0.0,,learners
ch-bfs-learners-vet-canton,CH,Switzerland,2020,ZH,UNK,0.0,,learners
ch-bfs-learners-vet-canton,CH,Switzerland,2021,ZH,UNK,0.0,,learners
ch-bfs-learners-vet-canton,CH,Switzerland,2022,ZH,UNK,0.0,,learners
ch-bfs-learners-vet-canton,CH,Switzerland,2023,ZH,UNK,0.0,,learners
ch-bfs-learners-vet-canton,CH,Switzerland,2024,ZH,UNK,0.0,,learners
ch-bfs-learners-vet-canton,CH,Switzerland,2025,ZH,UNK,0.0,,learners
