indicator,geo,geo_name,time,age,attainment,sex,value,flag,unit
oecd-emp-rate-upper-secondary,AT,Austria,2014,Y25T34,ISCED11A_34_44,F,70.6665,,%
oecd-emp-rate-upper-secondary,AT,Austria,2015,Y25T34,ISCED11A_34_44,F,68.6337,,%
oecd-emp-rate-upper-secondary,AT,Austria,2016,Y25T34,ISCED11A_34_44,F,69.6379,,%
oecd-emp-rate-upper-secondary,AT,Austria,2017,Y25T34,ISCED11A_34_44,F,74.667,,%
oecd-emp-rate-upper-secondary,AT,Austria,2018,Y25T34,ISCED11A_34_44,F,69.9337,,%
oecd-emp-rate-upper-secondary,AT,Austria,2019,Y25T34,ISCED11A_34_44,F,65.2707,,%
oecd-emp-rate-upper-secondary,AT,Austria,2020,Y25T34,ISCED11A_34_44,F,61.5306,,%
oecd-emp-rate-upper-secondary,AT,Austria,2021,Y25T34,ISCED11A_34_44,F,68.6712,,%
oecd-emp-rate-upper-secondary,AT,Austria,2022,Y25T34,ISCED11A_34_44,F,73.0475,,%
oecd-emp-rate-upper-secondary,AT,Austria,2023,Y25T34,ISCED11A_34_44,F,72.3165,,%
oecd-emp-rate-upper-secondary,AT,Austria,2024,Y25T34,ISCED11A_34_44,F,70.4486,,%
oecd-emp-rate-upper-secondary,AT,Austria,2025,Y25T34,ISCED11A_34_44,F,72.6284,,%
oecd-emp-rate-upper-secondary,BE,Belgium,2014,Y25T34,ISCED11A_34_44,F,66.1411,,%
oecd-emp-rate-upper-secondary,BE,Belgium,2015,Y25T34,ISCED11A_34_44,F,63.6055,,%
oecd-emp-rate-upper-secondary,BE,Belgium,2016,Y25T34,ISCED11A_34_44,F,59.9424,,%
oecd-emp-rate-upper-secondary,BE,Belgium,2017,Y25T34,ISCED11A_34_44,F,61.3708,,%
oecd-emp-rate-upper-secondary,BE,Belgium,2018,Y25T34,ISCED11A_34_44,F,60.587,,%
oecd-emp-rate-upper-secondary,BE,Belgium,2019,Y25T34,ISCED11A_34_44,F,65.7319,,%
oecd-emp-rate-upper-secondary,BE,Belgium,2020,Y25T34,ISCED11A_34_44,F,58.5329,,%
oecd-emp-rate-upper-secondary,BE,Belgium,2021,Y25T34,ISCED11A_34_44,F,57.424,,%
oecd-emp-rate-upper-secondary,BE,Belgium,2022,Y25T34,ISCED11A_34_44,F,63.8011,,%
oecd-emp-rate-upper-secondary,BE,Belgium,2023,Y25T34,ISCED11A_34_44,F,61.581,,%
oecd-emp-rate-upper-secondary,BE,Belgium,2024,Y25T34,ISCED11A_34_44,F,56.4865,,%
oecd-emp-rate-upper-secondary,BE,Belgium,2025,Y25T34,ISCED11A_34_44,F,53.9349,,%
oecd-emp-rate-upper-secondary,BG,Bulgaria,2015,Y25T34,ISCED11A_34_44,F,63.204,,%
oecd-emp-rate-upper-secondary,BG,Bulgaria,2016,Y25T34,ISCED11A_34_44,F,61.5111,,%
oecd-emp-rate-upper-secondary,BG,Bulgaria,2019,Y25T34,ISCED11A_34_44,F,68.3165,,%
oecd-emp-rate-upper-secondary,BG,Bulgaria,2022,Y25T34,ISCED11A_34_44,F,67.3649,,%
oecd-emp-rate-upper-secondary,BG,Bulgaria,2023,Y25T34,ISCED11A_34_44,F,67.8936,,%
oecd-emp-rate-upper-secondary,BG,Bulgaria,2024,Y25T34,ISCED11A_34_44,F,70.1131,,%
oecd-emp-rate-upper-secondary,BG,Bulgaria,2025,Y25T34,ISCED11A_34_44,F,68.7016,,%
oecd-emp-rate-upper-secondary,CH,Switzerland,2014,Y25T34,ISCED11A_34_44,F,74.0626,,%
oecd-emp-rate-upper-secondary,CH,Switzerland,2015,Y25T34,ISCED11A_34_44,F,78.1694,,%
oecd-emp-rate-upper-secondary,CH,Switzerland,2016,Y25T34,ISCED11A_34_44,F,78.0771,,%
oecd-emp-rate-upper-secondary,CH,Switzerland,2017,Y25T34,ISCED11A_34_44,F,76.9159,,%
oecd-emp-rate-upper-secondary,CH,Switzerland,2018,Y25T34,ISCED11A_34_44,F,70.649,,%
oecd-emp-rate-upper-secondary,CH,Switzerland,2019,Y25T34,ISCED11A_34_44,F,75.8694,,%
oecd-emp-rate-upper-secondary,CH,Switzerland,2020,Y25T34,ISCED11A_34_44,F,74.553,,%
oecd-emp-rate-upper-secondary,CH,Switzerland,2021,Y25T34,ISCED11A_34_44,F,75.0036,,%
oecd-emp-rate-upper-secondary,CH,Switzerland,2022,Y25T34,ISCED11A_34_44,F,81.8325,,%
oecd-emp-rate-upper-secondary,CH,Switzerland,2023,Y25T34,ISCED11A_34_44,F,80.3155,,%
oecd-emp-rate-upper-secondary,CH,Switzerland,2024,Y25T34,ISCED11A_34_44,F,77.4066,,%
oecd-emp-rate-upper-secondary,CH,Switzerland,2025,Y25T34,ISCED11A_34_44,F,77.0337,U,%
oecd-emp-rate-upper-secondary,CZ,Czechia,2018,Y25T34,ISCED11A_34_44,F,65.445,,%
oecd-emp-rate-upper-secondary,CZ,Czechia,2019,Y25T34,ISCED11A_34_44,F,64.8242,,%
oecd-emp-rate-upper-secondary,CZ,Czechia,2020,Y25T34,ISCED11A_34_44,F,61.8192,,%
oecd-emp-rate-upper-secondary,CZ,Czechia,2021,Y25T34,ISCED11A_34_44,F,60.9956,,%
oecd-emp-rate-upper-secondary,CZ,Czechia,2022,Y25T34,ISCED11A_34_44,F,61.8553,,%
oecd-emp-rate-upper-secondary,CZ,Czechia,2024,Y25T34,ISCED11A_34_44,F,60.2224,,%
oecd-emp-rate-upper-secondary,DE,Germany,2014,Y25T34,ISCED11A_34_44,F,50.336,,%
oecd-emp-rate-upper-secondary,DE,Germany,2015,Y25T34,ISCED11A_34_44,F,50.3856,,%
oecd-emp-rate-upper-secondary,DE,Germany,2016,Y25T34,ISCED11A_34_44,F,51.2289,,%
oecd-emp-rate-upper-secondary,DE,Germany,2017,Y25T34,ISCED11A_34_44,F,54.1385,,%
oecd-emp-rate-upper-secondary,DE,Germany,2018,Y25T34,ISCED11A_34_44,F,54.0953,,%
oecd-emp-rate-upper-secondary,DE,Germany,2019,Y25T34,ISCED11A_34_44,F,55.4495,,%
oecd-emp-rate-upper-secondary,DE,Germany,2020,Y25T34,ISCED11A_34_44,F,58.0803,,%
oecd-emp-rate-upper-secondary,DE,Germany,2021,Y25T34,ISCED11A_34_44,F,59.9042,,%
oecd-emp-rate-upper-secondary,DE,Germany,2022,Y25T34,ISCED11A_34_44,F,60.2719,,%
oecd-emp-rate-upper-secondary,DE,Germany,2023,Y25T34,ISCED11A_34_44,F,62.0187,,%
oecd-emp-rate-upper-secondary,DE,Germany,2024,Y25T34,ISCED11A_34_44,F,62.7518,,%
oecd-emp-rate-upper-secondary,DE,Germany,2025,Y25T34,ISCED11A_34_44,F,60.3454,,%
oecd-emp-rate-upper-secondary,DK,Denmark,2010,Y25T34,ISCED11A_34_44,F,67.5835,,%
oecd-emp-rate-upper-secondary,DK,Denmark,2011,Y25T34,ISCED11A_34_44,F,62.6109,,%
oecd-emp-rate-upper-secondary,DK,Denmark,2012,Y25T34,ISCED11A_34_44,F,55.2846,,%
oecd-emp-rate-upper-secondary,DK,Denmark,2013,Y25T34,ISCED11A_34_44,F,59.0537,,%
oecd-emp-rate-upper-secondary,DK,Denmark,2014,Y25T34,ISCED11A_34_44,F,62.5236,,%
oecd-emp-rate-upper-secondary,DK,Denmark,2015,Y25T34,ISCED11A_34_44,F,64.1196,,%
oecd-emp-rate-upper-secondary,DK,Denmark,2016,Y25T34,ISCED11A_34_44,F,60.7443,,%
oecd-emp-rate-upper-secondary,DK,Denmark,2017,Y25T34,ISCED11A_34_44,F,58.2977,,%
oecd-emp-rate-upper-secondary,DK,Denmark,2018,Y25T34,ISCED11A_34_44,F,60.2851,,%
oecd-emp-rate-upper-secondary,DK,Denmark,2019,Y25T34,ISCED11A_34_44,F,60.2725,,%
oecd-emp-rate-upper-secondary,DK,Denmark,2020,Y25T34,ISCED11A_34_44,F,62.116,,%
oecd-emp-rate-upper-secondary,DK,Denmark,2021,Y25T34,ISCED11A_34_44,F,59.199,,%
oecd-emp-rate-upper-secondary,DK,Denmark,2022,Y25T34,ISCED11A_34_44,F,69.6574,,%
oecd-emp-rate-upper-secondary,DK,Denmark,2023,Y25T34,ISCED11A_34_44,F,58.9784,,%
oecd-emp-rate-upper-secondary,DK,Denmark,2024,Y25T34,ISCED11A_34_44,F,60.5519,,%
oecd-emp-rate-upper-secondary,DK,Denmark,2025,Y25T34,ISCED11A_34_44,F,62.6412,B,%
oecd-emp-rate-upper-secondary,EE,Estonia,2014,Y25T34,ISCED11A_34_44,F,58.8955,,%
oecd-emp-rate-upper-secondary,EE,Estonia,2015,Y25T34,ISCED11A_34_44,F,67.0135,,%
oecd-emp-rate-upper-secondary,EE,Estonia,2016,Y25T34,ISCED11A_34_44,F,65.2984,,%
oecd-emp-rate-upper-secondary,EE,Estonia,2017,Y25T34,ISCED11A_34_44,F,67.9878,,%
oecd-emp-rate-upper-secondary,EE,Estonia,2018,Y25T34,ISCED11A_34_44,F,67.7016,,%
oecd-emp-rate-upper-secondary,EE,Estonia,2019,Y25T34,ISCED11A_34_44,F,63.7611,,%
oecd-emp-rate-upper-secondary,EE,Estonia,2020,Y25T34,ISCED11A_34_44,F,63.645,,%
oecd-emp-rate-upper-secondary,EE,Estonia,2021,Y25T34,ISCED11A_34_44,F,69.9876,,%
oecd-emp-rate-upper-secondary,EE,Estonia,2022,Y25T34,ISCED11A_34_44,F,78.7476,,%
oecd-emp-rate-upper-secondary,EE,Estonia,2023,Y25T34,ISCED11A_34_44,F,78.9223,,%
oecd-emp-rate-upper-secondary,EE,Estonia,2024,Y25T34,ISCED11A_34_44,F,81.0653,,%
oecd-emp-rate-upper-secondary,EE,Estonia,2025,Y25T34,ISCED11A_34_44,F,78.4852,,%
oecd-emp-rate-upper-secondary,EL,Greece,2010,Y25T34,ISCED11A_34_44,F,55.0269,B,%
oecd-emp-rate-upper-secondary,EL,Greece,2011,Y25T34,ISCED11A_34_44,F,51.4787,B,%
oecd-emp-rate-upper-secondary,EL,Greece,2012,Y25T34,ISCED11A_34_44,F,45.6504,B,%
oecd-emp-rate-upper-secondary,EL,Greece,2013,Y25T34,ISCED11A_34_44,F,43.5155,B,%
oecd-emp-rate-upper-secondary,EL,Greece,2014,Y25T34,ISCED11A_34_44,F,41.7318,,%
oecd-emp-rate-upper-secondary,EL,Greece,2015,Y25T34,ISCED11A_34_44,F,43.5679,,%
oecd-emp-rate-upper-secondary,EL,Greece,2016,Y25T34,ISCED11A_34_44,F,43.7154,,%
oecd-emp-rate-upper-secondary,EL,Greece,2017,Y25T34,ISCED11A_34_44,F,44.208,,%
oecd-emp-rate-upper-secondary,EL,Greece,2018,Y25T34,ISCED11A_34_44,F,45.872,,%
oecd-emp-rate-upper-secondary,EL,Greece,2019,Y25T34,ISCED11A_34_44,F,49.8692,,%
oecd-emp-rate-upper-secondary,EL,Greece,2020,Y25T34,ISCED11A_34_44,F,47.2662,,%
oecd-emp-rate-upper-secondary,EL,Greece,2021,Y25T34,ISCED11A_34_44,F,46.8275,,%
oecd-emp-rate-upper-secondary,EL,Greece,2022,Y25T34,ISCED11A_34_44,F,46.4229,,%
oecd-emp-rate-upper-secondary,EL,Greece,2023,Y25T34,ISCED11A_34_44,F,45.1448,,%
oecd-emp-rate-upper-secondary,EL,Greece,2024,Y25T34,ISCED11A_34_44,F,45.8411,,%
oecd-emp-rate-upper-secondary,EL,Greece,2025,Y25T34,ISCED11A_34_44,F,53.0809,,%
oecd-emp-rate-upper-secondary,ES,Spain,2014,Y25T34,ISCED11A_34_44,F,57.1807,,%
oecd-emp-rate-upper-secondary,ES,Spain,2015,Y25T34,ISCED11A_34_44,F,59.4927,,%
oecd-emp-rate-upper-secondary,ES,Spain,2016,Y25T34,ISCED11A_34_44,F,57.9864,,%
oecd-emp-rate-upper-secondary,ES,Spain,2017,Y25T34,ISCED11A_34_44,F,61.3158,,%
oecd-emp-rate-upper-secondary,ES,Spain,2018,Y25T34,ISCED11A_34_44,F,58.5658,,%
oecd-emp-rate-upper-secondary,ES,Spain,2019,Y25T34,ISCED11A_34_44,F,62.0126,,%
oecd-emp-rate-upper-secondary,ES,Spain,2020,Y25T34,ISCED11A_34_44,F,56.7198,,%
oecd-emp-rate-upper-secondary,ES,Spain,2021,Y25T34,ISCED11A_34_44,F,61.5294,,%
oecd-emp-rate-upper-secondary,ES,Spain,2022,Y25T34,ISCED11A_34_44,F,59.8079,,%
oecd-emp-rate-upper-secondary,ES,Spain,2023,Y25T34,ISCED11A_34_44,F,61.1393,,%
oecd-emp-rate-upper-secondary,ES,Spain,2024,Y25T34,ISCED11A_34_44,F,62.9494,,%
oecd-emp-rate-upper-secondary,ES,Spain,2025,Y25T34,ISCED11A_34_44,F,66.0055,,%
oecd-emp-rate-upper-secondary,FI,Finland,2014,Y25T34,ISCED11A_34_44,F,64.3956,,%
oecd-emp-rate-upper-secondary,FI,Finland,2015,Y25T34,ISCED11A_34_44,F,54.5312,,%
oecd-emp-rate-upper-secondary,FI,Finland,2016,Y25T34,ISCED11A_34_44,F,61.5385,,%
oecd-emp-rate-upper-secondary,FI,Finland,2017,Y25T34,ISCED11A_34_44,F,66.6667,,%
oecd-emp-rate-upper-secondary,FI,Finland,2018,Y25T34,ISCED11A_34_44,F,65.2174,,%
oecd-emp-rate-upper-secondary,FI,Finland,2019,Y25T34,ISCED11A_34_44,F,62.5,,%
oecd-emp-rate-upper-secondary,FI,Finland,2020,Y25T34,ISCED11A_34_44,F,54.8387,,%
oecd-emp-rate-upper-secondary,FI,Finland,2021,Y25T34,ISCED11A_34_44,F,62.8571,,%
oecd-emp-rate-upper-secondary,FI,Finland,2022,Y25T34,ISCED11A_34_44,F,62.5,,%
oecd-emp-rate-upper-secondary,FI,Finland,2023,Y25T34,ISCED11A_34_44,F,62.7907,,%
oecd-emp-rate-upper-secondary,FI,Finland,2024,Y25T34,ISCED11A_34_44,F,57.8947,,%
oecd-emp-rate-upper-secondary,FI,Finland,2025,Y25T34,ISCED11A_34_44,F,56.0976,,%
oecd-emp-rate-upper-secondary,FR,France,2013,Y25T34,ISCED11A_34_44,F,71.9515,,%
oecd-emp-rate-upper-secondary,FR,France,2014,Y25T34,ISCED11A_34_44,F,67.751,,%
oecd-emp-rate-upper-secondary,FR,France,2015,Y25T34,ISCED11A_34_44,F,68.1008,,%
oecd-emp-rate-upper-secondary,FR,France,2016,Y25T34,ISCED11A_34_44,F,66.2992,,%
oecd-emp-rate-upper-secondary,FR,France,2017,Y25T34,ISCED11A_34_44,F,66.1506,,%
oecd-emp-rate-upper-secondary,FR,France,2018,Y25T34,ISCED11A_34_44,F,66.344,,%
oecd-emp-rate-upper-secondary,FR,France,2019,Y25T34,ISCED11A_34_44,F,68.0589,,%
oecd-emp-rate-upper-secondary,FR,France,2020,Y25T34,ISCED11A_34_44,F,65.9135,,%
oecd-emp-rate-upper-secondary,FR,France,2021,Y25T34,ISCED11A_34_44,F,67.8922,,%
oecd-emp-rate-upper-secondary,FR,France,2022,Y25T34,ISCED11A_34_44,F,71.6689,,%
oecd-emp-rate-upper-secondary,FR,France,2023,Y25T34,ISCED11A_34_44,F,70.3055,,%
oecd-emp-rate-upper-secondary,FR,France,2024,Y25T34,ISCED11A_34_44,F,67.9059,,%
oecd-emp-rate-upper-secondary,FR,France,2025,Y25T34,ISCED11A_34_44,F,62.6331,,%
oecd-emp-rate-upper-secondary,HR,Croatia,2023,Y25T34,ISCED11A_34_44,F,69.2308,U,%
oecd-emp-rate-upper-secondary,HU,Hungary,2014,Y25T34,ISCED11A_34_44,F,64.0666,,%
oecd-emp-rate-upper-secondary,HU,Hungary,2015,Y25T34,ISCED11A_34_44,F,64.1772,,%
oecd-emp-rate-upper-secondary,HU,Hungary,2016,Y25T34,ISCED11A_34_44,F,68.3972,,%
oecd-emp-rate-upper-secondary,HU,Hungary,2017,Y25T34,ISCED11A_34_44,F,67.0201,,%
oecd-emp-rate-upper-secondary,HU,Hungary,2018,Y25T34,ISCED11A_34_44,F,64.3105,,%
oecd-emp-rate-upper-secondary,HU,Hungary,2019,Y25T34,ISCED11A_34_44,F,69.0876,,%
oecd-emp-rate-upper-secondary,HU,Hungary,2020,Y25T34,ISCED11A_34_44,F,64.4433,,%
oecd-emp-rate-upper-secondary,HU,Hungary,2021,Y25T34,ISCED11A_34_44,F,74.8436,,%
oecd-emp-rate-upper-secondary,HU,Hungary,2022,Y25T34,ISCED11A_34_44,F,77.2092,,%
oecd-emp-rate-upper-secondary,HU,Hungary,2023,Y25T34,ISCED11A_34_44,F,81.2231,,%
oecd-emp-rate-upper-secondary,HU,Hungary,2024,Y25T34,ISCED11A_34_44,F,79.7958,,%
oecd-emp-rate-upper-secondary,HU,Hungary,2025,Y25T34,ISCED11A_34_44,F,77.7608,,%
oecd-emp-rate-upper-secondary,IE,Ireland,2014,Y25T34,ISCED11A_34_44,F,60.146,,%
oecd-emp-rate-upper-secondary,IE,Ireland,2015,Y25T34,ISCED11A_34_44,F,60.6252,,%
oecd-emp-rate-upper-secondary,IE,Ireland,2017,Y25T34,ISCED11A_34_44,F,61.0987,,%
oecd-emp-rate-upper-secondary,IE,Ireland,2019,Y25T34,ISCED11A_34_44,F,67.1386,,%
oecd-emp-rate-upper-secondary,IE,Ireland,2020,Y25T34,ISCED11A_34_44,F,53.4735,,%
oecd-emp-rate-upper-secondary,IE,Ireland,2022,Y25T34,ISCED11A_34_44,F,65.3518,W,%
oecd-emp-rate-upper-secondary,IE,Ireland,2023,Y25T34,ISCED11A_34_44,F,64.4422,,%
oecd-emp-rate-upper-secondary,IE,Ireland,2024,Y25T34,ISCED11A_34_44,F,66.8235,,%
oecd-emp-rate-upper-secondary,IE,Ireland,2025,Y25T34,ISCED11A_34_44,F,66.7534,,%
oecd-emp-rate-upper-secondary,IS,Iceland,2010,Y25T34,ISCED11A_34_44,F,58.1316,,%
oecd-emp-rate-upper-secondary,IS,Iceland,2011,Y25T34,ISCED11A_34_44,F,56.1523,,%
oecd-emp-rate-upper-secondary,IS,Iceland,2012,Y25T34,ISCED11A_34_44,F,67.1631,,%
oecd-emp-rate-upper-secondary,IS,Iceland,2013,Y25T34,ISCED11A_34_44,F,69.0859,,%
oecd-emp-rate-upper-secondary,IS,Iceland,2014,Y25T34,ISCED11A_34_44,F,71.8858,,%
oecd-emp-rate-upper-secondary,IS,Iceland,2015,Y25T34,ISCED11A_34_44,F,69.9925,,%
oecd-emp-rate-upper-secondary,IS,Iceland,2016,Y25T34,ISCED11A_34_44,F,76.1236,,%
oecd-emp-rate-upper-secondary,IS,Iceland,2017,Y25T34,ISCED11A_34_44,F,75.9839,,%
oecd-emp-rate-upper-secondary,IS,Iceland,2018,Y25T34,ISCED11A_34_44,F,69.7224,,%
oecd-emp-rate-upper-secondary,IS,Iceland,2019,Y25T34,ISCED11A_34_44,F,74.0042,,%
oecd-emp-rate-upper-secondary,IS,Iceland,2020,Y25T34,ISCED11A_34_44,F,74.8862,,%
oecd-emp-rate-upper-secondary,IS,Iceland,2021,Y25T34,ISCED11A_34_44,F,68.8318,,%
oecd-emp-rate-upper-secondary,IS,Iceland,2022,Y25T34,ISCED11A_34_44,F,68.1206,,%
oecd-emp-rate-upper-secondary,IS,Iceland,2023,Y25T34,ISCED11A_34_44,F,74.3832,,%
oecd-emp-rate-upper-secondary,IT,Italy,2014,Y25T34,ISCED11A_34_44,F,47.7073,,%
oecd-emp-rate-upper-secondary,IT,Italy,2015,Y25T34,ISCED11A_34_44,F,44.8529,,%
oecd-emp-rate-upper-secondary,IT,Italy,2016,Y25T34,ISCED11A_34_44,F,45.4034,,%
oecd-emp-rate-upper-secondary,IT,Italy,2017,Y25T34,ISCED11A_34_44,F,45.057,,%
oecd-emp-rate-upper-secondary,IT,Italy,2018,Y25T34,ISCED11A_34_44,F,44.8437,,%
oecd-emp-rate-upper-secondary,IT,Italy,2019,Y25T34,ISCED11A_34_44,F,47.1223,,%
oecd-emp-rate-upper-secondary,IT,Italy,2020,Y25T34,ISCED11A_34_44,F,45.4616,,%
oecd-emp-rate-upper-secondary,IT,Italy,2021,Y25T34,ISCED11A_34_44,F,44.4749,,%
oecd-emp-rate-upper-secondary,IT,Italy,2022,Y25T34,ISCED11A_34_44,F,48.3255,,%
oecd-emp-rate-upper-secondary,IT,Italy,2023,Y25T34,ISCED11A_34_44,F,49.1642,,%
oecd-emp-rate-upper-secondary,IT,Italy,2024,Y25T34,ISCED11A_34_44,F,49.7479,,%
oecd-emp-rate-upper-secondary,IT,Italy,2025,Y25T34,ISCED11A_34_44,F,48.4387,,%
oecd-emp-rate-upper-secondary,LT,Lithuania,2014,Y25T34,ISCED11A_34_44,F,65.8079,,%
oecd-emp-rate-upper-secondary,LT,Lithuania,2015,Y25T34,ISCED11A_34_44,F,68.3954,,%
oecd-emp-rate-upper-secondary,LT,Lithuania,2016,Y25T34,ISCED11A_34_44,F,62.7404,,%
oecd-emp-rate-upper-secondary,LT,Lithuania,2017,Y25T34,ISCED11A_34_44,F,64.7555,,%
oecd-emp-rate-upper-secondary,LT,Lithuania,2018,Y25T34,ISCED11A_34_44,F,65.0216,,%
oecd-emp-rate-upper-secondary,LT,Lithuania,2019,Y25T34,ISCED11A_34_44,F,72.7478,,%
oecd-emp-rate-upper-secondary,LT,Lithuania,2020,Y25T34,ISCED11A_34_44,F,69.1968,,%
oecd-emp-rate-upper-secondary,LT,Lithuania,2021,Y25T34,ISCED11A_34_44,F,66.953,,%
oecd-emp-rate-upper-secondary,LT,Lithuania,2022,Y25T34,ISCED11A_34_44,F,68.9142,,%
oecd-emp-rate-upper-secondary,LT,Lithuania,2023,Y25T34,ISCED11A_34_44,F,70.311,,%
oecd-emp-rate-upper-secondary,LT,Lithuania,2024,Y25T34,ISCED11A_34_44,F,72.8668,,%
oecd-emp-rate-upper-secondary,LT,Lithuania,2025,Y25T34,ISCED11A_34_44,F,72.2486,,%
oecd-emp-rate-upper-secondary,LU,Luxembourg,2014,Y25T34,ISCED11A_34_44,F,67.445,U,%
oecd-emp-rate-upper-secondary,LU,Luxembourg,2017,Y25T34,ISCED11A_34_44,F,79.369,,%
oecd-emp-rate-upper-secondary,LU,Luxembourg,2018,Y25T34,ISCED11A_34_44,F,83.2749,,%
oecd-emp-rate-upper-secondary,LU,Luxembourg,2019,Y25T34,ISCED11A_34_44,F,76.0911,,%
oecd-emp-rate-upper-secondary,LU,Luxembourg,2020,Y25T34,ISCED11A_34_44,F,80.5239,,%
oecd-emp-rate-upper-secondary,LU,Luxembourg,2022,Y25T34,ISCED11A_34_44,F,88.1342,,%
oecd-emp-rate-upper-secondary,LU,Luxembourg,2023,Y25T34,ISCED11A_34_44,F,83.1401,,%
oecd-emp-rate-upper-secondary,LU,Luxembourg,2024,Y25T34,ISCED11A_34_44,F,79.9911,,%
oecd-emp-rate-upper-secondary,LV,Latvia,2014,Y25T34,ISCED11A_34_44,F,61.7583,,%
oecd-emp-rate-upper-secondary,LV,Latvia,2015,Y25T34,ISCED11A_34_44,F,69.4563,,%
oecd-emp-rate-upper-secondary,LV,Latvia,2016,Y25T34,ISCED11A_34_44,F,65.4248,,%
oecd-emp-rate-upper-secondary,LV,Latvia,2017,Y25T34,ISCED11A_34_44,F,69.454,,%
oecd-emp-rate-upper-secondary,LV,Latvia,2018,Y25T34,ISCED11A_34_44,F,64.8353,,%
oecd-emp-rate-upper-secondary,LV,Latvia,2019,Y25T34,ISCED11A_34_44,F,68.8072,,%
oecd-emp-rate-upper-secondary,LV,Latvia,2020,Y25T34,ISCED11A_34_44,F,72.6355,,%
oecd-emp-rate-upper-secondary,LV,Latvia,2021,Y25T34,ISCED11A_34_44,F,64.1384,,%
oecd-emp-rate-upper-secondary,LV,Latvia,2022,Y25T34,ISCED11A_34_44,F,65.8701,,%
oecd-emp-rate-upper-secondary,LV,Latvia,2023,Y25T34,ISCED11A_34_44,F,67.6375,,%
oecd-emp-rate-upper-secondary,LV,Latvia,2024,Y25T34,ISCED11A_34_44,F,65.2759,,%
oecd-emp-rate-upper-secondary,LV,Latvia,2025,Y25T34,ISCED11A_34_44,F,73.0988,,%
oecd-emp-rate-upper-secondary,NL,Netherlands,2013,Y25T34,ISCED11A_34_44,F,68.9911,B,%
oecd-emp-rate-upper-secondary,NL,Netherlands,2014,Y25T34,ISCED11A_34_44,F,68.16,,%
oecd-emp-rate-upper-secondary,NL,Netherlands,2015,Y25T34,ISCED11A_34_44,F,71.9723,,%
oecd-emp-rate-upper-secondary,NL,Netherlands,2016,Y25T34,ISCED11A_34_44,F,69.8997,,%
oecd-emp-rate-upper-secondary,NL,Netherlands,2017,Y25T34,ISCED11A_34_44,F,68.4122,,%
oecd-emp-rate-upper-secondary,NL,Netherlands,2018,Y25T34,ISCED11A_34_44,F,75.0424,,%
oecd-emp-rate-upper-secondary,NL,Netherlands,2019,Y25T34,ISCED11A_34_44,F,75.5008,,%
oecd-emp-rate-upper-secondary,NL,Netherlands,2020,Y25T34,ISCED11A_34_44,F,71.3864,,%
oecd-emp-rate-upper-secondary,NL,Netherlands,2021,Y25T34,ISCED11A_34_44,F,66.5109,,%
oecd-emp-rate-upper-secondary,NL,Netherlands,2022,Y25T34,ISCED11A_34_44,F,69.2432,,%
oecd-emp-rate-upper-secondary,NL,Netherlands,2023,Y25T34,ISCED11A_34_44,F,69.1617,,%
oecd-emp-rate-upper-secondary,NL,Netherlands,2024,Y25T34,ISCED11A_34_44,F,73.3766,,%
oecd-emp-rate-upper-secondary,NL,Netherlands,2025,Y25T34,ISCED11A_34_44,F,72.7731,,%
oecd-emp-rate-upper-secondary,NO,Norway,2014,Y25T34,ISCED11A_34_44,F,64.2105,,%
oecd-emp-rate-upper-secondary,NO,Norway,2015,Y25T34,ISCED11A_34_44,F,59.375,,%
oecd-emp-rate-upper-secondary,NO,Norway,2016,Y25T34,ISCED11A_34_44,F,71.134,,%
oecd-emp-rate-upper-secondary,NO,Norway,2017,Y25T34,ISCED11A_34_44,F,64.977,,%
oecd-emp-rate-upper-secondary,NO,Norway,2018,Y25T34,ISCED11A_34_44,F,61.9052,,%
oecd-emp-rate-upper-secondary,NO,Norway,2019,Y25T34,ISCED11A_34_44,F,66.2091,,%
oecd-emp-rate-upper-secondary,NO,Norway,2020,Y25T34,ISCED11A_34_44,F,58.8578,,%
oecd-emp-rate-upper-secondary,NO,Norway,2021,Y25T34,ISCED11A_34_44,F,61.5385,,%
oecd-emp-rate-upper-secondary,NO,Norway,2022,Y25T34,ISCED11A_34_44,F,67.8571,,%
oecd-emp-rate-upper-secondary,NO,Norway,2023,Y25T34,ISCED11A_34_44,F,71.4286,,%
oecd-emp-rate-upper-secondary,NO,Norway,2024,Y25T34,ISCED11A_34_44,F,75.8621,,%
oecd-emp-rate-upper-secondary,NO,Norway,2025,Y25T34,ISCED11A_34_44,F,70.6587,,%
oecd-emp-rate-upper-secondary,PL,Poland,2014,Y25T34,ISCED11A_34_44,F,57.7982,,%
oecd-emp-rate-upper-secondary,PL,Poland,2015,Y25T34,ISCED11A_34_44,F,61.4679,,%
oecd-emp-rate-upper-secondary,PL,Poland,2016,Y25T34,ISCED11A_34_44,F,59.8662,,%
oecd-emp-rate-upper-secondary,PL,Poland,2017,Y25T34,ISCED11A_34_44,F,57.8778,,%
oecd-emp-rate-upper-secondary,PL,Poland,2018,Y25T34,ISCED11A_34_44,F,60.5016,,%
oecd-emp-rate-upper-secondary,PL,Poland,2019,Y25T34,ISCED11A_34_44,F,61.6279,,%
oecd-emp-rate-upper-secondary,PL,Poland,2020,Y25T34,ISCED11A_34_44,F,62.6691,,%
oecd-emp-rate-upper-secondary,PL,Poland,2021,Y25T34,ISCED11A_34_44,F,65.5142,,%
oecd-emp-rate-upper-secondary,PL,Poland,2022,Y25T34,ISCED11A_34_44,F,66.5719,,%
oecd-emp-rate-upper-secondary,PL,Poland,2023,Y25T34,ISCED11A_34_44,F,70.1121,,%
oecd-emp-rate-upper-secondary,PL,Poland,2024,Y25T34,ISCED11A_34_44,F,69.6126,,%
oecd-emp-rate-upper-secondary,PL,Poland,2025,Y25T34,ISCED11A_34_44,F,71.1012,,%
oecd-emp-rate-upper-secondary,PT,Portugal,2014,Y25T34,ISCED11A_34_44,F,74.7255,,%
oecd-emp-rate-upper-secondary,PT,Portugal,2015,Y25T34,ISCED11A_34_44,F,77.8456,,%
oecd-emp-rate-upper-secondary,PT,Portugal,2016,Y25T34,ISCED11A_34_44,F,78.6666,,%
oecd-emp-rate-upper-secondary,PT,Portugal,2017,Y25T34,ISCED11A_34_44,F,82.2315,,%
oecd-emp-rate-upper-secondary,PT,Portugal,2018,Y25T34,ISCED11A_34_44,F,82.0721,,%
oecd-emp-rate-upper-secondary,PT,Portugal,2019,Y25T34,ISCED11A_34_44,F,84.1903,,%
oecd-emp-rate-upper-secondary,PT,Portugal,2020,Y25T34,ISCED11A_34_44,F,79.2671,,%
oecd-emp-rate-upper-secondary,PT,Portugal,2021,Y25T34,ISCED11A_34_44,F,75.9064,,%
oecd-emp-rate-upper-secondary,PT,Portugal,2022,Y25T34,ISCED11A_34_44,F,77.4313,,%
oecd-emp-rate-upper-secondary,PT,Portugal,2023,Y25T34,ISCED11A_34_44,F,81.3345,,%
oecd-emp-rate-upper-secondary,PT,Portugal,2024,Y25T34,ISCED11A_34_44,F,79.6282,,%
oecd-emp-rate-upper-secondary,PT,Portugal,2025,Y25T34,ISCED11A_34_44,F,80.8428,,%
oecd-emp-rate-upper-secondary,RO,Romania,2015,Y25T34,ISCED11A_34_44,F,63.4983,B,%
oecd-emp-rate-upper-secondary,RO,Romania,2019,Y25T34,ISCED11A_34_44,F,70.693,,%
oecd-emp-rate-upper-secondary,RO,Romania,2021,Y25T34,ISCED11A_34_44,F,63.8589,,%
oecd-emp-rate-upper-secondary,RO,Romania,2022,Y25T34,ISCED11A_34_44,F,68.4791,,%
oecd-emp-rate-upper-secondary,RO,Romania,2023,Y25T34,ISCED11A_34_44,F,69.5131,,%
oecd-emp-rate-upper-secondary,RO,Romania,2024,Y25T34,ISCED11A_34_44,F,65.1707,,%
oecd-emp-rate-upper-secondary,RO,Romania,2025,Y25T34,ISCED11A_34_44,F,69.5746,,%
oecd-emp-rate-upper-secondary,SE,Sweden,2014,Y25T34,ISCED11A_34_44,F,73.3333,,%
oecd-emp-rate-upper-secondary,SE,Sweden,2015,Y25T34,ISCED11A_34_44,F,72.3429,,%
oecd-emp-rate-upper-secondary,SE,Sweden,2016,Y25T34,ISCED11A_34_44,F,72.7067,,%
oecd-emp-rate-upper-secondary,SE,Sweden,2017,Y25T34,ISCED11A_34_44,F,71.7236,,%
oecd-emp-rate-upper-secondary,SE,Sweden,2018,Y25T34,ISCED11A_34_44,F,71.878,,%
oecd-emp-rate-upper-secondary,SE,Sweden,2019,Y25T34,ISCED11A_34_44,F,68.3086,,%
oecd-emp-rate-upper-secondary,SE,Sweden,2020,Y25T34,ISCED11A_34_44,F,68.8344,,%
oecd-emp-rate-upper-secondary,SE,Sweden,2021,Y25T34,ISCED11A_34_44,F,68.3577,,%
oecd-emp-rate-upper-secondary,SE,Sweden,2022,Y25T34,ISCED11A_34_44,F,71.9892,,%
oecd-emp-rate-upper-secondary,SE,Sweden,2023,Y25T34,ISCED11A_34_44,F,74.1162,,%
oecd-emp-rate-upper-secondary,SE,Sweden,2024,Y25T34,ISCED11A_34_44,F,70.0426,,%
oecd-emp-rate-upper-secondary,SE,Sweden,2025,Y25T34,ISCED11A_34_44,F,62.8091,,%
oecd-emp-rate-upper-secondary,SI,Slovenia,2014,Y25T34,ISCED11A_34_44,F,51.0669,U,%
oecd-emp-rate-upper-secondary,SI,Slovenia,2015,Y25T34,ISCED11A_34_44,F,57.117,,%
oecd-emp-rate-upper-secondary,SI,Slovenia,2016,Y25T34,ISCED11A_34_44,F,66.1326,,%
oecd-emp-rate-upper-secondary,SI,Slovenia,2017,Y25T34,ISCED11A_34_44,F,70.4108,,%
oecd-emp-rate-upper-secondary,SI,Slovenia,2018,Y25T34,ISCED11A_34_44,F,69.371,,%
oecd-emp-rate-upper-secondary,SI,Slovenia,2019,Y25T34,ISCED11A_34_44,F,69.5109,,%
oecd-emp-rate-upper-secondary,SI,Slovenia,2020,Y25T34,ISCED11A_34_44,F,70.804,,%
oecd-emp-rate-upper-secondary,SI,Slovenia,2021,Y25T34,ISCED11A_34_44,F,63.0541,,%
oecd-emp-rate-upper-secondary,SI,Slovenia,2022,Y25T34,ISCED11A_34_44,F,72.1343,,%
oecd-emp-rate-upper-secondary,SI,Slovenia,2023,Y25T34,ISCED11A_34_44,F,75.0,,%
oecd-emp-rate-upper-secondary,SI,Slovenia,2024,Y25T34,ISCED11A_34_44,F,74.4125,,%
oecd-emp-rate-upper-secondary,SI,Slovenia,2025,Y25T34,ISCED11A_34_44,F,74.7791,,%
oecd-emp-rate-upper-secondary,SK,Slovakia,2014,Y25T34,ISCED11A_34_44,F,52.9872,,%
oecd-emp-rate-upper-secondary,SK,Slovakia,2015,Y25T34,ISCED11A_34_44,F,54.7793,,%
oecd-emp-rate-upper-secondary,SK,Slovakia,2016,Y25T34,ISCED11A_34_44,F,57.6266,,%
oecd-emp-rate-upper-secondary,SK,Slovakia,2017,Y25T34,ISCED11A_34_44,F,55.5386,,%
oecd-emp-rate-upper-secondary,SK,Slovakia,2018,Y25T34,ISCED11A_34_44,F,56.9329,,%
oecd-emp-rate-upper-secondary,SK,Slovakia,2019,Y25T34,ISCED11A_34_44,F,63.2485,,%
oecd-emp-rate-upper-secondary,SK,Slovakia,2020,Y25T34,ISCED11A_34_44,F,52.3541,,%
oecd-emp-rate-upper-secondary,SK,Slovakia,2021,Y25T34,ISCED11A_34_44,F,71.403,,%
oecd-emp-rate-upper-secondary,SK,Slovakia,2022,Y25T34,ISCED11A_34_44,F,64.7814,,%
oecd-emp-rate-upper-secondary,SK,Slovakia,2023,Y25T34,ISCED11A_34_44,F,64.787,,%
oecd-emp-rate-upper-secondary,SK,Slovakia,2024,Y25T34,ISCED11A_34_44,F,69.0732,,%
oecd-emp-rate-upper-secondary,SK,Slovakia,2025,Y25T34,ISCED11A_34_44,F,66.7568,,%
oecd-emp-rate-upper-secondary,TR,Türkiye,2014,Y25T34,ISCED11A_34_44,F,34.1326,,%
oecd-emp-rate-upper-secondary,TR,Türkiye,2015,Y25T34,ISCED11A_34_44,F,32.6211,,%
oecd-emp-rate-upper-secondary,TR,Türkiye,2016,Y25T34,ISCED11A_34_44,F,34.0456,,%
oecd-emp-rate-upper-secondary,TR,Türkiye,2017,Y25T34,ISCED11A_34_44,F,33.2382,,%
oecd-emp-rate-upper-secondary,TR,Türkiye,2018,Y25T34,ISCED11A_34_44,F,33.7094,,%
oecd-emp-rate-upper-secondary,TR,Türkiye,2019,Y25T34,ISCED11A_34_44,F,32.9201,,%
oecd-emp-rate-upper-secondary,TR,Türkiye,2021,Y25T34,ISCED11A_34_44,F,30.9429,,%
oecd-emp-rate-upper-secondary,TR,Türkiye,2022,Y25T34,ISCED11A_34_44,F,35.9951,,%
oecd-emp-rate-upper-secondary,TR,Türkiye,2023,Y25T34,ISCED11A_34_44,F,34.4262,,%
oecd-emp-rate-upper-secondary,TR,Türkiye,2024,Y25T34,ISCED11A_34_44,F,36.4387,,%
oecd-emp-rate-upper-secondary,TR,Türkiye,2025,Y25T34,ISCED11A_34_44,F,35.8354,,%
oecd-emp-rate-upper-secondary,UK,United Kingdom,2014,Y25T34,ISCED11A_34_44,F,73.8637,,%
oecd-emp-rate-upper-secondary,UK,United Kingdom,2015,Y25T34,ISCED11A_34_44,F,70.6845,,%
oecd-emp-rate-upper-secondary,UK,United Kingdom,2016,Y25T34,ISCED11A_34_44,F,70.357,,%
oecd-emp-rate-upper-secondary,UK,United Kingdom,2017,Y25T34,ISCED11A_34_44,F,73.9934,,%
oecd-emp-rate-upper-secondary,UK,United Kingdom,2018,Y25T34,ISCED11A_34_44,F,75.9247,,%
oecd-emp-rate-upper-secondary,UK,United Kingdom,2019,Y25T34,ISCED11A_34_44,F,76.5378,,%
oecd-emp-rate-upper-secondary,UK,United Kingdom,2020,Y25T34,ISCED11A_34_44,F,79.8053,,%
oecd-emp-rate-upper-secondary,UK,United Kingdom,2021,Y25T34,ISCED11A_34_44,F,78.7427,,%
oecd-emp-rate-upper-secondary,UK,United Kingdom,2022,Y25T34,ISCED11A_34_44,F,76.8438,,%
oecd-emp-rate-upper-secondary,UK,United Kingdom,2023,Y25T34,ISCED11A_34_44,F,78.5012,,%
oecd-emp-rate-upper-secondary,UK,United Kingdom,2024,Y25T34,ISCED11A_34_44,F,77.5609,,%
oecd-emp-rate-upper-secondary,UK,United Kingdom,2025,Y25T34,ISCED11A_34_44,F,77.8214,,%
oecd-emp-rate-upper-secondary,AT,Austria,2014,Y25T34,ISCED11A_34_44,M,69.9431,,%
oecd-emp-rate-upper-secondary,AT,Austria,2015,Y25T34,ISCED11A_34_44,M,73.7718,,%
oecd-emp-rate-upper-secondary,AT,Austria,2016,Y25T34,ISCED11A_34_44,M,75.3998,,%
oecd-emp-rate-upper-secondary,AT,Austria,2017,Y25T34,ISCED11A_34_44,M,68.9844,,%
oecd-emp-rate-upper-secondary,AT,Austria,2018,Y25T34,ISCED11A_34_44,M,75.3542,,%
oecd-emp-rate-upper-secondary,AT,Austria,2019,Y25T34,ISCED11A_34_44,M,76.6378,,%
oecd-emp-rate-upper-secondary,AT,Austria,2020,Y25T34,ISCED11A_34_44,M,74.1565,,%
oecd-emp-rate-upper-secondary,AT,Austria,2021,Y25T34,ISCED11A_34_44,M,72.508,,%
oecd-emp-rate-upper-secondary,AT,Austria,2022,Y25T34,ISCED11A_34_44,M,75.5442,,%
oecd-emp-rate-upper-secondary,AT,Austria,2023,Y25T34,ISCED11A_34_44,M,74.21,,%
oecd-emp-rate-upper-secondary,AT,Austria,2024,Y25T34,ISCED11A_34_44,M,76.485,,%
oecd-emp-rate-upper-secondary,AT,Austria,2025,Y25T34,ISCED11A_34_44,M,76.5578,,%
oecd-emp-rate-upper-secondary,BE,Belgium,2014,Y25T34,ISCED11A_34_44,M,74.2697,,%
oecd-emp-rate-upper-secondary,BE,Belgium,2015,Y25T34,ISCED11A_34_44,M,72.5462,,%
oecd-emp-rate-upper-secondary,BE,Belgium,2016,Y25T34,ISCED11A_34_44,M,75.3988,,%
oecd-emp-rate-upper-secondary,BE,Belgium,2017,Y25T34,ISCED11A_34_44,M,72.8955,,%
oecd-emp-rate-upper-secondary,BE,Belgium,2018,Y25T34,ISCED11A_34_44,M,75.289,,%
oecd-emp-rate-upper-secondary,BE,Belgium,2019,Y25T34,ISCED11A_34_44,M,82.0946,,%
oecd-emp-rate-upper-secondary,BE,Belgium,2020,Y25T34,ISCED11A_34_44,M,75.7928,,%
oecd-emp-rate-upper-secondary,BE,Belgium,2021,Y25T34,ISCED11A_34_44,M,77.0988,,%
oecd-emp-rate-upper-secondary,BE,Belgium,2022,Y25T34,ISCED11A_34_44,M,74.5505,,%
oecd-emp-rate-upper-secondary,BE,Belgium,2023,Y25T34,ISCED11A_34_44,M,71.3147,,%
oecd-emp-rate-upper-secondary,BE,Belgium,2024,Y25T34,ISCED11A_34_44,M,73.248,,%
oecd-emp-rate-upper-secondary,BE,Belgium,2025,Y25T34,ISCED11A_34_44,M,69.0006,,%
oecd-emp-rate-upper-secondary,BG,Bulgaria,2015,Y25T34,ISCED11A_34_44,M,73.5917,,%
oecd-emp-rate-upper-secondary,BG,Bulgaria,2016,Y25T34,ISCED11A_34_44,M,76.4404,,%
oecd-emp-rate-upper-secondary,BG,Bulgaria,2019,Y25T34,ISCED11A_34_44,M,81.8895,,%
oecd-emp-rate-upper-secondary,BG,Bulgaria,2022,Y25T34,ISCED11A_34_44,M,78.416,,%
oecd-emp-rate-upper-secondary,BG,Bulgaria,2023,Y25T34,ISCED11A_34_44,M,79.7391,,%
oecd-emp-rate-upper-secondary,BG,Bulgaria,2024,Y25T34,ISCED11A_34_44,M,81.3867,,%
oecd-emp-rate-upper-secondary,BG,Bulgaria,2025,Y25T34,ISCED11A_34_44,M,79.7511,,%
oecd-emp-rate-upper-secondary,CH,Switzerland,2014,Y25T34,ISCED11A_34_44,M,79.6599,,%
oecd-emp-rate-upper-secondary,CH,Switzerland,2015,Y25T34,ISCED11A_34_44,M,81.0351,,%
oecd-emp-rate-upper-secondary,CH,Switzerland,2016,Y25T34,ISCED11A_34_44,M,81.4592,,%
oecd-emp-rate-upper-secondary,CH,Switzerland,2017,Y25T34,ISCED11A_34_44,M,80.8926,,%
oecd-emp-rate-upper-secondary,CH,Switzerland,2018,Y25T34,ISCED11A_34_44,M,81.7841,,%
oecd-emp-rate-upper-secondary,CH,Switzerland,2019,Y25T34,ISCED11A_34_44,M,74.718,,%
oecd-emp-rate-upper-secondary,CH,Switzerland,2020,Y25T34,ISCED11A_34_44,M,74.9221,,%
oecd-emp-rate-upper-secondary,CH,Switzerland,2021,Y25T34,ISCED11A_34_44,M,80.054,,%
oecd-emp-rate-upper-secondary,CH,Switzerland,2022,Y25T34,ISCED11A_34_44,M,81.5879,,%
oecd-emp-rate-upper-secondary,CH,Switzerland,2023,Y25T34,ISCED11A_34_44,M,83.7916,,%
oecd-emp-rate-upper-secondary,CH,Switzerland,2024,Y25T34,ISCED11A_34_44,M,80.2312,,%
oecd-emp-rate-upper-secondary,CH,Switzerland,2025,Y25T34,ISCED11A_34_44,M,79.9389,U,%
oecd-emp-rate-upper-secondary,CZ,Czechia,2018,Y25T34,ISCED11A_34_44,M,94.8446,,%
oecd-emp-rate-upper-secondary,CZ,Czechia,2019,Y25T34,ISCED11A_34_44,M,95.0371,,%
oecd-emp-rate-upper-secondary,CZ,Czechia,2020,Y25T34,ISCED11A_34_44,M,94.3485,,%
oecd-emp-rate-upper-secondary,CZ,Czechia,2021,Y25T34,ISCED11A_34_44,M,94.305,,%
oecd-emp-rate-upper-secondary,CZ,Czechia,2022,Y25T34,ISCED11A_34_44,M,96.2758,,%
oecd-emp-rate-upper-secondary,CZ,Czechia,2024,Y25T34,ISCED11A_34_44,M,87.0949,,%
oecd-emp-rate-upper-secondary,DE,Germany,2014,Y25T34,ISCED11A_34_44,M,56.4118,,%
oecd-emp-rate-upper-secondary,DE,Germany,2015,Y25T34,ISCED11A_34_44,M,56.7703,,%
oecd-emp-rate-upper-secondary,DE,Germany,2016,Y25T34,ISCED11A_34_44,M,57.6629,,%
oecd-emp-rate-upper-secondary,DE,Germany,2017,Y25T34,ISCED11A_34_44,M,59.2616,,%
oecd-emp-rate-upper-secondary,DE,Germany,2018,Y25T34,ISCED11A_34_44,M,61.7861,,%
oecd-emp-rate-upper-secondary,DE,Germany,2019,Y25T34,ISCED11A_34_44,M,65.6956,,%
oecd-emp-rate-upper-secondary,DE,Germany,2020,Y25T34,ISCED11A_34_44,M,68.5872,,%
oecd-emp-rate-upper-secondary,DE,Germany,2021,Y25T34,ISCED11A_34_44,M,67.7135,,%
oecd-emp-rate-upper-secondary,DE,Germany,2022,Y25T34,ISCED11A_34_44,M,72.2609,,%
oecd-emp-rate-upper-secondary,DE,Germany,2023,Y25T34,ISCED11A_34_44,M,74.2197,,%
oecd-emp-rate-upper-secondary,DE,Germany,2024,Y25T34,ISCED11A_34_44,M,74.1679,,%
oecd-emp-rate-upper-secondary,DE,Germany,2025,Y25T34,ISCED11A_34_44,M,71.8431,,%
oecd-emp-rate-upper-secondary,DK,Denmark,2010,Y25T34,ISCED11A_34_44,M,75.4588,,%
oecd-emp-rate-upper-secondary,DK,Denmark,2011,Y25T34,ISCED11A_34_44,M,74.1855,,%
oecd-emp-rate-upper-secondary,DK,Denmark,2012,Y25T34,ISCED11A_34_44,M,69.0429,,%
oecd-emp-rate-upper-secondary,DK,Denmark,2013,Y25T34,ISCED11A_34_44,M,74.9884,,%
oecd-emp-rate-upper-secondary,DK,Denmark,2014,Y25T34,ISCED11A_34_44,M,60.1744,,%
oecd-emp-rate-upper-secondary,DK,Denmark,2015,Y25T34,ISCED11A_34_44,M,71.5053,,%
oecd-emp-rate-upper-secondary,DK,Denmark,2016,Y25T34,ISCED11A_34_44,M,70.8628,,%
oecd-emp-rate-upper-secondary,DK,Denmark,2017,Y25T34,ISCED11A_34_44,M,70.3999,,%
oecd-emp-rate-upper-secondary,DK,Denmark,2018,Y25T34,ISCED11A_34_44,M,67.993,,%
oecd-emp-rate-upper-secondary,DK,Denmark,2019,Y25T34,ISCED11A_34_44,M,70.3315,,%
oecd-emp-rate-upper-secondary,DK,Denmark,2020,Y25T34,ISCED11A_34_44,M,72.254,,%
oecd-emp-rate-upper-secondary,DK,Denmark,2021,Y25T34,ISCED11A_34_44,M,72.127,,%
oecd-emp-rate-upper-secondary,DK,Denmark,2022,Y25T34,ISCED11A_34_44,M,73.8559,,%
oecd-emp-rate-upper-secondary,DK,Denmark,2023,Y25T34,ISCED11A_34_44,M,70.0482,,%
oecd-emp-rate-upper-secondary,DK,Denmark,2024,Y25T34,ISCED11A_34_44,M,75.4178,,%
oecd-emp-rate-upper-secondary,DK,Denmark,2025,Y25T34,ISCED11A_34_44,M,70.0524,B,%
oecd-emp-rate-upper-secondary,EE,Estonia,2014,Y25T34,ISCED11A_34_44,M,86.2407,,%
oecd-emp-rate-upper-secondary,EE,Estonia,2015,Y25T34,ISCED11A_34_44,M,92.3932,,%
oecd-emp-rate-upper-secondary,EE,Estonia,2016,Y25T34,ISCED11A_34_44,M,84.4646,,%
oecd-emp-rate-upper-secondary,EE,Estonia,2017,Y25T34,ISCED11A_34_44,M,91.9879,,%
oecd-emp-rate-upper-secondary,EE,Estonia,2018,Y25T34,ISCED11A_34_44,M,93.4474,,%
oecd-emp-rate-upper-secondary,EE,Estonia,2019,Y25T34,ISCED11A_34_44,M,92.5716,,%
oecd-emp-rate-upper-secondary,EE,Estonia,2020,Y25T34,ISCED11A_34_44,M,89.5445,,%
oecd-emp-rate-upper-secondary,EE,Estonia,2021,Y25T34,ISCED11A_34_44,M,87.3884,,%
oecd-emp-rate-upper-secondary,EE,Estonia,2022,Y25T34,ISCED11A_34_44,M,94.9178,,%
oecd-emp-rate-upper-secondary,EE,Estonia,2023,Y25T34,ISCED11A_34_44,M,89.5184,,%
oecd-emp-rate-upper-secondary,EE,Estonia,2024,Y25T34,ISCED11A_34_44,M,83.7414,,%
oecd-emp-rate-upper-secondary,EE,Estonia,2025,Y25T34,ISCED11A_34_44,M,84.5669,,%
oecd-emp-rate-upper-secondary,EL,Greece,2010,Y25T34,ISCED11A_34_44,M,77.3492,B,%
oecd-emp-rate-upper-secondary,EL,Greece,2011,Y25T34,ISCED11A_34_44,M,71.5094,B,%
oecd-emp-rate-upper-secondary,EL,Greece,2012,Y25T34,ISCED11A_34_44,M,61.4117,B,%
oecd-emp-rate-upper-secondary,EL,Greece,2013,Y25T34,ISCED11A_34_44,M,60.9085,B,%
oecd-emp-rate-upper-secondary,EL,Greece,2014,Y25T34,ISCED11A_34_44,M,63.684,,%
oecd-emp-rate-upper-secondary,EL,Greece,2015,Y25T34,ISCED11A_34_44,M,63.5093,,%
oecd-emp-rate-upper-secondary,EL,Greece,2016,Y25T34,ISCED11A_34_44,M,66.2004,,%
oecd-emp-rate-upper-secondary,EL,Greece,2017,Y25T34,ISCED11A_34_44,M,65.2536,,%
oecd-emp-rate-upper-secondary,EL,Greece,2018,Y25T34,ISCED11A_34_44,M,67.9299,,%
oecd-emp-rate-upper-secondary,EL,Greece,2019,Y25T34,ISCED11A_34_44,M,70.3674,,%
oecd-emp-rate-upper-secondary,EL,Greece,2020,Y25T34,ISCED11A_34_44,M,64.7379,,%
oecd-emp-rate-upper-secondary,EL,Greece,2021,Y25T34,ISCED11A_34_44,M,66.3833,,%
oecd-emp-rate-upper-secondary,EL,Greece,2022,Y25T34,ISCED11A_34_44,M,71.6913,,%
oecd-emp-rate-upper-secondary,EL,Greece,2023,Y25T34,ISCED11A_34_44,M,68.7298,,%
oecd-emp-rate-upper-secondary,EL,Greece,2024,Y25T34,ISCED11A_34_44,M,72.6691,,%
oecd-emp-rate-upper-secondary,EL,Greece,2025,Y25T34,ISCED11A_34_44,M,73.5632,,%
oecd-emp-rate-upper-secondary,ES,Spain,2014,Y25T34,ISCED11A_34_44,M,66.8531,,%
oecd-emp-rate-upper-secondary,ES,Spain,2015,Y25T34,ISCED11A_34_44,M,66.0024,,%
oecd-emp-rate-upper-secondary,ES,Spain,2016,Y25T34,ISCED11A_34_44,M,68.1905,,%
oecd-emp-rate-upper-secondary,ES,Spain,2017,Y25T34,ISCED11A_34_44,M,68.3087,,%
oecd-emp-rate-upper-secondary,ES,Spain,2018,Y25T34,ISCED11A_34_44,M,66.2725,,%
oecd-emp-rate-upper-secondary,ES,Spain,2019,Y25T34,ISCED11A_34_44,M,70.2663,,%
oecd-emp-rate-upper-secondary,ES,Spain,2020,Y25T34,ISCED11A_34_44,M,60.6221,,%
oecd-emp-rate-upper-secondary,ES,Spain,2021,Y25T34,ISCED11A_34_44,M,66.4314,,%
oecd-emp-rate-upper-secondary,ES,Spain,2022,Y25T34,ISCED11A_34_44,M,69.3412,,%
oecd-emp-rate-upper-secondary,ES,Spain,2023,Y25T34,ISCED11A_34_44,M,68.229,,%
oecd-emp-rate-upper-secondary,ES,Spain,2024,Y25T34,ISCED11A_34_44,M,72.2903,,%
oecd-emp-rate-upper-secondary,ES,Spain,2025,Y25T34,ISCED11A_34_44,M,72.2592,,%
oecd-emp-rate-upper-secondary,FI,Finland,2014,Y25T34,ISCED11A_34_44,M,72.6471,,%
oecd-emp-rate-upper-secondary,FI,Finland,2015,Y25T34,ISCED11A_34_44,M,75.4812,,%
oecd-emp-rate-upper-secondary,FI,Finland,2016,Y25T34,ISCED11A_34_44,M,68.8889,,%
oecd-emp-rate-upper-secondary,FI,Finland,2017,Y25T34,ISCED11A_34_44,M,66.6667,,%
oecd-emp-rate-upper-secondary,FI,Finland,2018,Y25T34,ISCED11A_34_44,M,71.4286,,%
oecd-emp-rate-upper-secondary,FI,Finland,2019,Y25T34,ISCED11A_34_44,M,73.3333,,%
oecd-emp-rate-upper-secondary,FI,Finland,2020,Y25T34,ISCED11A_34_44,M,68.75,,%
oecd-emp-rate-upper-secondary,FI,Finland,2021,Y25T34,ISCED11A_34_44,M,70.3704,,%
oecd-emp-rate-upper-secondary,FI,Finland,2022,Y25T34,ISCED11A_34_44,M,72.0,,%
oecd-emp-rate-upper-secondary,FI,Finland,2023,Y25T34,ISCED11A_34_44,M,74.0,,%
oecd-emp-rate-upper-secondary,FI,Finland,2024,Y25T34,ISCED11A_34_44,M,69.3878,,%
oecd-emp-rate-upper-secondary,FI,Finland,2025,Y25T34,ISCED11A_34_44,M,70.3704,,%
oecd-emp-rate-upper-secondary,FR,France,2013,Y25T34,ISCED11A_34_44,M,79.0963,,%
oecd-emp-rate-upper-secondary,FR,France,2014,Y25T34,ISCED11A_34_44,M,79.2607,,%
oecd-emp-rate-upper-secondary,FR,France,2015,Y25T34,ISCED11A_34_44,M,79.1297,,%
oecd-emp-rate-upper-secondary,FR,France,2016,Y25T34,ISCED11A_34_44,M,76.3422,,%
oecd-emp-rate-upper-secondary,FR,France,2017,Y25T34,ISCED11A_34_44,M,76.9001,,%
oecd-emp-rate-upper-secondary,FR,France,2018,Y25T34,ISCED11A_34_44,M,77.2907,,%
oecd-emp-rate-upper-secondary,FR,France,2019,Y25T34,ISCED11A_34_44,M,76.2298,,%
oecd-emp-rate-upper-secondary,FR,France,2020,Y25T34,ISCED11A_34_44,M,73.9251,,%
oecd-emp-rate-upper-secondary,FR,France,2021,Y25T34,ISCED11A_34_44,M,78.3544,,%
oecd-emp-rate-upper-secondary,FR,France,2022,Y25T34,ISCED11A_34_44,M,77.9832,,%
oecd-emp-rate-upper-secondary,FR,France,2023,Y25T34,ISCED11A_34_44,M,80.3114,,%
oecd-emp-rate-upper-secondary,FR,France,2024,Y25T34,ISCED11A_34_44,M,75.2866,,%
oecd-emp-rate-upper-secondary,FR,France,2025,Y25T34,ISCED11A_34_44,M,75.5425,,%
oecd-emp-rate-upper-secondary,HR,Croatia,2023,Y25T34,ISCED11A_34_44,M,53.8462,U,%
oecd-emp-rate-upper-secondary,HR,Croatia,2025,Y25T34,ISCED11A_34_44,M,66.0755,U,%
oecd-emp-rate-upper-secondary,HU,Hungary,2014,Y25T34,ISCED11A_34_44,M,78.5479,,%
oecd-emp-rate-upper-secondary,HU,Hungary,2015,Y25T34,ISCED11A_34_44,M,79.7415,,%
oecd-emp-rate-upper-secondary,HU,Hungary,2016,Y25T34,ISCED11A_34_44,M,81.8652,,%
oecd-emp-rate-upper-secondary,HU,Hungary,2017,Y25T34,ISCED11A_34_44,M,84.0541,,%
oecd-emp-rate-upper-secondary,HU,Hungary,2018,Y25T34,ISCED11A_34_44,M,84.0975,,%
oecd-emp-rate-upper-secondary,HU,Hungary,2019,Y25T34,ISCED11A_34_44,M,84.0717,,%
oecd-emp-rate-upper-secondary,HU,Hungary,2020,Y25T34,ISCED11A_34_44,M,84.5012,,%
oecd-emp-rate-upper-secondary,HU,Hungary,2021,Y25T34,ISCED11A_34_44,M,80.0165,,%
oecd-emp-rate-upper-secondary,HU,Hungary,2022,Y25T34,ISCED11A_34_44,M,82.8872,,%
oecd-emp-rate-upper-secondary,HU,Hungary,2023,Y25T34,ISCED11A_34_44,M,84.316,,%
oecd-emp-rate-upper-secondary,HU,Hungary,2024,Y25T34,ISCED11A_34_44,M,85.5443,,%
oecd-emp-rate-upper-secondary,HU,Hungary,2025,Y25T34,ISCED11A_34_44,M,78.6149,,%
oecd-emp-rate-upper-secondary,IE,Ireland,2014,Y25T34,ISCED11A_34_44,M,71.4608,,%
oecd-emp-rate-upper-secondary,IE,Ireland,2015,Y25T34,ISCED11A_34_44,M,71.8398,,%
oecd-emp-rate-upper-secondary,IE,Ireland,2017,Y25T34,ISCED11A_34_44,M,79.1239,,%
oecd-emp-rate-upper-secondary,IE,Ireland,2019,Y25T34,ISCED11A_34_44,M,84.7509,,%
oecd-emp-rate-upper-secondary,IE,Ireland,2020,Y25T34,ISCED11A_34_44,M,78.0667,,%
oecd-emp-rate-upper-secondary,IE,Ireland,2022,Y25T34,ISCED11A_34_44,M,78.1018,W,%
oecd-emp-rate-upper-secondary,IE,Ireland,2023,Y25T34,ISCED11A_34_44,M,80.0156,,%
oecd-emp-rate-upper-secondary,IE,Ireland,2024,Y25T34,ISCED11A_34_44,M,79.9931,,%
oecd-emp-rate-upper-secondary,IE,Ireland,2025,Y25T34,ISCED11A_34_44,M,84.3107,,%
oecd-emp-rate-upper-secondary,IS,Iceland,2010,Y25T34,ISCED11A_34_44,M,64.2015,,%
oecd-emp-rate-upper-secondary,IS,Iceland,2011,Y25T34,ISCED11A_34_44,M,72.8552,,%
oecd-emp-rate-upper-secondary,IS,Iceland,2012,Y25T34,ISCED11A_34_44,M,73.2804,,%
oecd-emp-rate-upper-secondary,IS,Iceland,2013,Y25T34,ISCED11A_34_44,M,76.522,,%
oecd-emp-rate-upper-secondary,IS,Iceland,2014,Y25T34,ISCED11A_34_44,M,61.5666,,%
oecd-emp-rate-upper-secondary,IS,Iceland,2015,Y25T34,ISCED11A_34_44,M,76.8846,,%
oecd-emp-rate-upper-secondary,IS,Iceland,2016,Y25T34,ISCED11A_34_44,M,80.6395,,%
oecd-emp-rate-upper-secondary,IS,Iceland,2017,Y25T34,ISCED11A_34_44,M,77.1455,,%
oecd-emp-rate-upper-secondary,IS,Iceland,2018,Y25T34,ISCED11A_34_44,M,79.4255,,%
oecd-emp-rate-upper-secondary,IS,Iceland,2019,Y25T34,ISCED11A_34_44,M,76.1792,,%
oecd-emp-rate-upper-secondary,IS,Iceland,2020,Y25T34,ISCED11A_34_44,M,78.4356,,%
oecd-emp-rate-upper-secondary,IS,Iceland,2021,Y25T34,ISCED11A_34_44,M,83.4731,,%
oecd-emp-rate-upper-secondary,IS,Iceland,2022,Y25T34,ISCED11A_34_44,M,83.5795,,%
oecd-emp-rate-upper-secondary,IS,Iceland,2023,Y25T34,ISCED11A_34_44,M,85.0897,,%
oecd-emp-rate-upper-secondary,IT,Italy,2014,Y25T34,ISCED11A_34_44,M,55.9976,,%
oecd-emp-rate-upper-secondary,IT,Italy,2015,Y25T34,ISCED11A_34_44,M,56.4356,,%
oecd-emp-rate-upper-secondary,IT,Italy,2016,Y25T34,ISCED11A_34_44,M,55.814,,%
oecd-emp-rate-upper-secondary,IT,Italy,2017,Y25T34,ISCED11A_34_44,M,56.129,,%
oecd-emp-rate-upper-secondary,IT,Italy,2018,Y25T34,ISCED11A_34_44,M,53.7634,,%
oecd-emp-rate-upper-secondary,IT,Italy,2019,Y25T34,ISCED11A_34_44,M,57.3577,,%
oecd-emp-rate-upper-secondary,IT,Italy,2020,Y25T34,ISCED11A_34_44,M,53.8682,,%
oecd-emp-rate-upper-secondary,IT,Italy,2021,Y25T34,ISCED11A_34_44,M,60.9011,,%
oecd-emp-rate-upper-secondary,IT,Italy,2022,Y25T34,ISCED11A_34_44,M,64.2908,,%
oecd-emp-rate-upper-secondary,IT,Italy,2023,Y25T34,ISCED11A_34_44,M,66.2379,,%
oecd-emp-rate-upper-secondary,IT,Italy,2024,Y25T34,ISCED11A_34_44,M,65.7984,,%
oecd-emp-rate-upper-secondary,IT,Italy,2025,Y25T34,ISCED11A_34_44,M,67.1628,,%
oecd-emp-rate-upper-secondary,LT,Lithuania,2014,Y25T34,ISCED11A_34_44,M,81.3262,,%
oecd-emp-rate-upper-secondary,LT,Lithuania,2015,Y25T34,ISCED11A_34_44,M,81.008,,%
oecd-emp-rate-upper-secondary,LT,Lithuania,2016,Y25T34,ISCED11A_34_44,M,76.4179,,%
oecd-emp-rate-upper-secondary,LT,Lithuania,2017,Y25T34,ISCED11A_34_44,M,82.4264,,%
oecd-emp-rate-upper-secondary,LT,Lithuania,2018,Y25T34,ISCED11A_34_44,M,82.3187,,%
oecd-emp-rate-upper-secondary,LT,Lithuania,2019,Y25T34,ISCED11A_34_44,M,79.6599,,%
oecd-emp-rate-upper-secondary,LT,Lithuania,2020,Y25T34,ISCED11A_34_44,M,80.0713,,%
oecd-emp-rate-upper-secondary,LT,Lithuania,2021,Y25T34,ISCED11A_34_44,M,86.5297,,%
oecd-emp-rate-upper-secondary,LT,Lithuania,2022,Y25T34,ISCED11A_34_44,M,90.5113,,%
oecd-emp-rate-upper-secondary,LT,Lithuania,2023,Y25T34,ISCED11A_34_44,M,83.7232,,%
oecd-emp-rate-upper-secondary,LT,Lithuania,2024,Y25T34,ISCED11A_34_44,M,84.9276,,%
oecd-emp-rate-upper-secondary,LT,Lithuania,2025,Y25T34,ISCED11A_34_44,M,85.0029,,%
oecd-emp-rate-upper-secondary,LU,Luxembourg,2014,Y25T34,ISCED11A_34_44,M,81.8861,U,%
oecd-emp-rate-upper-secondary,LU,Luxembourg,2017,Y25T34,ISCED11A_34_44,M,87.7087,,%
oecd-emp-rate-upper-secondary,LU,Luxembourg,2018,Y25T34,ISCED11A_34_44,M,85.0101,,%
oecd-emp-rate-upper-secondary,LU,Luxembourg,2019,Y25T34,ISCED11A_34_44,M,81.6624,,%
oecd-emp-rate-upper-secondary,LU,Luxembourg,2020,Y25T34,ISCED11A_34_44,M,79.3486,,%
oecd-emp-rate-upper-secondary,LU,Luxembourg,2022,Y25T34,ISCED11A_34_44,M,82.6517,,%
oecd-emp-rate-upper-secondary,LU,Luxembourg,2023,Y25T34,ISCED11A_34_44,M,83.7708,,%
oecd-emp-rate-upper-secondary,LU,Luxembourg,2024,Y25T34,ISCED11A_34_44,M,78.0847,,%
oecd-emp-rate-upper-secondary,LV,Latvia,2014,Y25T34,ISCED11A_34_44,M,86.8122,,%
oecd-emp-rate-upper-secondary,LV,Latvia,2015,Y25T34,ISCED11A_34_44,M,84.2783,,%
oecd-emp-rate-upper-secondary,LV,Latvia,2016,Y25T34,ISCED11A_34_44,M,78.0142,,%
oecd-emp-rate-upper-secondary,LV,Latvia,2017,Y25T34,ISCED11A_34_44,M,84.9439,,%
oecd-emp-rate-upper-secondary,LV,Latvia,2018,Y25T34,ISCED11A_34_44,M,83.3631,,%
oecd-emp-rate-upper-secondary,LV,Latvia,2019,Y25T34,ISCED11A_34_44,M,85.7035,,%
oecd-emp-rate-upper-secondary,LV,Latvia,2020,Y25T34,ISCED11A_34_44,M,79.5152,,%
oecd-emp-rate-upper-secondary,LV,Latvia,2021,Y25T34,ISCED11A_34_44,M,76.2409,,%
oecd-emp-rate-upper-secondary,LV,Latvia,2022,Y25T34,ISCED11A_34_44,M,77.7071,,%
oecd-emp-rate-upper-secondary,LV,Latvia,2023,Y25T34,ISCED11A_34_44,M,82.2703,,%
oecd-emp-rate-upper-secondary,LV,Latvia,2024,Y25T34,ISCED11A_34_44,M,83.2549,,%
oecd-emp-rate-upper-secondary,LV,Latvia,2025,Y25T34,ISCED11A_34_44,M,84.5906,,%
oecd-emp-rate-upper-secondary,NL,Netherlands,2013,Y25T34,ISCED11A_34_44,M,82.7108,B,%
oecd-emp-rate-upper-secondary,NL,Netherlands,2014,Y25T34,ISCED11A_34_44,M,83.4951,,%
oecd-emp-rate-upper-secondary,NL,Netherlands,2015,Y25T34,ISCED11A_34_44,M,77.5304,,%
oecd-emp-rate-upper-secondary,NL,Netherlands,2016,Y25T34,ISCED11A_34_44,M,77.1798,,%
oecd-emp-rate-upper-secondary,NL,Netherlands,2017,Y25T34,ISCED11A_34_44,M,80.5894,,%
oecd-emp-rate-upper-secondary,NL,Netherlands,2018,Y25T34,ISCED11A_34_44,M,83.0698,,%
oecd-emp-rate-upper-secondary,NL,Netherlands,2019,Y25T34,ISCED11A_34_44,M,78.0464,,%
oecd-emp-rate-upper-secondary,NL,Netherlands,2020,Y25T34,ISCED11A_34_44,M,77.7332,,%
oecd-emp-rate-upper-secondary,NL,Netherlands,2021,Y25T34,ISCED11A_34_44,M,83.9738,,%
oecd-emp-rate-upper-secondary,NL,Netherlands,2022,Y25T34,ISCED11A_34_44,M,80.9031,,%
oecd-emp-rate-upper-secondary,NL,Netherlands,2023,Y25T34,ISCED11A_34_44,M,80.0564,,%
oecd-emp-rate-upper-secondary,NL,Netherlands,2024,Y25T34,ISCED11A_34_44,M,83.0258,,%
oecd-emp-rate-upper-secondary,NL,Netherlands,2025,Y25T34,ISCED11A_34_44,M,82.1632,,%
oecd-emp-rate-upper-secondary,NO,Norway,2014,Y25T34,ISCED11A_34_44,M,82.7004,,%
oecd-emp-rate-upper-secondary,NO,Norway,2015,Y25T34,ISCED11A_34_44,M,81.8533,,%
oecd-emp-rate-upper-secondary,NO,Norway,2016,Y25T34,ISCED11A_34_44,M,75.0,,%
oecd-emp-rate-upper-secondary,NO,Norway,2017,Y25T34,ISCED11A_34_44,M,74.1936,,%
oecd-emp-rate-upper-secondary,NO,Norway,2018,Y25T34,ISCED11A_34_44,M,78.9333,,%
oecd-emp-rate-upper-secondary,NO,Norway,2019,Y25T34,ISCED11A_34_44,M,80.3336,,%
oecd-emp-rate-upper-secondary,NO,Norway,2020,Y25T34,ISCED11A_34_44,M,72.0126,,%
oecd-emp-rate-upper-secondary,NO,Norway,2021,Y25T34,ISCED11A_34_44,M,71.875,,%
oecd-emp-rate-upper-secondary,NO,Norway,2022,Y25T34,ISCED11A_34_44,M,80.0,,%
oecd-emp-rate-upper-secondary,NO,Norway,2023,Y25T34,ISCED11A_34_44,M,77.5,,%
oecd-emp-rate-upper-secondary,NO,Norway,2024,Y25T34,ISCED11A_34_44,M,71.7949,,%
oecd-emp-rate-upper-secondary,NO,Norway,2025,Y25T34,ISCED11A_34_44,M,76.8421,,%
oecd-emp-rate-upper-secondary,PL,Poland,2014,Y25T34,ISCED11A_34_44,M,82.9851,,%
oecd-emp-rate-upper-secondary,PL,Poland,2015,Y25T34,ISCED11A_34_44,M,82.7485,,%
oecd-emp-rate-upper-secondary,PL,Poland,2016,Y25T34,ISCED11A_34_44,M,83.965,,%
oecd-emp-rate-upper-secondary,PL,Poland,2017,Y25T34,ISCED11A_34_44,M,86.7769,,%
oecd-emp-rate-upper-secondary,PL,Poland,2018,Y25T34,ISCED11A_34_44,M,88.0682,,%
oecd-emp-rate-upper-secondary,PL,Poland,2019,Y25T34,ISCED11A_34_44,M,91.0714,,%
oecd-emp-rate-upper-secondary,PL,Poland,2020,Y25T34,ISCED11A_34_44,M,90.6022,,%
oecd-emp-rate-upper-secondary,PL,Poland,2021,Y25T34,ISCED11A_34_44,M,89.2555,,%
oecd-emp-rate-upper-secondary,PL,Poland,2022,Y25T34,ISCED11A_34_44,M,88.7312,,%
oecd-emp-rate-upper-secondary,PL,Poland,2023,Y25T34,ISCED11A_34_44,M,90.8834,,%
oecd-emp-rate-upper-secondary,PL,Poland,2024,Y25T34,ISCED11A_34_44,M,90.2718,,%
oecd-emp-rate-upper-secondary,PL,Poland,2025,Y25T34,ISCED11A_34_44,M,89.8911,,%
oecd-emp-rate-upper-secondary,PT,Portugal,2014,Y25T34,ISCED11A_34_44,M,79.2391,,%
oecd-emp-rate-upper-secondary,PT,Portugal,2015,Y25T34,ISCED11A_34_44,M,76.5756,,%
oecd-emp-rate-upper-secondary,PT,Portugal,2016,Y25T34,ISCED11A_34_44,M,76.7796,,%
oecd-emp-rate-upper-secondary,PT,Portugal,2017,Y25T34,ISCED11A_34_44,M,79.4518,,%
oecd-emp-rate-upper-secondary,PT,Portugal,2018,Y25T34,ISCED11A_34_44,M,82.2519,,%
oecd-emp-rate-upper-secondary,PT,Portugal,2019,Y25T34,ISCED11A_34_44,M,82.5323,,%
oecd-emp-rate-upper-secondary,PT,Portugal,2020,Y25T34,ISCED11A_34_44,M,78.2112,,%
oecd-emp-rate-upper-secondary,PT,Portugal,2021,Y25T34,ISCED11A_34_44,M,76.4177,,%
oecd-emp-rate-upper-secondary,PT,Portugal,2022,Y25T34,ISCED11A_34_44,M,80.2434,,%
oecd-emp-rate-upper-secondary,PT,Portugal,2023,Y25T34,ISCED11A_34_44,M,84.9709,,%
oecd-emp-rate-upper-secondary,PT,Portugal,2024,Y25T34,ISCED11A_34_44,M,84.4624,,%
oecd-emp-rate-upper-secondary,PT,Portugal,2025,Y25T34,ISCED11A_34_44,M,84.3345,,%
oecd-emp-rate-upper-secondary,RO,Romania,2015,Y25T34,ISCED11A_34_44,M,79.8235,B,%
oecd-emp-rate-upper-secondary,RO,Romania,2019,Y25T34,ISCED11A_34_44,M,88.812,,%
oecd-emp-rate-upper-secondary,RO,Romania,2021,Y25T34,ISCED11A_34_44,M,86.2058,,%
oecd-emp-rate-upper-secondary,RO,Romania,2022,Y25T34,ISCED11A_34_44,M,88.5283,,%
oecd-emp-rate-upper-secondary,RO,Romania,2023,Y25T34,ISCED11A_34_44,M,88.1204,,%
oecd-emp-rate-upper-secondary,RO,Romania,2024,Y25T34,ISCED11A_34_44,M,85.7922,,%
oecd-emp-rate-upper-secondary,RO,Romania,2025,Y25T34,ISCED11A_34_44,M,86.861,,%
oecd-emp-rate-upper-secondary,SE,Sweden,2014,Y25T34,ISCED11A_34_44,M,79.1753,,%
oecd-emp-rate-upper-secondary,SE,Sweden,2015,Y25T34,ISCED11A_34_44,M,79.2194,,%
oecd-emp-rate-upper-secondary,SE,Sweden,2016,Y25T34,ISCED11A_34_44,M,78.0252,,%
oecd-emp-rate-upper-secondary,SE,Sweden,2017,Y25T34,ISCED11A_34_44,M,77.942,,%
oecd-emp-rate-upper-secondary,SE,Sweden,2018,Y25T34,ISCED11A_34_44,M,77.7871,,%
oecd-emp-rate-upper-secondary,SE,Sweden,2019,Y25T34,ISCED11A_34_44,M,74.7947,,%
oecd-emp-rate-upper-secondary,SE,Sweden,2020,Y25T34,ISCED11A_34_44,M,75.3696,,%
oecd-emp-rate-upper-secondary,SE,Sweden,2021,Y25T34,ISCED11A_34_44,M,72.9777,,%
oecd-emp-rate-upper-secondary,SE,Sweden,2022,Y25T34,ISCED11A_34_44,M,76.8329,,%
oecd-emp-rate-upper-secondary,SE,Sweden,2023,Y25T34,ISCED11A_34_44,M,76.1845,,%
oecd-emp-rate-upper-secondary,SE,Sweden,2024,Y25T34,ISCED11A_34_44,M,73.0495,,%
oecd-emp-rate-upper-secondary,SE,Sweden,2025,Y25T34,ISCED11A_34_44,M,74.2997,,%
oecd-emp-rate-upper-secondary,SI,Slovenia,2015,Y25T34,ISCED11A_34_44,M,72.9466,,%
oecd-emp-rate-upper-secondary,SI,Slovenia,2016,Y25T34,ISCED11A_34_44,M,69.9875,,%
oecd-emp-rate-upper-secondary,SI,Slovenia,2017,Y25T34,ISCED11A_34_44,M,77.9037,,%
oecd-emp-rate-upper-secondary,SI,Slovenia,2018,Y25T34,ISCED11A_34_44,M,78.7394,,%
oecd-emp-rate-upper-secondary,SI,Slovenia,2019,Y25T34,ISCED11A_34_44,M,85.2639,,%
oecd-emp-rate-upper-secondary,SI,Slovenia,2020,Y25T34,ISCED11A_34_44,M,77.226,,%
oecd-emp-rate-upper-secondary,SI,Slovenia,2021,Y25T34,ISCED11A_34_44,M,83.2719,,%
oecd-emp-rate-upper-secondary,SI,Slovenia,2022,Y25T34,ISCED11A_34_44,M,78.5668,,%
oecd-emp-rate-upper-secondary,SI,Slovenia,2023,Y25T34,ISCED11A_34_44,M,81.8182,,%
oecd-emp-rate-upper-secondary,SI,Slovenia,2024,Y25T34,ISCED11A_34_44,M,90.9454,,%
oecd-emp-rate-upper-secondary,SI,Slovenia,2025,Y25T34,ISCED11A_34_44,M,80.8798,,%
oecd-emp-rate-upper-secondary,SK,Slovakia,2014,Y25T34,ISCED11A_34_44,M,76.4924,,%
oecd-emp-rate-upper-secondary,SK,Slovakia,2015,Y25T34,ISCED11A_34_44,M,85.3058,,%
oecd-emp-rate-upper-secondary,SK,Slovakia,2016,Y25T34,ISCED11A_34_44,M,87.3003,,%
oecd-emp-rate-upper-secondary,SK,Slovakia,2017,Y25T34,ISCED11A_34_44,M,68.9836,,%
oecd-emp-rate-upper-secondary,SK,Slovakia,2018,Y25T34,ISCED11A_34_44,M,73.0401,,%
oecd-emp-rate-upper-secondary,SK,Slovakia,2019,Y25T34,ISCED11A_34_44,M,90.6136,,%
oecd-emp-rate-upper-secondary,SK,Slovakia,2020,Y25T34,ISCED11A_34_44,M,87.6487,,%
oecd-emp-rate-upper-secondary,SK,Slovakia,2021,Y25T34,ISCED11A_34_44,M,81.7271,,%
oecd-emp-rate-upper-secondary,SK,Slovakia,2022,Y25T34,ISCED11A_34_44,M,83.1061,,%
oecd-emp-rate-upper-secondary,SK,Slovakia,2023,Y25T34,ISCED11A_34_44,M,80.4964,,%
oecd-emp-rate-upper-secondary,SK,Slovakia,2024,Y25T34,ISCED11A_34_44,M,89.0703,,%
oecd-emp-rate-upper-secondary,SK,Slovakia,2025,Y25T34,ISCED11A_34_44,M,80.4527,,%
oecd-emp-rate-upper-secondary,TR,Türkiye,2014,Y25T34,ISCED11A_34_44,M,82.5619,,%
oecd-emp-rate-upper-secondary,TR,Türkiye,2015,Y25T34,ISCED11A_34_44,M,83.7004,,%
oecd-emp-rate-upper-secondary,TR,Türkiye,2016,Y25T34,ISCED11A_34_44,M,82.1101,,%
oecd-emp-rate-upper-secondary,TR,Türkiye,2017,Y25T34,ISCED11A_34_44,M,84.2474,,%
oecd-emp-rate-upper-secondary,TR,Türkiye,2018,Y25T34,ISCED11A_34_44,M,82.8639,,%
oecd-emp-rate-upper-secondary,TR,Türkiye,2019,Y25T34,ISCED11A_34_44,M,77.7245,,%
oecd-emp-rate-upper-secondary,TR,Türkiye,2021,Y25T34,ISCED11A_34_44,M,78.5631,,%
oecd-emp-rate-upper-secondary,TR,Türkiye,2022,Y25T34,ISCED11A_34_44,M,81.2437,,%
oecd-emp-rate-upper-secondary,TR,Türkiye,2023,Y25T34,ISCED11A_34_44,M,81.5596,,%
oecd-emp-rate-upper-secondary,TR,Türkiye,2024,Y25T34,ISCED11A_34_44,M,83.5125,,%
oecd-emp-rate-upper-secondary,TR,Türkiye,2025,Y25T34,ISCED11A_34_44,M,81.5672,,%
oecd-emp-rate-upper-secondary,UK,United Kingdom,2014,Y25T34,ISCED11A_34_44,M,88.3602,,%
oecd-emp-rate-upper-secondary,UK,United Kingdom,2015,Y25T34,ISCED11A_34_44,M,88.8955,,%
oecd-emp-rate-upper-secondary,UK,United Kingdom,2016,Y25T34,ISCED11A_34_44,M,87.2431,,%
oecd-emp-rate-upper-secondary,UK,United Kingdom,2017,Y25T34,ISCED11A_34_44,M,89.6854,,%
oecd-emp-rate-upper-secondary,UK,United Kingdom,2018,Y25T34,ISCED11A_34_44,M,91.4552,,%
oecd-emp-rate-upper-secondary,UK,United Kingdom,2019,Y25T34,ISCED11A_34_44,M,92.0903,,%
oecd-emp-rate-upper-secondary,UK,United Kingdom,2020,Y25T34,ISCED11A_34_44,M,89.4741,,%
oecd-emp-rate-upper-secondary,UK,United Kingdom,2021,Y25T34,ISCED11A_34_44,M,89.2465,,%
oecd-emp-rate-upper-secondary,UK,United Kingdom,2022,Y25T34,ISCED11A_34_44,M,89.9937,,%
oecd-emp-rate-upper-secondary,UK,United Kingdom,2023,Y25T34,ISCED11A_34_44,M,89.213,,%
oecd-emp-rate-upper-secondary,UK,United Kingdom,2024,Y25T34,ISCED11A_34_44,M,87.0816,,%
oecd-emp-rate-upper-secondary,UK,United Kingdom,2025,Y25T34,ISCED11A_34_44,M,86.3793,,%
oecd-emp-rate-upper-secondary,AT,Austria,2014,Y25T34,ISCED11A_34_44,_T,70.3164,,%
oecd-emp-rate-upper-secondary,AT,Austria,2015,Y25T34,ISCED11A_34_44,_T,70.8539,,%
oecd-emp-rate-upper-secondary,AT,Austria,2016,Y25T34,ISCED11A_34_44,_T,72.324,,%
oecd-emp-rate-upper-secondary,AT,Austria,2017,Y25T34,ISCED11A_34_44,_T,71.8093,,%
oecd-emp-rate-upper-secondary,AT,Austria,2018,Y25T34,ISCED11A_34_44,_T,72.5601,,%
oecd-emp-rate-upper-secondary,AT,Austria,2019,Y25T34,ISCED11A_34_44,_T,70.9642,,%
oecd-emp-rate-upper-secondary,AT,Austria,2020,Y25T34,ISCED11A_34_44,_T,67.4291,,%
oecd-emp-rate-upper-secondary,AT,Austria,2021,Y25T34,ISCED11A_34_44,_T,70.4584,,%
oecd-emp-rate-upper-secondary,AT,Austria,2022,Y25T34,ISCED11A_34_44,_T,74.209,,%
oecd-emp-rate-upper-secondary,AT,Austria,2023,Y25T34,ISCED11A_34_44,_T,73.2458,,%
oecd-emp-rate-upper-secondary,AT,Austria,2024,Y25T34,ISCED11A_34_44,_T,73.4843,,%
oecd-emp-rate-upper-secondary,AT,Austria,2025,Y25T34,ISCED11A_34_44,_T,74.605,,%
oecd-emp-rate-upper-secondary,BE,Belgium,2014,Y25T34,ISCED11A_34_44,_T,70.4894,,%
oecd-emp-rate-upper-secondary,BE,Belgium,2015,Y25T34,ISCED11A_34_44,_T,67.9973,,%
oecd-emp-rate-upper-secondary,BE,Belgium,2016,Y25T34,ISCED11A_34_44,_T,67.4828,,%
oecd-emp-rate-upper-secondary,BE,Belgium,2017,Y25T34,ISCED11A_34_44,_T,67.1843,,%
oecd-emp-rate-upper-secondary,BE,Belgium,2018,Y25T34,ISCED11A_34_44,_T,68.5748,,%
oecd-emp-rate-upper-secondary,BE,Belgium,2019,Y25T34,ISCED11A_34_44,_T,74.4871,,%
oecd-emp-rate-upper-secondary,BE,Belgium,2020,Y25T34,ISCED11A_34_44,_T,67.7476,,%
oecd-emp-rate-upper-secondary,BE,Belgium,2021,Y25T34,ISCED11A_34_44,_T,67.9596,,%
oecd-emp-rate-upper-secondary,BE,Belgium,2022,Y25T34,ISCED11A_34_44,_T,69.4327,,%
oecd-emp-rate-upper-secondary,BE,Belgium,2023,Y25T34,ISCED11A_34_44,_T,66.7267,,%
oecd-emp-rate-upper-secondary,BE,Belgium,2024,Y25T34,ISCED11A_34_44,_T,65.0084,,%
oecd-emp-rate-upper-secondary,BE,Belgium,2025,Y25T34,ISCED11A_34_44,_T,61.8322,,%
oecd-emp-rate-upper-secondary,BG,Bulgaria,2015,Y25T34,ISCED11A_34_44,_T,68.2353,,%
oecd-emp-rate-upper-secondary,BG,Bulgaria,2016,Y25T34,ISCED11A_34_44,_T,68.7586,,%
oecd-emp-rate-upper-secondary,BG,Bulgaria,2019,Y25T34,ISCED11A_34_44,_T,74.846,,%
oecd-emp-rate-upper-secondary,BG,Bulgaria,2022,Y25T34,ISCED11A_34_44,_T,72.8597,,%
oecd-emp-rate-upper-secondary,BG,Bulgaria,2023,Y25T34,ISCED11A_34_44,_T,74.0806,,%
oecd-emp-rate-upper-secondary,BG,Bulgaria,2024,Y25T34,ISCED11A_34_44,_T,76.0067,,%
oecd-emp-rate-upper-secondary,BG,Bulgaria,2025,Y25T34,ISCED11A_34_44,_T,74.502,,%
oecd-emp-rate-upper-secondary,CH,Switzerland,2014,Y25T34,ISCED11A_34_44,_T,76.6151,,%
oecd-emp-rate-upper-secondary,CH,Switzerland,2015,Y25T34,ISCED11A_34_44,_T,79.526,,%
oecd-emp-rate-upper-secondary,CH,Switzerland,2016,Y25T34,ISCED11A_34_44,_T,79.6416,,%
oecd-emp-rate-upper-secondary,CH,Switzerland,2017,Y25T34,ISCED11A_34_44,_T,78.7054,,%
oecd-emp-rate-upper-secondary,CH,Switzerland,2018,Y25T34,ISCED11A_34_44,_T,75.9739,,%
oecd-emp-rate-upper-secondary,CH,Switzerland,2019,Y25T34,ISCED11A_34_44,_T,75.2697,,%
oecd-emp-rate-upper-secondary,CH,Switzerland,2020,Y25T34,ISCED11A_34_44,_T,74.738,,%
oecd-emp-rate-upper-secondary,CH,Switzerland,2021,Y25T34,ISCED11A_34_44,_T,77.5723,,%
oecd-emp-rate-upper-secondary,CH,Switzerland,2022,Y25T34,ISCED11A_34_44,_T,81.6965,,%
oecd-emp-rate-upper-secondary,CH,Switzerland,2023,Y25T34,ISCED11A_34_44,_T,82.1271,,%
oecd-emp-rate-upper-secondary,CH,Switzerland,2024,Y25T34,ISCED11A_34_44,_T,78.8869,,%
oecd-emp-rate-upper-secondary,CH,Switzerland,2025,Y25T34,ISCED11A_34_44,_T,78.5311,,%
oecd-emp-rate-upper-secondary,CZ,Czechia,2018,Y25T34,ISCED11A_34_44,_T,80.9846,,%
oecd-emp-rate-upper-secondary,CZ,Czechia,2019,Y25T34,ISCED11A_34_44,_T,80.7464,,%
oecd-emp-rate-upper-secondary,CZ,Czechia,2020,Y25T34,ISCED11A_34_44,_T,80.4483,,%
oecd-emp-rate-upper-secondary,CZ,Czechia,2021,Y25T34,ISCED11A_34_44,_T,78.8304,,%
oecd-emp-rate-upper-secondary,CZ,Czechia,2022,Y25T34,ISCED11A_34_44,_T,80.2772,,%
oecd-emp-rate-upper-secondary,CZ,Czechia,2024,Y25T34,ISCED11A_34_44,_T,73.4434,,%
oecd-emp-rate-upper-secondary,DE,Germany,2014,Y25T34,ISCED11A_34_44,_T,53.746,,%
oecd-emp-rate-upper-secondary,DE,Germany,2015,Y25T34,ISCED11A_34_44,_T,54.0122,,%
oecd-emp-rate-upper-secondary,DE,Germany,2016,Y25T34,ISCED11A_34_44,_T,55.0112,,%
oecd-emp-rate-upper-secondary,DE,Germany,2017,Y25T34,ISCED11A_34_44,_T,57.138,,%
oecd-emp-rate-upper-secondary,DE,Germany,2018,Y25T34,ISCED11A_34_44,_T,58.5065,,%
oecd-emp-rate-upper-secondary,DE,Germany,2019,Y25T34,ISCED11A_34_44,_T,61.3399,,%
oecd-emp-rate-upper-secondary,DE,Germany,2020,Y25T34,ISCED11A_34_44,_T,64.0491,,%
oecd-emp-rate-upper-secondary,DE,Germany,2021,Y25T34,ISCED11A_34_44,_T,64.2395,,%
oecd-emp-rate-upper-secondary,DE,Germany,2022,Y25T34,ISCED11A_34_44,_T,67.0011,,%
oecd-emp-rate-upper-secondary,DE,Germany,2023,Y25T34,ISCED11A_34_44,_T,68.7294,,%
oecd-emp-rate-upper-secondary,DE,Germany,2024,Y25T34,ISCED11A_34_44,_T,69.176,,%
oecd-emp-rate-upper-secondary,DE,Germany,2025,Y25T34,ISCED11A_34_44,_T,66.9282,,%
oecd-emp-rate-upper-secondary,DK,Denmark,2010,Y25T34,ISCED11A_34_44,_T,71.547,,%
oecd-emp-rate-upper-secondary,DK,Denmark,2011,Y25T34,ISCED11A_34_44,_T,68.5896,,%
oecd-emp-rate-upper-secondary,DK,Denmark,2012,Y25T34,ISCED11A_34_44,_T,62.6279,,%
oecd-emp-rate-upper-secondary,DK,Denmark,2013,Y25T34,ISCED11A_34_44,_T,67.7186,,%
oecd-emp-rate-upper-secondary,DK,Denmark,2014,Y25T34,ISCED11A_34_44,_T,61.4882,,%
oecd-emp-rate-upper-secondary,DK,Denmark,2015,Y25T34,ISCED11A_34_44,_T,68.0785,,%
oecd-emp-rate-upper-secondary,DK,Denmark,2016,Y25T34,ISCED11A_34_44,_T,66.5,,%
oecd-emp-rate-upper-secondary,DK,Denmark,2017,Y25T34,ISCED11A_34_44,_T,64.8406,,%
oecd-emp-rate-upper-secondary,DK,Denmark,2018,Y25T34,ISCED11A_34_44,_T,64.3638,,%
oecd-emp-rate-upper-secondary,DK,Denmark,2019,Y25T34,ISCED11A_34_44,_T,66.0153,,%
oecd-emp-rate-upper-secondary,DK,Denmark,2020,Y25T34,ISCED11A_34_44,_T,67.7138,,%
oecd-emp-rate-upper-secondary,DK,Denmark,2021,Y25T34,ISCED11A_34_44,_T,66.3619,,%
oecd-emp-rate-upper-secondary,DK,Denmark,2022,Y25T34,ISCED11A_34_44,_T,71.8838,,%
oecd-emp-rate-upper-secondary,DK,Denmark,2023,Y25T34,ISCED11A_34_44,_T,64.9171,,%
oecd-emp-rate-upper-secondary,DK,Denmark,2024,Y25T34,ISCED11A_34_44,_T,68.835,,%
oecd-emp-rate-upper-secondary,DK,Denmark,2025,Y25T34,ISCED11A_34_44,_T,66.6141,B,%
oecd-emp-rate-upper-secondary,EE,Estonia,2014,Y25T34,ISCED11A_34_44,_T,72.5525,,%
oecd-emp-rate-upper-secondary,EE,Estonia,2015,Y25T34,ISCED11A_34_44,_T,81.1028,,%
oecd-emp-rate-upper-secondary,EE,Estonia,2016,Y25T34,ISCED11A_34_44,_T,76.7797,,%
oecd-emp-rate-upper-secondary,EE,Estonia,2017,Y25T34,ISCED11A_34_44,_T,81.2381,,%
oecd-emp-rate-upper-secondary,EE,Estonia,2018,Y25T34,ISCED11A_34_44,_T,82.2133,,%
oecd-emp-rate-upper-secondary,EE,Estonia,2019,Y25T34,ISCED11A_34_44,_T,81.9245,,%
oecd-emp-rate-upper-secondary,EE,Estonia,2020,Y25T34,ISCED11A_34_44,_T,78.604,,%
oecd-emp-rate-upper-secondary,EE,Estonia,2021,Y25T34,ISCED11A_34_44,_T,79.6867,,%
oecd-emp-rate-upper-secondary,EE,Estonia,2022,Y25T34,ISCED11A_34_44,_T,88.6353,,%
oecd-emp-rate-upper-secondary,EE,Estonia,2023,Y25T34,ISCED11A_34_44,_T,85.2432,,%
oecd-emp-rate-upper-secondary,EE,Estonia,2024,Y25T34,ISCED11A_34_44,_T,82.6916,,%
oecd-emp-rate-upper-secondary,EE,Estonia,2025,Y25T34,ISCED11A_34_44,_T,82.2407,,%
oecd-emp-rate-upper-secondary,EL,Greece,2010,Y25T34,ISCED11A_34_44,_T,66.0544,B,%
oecd-emp-rate-upper-secondary,EL,Greece,2011,Y25T34,ISCED11A_34_44,_T,61.5024,B,%
oecd-emp-rate-upper-secondary,EL,Greece,2012,Y25T34,ISCED11A_34_44,_T,53.6006,B,%
oecd-emp-rate-upper-secondary,EL,Greece,2013,Y25T34,ISCED11A_34_44,_T,52.6217,B,%
oecd-emp-rate-upper-secondary,EL,Greece,2014,Y25T34,ISCED11A_34_44,_T,53.1988,,%
oecd-emp-rate-upper-secondary,EL,Greece,2015,Y25T34,ISCED11A_34_44,_T,54.0928,,%
oecd-emp-rate-upper-secondary,EL,Greece,2016,Y25T34,ISCED11A_34_44,_T,56.287,,%
oecd-emp-rate-upper-secondary,EL,Greece,2017,Y25T34,ISCED11A_34_44,_T,56.142,,%
oecd-emp-rate-upper-secondary,EL,Greece,2018,Y25T34,ISCED11A_34_44,_T,58.5127,,%
oecd-emp-rate-upper-secondary,EL,Greece,2019,Y25T34,ISCED11A_34_44,_T,61.5028,,%
oecd-emp-rate-upper-secondary,EL,Greece,2020,Y25T34,ISCED11A_34_44,_T,57.5951,,%
oecd-emp-rate-upper-secondary,EL,Greece,2021,Y25T34,ISCED11A_34_44,_T,58.13,,%
oecd-emp-rate-upper-secondary,EL,Greece,2022,Y25T34,ISCED11A_34_44,_T,60.989,,%
oecd-emp-rate-upper-secondary,EL,Greece,2023,Y25T34,ISCED11A_34_44,_T,59.4182,,%
oecd-emp-rate-upper-secondary,EL,Greece,2024,Y25T34,ISCED11A_34_44,_T,61.8162,,%
oecd-emp-rate-upper-secondary,EL,Greece,2025,Y25T34,ISCED11A_34_44,_T,65.2356,,%
oecd-emp-rate-upper-secondary,ES,Spain,2014,Y25T34,ISCED11A_34_44,_T,62.1321,,%
oecd-emp-rate-upper-secondary,ES,Spain,2015,Y25T34,ISCED11A_34_44,_T,62.7746,,%
oecd-emp-rate-upper-secondary,ES,Spain,2016,Y25T34,ISCED11A_34_44,_T,63.0573,,%
oecd-emp-rate-upper-secondary,ES,Spain,2017,Y25T34,ISCED11A_34_44,_T,64.8167,,%
oecd-emp-rate-upper-secondary,ES,Spain,2018,Y25T34,ISCED11A_34_44,_T,62.4322,,%
oecd-emp-rate-upper-secondary,ES,Spain,2019,Y25T34,ISCED11A_34_44,_T,66.4026,,%
oecd-emp-rate-upper-secondary,ES,Spain,2020,Y25T34,ISCED11A_34_44,_T,58.7338,,%
oecd-emp-rate-upper-secondary,ES,Spain,2021,Y25T34,ISCED11A_34_44,_T,63.9496,,%
oecd-emp-rate-upper-secondary,ES,Spain,2022,Y25T34,ISCED11A_34_44,_T,64.7798,,%
oecd-emp-rate-upper-secondary,ES,Spain,2023,Y25T34,ISCED11A_34_44,_T,64.8595,,%
oecd-emp-rate-upper-secondary,ES,Spain,2024,Y25T34,ISCED11A_34_44,_T,67.8495,,%
oecd-emp-rate-upper-secondary,ES,Spain,2025,Y25T34,ISCED11A_34_44,_T,69.317,,%
oecd-emp-rate-upper-secondary,FI,Finland,2014,Y25T34,ISCED11A_34_44,_T,69.1229,,%
oecd-emp-rate-upper-secondary,FI,Finland,2015,Y25T34,ISCED11A_34_44,_T,67.2865,,%
oecd-emp-rate-upper-secondary,FI,Finland,2016,Y25T34,ISCED11A_34_44,_T,66.1972,,%
oecd-emp-rate-upper-secondary,FI,Finland,2017,Y25T34,ISCED11A_34_44,_T,66.6667,,%
oecd-emp-rate-upper-secondary,FI,Finland,2018,Y25T34,ISCED11A_34_44,_T,69.2308,,%
oecd-emp-rate-upper-secondary,FI,Finland,2019,Y25T34,ISCED11A_34_44,_T,68.8312,,%
oecd-emp-rate-upper-secondary,FI,Finland,2020,Y25T34,ISCED11A_34_44,_T,63.2911,,%
oecd-emp-rate-upper-secondary,FI,Finland,2021,Y25T34,ISCED11A_34_44,_T,67.4157,,%
oecd-emp-rate-upper-secondary,FI,Finland,2022,Y25T34,ISCED11A_34_44,_T,67.7778,,%
oecd-emp-rate-upper-secondary,FI,Finland,2023,Y25T34,ISCED11A_34_44,_T,68.8172,,%
oecd-emp-rate-upper-secondary,FI,Finland,2024,Y25T34,ISCED11A_34_44,_T,64.3678,,%
oecd-emp-rate-upper-secondary,FI,Finland,2025,Y25T34,ISCED11A_34_44,_T,64.2105,,%
oecd-emp-rate-upper-secondary,FR,France,2013,Y25T34,ISCED11A_34_44,_T,75.0152,,%
oecd-emp-rate-upper-secondary,FR,France,2014,Y25T34,ISCED11A_34_44,_T,72.8398,,%
oecd-emp-rate-upper-secondary,FR,France,2015,Y25T34,ISCED11A_34_44,_T,72.9476,,%
oecd-emp-rate-upper-secondary,FR,France,2016,Y25T34,ISCED11A_34_44,_T,70.6445,,%
oecd-emp-rate-upper-secondary,FR,France,2017,Y25T34,ISCED11A_34_44,_T,70.8744,,%
oecd-emp-rate-upper-secondary,FR,France,2018,Y25T34,ISCED11A_34_44,_T,71.2606,,%
oecd-emp-rate-upper-secondary,FR,France,2019,Y25T34,ISCED11A_34_44,_T,71.635,,%
oecd-emp-rate-upper-secondary,FR,France,2020,Y25T34,ISCED11A_34_44,_T,69.4611,,%
oecd-emp-rate-upper-secondary,FR,France,2021,Y25T34,ISCED11A_34_44,_T,72.6124,,%
oecd-emp-rate-upper-secondary,FR,France,2022,Y25T34,ISCED11A_34_44,_T,74.4643,,%
oecd-emp-rate-upper-secondary,FR,France,2023,Y25T34,ISCED11A_34_44,_T,75.0852,,%
oecd-emp-rate-upper-secondary,FR,France,2024,Y25T34,ISCED11A_34_44,_T,71.5922,,%
oecd-emp-rate-upper-secondary,FR,France,2025,Y25T34,ISCED11A_34_44,_T,69.2174,,%
oecd-emp-rate-upper-secondary,HR,Croatia,2015,Y25T34,ISCED11A_34_44,_T,47.0044,,%
oecd-emp-rate-upper-secondary,HR,Croatia,2016,Y25T34,ISCED11A_34_44,_T,53.8462,,%
oecd-emp-rate-upper-secondary,HR,Croatia,2019,Y25T34,ISCED11A_34_44,_T,53.2839,,%
oecd-emp-rate-upper-secondary,HR,Croatia,2023,Y25T34,ISCED11A_34_44,_T,61.5385,,%
oecd-emp-rate-upper-secondary,HR,Croatia,2024,Y25T34,ISCED11A_34_44,_T,58.5829,,%
oecd-emp-rate-upper-secondary,HR,Croatia,2025,Y25T34,ISCED11A_34_44,_T,51.9835,U,%
oecd-emp-rate-upper-secondary,HU,Hungary,2014,Y25T34,ISCED11A_34_44,_T,70.6186,,%
oecd-emp-rate-upper-secondary,HU,Hungary,2015,Y25T34,ISCED11A_34_44,_T,70.9414,,%
oecd-emp-rate-upper-secondary,HU,Hungary,2016,Y25T34,ISCED11A_34_44,_T,74.323,,%
oecd-emp-rate-upper-secondary,HU,Hungary,2017,Y25T34,ISCED11A_34_44,_T,75.01,,%
oecd-emp-rate-upper-secondary,HU,Hungary,2018,Y25T34,ISCED11A_34_44,_T,73.7623,,%
oecd-emp-rate-upper-secondary,HU,Hungary,2019,Y25T34,ISCED11A_34_44,_T,76.409,,%
oecd-emp-rate-upper-secondary,HU,Hungary,2020,Y25T34,ISCED11A_34_44,_T,73.4784,,%
oecd-emp-rate-upper-secondary,HU,Hungary,2021,Y25T34,ISCED11A_34_44,_T,77.2868,,%
oecd-emp-rate-upper-secondary,HU,Hungary,2022,Y25T34,ISCED11A_34_44,_T,79.7561,,%
oecd-emp-rate-upper-secondary,HU,Hungary,2023,Y25T34,ISCED11A_34_44,_T,82.642,,%
oecd-emp-rate-upper-secondary,HU,Hungary,2024,Y25T34,ISCED11A_34_44,_T,82.6432,,%
oecd-emp-rate-upper-secondary,HU,Hungary,2025,Y25T34,ISCED11A_34_44,_T,78.1826,,%
oecd-emp-rate-upper-secondary,IE,Ireland,2014,Y25T34,ISCED11A_34_44,_T,66.1073,,%
oecd-emp-rate-upper-secondary,IE,Ireland,2015,Y25T34,ISCED11A_34_44,_T,66.5772,,%
oecd-emp-rate-upper-secondary,IE,Ireland,2017,Y25T34,ISCED11A_34_44,_T,70.8952,,%
oecd-emp-rate-upper-secondary,IE,Ireland,2019,Y25T34,ISCED11A_34_44,_T,76.9525,,%
oecd-emp-rate-upper-secondary,IE,Ireland,2020,Y25T34,ISCED11A_34_44,_T,67.6324,,%
oecd-emp-rate-upper-secondary,IE,Ireland,2022,Y25T34,ISCED11A_34_44,_T,72.8564,W,%
oecd-emp-rate-upper-secondary,IE,Ireland,2023,Y25T34,ISCED11A_34_44,_T,73.5767,,%
oecd-emp-rate-upper-secondary,IE,Ireland,2024,Y25T34,ISCED11A_34_44,_T,74.7429,,%
oecd-emp-rate-upper-secondary,IE,Ireland,2025,Y25T34,ISCED11A_34_44,_T,76.7904,,%
oecd-emp-rate-upper-secondary,IS,Iceland,2010,Y25T34,ISCED11A_34_44,_T,60.8905,,%
oecd-emp-rate-upper-secondary,IS,Iceland,2011,Y25T34,ISCED11A_34_44,_T,64.1662,,%
oecd-emp-rate-upper-secondary,IS,Iceland,2012,Y25T34,ISCED11A_34_44,_T,69.9072,,%
oecd-emp-rate-upper-secondary,IS,Iceland,2013,Y25T34,ISCED11A_34_44,_T,72.4693,,%
oecd-emp-rate-upper-secondary,IS,Iceland,2014,Y25T34,ISCED11A_34_44,_T,67.4308,,%
oecd-emp-rate-upper-secondary,IS,Iceland,2015,Y25T34,ISCED11A_34_44,_T,73.1801,,%
oecd-emp-rate-upper-secondary,IS,Iceland,2016,Y25T34,ISCED11A_34_44,_T,78.3338,,%
oecd-emp-rate-upper-secondary,IS,Iceland,2017,Y25T34,ISCED11A_34_44,_T,76.5951,,%
oecd-emp-rate-upper-secondary,IS,Iceland,2018,Y25T34,ISCED11A_34_44,_T,74.5865,,%
oecd-emp-rate-upper-secondary,IS,Iceland,2019,Y25T34,ISCED11A_34_44,_T,75.0602,,%
oecd-emp-rate-upper-secondary,IS,Iceland,2020,Y25T34,ISCED11A_34_44,_T,76.5928,,%
oecd-emp-rate-upper-secondary,IS,Iceland,2021,Y25T34,ISCED11A_34_44,_T,75.7317,,%
oecd-emp-rate-upper-secondary,IS,Iceland,2022,Y25T34,ISCED11A_34_44,_T,76.4531,,%
oecd-emp-rate-upper-secondary,IS,Iceland,2023,Y25T34,ISCED11A_34_44,_T,80.8385,,%
oecd-emp-rate-upper-secondary,IT,Italy,2014,Y25T34,ISCED11A_34_44,_T,50.7071,,%
oecd-emp-rate-upper-secondary,IT,Italy,2015,Y25T34,ISCED11A_34_44,_T,48.9965,,%
oecd-emp-rate-upper-secondary,IT,Italy,2016,Y25T34,ISCED11A_34_44,_T,49.1607,,%
oecd-emp-rate-upper-secondary,IT,Italy,2017,Y25T34,ISCED11A_34_44,_T,49.1627,,%
oecd-emp-rate-upper-secondary,IT,Italy,2018,Y25T34,ISCED11A_34_44,_T,48.232,,%
oecd-emp-rate-upper-secondary,IT,Italy,2019,Y25T34,ISCED11A_34_44,_T,50.8804,,%
oecd-emp-rate-upper-secondary,IT,Italy,2020,Y25T34,ISCED11A_34_44,_T,48.5579,,%
oecd-emp-rate-upper-secondary,IT,Italy,2021,Y25T34,ISCED11A_34_44,_T,50.5002,,%
oecd-emp-rate-upper-secondary,IT,Italy,2022,Y25T34,ISCED11A_34_44,_T,54.3692,,%
oecd-emp-rate-upper-secondary,IT,Italy,2023,Y25T34,ISCED11A_34_44,_T,55.7198,,%
oecd-emp-rate-upper-secondary,IT,Italy,2024,Y25T34,ISCED11A_34_44,_T,56.086,,%
oecd-emp-rate-upper-secondary,IT,Italy,2025,Y25T34,ISCED11A_34_44,_T,55.7173,,%
oecd-emp-rate-upper-secondary,LT,Lithuania,2014,Y25T34,ISCED11A_34_44,_T,74.1661,,%
oecd-emp-rate-upper-secondary,LT,Lithuania,2015,Y25T34,ISCED11A_34_44,_T,75.6061,,%
oecd-emp-rate-upper-secondary,LT,Lithuania,2016,Y25T34,ISCED11A_34_44,_T,71.01,,%
oecd-emp-rate-upper-secondary,LT,Lithuania,2017,Y25T34,ISCED11A_34_44,_T,74.8548,,%
oecd-emp-rate-upper-secondary,LT,Lithuania,2018,Y25T34,ISCED11A_34_44,_T,74.8311,,%
oecd-emp-rate-upper-secondary,LT,Lithuania,2019,Y25T34,ISCED11A_34_44,_T,76.9271,,%
oecd-emp-rate-upper-secondary,LT,Lithuania,2020,Y25T34,ISCED11A_34_44,_T,76.2674,,%
oecd-emp-rate-upper-secondary,LT,Lithuania,2021,Y25T34,ISCED11A_34_44,_T,79.6237,,%
oecd-emp-rate-upper-secondary,LT,Lithuania,2022,Y25T34,ISCED11A_34_44,_T,82.1375,,%
oecd-emp-rate-upper-secondary,LT,Lithuania,2023,Y25T34,ISCED11A_34_44,_T,78.9053,,%
oecd-emp-rate-upper-secondary,LT,Lithuania,2024,Y25T34,ISCED11A_34_44,_T,80.7234,,%
oecd-emp-rate-upper-secondary,LT,Lithuania,2025,Y25T34,ISCED11A_34_44,_T,80.6048,,%
oecd-emp-rate-upper-secondary,LU,Luxembourg,2014,Y25T34,ISCED11A_34_44,_T,75.1487,,%
oecd-emp-rate-upper-secondary,LU,Luxembourg,2015,Y25T34,ISCED11A_34_44,_T,80.1244,U,%
oecd-emp-rate-upper-secondary,LU,Luxembourg,2017,Y25T34,ISCED11A_34_44,_T,83.8517,,%
oecd-emp-rate-upper-secondary,LU,Luxembourg,2018,Y25T34,ISCED11A_34_44,_T,84.2057,,%
oecd-emp-rate-upper-secondary,LU,Luxembourg,2019,Y25T34,ISCED11A_34_44,_T,79.1084,,%
oecd-emp-rate-upper-secondary,LU,Luxembourg,2020,Y25T34,ISCED11A_34_44,_T,79.9469,,%
oecd-emp-rate-upper-secondary,LU,Luxembourg,2022,Y25T34,ISCED11A_34_44,_T,85.3558,,%
oecd-emp-rate-upper-secondary,LU,Luxembourg,2023,Y25T34,ISCED11A_34_44,_T,83.5044,,%
oecd-emp-rate-upper-secondary,LU,Luxembourg,2024,Y25T34,ISCED11A_34_44,_T,78.8874,,%
oecd-emp-rate-upper-secondary,LV,Latvia,2014,Y25T34,ISCED11A_34_44,_T,76.0644,,%
oecd-emp-rate-upper-secondary,LV,Latvia,2015,Y25T34,ISCED11A_34_44,_T,78.194,,%
oecd-emp-rate-upper-secondary,LV,Latvia,2016,Y25T34,ISCED11A_34_44,_T,72.6768,,%
oecd-emp-rate-upper-secondary,LV,Latvia,2017,Y25T34,ISCED11A_34_44,_T,78.1775,,%
oecd-emp-rate-upper-secondary,LV,Latvia,2018,Y25T34,ISCED11A_34_44,_T,74.8156,,%
oecd-emp-rate-upper-secondary,LV,Latvia,2019,Y25T34,ISCED11A_34_44,_T,78.3838,,%
oecd-emp-rate-upper-secondary,LV,Latvia,2020,Y25T34,ISCED11A_34_44,_T,76.5579,,%
oecd-emp-rate-upper-secondary,LV,Latvia,2021,Y25T34,ISCED11A_34_44,_T,71.1183,,%
oecd-emp-rate-upper-secondary,LV,Latvia,2022,Y25T34,ISCED11A_34_44,_T,72.9641,,%
oecd-emp-rate-upper-secondary,LV,Latvia,2023,Y25T34,ISCED11A_34_44,_T,76.8313,,%
oecd-emp-rate-upper-secondary,LV,Latvia,2024,Y25T34,ISCED11A_34_44,_T,76.4616,,%
oecd-emp-rate-upper-secondary,LV,Latvia,2025,Y25T34,ISCED11A_34_44,_T,79.3121,,%
oecd-emp-rate-upper-secondary,NL,Netherlands,2013,Y25T34,ISCED11A_34_44,_T,76.9708,B,%
oecd-emp-rate-upper-secondary,NL,Netherlands,2014,Y25T34,ISCED11A_34_44,_T,77.3196,,%
oecd-emp-rate-upper-secondary,NL,Netherlands,2015,Y25T34,ISCED11A_34_44,_T,75.4789,,%
oecd-emp-rate-upper-secondary,NL,Netherlands,2016,Y25T34,ISCED11A_34_44,_T,74.3288,,%
oecd-emp-rate-upper-secondary,NL,Netherlands,2017,Y25T34,ISCED11A_34_44,_T,76.0152,,%
oecd-emp-rate-upper-secondary,NL,Netherlands,2018,Y25T34,ISCED11A_34_44,_T,80.2284,,%
oecd-emp-rate-upper-secondary,NL,Netherlands,2019,Y25T34,ISCED11A_34_44,_T,77.0648,,%
oecd-emp-rate-upper-secondary,NL,Netherlands,2020,Y25T34,ISCED11A_34_44,_T,75.1642,,%
oecd-emp-rate-upper-secondary,NL,Netherlands,2021,Y25T34,ISCED11A_34_44,_T,77.4137,,%
oecd-emp-rate-upper-secondary,NL,Netherlands,2022,Y25T34,ISCED11A_34_44,_T,76.6033,,%
oecd-emp-rate-upper-secondary,NL,Netherlands,2023,Y25T34,ISCED11A_34_44,_T,75.8521,,%
oecd-emp-rate-upper-secondary,NL,Netherlands,2024,Y25T34,ISCED11A_34_44,_T,79.5294,,%
oecd-emp-rate-upper-secondary,NL,Netherlands,2025,Y25T34,ISCED11A_34_44,_T,78.775,,%
oecd-emp-rate-upper-secondary,NO,Norway,2014,Y25T34,ISCED11A_34_44,_T,74.4731,,%
oecd-emp-rate-upper-secondary,NO,Norway,2015,Y25T34,ISCED11A_34_44,_T,72.2838,,%
oecd-emp-rate-upper-secondary,NO,Norway,2016,Y25T34,ISCED11A_34_44,_T,73.2394,,%
oecd-emp-rate-upper-secondary,NO,Norway,2017,Y25T34,ISCED11A_34_44,_T,69.5853,,%
oecd-emp-rate-upper-secondary,NO,Norway,2018,Y25T34,ISCED11A_34_44,_T,70.5658,,%
oecd-emp-rate-upper-secondary,NO,Norway,2019,Y25T34,ISCED11A_34_44,_T,73.77,,%
oecd-emp-rate-upper-secondary,NO,Norway,2020,Y25T34,ISCED11A_34_44,_T,66.1901,,%
oecd-emp-rate-upper-secondary,NO,Norway,2021,Y25T34,ISCED11A_34_44,_T,67.2414,,%
oecd-emp-rate-upper-secondary,NO,Norway,2022,Y25T34,ISCED11A_34_44,_T,74.6032,,%
oecd-emp-rate-upper-secondary,NO,Norway,2023,Y25T34,ISCED11A_34_44,_T,75.0,,%
oecd-emp-rate-upper-secondary,NO,Norway,2024,Y25T34,ISCED11A_34_44,_T,73.5294,,%
oecd-emp-rate-upper-secondary,NO,Norway,2025,Y25T34,ISCED11A_34_44,_T,73.9496,,%
oecd-emp-rate-upper-secondary,PL,Poland,2014,Y25T34,ISCED11A_34_44,_T,70.5438,,%
oecd-emp-rate-upper-secondary,PL,Poland,2015,Y25T34,ISCED11A_34_44,_T,72.3468,,%
oecd-emp-rate-upper-secondary,PL,Poland,2016,Y25T34,ISCED11A_34_44,_T,72.7414,,%
oecd-emp-rate-upper-secondary,PL,Poland,2017,Y25T34,ISCED11A_34_44,_T,73.4421,,%
oecd-emp-rate-upper-secondary,PL,Poland,2018,Y25T34,ISCED11A_34_44,_T,74.9627,,%
oecd-emp-rate-upper-secondary,PL,Poland,2019,Y25T34,ISCED11A_34_44,_T,76.1765,,%
oecd-emp-rate-upper-secondary,PL,Poland,2020,Y25T34,ISCED11A_34_44,_T,76.5533,,%
oecd-emp-rate-upper-secondary,PL,Poland,2021,Y25T34,ISCED11A_34_44,_T,77.8613,,%
oecd-emp-rate-upper-secondary,PL,Poland,2022,Y25T34,ISCED11A_34_44,_T,78.1321,,%
oecd-emp-rate-upper-secondary,PL,Poland,2023,Y25T34,ISCED11A_34_44,_T,81.0067,,%
oecd-emp-rate-upper-secondary,PL,Poland,2024,Y25T34,ISCED11A_34_44,_T,79.838,,%
oecd-emp-rate-upper-secondary,PL,Poland,2025,Y25T34,ISCED11A_34_44,_T,80.6041,,%
oecd-emp-rate-upper-secondary,PT,Portugal,2014,Y25T34,ISCED11A_34_44,_T,76.8535,,%
oecd-emp-rate-upper-secondary,PT,Portugal,2015,Y25T34,ISCED11A_34_44,_T,77.2215,,%
oecd-emp-rate-upper-secondary,PT,Portugal,2016,Y25T34,ISCED11A_34_44,_T,77.7022,,%
oecd-emp-rate-upper-secondary,PT,Portugal,2017,Y25T34,ISCED11A_34_44,_T,80.8796,,%
oecd-emp-rate-upper-secondary,PT,Portugal,2018,Y25T34,ISCED11A_34_44,_T,82.165,,%
oecd-emp-rate-upper-secondary,PT,Portugal,2019,Y25T34,ISCED11A_34_44,_T,83.354,,%
oecd-emp-rate-upper-secondary,PT,Portugal,2020,Y25T34,ISCED11A_34_44,_T,78.6999,,%
oecd-emp-rate-upper-secondary,PT,Portugal,2021,Y25T34,ISCED11A_34_44,_T,76.1865,,%
oecd-emp-rate-upper-secondary,PT,Portugal,2022,Y25T34,ISCED11A_34_44,_T,78.9415,,%
oecd-emp-rate-upper-secondary,PT,Portugal,2023,Y25T34,ISCED11A_34_44,_T,83.2512,,%
oecd-emp-rate-upper-secondary,PT,Portugal,2024,Y25T34,ISCED11A_34_44,_T,82.1259,,%
oecd-emp-rate-upper-secondary,PT,Portugal,2025,Y25T34,ISCED11A_34_44,_T,82.6541,,%
oecd-emp-rate-upper-secondary,RO,Romania,2015,Y25T34,ISCED11A_34_44,_T,71.2825,B,%
oecd-emp-rate-upper-secondary,RO,Romania,2019,Y25T34,ISCED11A_34_44,_T,79.7005,,%
oecd-emp-rate-upper-secondary,RO,Romania,2021,Y25T34,ISCED11A_34_44,_T,74.1617,,%
oecd-emp-rate-upper-secondary,RO,Romania,2022,Y25T34,ISCED11A_34_44,_T,78.4088,,%
oecd-emp-rate-upper-secondary,RO,Romania,2023,Y25T34,ISCED11A_34_44,_T,78.3584,,%
oecd-emp-rate-upper-secondary,RO,Romania,2024,Y25T34,ISCED11A_34_44,_T,74.3586,,%
oecd-emp-rate-upper-secondary,RO,Romania,2025,Y25T34,ISCED11A_34_44,_T,77.7169,,%
oecd-emp-rate-upper-secondary,SE,Sweden,2014,Y25T34,ISCED11A_34_44,_T,76.4641,,%
oecd-emp-rate-upper-secondary,SE,Sweden,2015,Y25T34,ISCED11A_34_44,_T,75.9188,,%
oecd-emp-rate-upper-secondary,SE,Sweden,2016,Y25T34,ISCED11A_34_44,_T,75.5741,,%
oecd-emp-rate-upper-secondary,SE,Sweden,2017,Y25T34,ISCED11A_34_44,_T,75.1113,,%
oecd-emp-rate-upper-secondary,SE,Sweden,2018,Y25T34,ISCED11A_34_44,_T,75.021,,%
oecd-emp-rate-upper-secondary,SE,Sweden,2019,Y25T34,ISCED11A_34_44,_T,71.8184,,%
oecd-emp-rate-upper-secondary,SE,Sweden,2020,Y25T34,ISCED11A_34_44,_T,72.3602,,%
oecd-emp-rate-upper-secondary,SE,Sweden,2021,Y25T34,ISCED11A_34_44,_T,70.8977,,%
oecd-emp-rate-upper-secondary,SE,Sweden,2022,Y25T34,ISCED11A_34_44,_T,74.6268,,%
oecd-emp-rate-upper-secondary,SE,Sweden,2023,Y25T34,ISCED11A_34_44,_T,75.1738,,%
oecd-emp-rate-upper-secondary,SE,Sweden,2024,Y25T34,ISCED11A_34_44,_T,71.6901,,%
oecd-emp-rate-upper-secondary,SE,Sweden,2025,Y25T34,ISCED11A_34_44,_T,69.0014,,%
oecd-emp-rate-upper-secondary,SI,Slovenia,2014,Y25T34,ISCED11A_34_44,_T,47.5487,U,%
oecd-emp-rate-upper-secondary,SI,Slovenia,2015,Y25T34,ISCED11A_34_44,_T,65.6529,,%
oecd-emp-rate-upper-secondary,SI,Slovenia,2016,Y25T34,ISCED11A_34_44,_T,68.2832,,%
oecd-emp-rate-upper-secondary,SI,Slovenia,2017,Y25T34,ISCED11A_34_44,_T,74.5998,,%
oecd-emp-rate-upper-secondary,SI,Slovenia,2018,Y25T34,ISCED11A_34_44,_T,74.442,,%
oecd-emp-rate-upper-secondary,SI,Slovenia,2019,Y25T34,ISCED11A_34_44,_T,77.9155,,%
oecd-emp-rate-upper-secondary,SI,Slovenia,2020,Y25T34,ISCED11A_34_44,_T,74.6657,,%
oecd-emp-rate-upper-secondary,SI,Slovenia,2021,Y25T34,ISCED11A_34_44,_T,75.3702,,%
oecd-emp-rate-upper-secondary,SI,Slovenia,2022,Y25T34,ISCED11A_34_44,_T,76.0001,,%
oecd-emp-rate-upper-secondary,SI,Slovenia,2023,Y25T34,ISCED11A_34_44,_T,78.9474,,%
oecd-emp-rate-upper-secondary,SI,Slovenia,2024,Y25T34,ISCED11A_34_44,_T,82.5972,,%
oecd-emp-rate-upper-secondary,SI,Slovenia,2025,Y25T34,ISCED11A_34_44,_T,77.7209,,%
oecd-emp-rate-upper-secondary,SK,Slovakia,2014,Y25T34,ISCED11A_34_44,_T,63.9235,,%
oecd-emp-rate-upper-secondary,SK,Slovakia,2015,Y25T34,ISCED11A_34_44,_T,69.395,,%
oecd-emp-rate-upper-secondary,SK,Slovakia,2016,Y25T34,ISCED11A_34_44,_T,72.412,,%
oecd-emp-rate-upper-secondary,SK,Slovakia,2017,Y25T34,ISCED11A_34_44,_T,62.1862,,%
oecd-emp-rate-upper-secondary,SK,Slovakia,2018,Y25T34,ISCED11A_34_44,_T,65.4725,,%
oecd-emp-rate-upper-secondary,SK,Slovakia,2019,Y25T34,ISCED11A_34_44,_T,77.3877,,%
oecd-emp-rate-upper-secondary,SK,Slovakia,2020,Y25T34,ISCED11A_34_44,_T,70.912,,%
oecd-emp-rate-upper-secondary,SK,Slovakia,2021,Y25T34,ISCED11A_34_44,_T,76.4865,,%
oecd-emp-rate-upper-secondary,SK,Slovakia,2022,Y25T34,ISCED11A_34_44,_T,73.4583,,%
oecd-emp-rate-upper-secondary,SK,Slovakia,2023,Y25T34,ISCED11A_34_44,_T,72.2792,,%
oecd-emp-rate-upper-secondary,SK,Slovakia,2024,Y25T34,ISCED11A_34_44,_T,78.9316,,%
oecd-emp-rate-upper-secondary,SK,Slovakia,2025,Y25T34,ISCED11A_34_44,_T,73.2531,,%
oecd-emp-rate-upper-secondary,TR,Türkiye,2014,Y25T34,ISCED11A_34_44,_T,61.5995,,%
oecd-emp-rate-upper-secondary,TR,Türkiye,2015,Y25T34,ISCED11A_34_44,_T,61.4286,,%
oecd-emp-rate-upper-secondary,TR,Türkiye,2016,Y25T34,ISCED11A_34_44,_T,60.6734,,%
oecd-emp-rate-upper-secondary,TR,Türkiye,2017,Y25T34,ISCED11A_34_44,_T,61.2965,,%
oecd-emp-rate-upper-secondary,TR,Türkiye,2018,Y25T34,ISCED11A_34_44,_T,60.5381,,%
oecd-emp-rate-upper-secondary,TR,Türkiye,2019,Y25T34,ISCED11A_34_44,_T,56.8866,,%
oecd-emp-rate-upper-secondary,TR,Türkiye,2021,Y25T34,ISCED11A_34_44,_T,56.3738,,%
oecd-emp-rate-upper-secondary,TR,Türkiye,2022,Y25T34,ISCED11A_34_44,_T,60.9056,,%
oecd-emp-rate-upper-secondary,TR,Türkiye,2023,Y25T34,ISCED11A_34_44,_T,60.8539,,%
oecd-emp-rate-upper-secondary,TR,Türkiye,2024,Y25T34,ISCED11A_34_44,_T,63.1874,,%
oecd-emp-rate-upper-secondary,TR,Türkiye,2025,Y25T34,ISCED11A_34_44,_T,62.1857,,%
oecd-emp-rate-upper-secondary,UK,United Kingdom,2014,Y25T34,ISCED11A_34_44,_T,81.6627,,%
oecd-emp-rate-upper-secondary,UK,United Kingdom,2015,Y25T34,ISCED11A_34_44,_T,79.9349,,%
oecd-emp-rate-upper-secondary,UK,United Kingdom,2016,Y25T34,ISCED11A_34_44,_T,78.8072,,%
oecd-emp-rate-upper-secondary,UK,United Kingdom,2017,Y25T34,ISCED11A_34_44,_T,82.1979,,%
oecd-emp-rate-upper-secondary,UK,United Kingdom,2018,Y25T34,ISCED11A_34_44,_T,84.2487,,%
oecd-emp-rate-upper-secondary,UK,United Kingdom,2019,Y25T34,ISCED11A_34_44,_T,84.6885,,%
oecd-emp-rate-upper-secondary,UK,United Kingdom,2020,Y25T34,ISCED11A_34_44,_T,85.0131,,%
oecd-emp-rate-upper-secondary,UK,United Kingdom,2021,Y25T34,ISCED11A_34_44,_T,84.2724,,%
oecd-emp-rate-upper-secondary,UK,United Kingdom,2022,Y25T34,ISCED11A_34_44,_T,83.63,,%
oecd-emp-rate-upper-secondary,UK,United Kingdom,2023,Y25T34,ISCED11A_34_44,_T,84.2804,,%
oecd-emp-rate-upper-secondary,UK,United Kingdom,2024,Y25T34,ISCED11A_34_44,_T,82.7186,,%
oecd-emp-rate-upper-secondary,UK,United Kingdom,2025,Y25T34,ISCED11A_34_44,_T,82.3959,,%
oecd-emp-rate-upper-secondary,AT,Austria,2014,Y25T34,ISCED11A_35_45,F,80.1105,,%
oecd-emp-rate-upper-secondary,AT,Austria,2015,Y25T34,ISCED11A_35_45,F,81.7687,,%
oecd-emp-rate-upper-secondary,AT,Austria,2016,Y25T34,ISCED11A_35_45,F,83.4124,,%
oecd-emp-rate-upper-secondary,AT,Austria,2017,Y25T34,ISCED11A_35_45,F,84.7001,,%
oecd-emp-rate-upper-secondary,AT,Austria,2018,Y25T34,ISCED11A_35_45,F,84.0712,,%
oecd-emp-rate-upper-secondary,AT,Austria,2019,Y25T34,ISCED11A_35_45,F,85.5035,,%
oecd-emp-rate-upper-secondary,AT,Austria,2020,Y25T34,ISCED11A_35_45,F,83.0783,,%
oecd-emp-rate-upper-secondary,AT,Austria,2021,Y25T34,ISCED11A_35_45,F,80.0082,,%
oecd-emp-rate-upper-secondary,AT,Austria,2022,Y25T34,ISCED11A_35_45,F,84.8056,,%
oecd-emp-rate-upper-secondary,AT,Austria,2023,Y25T34,ISCED11A_35_45,F,85.0008,,%
oecd-emp-rate-upper-secondary,AT,Austria,2024,Y25T34,ISCED11A_35_45,F,86.0845,,%
oecd-emp-rate-upper-secondary,AT,Austria,2025,Y25T34,ISCED11A_35_45,F,83.1588,,%
oecd-emp-rate-upper-secondary,BE,Belgium,2014,Y25T34,ISCED11A_35_45,F,75.5262,,%
oecd-emp-rate-upper-secondary,BE,Belgium,2015,Y25T34,ISCED11A_35_45,F,74.3201,,%
oecd-emp-rate-upper-secondary,BE,Belgium,2016,Y25T34,ISCED11A_35_45,F,74.6384,,%
oecd-emp-rate-upper-secondary,BE,Belgium,2017,Y25T34,ISCED11A_35_45,F,74.5911,,%
oecd-emp-rate-upper-secondary,BE,Belgium,2018,Y25T34,ISCED11A_35_45,F,74.8158,,%
oecd-emp-rate-upper-secondary,BE,Belgium,2019,Y25T34,ISCED11A_35_45,F,75.3234,,%
oecd-emp-rate-upper-secondary,BE,Belgium,2020,Y25T34,ISCED11A_35_45,F,75.8992,,%
oecd-emp-rate-upper-secondary,BE,Belgium,2021,Y25T34,ISCED11A_35_45,F,75.0428,,%
oecd-emp-rate-upper-secondary,BE,Belgium,2022,Y25T34,ISCED11A_35_45,F,74.5328,,%
oecd-emp-rate-upper-secondary,BE,Belgium,2023,Y25T34,ISCED11A_35_45,F,75.3863,,%
oecd-emp-rate-upper-secondary,BE,Belgium,2024,Y25T34,ISCED11A_35_45,F,78.2853,,%
oecd-emp-rate-upper-secondary,BE,Belgium,2025,Y25T34,ISCED11A_35_45,F,75.3863,,%
oecd-emp-rate-upper-secondary,BG,Bulgaria,2015,Y25T34,ISCED11A_35_45,F,70.8157,,%
oecd-emp-rate-upper-secondary,BG,Bulgaria,2016,Y25T34,ISCED11A_35_45,F,68.9724,,%
oecd-emp-rate-upper-secondary,BG,Bulgaria,2019,Y25T34,ISCED11A_35_45,F,78.1341,,%
oecd-emp-rate-upper-secondary,BG,Bulgaria,2022,Y25T34,ISCED11A_35_45,F,74.7158,,%
oecd-emp-rate-upper-secondary,BG,Bulgaria,2023,Y25T34,ISCED11A_35_45,F,75.327,,%
oecd-emp-rate-upper-secondary,BG,Bulgaria,2024,Y25T34,ISCED11A_35_45,F,74.1138,,%
oecd-emp-rate-upper-secondary,BG,Bulgaria,2025,Y25T34,ISCED11A_35_45,F,76.8838,,%
oecd-emp-rate-upper-secondary,CH,Switzerland,2014,Y25T34,ISCED11A_35_45,F,83.7894,,%
oecd-emp-rate-upper-secondary,CH,Switzerland,2015,Y25T34,ISCED11A_35_45,F,83.5322,,%
oecd-emp-rate-upper-secondary,CH,Switzerland,2016,Y25T34,ISCED11A_35_45,F,82.8466,,%
oecd-emp-rate-upper-secondary,CH,Switzerland,2017,Y25T34,ISCED11A_35_45,F,83.6287,,%
oecd-emp-rate-upper-secondary,CH,Switzerland,2018,Y25T34,ISCED11A_35_45,F,85.1198,,%
oecd-emp-rate-upper-secondary,CH,Switzerland,2019,Y25T34,ISCED11A_35_45,F,87.2471,,%
oecd-emp-rate-upper-secondary,CH,Switzerland,2020,Y25T34,ISCED11A_35_45,F,86.057,,%
oecd-emp-rate-upper-secondary,CH,Switzerland,2021,Y25T34,ISCED11A_35_45,F,85.9644,,%
oecd-emp-rate-upper-secondary,CH,Switzerland,2022,Y25T34,ISCED11A_35_45,F,85.3956,,%
oecd-emp-rate-upper-secondary,CH,Switzerland,2023,Y25T34,ISCED11A_35_45,F,86.0167,,%
oecd-emp-rate-upper-secondary,CH,Switzerland,2024,Y25T34,ISCED11A_35_45,F,85.4892,,%
oecd-emp-rate-upper-secondary,CH,Switzerland,2025,Y25T34,ISCED11A_35_45,F,85.0703,,%
oecd-emp-rate-upper-secondary,CZ,Czechia,2018,Y25T34,ISCED11A_35_45,F,64.1926,,%
oecd-emp-rate-upper-secondary,CZ,Czechia,2019,Y25T34,ISCED11A_35_45,F,62.2884,,%
oecd-emp-rate-upper-secondary,CZ,Czechia,2021,Y25T34,ISCED11A_35_45,F,59.1516,,%
oecd-emp-rate-upper-secondary,CZ,Czechia,2022,Y25T34,ISCED11A_35_45,F,60.3635,,%
oecd-emp-rate-upper-secondary,CZ,Czechia,2024,Y25T34,ISCED11A_35_45,F,63.5808,,%
oecd-emp-rate-upper-secondary,DE,Germany,2014,Y25T34,ISCED11A_35_45,F,81.2934,,%
oecd-emp-rate-upper-secondary,DE,Germany,2015,Y25T34,ISCED11A_35_45,F,81.8813,,%
oecd-emp-rate-upper-secondary,DE,Germany,2016,Y25T34,ISCED11A_35_45,F,81.7887,,%
oecd-emp-rate-upper-secondary,DE,Germany,2017,Y25T34,ISCED11A_35_45,F,82.3009,,%
oecd-emp-rate-upper-secondary,DE,Germany,2018,Y25T34,ISCED11A_35_45,F,83.258,,%
oecd-emp-rate-upper-secondary,DE,Germany,2019,Y25T34,ISCED11A_35_45,F,83.5181,,%
oecd-emp-rate-upper-secondary,DE,Germany,2020,Y25T34,ISCED11A_35_45,F,83.115,,%
oecd-emp-rate-upper-secondary,DE,Germany,2021,Y25T34,ISCED11A_35_45,F,84.6172,,%
oecd-emp-rate-upper-secondary,DE,Germany,2022,Y25T34,ISCED11A_35_45,F,85.3072,,%
oecd-emp-rate-upper-secondary,DE,Germany,2023,Y25T34,ISCED11A_35_45,F,86.3882,,%
oecd-emp-rate-upper-secondary,DE,Germany,2024,Y25T34,ISCED11A_35_45,F,86.7177,,%
oecd-emp-rate-upper-secondary,DE,Germany,2025,Y25T34,ISCED11A_35_45,F,85.9604,,%
oecd-emp-rate-upper-secondary,DK,Denmark,2010,Y25T34,ISCED11A_35_45,F,82.2724,,%
oecd-emp-rate-upper-secondary,DK,Denmark,2011,Y25T34,ISCED11A_35_45,F,79.418,,%
oecd-emp-rate-upper-secondary,DK,Denmark,2012,Y25T34,ISCED11A_35_45,F,79.3401,,%
oecd-emp-rate-upper-secondary,DK,Denmark,2013,Y25T34,ISCED11A_35_45,F,73.8087,,%
oecd-emp-rate-upper-secondary,DK,Denmark,2014,Y25T34,ISCED11A_35_45,F,74.6006,,%
oecd-emp-rate-upper-secondary,DK,Denmark,2015,Y25T34,ISCED11A_35_45,F,76.6926,,%
oecd-emp-rate-upper-secondary,DK,Denmark,2016,Y25T34,ISCED11A_35_45,F,73.6169,,%
oecd-emp-rate-upper-secondary,DK,Denmark,2017,Y25T34,ISCED11A_35_45,F,76.463,,%
oecd-emp-rate-upper-secondary,DK,Denmark,2018,Y25T34,ISCED11A_35_45,F,76.1178,,%
oecd-emp-rate-upper-secondary,DK,Denmark,2019,Y25T34,ISCED11A_35_45,F,77.5891,,%
oecd-emp-rate-upper-secondary,DK,Denmark,2020,Y25T34,ISCED11A_35_45,F,70.9194,,%
oecd-emp-rate-upper-secondary,DK,Denmark,2021,Y25T34,ISCED11A_35_45,F,77.8318,,%
oecd-emp-rate-upper-secondary,DK,Denmark,2022,Y25T34,ISCED11A_35_45,F,82.781,,%
oecd-emp-rate-upper-secondary,DK,Denmark,2023,Y25T34,ISCED11A_35_45,F,80.756,,%
oecd-emp-rate-upper-secondary,DK,Denmark,2024,Y25T34,ISCED11A_35_45,F,81.2988,,%
oecd-emp-rate-upper-secondary,DK,Denmark,2025,Y25T34,ISCED11A_35_45,F,78.6618,B,%
oecd-emp-rate-upper-secondary,EE,Estonia,2014,Y25T34,ISCED11A_35_45,F,66.1362,,%
oecd-emp-rate-upper-secondary,EE,Estonia,2015,Y25T34,ISCED11A_35_45,F,65.0737,,%
oecd-emp-rate-upper-secondary,EE,Estonia,2016,Y25T34,ISCED11A_35_45,F,60.7125,,%
oecd-emp-rate-upper-secondary,EE,Estonia,2017,Y25T34,ISCED11A_35_45,F,67.8767,,%
oecd-emp-rate-upper-secondary,EE,Estonia,2018,Y25T34,ISCED11A_35_45,F,66.5014,,%
oecd-emp-rate-upper-secondary,EE,Estonia,2019,Y25T34,ISCED11A_35_45,F,62.9293,,%
oecd-emp-rate-upper-secondary,EE,Estonia,2020,Y25T34,ISCED11A_35_45,F,62.4797,,%
oecd-emp-rate-upper-secondary,EE,Estonia,2021,Y25T34,ISCED11A_35_45,F,73.5337,,%
oecd-emp-rate-upper-secondary,EE,Estonia,2022,Y25T34,ISCED11A_35_45,F,78.4406,,%
oecd-emp-rate-upper-secondary,EE,Estonia,2023,Y25T34,ISCED11A_35_45,F,72.9639,,%
oecd-emp-rate-upper-secondary,EE,Estonia,2024,Y25T34,ISCED11A_35_45,F,80.3576,,%
oecd-emp-rate-upper-secondary,EE,Estonia,2025,Y25T34,ISCED11A_35_45,F,81.6187,,%
oecd-emp-rate-upper-secondary,EL,Greece,2010,Y25T34,ISCED11A_35_45,F,65.1458,B,%
oecd-emp-rate-upper-secondary,EL,Greece,2011,Y25T34,ISCED11A_35_45,F,57.3479,B,%
oecd-emp-rate-upper-secondary,EL,Greece,2012,Y25T34,ISCED11A_35_45,F,55.1598,B,%
oecd-emp-rate-upper-secondary,EL,Greece,2013,Y25T34,ISCED11A_35_45,F,45.5085,B,%
oecd-emp-rate-upper-secondary,EL,Greece,2014,Y25T34,ISCED11A_35_45,F,49.4522,,%
oecd-emp-rate-upper-secondary,EL,Greece,2015,Y25T34,ISCED11A_35_45,F,56.3841,,%
oecd-emp-rate-upper-secondary,EL,Greece,2016,Y25T34,ISCED11A_35_45,F,51.4145,,%
oecd-emp-rate-upper-secondary,EL,Greece,2017,Y25T34,ISCED11A_35_45,F,51.6706,,%
oecd-emp-rate-upper-secondary,EL,Greece,2018,Y25T34,ISCED11A_35_45,F,54.8498,,%
oecd-emp-rate-upper-secondary,EL,Greece,2019,Y25T34,ISCED11A_35_45,F,53.4869,,%
oecd-emp-rate-upper-secondary,EL,Greece,2020,Y25T34,ISCED11A_35_45,F,55.7067,,%
oecd-emp-rate-upper-secondary,EL,Greece,2021,Y25T34,ISCED11A_35_45,F,53.329,,%
oecd-emp-rate-upper-secondary,EL,Greece,2022,Y25T34,ISCED11A_35_45,F,58.0864,,%
oecd-emp-rate-upper-secondary,EL,Greece,2023,Y25T34,ISCED11A_35_45,F,61.0746,,%
oecd-emp-rate-upper-secondary,EL,Greece,2024,Y25T34,ISCED11A_35_45,F,62.3135,,%
oecd-emp-rate-upper-secondary,EL,Greece,2025,Y25T34,ISCED11A_35_45,F,64.9148,,%
oecd-emp-rate-upper-secondary,ES,Spain,2014,Y25T34,ISCED11A_35_45,F,64.9809,,%
oecd-emp-rate-upper-secondary,ES,Spain,2015,Y25T34,ISCED11A_35_45,F,67.2257,,%
oecd-emp-rate-upper-secondary,ES,Spain,2016,Y25T34,ISCED11A_35_45,F,68.4174,,%
oecd-emp-rate-upper-secondary,ES,Spain,2017,Y25T34,ISCED11A_35_45,F,68.9943,,%
oecd-emp-rate-upper-secondary,ES,Spain,2018,Y25T34,ISCED11A_35_45,F,71.8022,,%
oecd-emp-rate-upper-secondary,ES,Spain,2019,Y25T34,ISCED11A_35_45,F,70.6538,,%
oecd-emp-rate-upper-secondary,ES,Spain,2020,Y25T34,ISCED11A_35_45,F,67.2857,,%
oecd-emp-rate-upper-secondary,ES,Spain,2021,Y25T34,ISCED11A_35_45,F,71.7636,,%
oecd-emp-rate-upper-secondary,ES,Spain,2022,Y25T34,ISCED11A_35_45,F,71.3446,,%
oecd-emp-rate-upper-secondary,ES,Spain,2023,Y25T34,ISCED11A_35_45,F,73.803,,%
oecd-emp-rate-upper-secondary,ES,Spain,2024,Y25T34,ISCED11A_35_45,F,72.8217,,%
oecd-emp-rate-upper-secondary,ES,Spain,2025,Y25T34,ISCED11A_35_45,F,74.2144,,%
oecd-emp-rate-upper-secondary,FI,Finland,2014,Y25T34,ISCED11A_35_45,F,67.866,,%
oecd-emp-rate-upper-secondary,FI,Finland,2015,Y25T34,ISCED11A_35_45,F,69.4561,,%
oecd-emp-rate-upper-secondary,FI,Finland,2016,Y25T34,ISCED11A_35_45,F,68.6957,,%
oecd-emp-rate-upper-secondary,FI,Finland,2017,Y25T34,ISCED11A_35_45,F,67.5439,,%
oecd-emp-rate-upper-secondary,FI,Finland,2018,Y25T34,ISCED11A_35_45,F,69.4915,,%
oecd-emp-rate-upper-secondary,FI,Finland,2019,Y25T34,ISCED11A_35_45,F,73.0435,,%
oecd-emp-rate-upper-secondary,FI,Finland,2020,Y25T34,ISCED11A_35_45,F,70.0935,,%
oecd-emp-rate-upper-secondary,FI,Finland,2021,Y25T34,ISCED11A_35_45,F,74.5763,,%
oecd-emp-rate-upper-secondary,FI,Finland,2022,Y25T34,ISCED11A_35_45,F,75.6522,,%
oecd-emp-rate-upper-secondary,FI,Finland,2023,Y25T34,ISCED11A_35_45,F,76.5217,,%
oecd-emp-rate-upper-secondary,FI,Finland,2024,Y25T34,ISCED11A_35_45,F,76.2712,,%
oecd-emp-rate-upper-secondary,FI,Finland,2025,Y25T34,ISCED11A_35_45,F,74.7748,,%
oecd-emp-rate-upper-secondary,FR,France,2013,Y25T34,ISCED11A_35_45,F,66.4143,,%
oecd-emp-rate-upper-secondary,FR,France,2014,Y25T34,ISCED11A_35_45,F,66.3755,,%
oecd-emp-rate-upper-secondary,FR,France,2015,Y25T34,ISCED11A_35_45,F,64.3878,,%
oecd-emp-rate-upper-secondary,FR,France,2016,Y25T34,ISCED11A_35_45,F,64.649,,%
oecd-emp-rate-upper-secondary,FR,France,2017,Y25T34,ISCED11A_35_45,F,65.3581,,%
oecd-emp-rate-upper-secondary,FR,France,2018,Y25T34,ISCED11A_35_45,F,68.6703,,%
oecd-emp-rate-upper-secondary,FR,France,2019,Y25T34,ISCED11A_35_45,F,67.3652,,%
oecd-emp-rate-upper-secondary,FR,France,2020,Y25T34,ISCED11A_35_45,F,66.6286,,%
oecd-emp-rate-upper-secondary,FR,France,2021,Y25T34,ISCED11A_35_45,F,71.9037,,%
oecd-emp-rate-upper-secondary,FR,France,2022,Y25T34,ISCED11A_35_45,F,72.0412,,%
oecd-emp-rate-upper-secondary,FR,France,2023,Y25T34,ISCED11A_35_45,F,71.8199,,%
oecd-emp-rate-upper-secondary,FR,France,2024,Y25T34,ISCED11A_35_45,F,71.3869,,%
oecd-emp-rate-upper-secondary,FR,France,2025,Y25T34,ISCED11A_35_45,F,74.475,,%
oecd-emp-rate-upper-secondary,HR,Croatia,2015,Y25T34,ISCED11A_35_45,F,64.0303,,%
oecd-emp-rate-upper-secondary,HR,Croatia,2016,Y25T34,ISCED11A_35_45,F,66.9291,,%
oecd-emp-rate-upper-secondary,HR,Croatia,2019,Y25T34,ISCED11A_35_45,F,68.4867,,%
oecd-emp-rate-upper-secondary,HR,Croatia,2023,Y25T34,ISCED11A_35_45,F,69.3182,,%
oecd-emp-rate-upper-secondary,HR,Croatia,2024,Y25T34,ISCED11A_35_45,F,76.1016,,%
oecd-emp-rate-upper-secondary,HR,Croatia,2025,Y25T34,ISCED11A_35_45,F,77.4222,,%
oecd-emp-rate-upper-secondary,HU,Hungary,2014,Y25T34,ISCED11A_35_45,F,64.6843,,%
oecd-emp-rate-upper-secondary,HU,Hungary,2015,Y25T34,ISCED11A_35_45,F,66.4634,,%
oecd-emp-rate-upper-secondary,HU,Hungary,2016,Y25T34,ISCED11A_35_45,F,60.9408,,%
oecd-emp-rate-upper-secondary,HU,Hungary,2017,Y25T34,ISCED11A_35_45,F,63.5207,,%
oecd-emp-rate-upper-secondary,HU,Hungary,2018,Y25T34,ISCED11A_35_45,F,64.0452,,%
oecd-emp-rate-upper-secondary,HU,Hungary,2019,Y25T34,ISCED11A_35_45,F,70.0929,,%
oecd-emp-rate-upper-secondary,HU,Hungary,2020,Y25T34,ISCED11A_35_45,F,65.6889,,%
oecd-emp-rate-upper-secondary,HU,Hungary,2021,Y25T34,ISCED11A_35_45,F,81.7506,,%
oecd-emp-rate-upper-secondary,HU,Hungary,2022,Y25T34,ISCED11A_35_45,F,84.0668,,%
oecd-emp-rate-upper-secondary,HU,Hungary,2023,Y25T34,ISCED11A_35_45,F,80.4207,,%
oecd-emp-rate-upper-secondary,HU,Hungary,2024,Y25T34,ISCED11A_35_45,F,82.3005,,%
oecd-emp-rate-upper-secondary,HU,Hungary,2025,Y25T34,ISCED11A_35_45,F,81.9989,,%
oecd-emp-rate-upper-secondary,IE,Ireland,2014,Y25T34,ISCED11A_35_45,F,59.5996,,%
oecd-emp-rate-upper-secondary,IE,Ireland,2015,Y25T34,ISCED11A_35_45,F,58.1383,,%
oecd-emp-rate-upper-secondary,IE,Ireland,2017,Y25T34,ISCED11A_35_45,F,66.5125,,%
oecd-emp-rate-upper-secondary,IE,Ireland,2019,Y25T34,ISCED11A_35_45,F,65.2348,,%
oecd-emp-rate-upper-secondary,IE,Ireland,2020,Y25T34,ISCED11A_35_45,F,62.228,,%
oecd-emp-rate-upper-secondary,IE,Ireland,2022,Y25T34,ISCED11A_35_45,F,71.7799,,%
oecd-emp-rate-upper-secondary,IE,Ireland,2023,Y25T34,ISCED11A_35_45,F,71.9535,,%
oecd-emp-rate-upper-secondary,IE,Ireland,2024,Y25T34,ISCED11A_35_45,F,74.706,,%
oecd-emp-rate-upper-secondary,IE,Ireland,2025,Y25T34,ISCED11A_35_45,F,73.9314,,%
oecd-emp-rate-upper-secondary,IS,Iceland,2010,Y25T34,ISCED11A_35_45,F,68.8462,,%
oecd-emp-rate-upper-secondary,IS,Iceland,2011,Y25T34,ISCED11A_35_45,F,71.4496,,%
oecd-emp-rate-upper-secondary,IS,Iceland,2012,Y25T34,ISCED11A_35_45,F,71.8222,,%
oecd-emp-rate-upper-secondary,IS,Iceland,2013,Y25T34,ISCED11A_35_45,F,72.1159,,%
oecd-emp-rate-upper-secondary,IS,Iceland,2014,Y25T34,ISCED11A_35_45,F,74.1891,,%
oecd-emp-rate-upper-secondary,IS,Iceland,2015,Y25T34,ISCED11A_35_45,F,81.6499,,%
oecd-emp-rate-upper-secondary,IS,Iceland,2016,Y25T34,ISCED11A_35_45,F,72.7904,,%
oecd-emp-rate-upper-secondary,IS,Iceland,2017,Y25T34,ISCED11A_35_45,F,79.7124,,%
oecd-emp-rate-upper-secondary,IS,Iceland,2018,Y25T34,ISCED11A_35_45,F,82.4166,,%
oecd-emp-rate-upper-secondary,IS,Iceland,2019,Y25T34,ISCED11A_35_45,F,90.393,,%
oecd-emp-rate-upper-secondary,IS,Iceland,2020,Y25T34,ISCED11A_35_45,F,78.4627,,%
oecd-emp-rate-upper-secondary,IS,Iceland,2021,Y25T34,ISCED11A_35_45,F,73.3557,,%
oecd-emp-rate-upper-secondary,IS,Iceland,2022,Y25T34,ISCED11A_35_45,F,83.4941,,%
oecd-emp-rate-upper-secondary,IS,Iceland,2023,Y25T34,ISCED11A_35_45,F,87.6077,,%
oecd-emp-rate-upper-secondary,IT,Italy,2014,Y25T34,ISCED11A_35_45,F,57.3754,,%
oecd-emp-rate-upper-secondary,IT,Italy,2015,Y25T34,ISCED11A_35_45,F,57.5699,,%
oecd-emp-rate-upper-secondary,IT,Italy,2016,Y25T34,ISCED11A_35_45,F,57.2004,,%
oecd-emp-rate-upper-secondary,IT,Italy,2017,Y25T34,ISCED11A_35_45,F,56.9488,,%
oecd-emp-rate-upper-secondary,IT,Italy,2018,Y25T34,ISCED11A_35_45,F,57.3495,,%
oecd-emp-rate-upper-secondary,IT,Italy,2019,Y25T34,ISCED11A_35_45,F,57.6187,,%
oecd-emp-rate-upper-secondary,IT,Italy,2020,Y25T34,ISCED11A_35_45,F,54.1373,,%
oecd-emp-rate-upper-secondary,IT,Italy,2021,Y25T34,ISCED11A_35_45,F,56.2596,,%
oecd-emp-rate-upper-secondary,IT,Italy,2022,Y25T34,ISCED11A_35_45,F,60.7779,,%
oecd-emp-rate-upper-secondary,IT,Italy,2023,Y25T34,ISCED11A_35_45,F,61.5897,,%
oecd-emp-rate-upper-secondary,IT,Italy,2024,Y25T34,ISCED11A_35_45,F,63.5385,,%
oecd-emp-rate-upper-secondary,IT,Italy,2025,Y25T34,ISCED11A_35_45,F,65.3979,,%
oecd-emp-rate-upper-secondary,LT,Lithuania,2014,Y25T34,ISCED11A_35_45,F,69.1229,,%
oecd-emp-rate-upper-secondary,LT,Lithuania,2015,Y25T34,ISCED11A_35_45,F,63.2637,,%
oecd-emp-rate-upper-secondary,LT,Lithuania,2016,Y25T34,ISCED11A_35_45,F,73.6591,,%
oecd-emp-rate-upper-secondary,LT,Lithuania,2017,Y25T34,ISCED11A_35_45,F,74.5407,,%
oecd-emp-rate-upper-secondary,LT,Lithuania,2018,Y25T34,ISCED11A_35_45,F,78.7657,,%
oecd-emp-rate-upper-secondary,LT,Lithuania,2019,Y25T34,ISCED11A_35_45,F,69.2045,,%
oecd-emp-rate-upper-secondary,LT,Lithuania,2020,Y25T34,ISCED11A_35_45,F,64.3637,,%
oecd-emp-rate-upper-secondary,LT,Lithuania,2021,Y25T34,ISCED11A_35_45,F,65.9706,,%
oecd-emp-rate-upper-secondary,LT,Lithuania,2022,Y25T34,ISCED11A_35_45,F,71.5929,,%
oecd-emp-rate-upper-secondary,LT,Lithuania,2023,Y25T34,ISCED11A_35_45,F,65.7361,,%
oecd-emp-rate-upper-secondary,LT,Lithuania,2024,Y25T34,ISCED11A_35_45,F,62.7765,,%
oecd-emp-rate-upper-secondary,LT,Lithuania,2025,Y25T34,ISCED11A_35_45,F,72.4693,,%
oecd-emp-rate-upper-secondary,LU,Luxembourg,2014,Y25T34,ISCED11A_35_45,F,84.1595,,%
oecd-emp-rate-upper-secondary,LU,Luxembourg,2015,Y25T34,ISCED11A_35_45,F,79.6503,,%
oecd-emp-rate-upper-secondary,LU,Luxembourg,2019,Y25T34,ISCED11A_35_45,F,93.6799,,%
oecd-emp-rate-upper-secondary,LU,Luxembourg,2020,Y25T34,ISCED11A_35_45,F,82.4543,,%
oecd-emp-rate-upper-secondary,LU,Luxembourg,2021,Y25T34,ISCED11A_35_45,F,81.1395,,%
oecd-emp-rate-upper-secondary,LU,Luxembourg,2022,Y25T34,ISCED11A_35_45,F,77.8231,,%
oecd-emp-rate-upper-secondary,LU,Luxembourg,2023,Y25T34,ISCED11A_35_45,F,81.8557,,%
oecd-emp-rate-upper-secondary,LU,Luxembourg,2024,Y25T34,ISCED11A_35_45,F,80.6751,,%
oecd-emp-rate-upper-secondary,LV,Latvia,2014,Y25T34,ISCED11A_35_45,F,73.842,,%
oecd-emp-rate-upper-secondary,LV,Latvia,2015,Y25T34,ISCED11A_35_45,F,79.0747,,%
oecd-emp-rate-upper-secondary,LV,Latvia,2016,Y25T34,ISCED11A_35_45,F,70.0259,,%
oecd-emp-rate-upper-secondary,LV,Latvia,2017,Y25T34,ISCED11A_35_45,F,69.4113,,%
oecd-emp-rate-upper-secondary,LV,Latvia,2018,Y25T34,ISCED11A_35_45,F,71.73,,%
oecd-emp-rate-upper-secondary,LV,Latvia,2019,Y25T34,ISCED11A_35_45,F,72.1321,,%
oecd-emp-rate-upper-secondary,LV,Latvia,2020,Y25T34,ISCED11A_35_45,F,75.983,,%
oecd-emp-rate-upper-secondary,LV,Latvia,2021,Y25T34,ISCED11A_35_45,F,75.5931,,%
oecd-emp-rate-upper-secondary,LV,Latvia,2022,Y25T34,ISCED11A_35_45,F,75.3458,,%
oecd-emp-rate-upper-secondary,LV,Latvia,2023,Y25T34,ISCED11A_35_45,F,67.2916,,%
oecd-emp-rate-upper-secondary,LV,Latvia,2024,Y25T34,ISCED11A_35_45,F,74.3319,,%
oecd-emp-rate-upper-secondary,LV,Latvia,2025,Y25T34,ISCED11A_35_45,F,68.4246,,%
oecd-emp-rate-upper-secondary,NL,Netherlands,2013,Y25T34,ISCED11A_35_45,F,78.1584,B,%
oecd-emp-rate-upper-secondary,NL,Netherlands,2014,Y25T34,ISCED11A_35_45,F,79.8522,,%
oecd-emp-rate-upper-secondary,NL,Netherlands,2015,Y25T34,ISCED11A_35_45,F,77.7461,,%
oecd-emp-rate-upper-secondary,NL,Netherlands,2016,Y25T34,ISCED11A_35_45,F,78.0356,,%
oecd-emp-rate-upper-secondary,NL,Netherlands,2017,Y25T34,ISCED11A_35_45,F,78.7327,,%
oecd-emp-rate-upper-secondary,NL,Netherlands,2018,Y25T34,ISCED11A_35_45,F,82.2617,,%
oecd-emp-rate-upper-secondary,NL,Netherlands,2019,Y25T34,ISCED11A_35_45,F,82.3682,,%
oecd-emp-rate-upper-secondary,NL,Netherlands,2020,Y25T34,ISCED11A_35_45,F,82.4514,,%
oecd-emp-rate-upper-secondary,NL,Netherlands,2021,Y25T34,ISCED11A_35_45,F,83.77,,%
oecd-emp-rate-upper-secondary,NL,Netherlands,2022,Y25T34,ISCED11A_35_45,F,85.2384,,%
oecd-emp-rate-upper-secondary,NL,Netherlands,2023,Y25T34,ISCED11A_35_45,F,84.127,,%
oecd-emp-rate-upper-secondary,NL,Netherlands,2024,Y25T34,ISCED11A_35_45,F,84.1948,,%
oecd-emp-rate-upper-secondary,NL,Netherlands,2025,Y25T34,ISCED11A_35_45,F,84.0227,,%
oecd-emp-rate-upper-secondary,NO,Norway,2014,Y25T34,ISCED11A_35_45,F,84.9421,,%
oecd-emp-rate-upper-secondary,NO,Norway,2015,Y25T34,ISCED11A_35_45,F,84.4358,,%
oecd-emp-rate-upper-secondary,NO,Norway,2016,Y25T34,ISCED11A_35_45,F,80.4598,,%
oecd-emp-rate-upper-secondary,NO,Norway,2017,Y25T34,ISCED11A_35_45,F,81.4815,,%
oecd-emp-rate-upper-secondary,NO,Norway,2018,Y25T34,ISCED11A_35_45,F,86.7757,,%
oecd-emp-rate-upper-secondary,NO,Norway,2019,Y25T34,ISCED11A_35_45,F,87.1361,,%
oecd-emp-rate-upper-secondary,NO,Norway,2020,Y25T34,ISCED11A_35_45,F,86.9202,,%
oecd-emp-rate-upper-secondary,NO,Norway,2021,Y25T34,ISCED11A_35_45,F,88.2353,,%
oecd-emp-rate-upper-secondary,NO,Norway,2022,Y25T34,ISCED11A_35_45,F,89.3617,,%
oecd-emp-rate-upper-secondary,NO,Norway,2023,Y25T34,ISCED11A_35_45,F,83.3333,,%
oecd-emp-rate-upper-secondary,NO,Norway,2024,Y25T34,ISCED11A_35_45,F,86.3636,,%
oecd-emp-rate-upper-secondary,NO,Norway,2025,Y25T34,ISCED11A_35_45,F,84.2825,,%
oecd-emp-rate-upper-secondary,PL,Poland,2014,Y25T34,ISCED11A_35_45,F,58.7229,,%
oecd-emp-rate-upper-secondary,PL,Poland,2015,Y25T34,ISCED11A_35_45,F,60.0,,%
oecd-emp-rate-upper-secondary,PL,Poland,2016,Y25T34,ISCED11A_35_45,F,61.4443,,%
oecd-emp-rate-upper-secondary,PL,Poland,2017,Y25T34,ISCED11A_35_45,F,60.2792,,%
oecd-emp-rate-upper-secondary,PL,Poland,2018,Y25T34,ISCED11A_35_45,F,59.7055,,%
oecd-emp-rate-upper-secondary,PL,Poland,2019,Y25T34,ISCED11A_35_45,F,59.2047,,%
oecd-emp-rate-upper-secondary,PL,Poland,2020,Y25T34,ISCED11A_35_45,F,57.8335,,%
oecd-emp-rate-upper-secondary,PL,Poland,2021,Y25T34,ISCED11A_35_45,F,65.8739,,%
oecd-emp-rate-upper-secondary,PL,Poland,2022,Y25T34,ISCED11A_35_45,F,69.8519,,%
oecd-emp-rate-upper-secondary,PL,Poland,2023,Y25T34,ISCED11A_35_45,F,69.8076,,%
oecd-emp-rate-upper-secondary,PL,Poland,2024,Y25T34,ISCED11A_35_45,F,65.5284,,%
oecd-emp-rate-upper-secondary,PL,Poland,2025,Y25T34,ISCED11A_35_45,F,70.4241,,%
oecd-emp-rate-upper-secondary,PT,Portugal,2014,Y25T34,ISCED11A_35_45,F,73.4832,,%
oecd-emp-rate-upper-secondary,PT,Portugal,2015,Y25T34,ISCED11A_35_45,F,78.3662,,%
oecd-emp-rate-upper-secondary,PT,Portugal,2016,Y25T34,ISCED11A_35_45,F,74.7799,,%
oecd-emp-rate-upper-secondary,PT,Portugal,2017,Y25T34,ISCED11A_35_45,F,80.7545,,%
oecd-emp-rate-upper-secondary,PT,Portugal,2018,Y25T34,ISCED11A_35_45,F,83.6901,,%
oecd-emp-rate-upper-secondary,PT,Portugal,2019,Y25T34,ISCED11A_35_45,F,86.4648,,%
oecd-emp-rate-upper-secondary,PT,Portugal,2020,Y25T34,ISCED11A_35_45,F,85.0437,,%
oecd-emp-rate-upper-secondary,PT,Portugal,2021,Y25T34,ISCED11A_35_45,F,79.1298,,%
oecd-emp-rate-upper-secondary,PT,Portugal,2022,Y25T34,ISCED11A_35_45,F,82.2292,,%
oecd-emp-rate-upper-secondary,PT,Portugal,2023,Y25T34,ISCED11A_35_45,F,84.0483,,%
oecd-emp-rate-upper-secondary,PT,Portugal,2024,Y25T34,ISCED11A_35_45,F,85.9463,,%
oecd-emp-rate-upper-secondary,PT,Portugal,2025,Y25T34,ISCED11A_35_45,F,88.3336,,%
oecd-emp-rate-upper-secondary,RO,Romania,2015,Y25T34,ISCED11A_35_45,F,67.8295,B,%
oecd-emp-rate-upper-secondary,RO,Romania,2019,Y25T34,ISCED11A_35_45,F,70.8939,,%
oecd-emp-rate-upper-secondary,RO,Romania,2021,Y25T34,ISCED11A_35_45,F,66.0816,,%
oecd-emp-rate-upper-secondary,RO,Romania,2022,Y25T34,ISCED11A_35_45,F,66.7277,,%
oecd-emp-rate-upper-secondary,RO,Romania,2023,Y25T34,ISCED11A_35_45,F,65.3018,,%
oecd-emp-rate-upper-secondary,RO,Romania,2024,Y25T34,ISCED11A_35_45,F,68.1195,,%
oecd-emp-rate-upper-secondary,RO,Romania,2025,Y25T34,ISCED11A_35_45,F,67.8968,,%
oecd-emp-rate-upper-secondary,SE,Sweden,2014,Y25T34,ISCED11A_35_45,F,85.354,,%
oecd-emp-rate-upper-secondary,SE,Sweden,2015,Y25T34,ISCED11A_35_45,F,85.4086,,%
oecd-emp-rate-upper-secondary,SE,Sweden,2016,Y25T34,ISCED11A_35_45,F,85.0184,,%
oecd-emp-rate-upper-secondary,SE,Sweden,2017,Y25T34,ISCED11A_35_45,F,87.7344,,%
oecd-emp-rate-upper-secondary,SE,Sweden,2018,Y25T34,ISCED11A_35_45,F,88.6248,,%
oecd-emp-rate-upper-secondary,SE,Sweden,2019,Y25T34,ISCED11A_35_45,F,87.275,,%
oecd-emp-rate-upper-secondary,SE,Sweden,2020,Y25T34,ISCED11A_35_45,F,84.587,,%
oecd-emp-rate-upper-secondary,SE,Sweden,2021,Y25T34,ISCED11A_35_45,F,82.6399,,%
oecd-emp-rate-upper-secondary,SE,Sweden,2022,Y25T34,ISCED11A_35_45,F,80.7745,,%
oecd-emp-rate-upper-secondary,SE,Sweden,2023,Y25T34,ISCED11A_35_45,F,84.6225,,%
oecd-emp-rate-upper-secondary,SE,Sweden,2024,Y25T34,ISCED11A_35_45,F,82.5816,,%
oecd-emp-rate-upper-secondary,SE,Sweden,2025,Y25T34,ISCED11A_35_45,F,82.1601,,%
oecd-emp-rate-upper-secondary,SI,Slovenia,2014,Y25T34,ISCED11A_35_45,F,68.6952,,%
oecd-emp-rate-upper-secondary,SI,Slovenia,2015,Y25T34,ISCED11A_35_45,F,73.6341,,%
oecd-emp-rate-upper-secondary,SI,Slovenia,2016,Y25T34,ISCED11A_35_45,F,75.3866,,%
oecd-emp-rate-upper-secondary,SI,Slovenia,2017,Y25T34,ISCED11A_35_45,F,76.8411,,%
oecd-emp-rate-upper-secondary,SI,Slovenia,2018,Y25T34,ISCED11A_35_45,F,81.6119,,%
oecd-emp-rate-upper-secondary,SI,Slovenia,2019,Y25T34,ISCED11A_35_45,F,78.8394,,%
oecd-emp-rate-upper-secondary,SI,Slovenia,2020,Y25T34,ISCED11A_35_45,F,74.2246,,%
oecd-emp-rate-upper-secondary,SI,Slovenia,2021,Y25T34,ISCED11A_35_45,F,74.881,,%
oecd-emp-rate-upper-secondary,SI,Slovenia,2022,Y25T34,ISCED11A_35_45,F,77.7707,,%
oecd-emp-rate-upper-secondary,SI,Slovenia,2023,Y25T34,ISCED11A_35_45,F,84.8485,,%
oecd-emp-rate-upper-secondary,SI,Slovenia,2024,Y25T34,ISCED11A_35_45,F,79.4571,,%
oecd-emp-rate-upper-secondary,SI,Slovenia,2025,Y25T34,ISCED11A_35_45,F,82.4263,,%
oecd-emp-rate-upper-secondary,SK,Slovakia,2014,Y25T34,ISCED11A_35_45,F,56.595,,%
oecd-emp-rate-upper-secondary,SK,Slovakia,2015,Y25T34,ISCED11A_35_45,F,59.6316,,%
oecd-emp-rate-upper-secondary,SK,Slovakia,2016,Y25T34,ISCED11A_35_45,F,63.4251,,%
oecd-emp-rate-upper-secondary,SK,Slovakia,2017,Y25T34,ISCED11A_35_45,F,63.0518,,%
oecd-emp-rate-upper-secondary,SK,Slovakia,2018,Y25T34,ISCED11A_35_45,F,66.9187,,%
oecd-emp-rate-upper-secondary,SK,Slovakia,2019,Y25T34,ISCED11A_35_45,F,65.1296,,%
oecd-emp-rate-upper-secondary,SK,Slovakia,2020,Y25T34,ISCED11A_35_45,F,60.9122,,%
oecd-emp-rate-upper-secondary,SK,Slovakia,2021,Y25T34,ISCED11A_35_45,F,73.6813,,%
oecd-emp-rate-upper-secondary,SK,Slovakia,2022,Y25T34,ISCED11A_35_45,F,76.175,,%
oecd-emp-rate-upper-secondary,SK,Slovakia,2023,Y25T34,ISCED11A_35_45,F,74.7027,,%
oecd-emp-rate-upper-secondary,SK,Slovakia,2024,Y25T34,ISCED11A_35_45,F,75.5741,,%
oecd-emp-rate-upper-secondary,SK,Slovakia,2025,Y25T34,ISCED11A_35_45,F,71.9443,,%
oecd-emp-rate-upper-secondary,TR,Türkiye,2014,Y25T34,ISCED11A_35_45,F,36.5049,,%
oecd-emp-rate-upper-secondary,TR,Türkiye,2015,Y25T34,ISCED11A_35_45,F,38.0671,,%
oecd-emp-rate-upper-secondary,TR,Türkiye,2016,Y25T34,ISCED11A_35_45,F,37.4257,,%
oecd-emp-rate-upper-secondary,TR,Türkiye,2017,Y25T34,ISCED11A_35_45,F,37.8218,,%
oecd-emp-rate-upper-secondary,TR,Türkiye,2018,Y25T34,ISCED11A_35_45,F,37.827,,%
oecd-emp-rate-upper-secondary,TR,Türkiye,2019,Y25T34,ISCED11A_35_45,F,34.5029,,%
oecd-emp-rate-upper-secondary,TR,Türkiye,2021,Y25T34,ISCED11A_35_45,F,33.0595,,%
oecd-emp-rate-upper-secondary,TR,Türkiye,2022,Y25T34,ISCED11A_35_45,F,39.1051,,%
oecd-emp-rate-upper-secondary,TR,Türkiye,2023,Y25T34,ISCED11A_35_45,F,40.4553,,%
oecd-emp-rate-upper-secondary,TR,Türkiye,2024,Y25T34,ISCED11A_35_45,F,38.9262,,%
oecd-emp-rate-upper-secondary,TR,Türkiye,2025,Y25T34,ISCED11A_35_45,F,37.561,,%
oecd-emp-rate-upper-secondary,UK,United Kingdom,2014,Y25T34,ISCED11A_35_45,F,70.3046,,%
oecd-emp-rate-upper-secondary,UK,United Kingdom,2015,Y25T34,ISCED11A_35_45,F,73.4723,,%
oecd-emp-rate-upper-secondary,UK,United Kingdom,2016,Y25T34,ISCED11A_35_45,F,77.3921,,%
oecd-emp-rate-upper-secondary,UK,United Kingdom,2017,Y25T34,ISCED11A_35_45,F,76.4775,,%
oecd-emp-rate-upper-secondary,UK,United Kingdom,2018,Y25T34,ISCED11A_35_45,F,73.8283,,%
oecd-emp-rate-upper-secondary,UK,United Kingdom,2019,Y25T34,ISCED11A_35_45,F,80.1943,,%
oecd-emp-rate-upper-secondary,UK,United Kingdom,2020,Y25T34,ISCED11A_35_45,F,79.3744,,%
oecd-emp-rate-upper-secondary,UK,United Kingdom,2021,Y25T34,ISCED11A_35_45,F,78.7481,,%
oecd-emp-rate-upper-secondary,UK,United Kingdom,2022,Y25T34,ISCED11A_35_45,F,80.8446,,%
oecd-emp-rate-upper-secondary,UK,United Kingdom,2023,Y25T34,ISCED11A_35_45,F,75.3231,,%
oecd-emp-rate-upper-secondary,UK,United Kingdom,2024,Y25T34,ISCED11A_35_45,F,79.5306,,%
oecd-emp-rate-upper-secondary,UK,United Kingdom,2025,Y25T34,ISCED11A_35_45,F,73.1822,,%
oecd-emp-rate-upper-secondary,AT,Austria,2014,Y25T34,ISCED11A_35_45,M,89.2353,,%
oecd-emp-rate-upper-secondary,AT,Austria,2015,Y25T34,ISCED11A_35_45,M,89.0762,,%
oecd-emp-rate-upper-secondary,AT,Austria,2016,Y25T34,ISCED11A_35_45,M,88.2825,,%
oecd-emp-rate-upper-secondary,AT,Austria,2017,Y25T34,ISCED11A_35_45,M,88.9972,,%
oecd-emp-rate-upper-secondary,AT,Austria,2018,Y25T34,ISCED11A_35_45,M,90.3523,,%
oecd-emp-rate-upper-secondary,AT,Austria,2019,Y25T34,ISCED11A_35_45,M,92.4648,,%
oecd-emp-rate-upper-secondary,AT,Austria,2020,Y25T34,ISCED11A_35_45,M,88.2131,,%
oecd-emp-rate-upper-secondary,AT,Austria,2021,Y25T34,ISCED11A_35_45,M,89.1393,,%
oecd-emp-rate-upper-secondary,AT,Austria,2022,Y25T34,ISCED11A_35_45,M,89.4638,,%
oecd-emp-rate-upper-secondary,AT,Austria,2023,Y25T34,ISCED11A_35_45,M,89.7976,,%
oecd-emp-rate-upper-secondary,AT,Austria,2024,Y25T34,ISCED11A_35_45,M,89.9094,,%
oecd-emp-rate-upper-secondary,AT,Austria,2025,Y25T34,ISCED11A_35_45,M,87.4512,,%
oecd-emp-rate-upper-secondary,BE,Belgium,2014,Y25T34,ISCED11A_35_45,M,86.2482,,%
oecd-emp-rate-upper-secondary,BE,Belgium,2015,Y25T34,ISCED11A_35_45,M,85.4455,,%
oecd-emp-rate-upper-secondary,BE,Belgium,2016,Y25T34,ISCED11A_35_45,M,86.1049,,%
oecd-emp-rate-upper-secondary,BE,Belgium,2017,Y25T34,ISCED11A_35_45,M,86.8512,,%
oecd-emp-rate-upper-secondary,BE,Belgium,2018,Y25T34,ISCED11A_35_45,M,87.0996,,%
oecd-emp-rate-upper-secondary,BE,Belgium,2019,Y25T34,ISCED11A_35_45,M,88.7403,,%
oecd-emp-rate-upper-secondary,BE,Belgium,2020,Y25T34,ISCED11A_35_45,M,87.3405,,%
oecd-emp-rate-upper-secondary,BE,Belgium,2021,Y25T34,ISCED11A_35_45,M,84.8971,,%
oecd-emp-rate-upper-secondary,BE,Belgium,2022,Y25T34,ISCED11A_35_45,M,86.8463,,%
oecd-emp-rate-upper-secondary,BE,Belgium,2023,Y25T34,ISCED11A_35_45,M,86.4122,,%
oecd-emp-rate-upper-secondary,BE,Belgium,2024,Y25T34,ISCED11A_35_45,M,85.2942,,%
oecd-emp-rate-upper-secondary,BE,Belgium,2025,Y25T34,ISCED11A_35_45,M,83.6135,,%
oecd-emp-rate-upper-secondary,BG,Bulgaria,2015,Y25T34,ISCED11A_35_45,M,81.6438,,%
oecd-emp-rate-upper-secondary,BG,Bulgaria,2016,Y25T34,ISCED11A_35_45,M,83.1478,,%
oecd-emp-rate-upper-secondary,BG,Bulgaria,2019,Y25T34,ISCED11A_35_45,M,88.8943,,%
oecd-emp-rate-upper-secondary,BG,Bulgaria,2022,Y25T34,ISCED11A_35_45,M,89.5794,,%
oecd-emp-rate-upper-secondary,BG,Bulgaria,2023,Y25T34,ISCED11A_35_45,M,88.7539,,%
oecd-emp-rate-upper-secondary,BG,Bulgaria,2024,Y25T34,ISCED11A_35_45,M,89.7875,,%
oecd-emp-rate-upper-secondary,BG,Bulgaria,2025,Y25T34,ISCED11A_35_45,M,88.9403,,%
oecd-emp-rate-upper-secondary,CH,Switzerland,2014,Y25T34,ISCED11A_35_45,M,90.7194,,%
oecd-emp-rate-upper-secondary,CH,Switzerland,2015,Y25T34,ISCED11A_35_45,M,92.4477,,%
oecd-emp-rate-upper-secondary,CH,Switzerland,2016,Y25T34,ISCED11A_35_45,M,91.4711,,%
oecd-emp-rate-upper-secondary,CH,Switzerland,2017,Y25T34,ISCED11A_35_45,M,91.1155,,%
oecd-emp-rate-upper-secondary,CH,Switzerland,2018,Y25T34,ISCED11A_35_45,M,91.3766,,%
oecd-emp-rate-upper-secondary,CH,Switzerland,2019,Y25T34,ISCED11A_35_45,M,91.6085,,%
oecd-emp-rate-upper-secondary,CH,Switzerland,2020,Y25T34,ISCED11A_35_45,M,89.9761,,%
oecd-emp-rate-upper-secondary,CH,Switzerland,2021,Y25T34,ISCED11A_35_45,M,91.8629,,%
oecd-emp-rate-upper-secondary,CH,Switzerland,2022,Y25T34,ISCED11A_35_45,M,91.9694,,%
oecd-emp-rate-upper-secondary,CH,Switzerland,2023,Y25T34,ISCED11A_35_45,M,90.5268,,%
oecd-emp-rate-upper-secondary,CH,Switzerland,2024,Y25T34,ISCED11A_35_45,M,91.7071,,%
oecd-emp-rate-upper-secondary,CH,Switzerland,2025,Y25T34,ISCED11A_35_45,M,90.3308,,%
oecd-emp-rate-upper-secondary,CZ,Czechia,2018,Y25T34,ISCED11A_35_45,M,95.1662,,%
oecd-emp-rate-upper-secondary,CZ,Czechia,2019,Y25T34,ISCED11A_35_45,M,95.0879,,%
oecd-emp-rate-upper-secondary,CZ,Czechia,2021,Y25T34,ISCED11A_35_45,M,94.9008,,%
oecd-emp-rate-upper-secondary,CZ,Czechia,2022,Y25T34,ISCED11A_35_45,M,96.1046,,%
oecd-emp-rate-upper-secondary,CZ,Czechia,2024,Y25T34,ISCED11A_35_45,M,95.4692,,%
oecd-emp-rate-upper-secondary,DE,Germany,2014,Y25T34,ISCED11A_35_45,M,89.4958,,%
oecd-emp-rate-upper-secondary,DE,Germany,2015,Y25T34,ISCED11A_35_45,M,89.3639,,%
oecd-emp-rate-upper-secondary,DE,Germany,2016,Y25T34,ISCED11A_35_45,M,90.5662,,%
oecd-emp-rate-upper-secondary,DE,Germany,2017,Y25T34,ISCED11A_35_45,M,91.308,,%
oecd-emp-rate-upper-secondary,DE,Germany,2018,Y25T34,ISCED11A_35_45,M,91.9271,,%
oecd-emp-rate-upper-secondary,DE,Germany,2019,Y25T34,ISCED11A_35_45,M,92.2693,,%
oecd-emp-rate-upper-secondary,DE,Germany,2020,Y25T34,ISCED11A_35_45,M,90.8903,,%
oecd-emp-rate-upper-secondary,DE,Germany,2021,Y25T34,ISCED11A_35_45,M,90.621,,%
oecd-emp-rate-upper-secondary,DE,Germany,2022,Y25T34,ISCED11A_35_45,M,92.0667,,%
oecd-emp-rate-upper-secondary,DE,Germany,2023,Y25T34,ISCED11A_35_45,M,93.0245,,%
oecd-emp-rate-upper-secondary,DE,Germany,2024,Y25T34,ISCED11A_35_45,M,92.2942,,%
oecd-emp-rate-upper-secondary,DE,Germany,2025,Y25T34,ISCED11A_35_45,M,91.1863,,%
oecd-emp-rate-upper-secondary,DK,Denmark,2010,Y25T34,ISCED11A_35_45,M,85.6461,,%
oecd-emp-rate-upper-secondary,DK,Denmark,2011,Y25T34,ISCED11A_35_45,M,85.4447,,%
oecd-emp-rate-upper-secondary,DK,Denmark,2012,Y25T34,ISCED11A_35_45,M,86.1964,,%
oecd-emp-rate-upper-secondary,DK,Denmark,2013,Y25T34,ISCED11A_35_45,M,88.8484,,%
oecd-emp-rate-upper-secondary,DK,Denmark,2014,Y25T34,ISCED11A_35_45,M,85.8497,,%
oecd-emp-rate-upper-secondary,DK,Denmark,2015,Y25T34,ISCED11A_35_45,M,89.7812,,%
oecd-emp-rate-upper-secondary,DK,Denmark,2016,Y25T34,ISCED11A_35_45,M,88.97,,%
oecd-emp-rate-upper-secondary,DK,Denmark,2017,Y25T34,ISCED11A_35_45,M,87.6482,,%
oecd-emp-rate-upper-secondary,DK,Denmark,2018,Y25T34,ISCED11A_35_45,M,88.7837,,%
oecd-emp-rate-upper-secondary,DK,Denmark,2019,Y25T34,ISCED11A_35_45,M,89.0271,,%
oecd-emp-rate-upper-secondary,DK,Denmark,2020,Y25T34,ISCED11A_35_45,M,90.4393,,%
oecd-emp-rate-upper-secondary,DK,Denmark,2021,Y25T34,ISCED11A_35_45,M,91.3926,,%
oecd-emp-rate-upper-secondary,DK,Denmark,2022,Y25T34,ISCED11A_35_45,M,90.8963,,%
oecd-emp-rate-upper-secondary,DK,Denmark,2023,Y25T34,ISCED11A_35_45,M,90.9456,,%
oecd-emp-rate-upper-secondary,DK,Denmark,2024,Y25T34,ISCED11A_35_45,M,90.7814,,%
oecd-emp-rate-upper-secondary,DK,Denmark,2025,Y25T34,ISCED11A_35_45,M,89.9125,B,%
oecd-emp-rate-upper-secondary,EE,Estonia,2014,Y25T34,ISCED11A_35_45,M,88.8974,,%
oecd-emp-rate-upper-secondary,EE,Estonia,2015,Y25T34,ISCED11A_35_45,M,93.4232,,%
oecd-emp-rate-upper-secondary,EE,Estonia,2016,Y25T34,ISCED11A_35_45,M,91.5936,,%
oecd-emp-rate-upper-secondary,EE,Estonia,2017,Y25T34,ISCED11A_35_45,M,91.2226,,%
oecd-emp-rate-upper-secondary,EE,Estonia,2018,Y25T34,ISCED11A_35_45,M,89.716,,%
oecd-emp-rate-upper-secondary,EE,Estonia,2019,Y25T34,ISCED11A_35_45,M,91.9915,,%
oecd-emp-rate-upper-secondary,EE,Estonia,2020,Y25T34,ISCED11A_35_45,M,87.9821,,%
oecd-emp-rate-upper-secondary,EE,Estonia,2021,Y25T34,ISCED11A_35_45,M,90.4367,,%
oecd-emp-rate-upper-secondary,EE,Estonia,2022,Y25T34,ISCED11A_35_45,M,90.1908,,%
oecd-emp-rate-upper-secondary,EE,Estonia,2023,Y25T34,ISCED11A_35_45,M,87.3002,,%
oecd-emp-rate-upper-secondary,EE,Estonia,2024,Y25T34,ISCED11A_35_45,M,91.7578,,%
oecd-emp-rate-upper-secondary,EE,Estonia,2025,Y25T34,ISCED11A_35_45,M,91.3932,,%
oecd-emp-rate-upper-secondary,EL,Greece,2010,Y25T34,ISCED11A_35_45,M,86.1157,B,%
oecd-emp-rate-upper-secondary,EL,Greece,2011,Y25T34,ISCED11A_35_45,M,77.7645,B,%
oecd-emp-rate-upper-secondary,EL,Greece,2012,Y25T34,ISCED11A_35_45,M,67.937,B,%
oecd-emp-rate-upper-secondary,EL,Greece,2013,Y25T34,ISCED11A_35_45,M,63.4212,B,%
oecd-emp-rate-upper-secondary,EL,Greece,2014,Y25T34,ISCED11A_35_45,M,60.8058,,%
oecd-emp-rate-upper-secondary,EL,Greece,2015,Y25T34,ISCED11A_35_45,M,67.9696,,%
oecd-emp-rate-upper-secondary,EL,Greece,2016,Y25T34,ISCED11A_35_45,M,70.4117,,%
oecd-emp-rate-upper-secondary,EL,Greece,2017,Y25T34,ISCED11A_35_45,M,71.7789,,%
oecd-emp-rate-upper-secondary,EL,Greece,2018,Y25T34,ISCED11A_35_45,M,74.6269,,%
oecd-emp-rate-upper-secondary,EL,Greece,2019,Y25T34,ISCED11A_35_45,M,72.1256,,%
oecd-emp-rate-upper-secondary,EL,Greece,2020,Y25T34,ISCED11A_35_45,M,68.7089,,%
oecd-emp-rate-upper-secondary,EL,Greece,2021,Y25T34,ISCED11A_35_45,M,75.5745,,%
oecd-emp-rate-upper-secondary,EL,Greece,2022,Y25T34,ISCED11A_35_45,M,81.8193,,%
oecd-emp-rate-upper-secondary,EL,Greece,2023,Y25T34,ISCED11A_35_45,M,81.647,,%
oecd-emp-rate-upper-secondary,EL,Greece,2024,Y25T34,ISCED11A_35_45,M,84.2562,,%
oecd-emp-rate-upper-secondary,EL,Greece,2025,Y25T34,ISCED11A_35_45,M,84.134,,%
oecd-emp-rate-upper-secondary,ES,Spain,2014,Y25T34,ISCED11A_35_45,M,73.4424,,%
oecd-emp-rate-upper-secondary,ES,Spain,2015,Y25T34,ISCED11A_35_45,M,74.6714,,%
oecd-emp-rate-upper-secondary,ES,Spain,2016,Y25T34,ISCED11A_35_45,M,78.6635,,%
oecd-emp-rate-upper-secondary,ES,Spain,2017,Y25T34,ISCED11A_35_45,M,79.0166,,%
oecd-emp-rate-upper-secondary,ES,Spain,2018,Y25T34,ISCED11A_35_45,M,80.3532,,%
oecd-emp-rate-upper-secondary,ES,Spain,2019,Y25T34,ISCED11A_35_45,M,80.4472,,%
oecd-emp-rate-upper-secondary,ES,Spain,2020,Y25T34,ISCED11A_35_45,M,76.796,,%
oecd-emp-rate-upper-secondary,ES,Spain,2021,Y25T34,ISCED11A_35_45,M,75.2515,,%
oecd-emp-rate-upper-secondary,ES,Spain,2022,Y25T34,ISCED11A_35_45,M,79.2957,,%
oecd-emp-rate-upper-secondary,ES,Spain,2023,Y25T34,ISCED11A_35_45,M,79.6479,,%
oecd-emp-rate-upper-secondary,ES,Spain,2024,Y25T34,ISCED11A_35_45,M,82.3688,,%
oecd-emp-rate-upper-secondary,ES,Spain,2025,Y25T34,ISCED11A_35_45,M,82.8992,,%
oecd-emp-rate-upper-secondary,FI,Finland,2014,Y25T34,ISCED11A_35_45,M,82.3737,,%
oecd-emp-rate-upper-secondary,FI,Finland,2015,Y25T34,ISCED11A_35_45,M,82.8934,,%
oecd-emp-rate-upper-secondary,FI,Finland,2016,Y25T34,ISCED11A_35_45,M,83.4437,,%
oecd-emp-rate-upper-secondary,FI,Finland,2017,Y25T34,ISCED11A_35_45,M,82.3529,,%
oecd-emp-rate-upper-secondary,FI,Finland,2018,Y25T34,ISCED11A_35_45,M,84.4156,,%
oecd-emp-rate-upper-secondary,FI,Finland,2019,Y25T34,ISCED11A_35_45,M,84.6154,,%
oecd-emp-rate-upper-secondary,FI,Finland,2020,Y25T34,ISCED11A_35_45,M,82.7815,,%
oecd-emp-rate-upper-secondary,FI,Finland,2021,Y25T34,ISCED11A_35_45,M,82.5503,,%
oecd-emp-rate-upper-secondary,FI,Finland,2022,Y25T34,ISCED11A_35_45,M,82.0,,%
oecd-emp-rate-upper-secondary,FI,Finland,2023,Y25T34,ISCED11A_35_45,M,80.7692,,%
oecd-emp-rate-upper-secondary,FI,Finland,2024,Y25T34,ISCED11A_35_45,M,80.0,,%
oecd-emp-rate-upper-secondary,FI,Finland,2025,Y25T34,ISCED11A_35_45,M,80.2632,,%
oecd-emp-rate-upper-secondary,FR,France,2013,Y25T34,ISCED11A_35_45,M,83.3756,,%
oecd-emp-rate-upper-secondary,FR,France,2014,Y25T34,ISCED11A_35_45,M,82.6917,,%
oecd-emp-rate-upper-secondary,FR,France,2015,Y25T34,ISCED11A_35_45,M,82.0566,,%
oecd-emp-rate-upper-secondary,FR,France,2016,Y25T34,ISCED11A_35_45,M,81.7815,,%
oecd-emp-rate-upper-secondary,FR,France,2017,Y25T34,ISCED11A_35_45,M,83.086,,%
oecd-emp-rate-upper-secondary,FR,France,2018,Y25T34,ISCED11A_35_45,M,84.3434,,%
oecd-emp-rate-upper-secondary,FR,France,2019,Y25T34,ISCED11A_35_45,M,84.1965,,%
oecd-emp-rate-upper-secondary,FR,France,2020,Y25T34,ISCED11A_35_45,M,83.7543,,%
oecd-emp-rate-upper-secondary,FR,France,2021,Y25T34,ISCED11A_35_45,M,83.4902,,%
oecd-emp-rate-upper-secondary,FR,France,2022,Y25T34,ISCED11A_35_45,M,84.7858,,%
oecd-emp-rate-upper-secondary,FR,France,2023,Y25T34,ISCED11A_35_45,M,84.8214,,%
oecd-emp-rate-upper-secondary,FR,France,2024,Y25T34,ISCED11A_35_45,M,84.8706,,%
oecd-emp-rate-upper-secondary,FR,France,2025,Y25T34,ISCED11A_35_45,M,83.5117,,%
oecd-emp-rate-upper-secondary,HR,Croatia,2015,Y25T34,ISCED11A_35_45,M,77.1695,,%
oecd-emp-rate-upper-secondary,HR,Croatia,2016,Y25T34,ISCED11A_35_45,M,77.4011,,%
oecd-emp-rate-upper-secondary,HR,Croatia,2019,Y25T34,ISCED11A_35_45,M,87.0158,,%
oecd-emp-rate-upper-secondary,HR,Croatia,2023,Y25T34,ISCED11A_35_45,M,86.7133,,%
oecd-emp-rate-upper-secondary,HR,Croatia,2024,Y25T34,ISCED11A_35_45,M,87.5578,,%
oecd-emp-rate-upper-secondary,HR,Croatia,2025,Y25T34,ISCED11A_35_45,M,86.7422,,%
oecd-emp-rate-upper-secondary,HU,Hungary,2014,Y25T34,ISCED11A_35_45,M,88.5737,,%
oecd-emp-rate-upper-secondary,HU,Hungary,2015,Y25T34,ISCED11A_35_45,M,89.2875,,%
oecd-emp-rate-upper-secondary,HU,Hungary,2016,Y25T34,ISCED11A_35_45,M,90.5027,,%
oecd-emp-rate-upper-secondary,HU,Hungary,2017,Y25T34,ISCED11A_35_45,M,92.8703,,%
oecd-emp-rate-upper-secondary,HU,Hungary,2018,Y25T34,ISCED11A_35_45,M,93.0087,,%
oecd-emp-rate-upper-secondary,HU,Hungary,2019,Y25T34,ISCED11A_35_45,M,93.1259,,%
oecd-emp-rate-upper-secondary,HU,Hungary,2020,Y25T34,ISCED11A_35_45,M,91.3782,,%
oecd-emp-rate-upper-secondary,HU,Hungary,2021,Y25T34,ISCED11A_35_45,M,93.7263,,%
oecd-emp-rate-upper-secondary,HU,Hungary,2022,Y25T34,ISCED11A_35_45,M,93.8818,,%
oecd-emp-rate-upper-secondary,HU,Hungary,2023,Y25T34,ISCED11A_35_45,M,92.5819,,%
oecd-emp-rate-upper-secondary,HU,Hungary,2024,Y25T34,ISCED11A_35_45,M,92.4304,,%
oecd-emp-rate-upper-secondary,HU,Hungary,2025,Y25T34,ISCED11A_35_45,M,91.9053,,%
oecd-emp-rate-upper-secondary,IE,Ireland,2014,Y25T34,ISCED11A_35_45,M,77.6314,,%
oecd-emp-rate-upper-secondary,IE,Ireland,2015,Y25T34,ISCED11A_35_45,M,80.668,,%
oecd-emp-rate-upper-secondary,IE,Ireland,2017,Y25T34,ISCED11A_35_45,M,84.8325,,%
oecd-emp-rate-upper-secondary,IE,Ireland,2019,Y25T34,ISCED11A_35_45,M,84.6503,,%
oecd-emp-rate-upper-secondary,IE,Ireland,2020,Y25T34,ISCED11A_35_45,M,83.185,,%
oecd-emp-rate-upper-secondary,IE,Ireland,2022,Y25T34,ISCED11A_35_45,M,86.8969,,%
oecd-emp-rate-upper-secondary,IE,Ireland,2023,Y25T34,ISCED11A_35_45,M,87.6724,,%
oecd-emp-rate-upper-secondary,IE,Ireland,2024,Y25T34,ISCED11A_35_45,M,86.9797,,%
oecd-emp-rate-upper-secondary,IE,Ireland,2025,Y25T34,ISCED11A_35_45,M,85.0323,,%
oecd-emp-rate-upper-secondary,IS,Iceland,2010,Y25T34,ISCED11A_35_45,M,87.7912,,%
oecd-emp-rate-upper-secondary,IS,Iceland,2011,Y25T34,ISCED11A_35_45,M,84.5174,,%
oecd-emp-rate-upper-secondary,IS,Iceland,2012,Y25T34,ISCED11A_35_45,M,86.2697,,%
oecd-emp-rate-upper-secondary,IS,Iceland,2013,Y25T34,ISCED11A_35_45,M,89.0061,,%
oecd-emp-rate-upper-secondary,IS,Iceland,2014,Y25T34,ISCED11A_35_45,M,87.9309,,%
oecd-emp-rate-upper-secondary,IS,Iceland,2015,Y25T34,ISCED11A_35_45,M,94.9856,,%
oecd-emp-rate-upper-secondary,IS,Iceland,2016,Y25T34,ISCED11A_35_45,M,93.6157,,%
oecd-emp-rate-upper-secondary,IS,Iceland,2017,Y25T34,ISCED11A_35_45,M,96.6574,,%
oecd-emp-rate-upper-secondary,IS,Iceland,2018,Y25T34,ISCED11A_35_45,M,93.1666,,%
oecd-emp-rate-upper-secondary,IS,Iceland,2019,Y25T34,ISCED11A_35_45,M,92.7838,,%
oecd-emp-rate-upper-secondary,IS,Iceland,2020,Y25T34,ISCED11A_35_45,M,89.4067,,%
oecd-emp-rate-upper-secondary,IS,Iceland,2021,Y25T34,ISCED11A_35_45,M,91.9323,,%
oecd-emp-rate-upper-secondary,IS,Iceland,2022,Y25T34,ISCED11A_35_45,M,95.1676,,%
oecd-emp-rate-upper-secondary,IS,Iceland,2023,Y25T34,ISCED11A_35_45,M,90.1688,,%
oecd-emp-rate-upper-secondary,IT,Italy,2014,Y25T34,ISCED11A_35_45,M,74.6167,,%
oecd-emp-rate-upper-secondary,IT,Italy,2015,Y25T34,ISCED11A_35_45,M,74.7275,,%
oecd-emp-rate-upper-secondary,IT,Italy,2016,Y25T34,ISCED11A_35_45,M,75.088,,%
oecd-emp-rate-upper-secondary,IT,Italy,2017,Y25T34,ISCED11A_35_45,M,76.4539,,%
oecd-emp-rate-upper-secondary,IT,Italy,2018,Y25T34,ISCED11A_35_45,M,76.3492,,%
oecd-emp-rate-upper-secondary,IT,Italy,2019,Y25T34,ISCED11A_35_45,M,77.4,,%
oecd-emp-rate-upper-secondary,IT,Italy,2020,Y25T34,ISCED11A_35_45,M,75.243,,%
oecd-emp-rate-upper-secondary,IT,Italy,2021,Y25T34,ISCED11A_35_45,M,77.1564,,%
oecd-emp-rate-upper-secondary,IT,Italy,2022,Y25T34,ISCED11A_35_45,M,80.4314,,%
oecd-emp-rate-upper-secondary,IT,Italy,2023,Y25T34,ISCED11A_35_45,M,82.1842,,%
oecd-emp-rate-upper-secondary,IT,Italy,2024,Y25T34,ISCED11A_35_45,M,81.5107,,%
oecd-emp-rate-upper-secondary,IT,Italy,2025,Y25T34,ISCED11A_35_45,M,82.1107,,%
oecd-emp-rate-upper-secondary,LT,Lithuania,2014,Y25T34,ISCED11A_35_45,M,81.4977,,%
oecd-emp-rate-upper-secondary,LT,Lithuania,2015,Y25T34,ISCED11A_35_45,M,86.1576,,%
oecd-emp-rate-upper-secondary,LT,Lithuania,2016,Y25T34,ISCED11A_35_45,M,85.8836,,%
oecd-emp-rate-upper-secondary,LT,Lithuania,2017,Y25T34,ISCED11A_35_45,M,88.2024,,%
oecd-emp-rate-upper-secondary,LT,Lithuania,2018,Y25T34,ISCED11A_35_45,M,90.2028,,%
oecd-emp-rate-upper-secondary,LT,Lithuania,2019,Y25T34,ISCED11A_35_45,M,87.2937,,%
oecd-emp-rate-upper-secondary,LT,Lithuania,2020,Y25T34,ISCED11A_35_45,M,86.8203,,%
oecd-emp-rate-upper-secondary,LT,Lithuania,2021,Y25T34,ISCED11A_35_45,M,85.2868,,%
oecd-emp-rate-upper-secondary,LT,Lithuania,2022,Y25T34,ISCED11A_35_45,M,90.365,,%
oecd-emp-rate-upper-secondary,LT,Lithuania,2023,Y25T34,ISCED11A_35_45,M,86.9591,,%
oecd-emp-rate-upper-secondary,LT,Lithuania,2024,Y25T34,ISCED11A_35_45,M,86.4264,,%
oecd-emp-rate-upper-secondary,LT,Lithuania,2025,Y25T34,ISCED11A_35_45,M,88.7741,,%
oecd-emp-rate-upper-secondary,LU,Luxembourg,2014,Y25T34,ISCED11A_35_45,M,93.3714,,%
oecd-emp-rate-upper-secondary,LU,Luxembourg,2015,Y25T34,ISCED11A_35_45,M,92.5615,,%
oecd-emp-rate-upper-secondary,LU,Luxembourg,2019,Y25T34,ISCED11A_35_45,M,92.961,,%
oecd-emp-rate-upper-secondary,LU,Luxembourg,2020,Y25T34,ISCED11A_35_45,M,96.2304,,%
oecd-emp-rate-upper-secondary,LU,Luxembourg,2021,Y25T34,ISCED11A_35_45,M,87.9794,,%
oecd-emp-rate-upper-secondary,LU,Luxembourg,2022,Y25T34,ISCED11A_35_45,M,86.1722,,%
oecd-emp-rate-upper-secondary,LU,Luxembourg,2023,Y25T34,ISCED11A_35_45,M,93.3293,,%
oecd-emp-rate-upper-secondary,LU,Luxembourg,2024,Y25T34,ISCED11A_35_45,M,89.6414,,%
oecd-emp-rate-upper-secondary,LV,Latvia,2014,Y25T34,ISCED11A_35_45,M,84.178,,%
oecd-emp-rate-upper-secondary,LV,Latvia,2015,Y25T34,ISCED11A_35_45,M,85.6083,,%
oecd-emp-rate-upper-secondary,LV,Latvia,2016,Y25T34,ISCED11A_35_45,M,87.0996,,%
oecd-emp-rate-upper-secondary,LV,Latvia,2017,Y25T34,ISCED11A_35_45,M,88.1374,,%
oecd-emp-rate-upper-secondary,LV,Latvia,2018,Y25T34,ISCED11A_35_45,M,87.7447,,%
oecd-emp-rate-upper-secondary,LV,Latvia,2019,Y25T34,ISCED11A_35_45,M,84.704,,%
oecd-emp-rate-upper-secondary,LV,Latvia,2020,Y25T34,ISCED11A_35_45,M,83.6953,,%
oecd-emp-rate-upper-secondary,LV,Latvia,2021,Y25T34,ISCED11A_35_45,M,85.6086,,%
oecd-emp-rate-upper-secondary,LV,Latvia,2022,Y25T34,ISCED11A_35_45,M,88.6584,,%
oecd-emp-rate-upper-secondary,LV,Latvia,2023,Y25T34,ISCED11A_35_45,M,84.026,,%
oecd-emp-rate-upper-secondary,LV,Latvia,2024,Y25T34,ISCED11A_35_45,M,84.4467,,%
oecd-emp-rate-upper-secondary,LV,Latvia,2025,Y25T34,ISCED11A_35_45,M,89.0606,,%
oecd-emp-rate-upper-secondary,NL,Netherlands,2013,Y25T34,ISCED11A_35_45,M,89.6172,B,%
oecd-emp-rate-upper-secondary,NL,Netherlands,2014,Y25T34,ISCED11A_35_45,M,88.876,,%
oecd-emp-rate-upper-secondary,NL,Netherlands,2015,Y25T34,ISCED11A_35_45,M,89.6388,,%
oecd-emp-rate-upper-secondary,NL,Netherlands,2016,Y25T34,ISCED11A_35_45,M,92.1831,,%
oecd-emp-rate-upper-secondary,NL,Netherlands,2017,Y25T34,ISCED11A_35_45,M,91.8491,,%
oecd-emp-rate-upper-secondary,NL,Netherlands,2018,Y25T34,ISCED11A_35_45,M,93.1703,,%
oecd-emp-rate-upper-secondary,NL,Netherlands,2019,Y25T34,ISCED11A_35_45,M,92.4795,,%
oecd-emp-rate-upper-secondary,NL,Netherlands,2020,Y25T34,ISCED11A_35_45,M,91.6642,,%
oecd-emp-rate-upper-secondary,NL,Netherlands,2021,Y25T34,ISCED11A_35_45,M,91.6004,,%
oecd-emp-rate-upper-secondary,NL,Netherlands,2022,Y25T34,ISCED11A_35_45,M,93.5661,,%
oecd-emp-rate-upper-secondary,NL,Netherlands,2023,Y25T34,ISCED11A_35_45,M,93.7672,,%
oecd-emp-rate-upper-secondary,NL,Netherlands,2024,Y25T34,ISCED11A_35_45,M,92.532,,%
oecd-emp-rate-upper-secondary,NL,Netherlands,2025,Y25T34,ISCED11A_35_45,M,92.9042,,%
oecd-emp-rate-upper-secondary,NO,Norway,2014,Y25T34,ISCED11A_35_45,M,92.2353,,%
oecd-emp-rate-upper-secondary,NO,Norway,2015,Y25T34,ISCED11A_35_45,M,90.4348,,%
oecd-emp-rate-upper-secondary,NO,Norway,2016,Y25T34,ISCED11A_35_45,M,90.9664,,%
oecd-emp-rate-upper-secondary,NO,Norway,2017,Y25T34,ISCED11A_35_45,M,90.0862,,%
oecd-emp-rate-upper-secondary,NO,Norway,2018,Y25T34,ISCED11A_35_45,M,91.0664,,%
oecd-emp-rate-upper-secondary,NO,Norway,2019,Y25T34,ISCED11A_35_45,M,91.2871,,%
oecd-emp-rate-upper-secondary,NO,Norway,2020,Y25T34,ISCED11A_35_45,M,91.2904,,%
oecd-emp-rate-upper-secondary,NO,Norway,2021,Y25T34,ISCED11A_35_45,M,91.2621,,%
oecd-emp-rate-upper-secondary,NO,Norway,2022,Y25T34,ISCED11A_35_45,M,94.6237,,%
oecd-emp-rate-upper-secondary,NO,Norway,2023,Y25T34,ISCED11A_35_45,M,94.0594,,%
oecd-emp-rate-upper-secondary,NO,Norway,2024,Y25T34,ISCED11A_35_45,M,93.2692,,%
oecd-emp-rate-upper-secondary,NO,Norway,2025,Y25T34,ISCED11A_35_45,M,91.9722,,%
oecd-emp-rate-upper-secondary,PL,Poland,2014,Y25T34,ISCED11A_35_45,M,85.2569,,%
oecd-emp-rate-upper-secondary,PL,Poland,2015,Y25T34,ISCED11A_35_45,M,86.5798,,%
oecd-emp-rate-upper-secondary,PL,Poland,2016,Y25T34,ISCED11A_35_45,M,87.8254,,%
oecd-emp-rate-upper-secondary,PL,Poland,2017,Y25T34,ISCED11A_35_45,M,89.1978,,%
oecd-emp-rate-upper-secondary,PL,Poland,2018,Y25T34,ISCED11A_35_45,M,91.0891,,%
oecd-emp-rate-upper-secondary,PL,Poland,2019,Y25T34,ISCED11A_35_45,M,92.1687,,%
oecd-emp-rate-upper-secondary,PL,Poland,2020,Y25T34,ISCED11A_35_45,M,92.3546,,%
oecd-emp-rate-upper-secondary,PL,Poland,2021,Y25T34,ISCED11A_35_45,M,93.4129,,%
oecd-emp-rate-upper-secondary,PL,Poland,2022,Y25T34,ISCED11A_35_45,M,92.3622,,%
oecd-emp-rate-upper-secondary,PL,Poland,2023,Y25T34,ISCED11A_35_45,M,92.2431,,%
oecd-emp-rate-upper-secondary,PL,Poland,2024,Y25T34,ISCED11A_35_45,M,93.6336,,%
oecd-emp-rate-upper-secondary,PL,Poland,2025,Y25T34,ISCED11A_35_45,M,93.0263,,%
oecd-emp-rate-upper-secondary,PT,Portugal,2014,Y25T34,ISCED11A_35_45,M,82.676,,%
oecd-emp-rate-upper-secondary,PT,Portugal,2015,Y25T34,ISCED11A_35_45,M,80.6628,,%
oecd-emp-rate-upper-secondary,PT,Portugal,2016,Y25T34,ISCED11A_35_45,M,79.8567,,%
oecd-emp-rate-upper-secondary,PT,Portugal,2017,Y25T34,ISCED11A_35_45,M,84.4371,,%
oecd-emp-rate-upper-secondary,PT,Portugal,2018,Y25T34,ISCED11A_35_45,M,87.1252,,%
oecd-emp-rate-upper-secondary,PT,Portugal,2019,Y25T34,ISCED11A_35_45,M,89.2371,,%
oecd-emp-rate-upper-secondary,PT,Portugal,2020,Y25T34,ISCED11A_35_45,M,84.9146,,%
oecd-emp-rate-upper-secondary,PT,Portugal,2021,Y25T34,ISCED11A_35_45,M,83.597,,%
oecd-emp-rate-upper-secondary,PT,Portugal,2022,Y25T34,ISCED11A_35_45,M,88.3582,,%
oecd-emp-rate-upper-secondary,PT,Portugal,2023,Y25T34,ISCED11A_35_45,M,88.2614,,%
oecd-emp-rate-upper-secondary,PT,Portugal,2024,Y25T34,ISCED11A_35_45,M,90.1903,,%
oecd-emp-rate-upper-secondary,PT,Portugal,2025,Y25T34,ISCED11A_35_45,M,90.4292,,%
oecd-emp-rate-upper-secondary,RO,Romania,2015,Y25T34,ISCED11A_35_45,M,85.0861,B,%
oecd-emp-rate-upper-secondary,RO,Romania,2019,Y25T34,ISCED11A_35_45,M,90.0899,,%
oecd-emp-rate-upper-secondary,RO,Romania,2021,Y25T34,ISCED11A_35_45,M,89.6625,,%
oecd-emp-rate-upper-secondary,RO,Romania,2022,Y25T34,ISCED11A_35_45,M,89.3021,,%
oecd-emp-rate-upper-secondary,RO,Romania,2023,Y25T34,ISCED11A_35_45,M,90.7867,,%
oecd-emp-rate-upper-secondary,RO,Romania,2024,Y25T34,ISCED11A_35_45,M,90.9746,,%
oecd-emp-rate-upper-secondary,RO,Romania,2025,Y25T34,ISCED11A_35_45,M,91.2798,,%
oecd-emp-rate-upper-secondary,SE,Sweden,2014,Y25T34,ISCED11A_35_45,M,90.6559,,%
oecd-emp-rate-upper-secondary,SE,Sweden,2015,Y25T34,ISCED11A_35_45,M,90.7451,,%
oecd-emp-rate-upper-secondary,SE,Sweden,2016,Y25T34,ISCED11A_35_45,M,91.6571,,%
oecd-emp-rate-upper-secondary,SE,Sweden,2017,Y25T34,ISCED11A_35_45,M,92.592,,%
oecd-emp-rate-upper-secondary,SE,Sweden,2018,Y25T34,ISCED11A_35_45,M,93.1388,,%
oecd-emp-rate-upper-secondary,SE,Sweden,2019,Y25T34,ISCED11A_35_45,M,92.9097,,%
oecd-emp-rate-upper-secondary,SE,Sweden,2020,Y25T34,ISCED11A_35_45,M,91.3142,,%
oecd-emp-rate-upper-secondary,SE,Sweden,2021,Y25T34,ISCED11A_35_45,M,91.827,,%
oecd-emp-rate-upper-secondary,SE,Sweden,2022,Y25T34,ISCED11A_35_45,M,90.5539,,%
oecd-emp-rate-upper-secondary,SE,Sweden,2023,Y25T34,ISCED11A_35_45,M,88.2453,,%
oecd-emp-rate-upper-secondary,SE,Sweden,2024,Y25T34,ISCED11A_35_45,M,91.8634,,%
oecd-emp-rate-upper-secondary,SE,Sweden,2025,Y25T34,ISCED11A_35_45,M,92.2964,,%
oecd-emp-rate-upper-secondary,SI,Slovenia,2014,Y25T34,ISCED11A_35_45,M,85.4284,,%
oecd-emp-rate-upper-secondary,SI,Slovenia,2015,Y25T34,ISCED11A_35_45,M,84.8532,,%
oecd-emp-rate-upper-secondary,SI,Slovenia,2016,Y25T34,ISCED11A_35_45,M,87.5262,,%
oecd-emp-rate-upper-secondary,SI,Slovenia,2017,Y25T34,ISCED11A_35_45,M,89.7898,,%
oecd-emp-rate-upper-secondary,SI,Slovenia,2018,Y25T34,ISCED11A_35_45,M,90.4793,,%
oecd-emp-rate-upper-secondary,SI,Slovenia,2019,Y25T34,ISCED11A_35_45,M,92.5066,,%
oecd-emp-rate-upper-secondary,SI,Slovenia,2020,Y25T34,ISCED11A_35_45,M,92.0334,,%
oecd-emp-rate-upper-secondary,SI,Slovenia,2021,Y25T34,ISCED11A_35_45,M,90.8825,,%
oecd-emp-rate-upper-secondary,SI,Slovenia,2022,Y25T34,ISCED11A_35_45,M,92.3696,,%
oecd-emp-rate-upper-secondary,SI,Slovenia,2023,Y25T34,ISCED11A_35_45,M,95.082,,%
oecd-emp-rate-upper-secondary,SI,Slovenia,2024,Y25T34,ISCED11A_35_45,M,93.4062,,%
oecd-emp-rate-upper-secondary,SI,Slovenia,2025,Y25T34,ISCED11A_35_45,M,92.2466,,%
oecd-emp-rate-upper-secondary,SK,Slovakia,2014,Y25T34,ISCED11A_35_45,M,83.4963,,%
oecd-emp-rate-upper-secondary,SK,Slovakia,2015,Y25T34,ISCED11A_35_45,M,87.8188,,%
oecd-emp-rate-upper-secondary,SK,Slovakia,2016,Y25T34,ISCED11A_35_45,M,88.7104,,%
oecd-emp-rate-upper-secondary,SK,Slovakia,2017,Y25T34,ISCED11A_35_45,M,89.8794,,%
oecd-emp-rate-upper-secondary,SK,Slovakia,2018,Y25T34,ISCED11A_35_45,M,92.0488,,%
oecd-emp-rate-upper-secondary,SK,Slovakia,2019,Y25T34,ISCED11A_35_45,M,92.0519,,%
oecd-emp-rate-upper-secondary,SK,Slovakia,2020,Y25T34,ISCED11A_35_45,M,90.9797,,%
oecd-emp-rate-upper-secondary,SK,Slovakia,2021,Y25T34,ISCED11A_35_45,M,89.486,,%
oecd-emp-rate-upper-secondary,SK,Slovakia,2022,Y25T34,ISCED11A_35_45,M,88.6775,,%
oecd-emp-rate-upper-secondary,SK,Slovakia,2023,Y25T34,ISCED11A_35_45,M,89.1203,,%
oecd-emp-rate-upper-secondary,SK,Slovakia,2024,Y25T34,ISCED11A_35_45,M,91.1082,,%
oecd-emp-rate-upper-secondary,SK,Slovakia,2025,Y25T34,ISCED11A_35_45,M,92.7365,,%
oecd-emp-rate-upper-secondary,TR,Türkiye,2014,Y25T34,ISCED11A_35_45,M,89.8568,,%
oecd-emp-rate-upper-secondary,TR,Türkiye,2015,Y25T34,ISCED11A_35_45,M,90.7032,,%
oecd-emp-rate-upper-secondary,TR,Türkiye,2016,Y25T34,ISCED11A_35_45,M,90.3541,,%
oecd-emp-rate-upper-secondary,TR,Türkiye,2017,Y25T34,ISCED11A_35_45,M,90.1266,,%
oecd-emp-rate-upper-secondary,TR,Türkiye,2018,Y25T34,ISCED11A_35_45,M,90.9784,,%
oecd-emp-rate-upper-secondary,TR,Türkiye,2019,Y25T34,ISCED11A_35_45,M,86.9507,,%
oecd-emp-rate-upper-secondary,TR,Türkiye,2021,Y25T34,ISCED11A_35_45,M,87.4198,,%
oecd-emp-rate-upper-secondary,TR,Türkiye,2022,Y25T34,ISCED11A_35_45,M,88.7654,,%
oecd-emp-rate-upper-secondary,TR,Türkiye,2023,Y25T34,ISCED11A_35_45,M,89.2815,,%
oecd-emp-rate-upper-secondary,TR,Türkiye,2024,Y25T34,ISCED11A_35_45,M,89.3138,,%
oecd-emp-rate-upper-secondary,TR,Türkiye,2025,Y25T34,ISCED11A_35_45,M,87.1905,,%
oecd-emp-rate-upper-secondary,UK,United Kingdom,2014,Y25T34,ISCED11A_35_45,M,89.5738,,%
oecd-emp-rate-upper-secondary,UK,United Kingdom,2015,Y25T34,ISCED11A_35_45,M,91.2341,,%
oecd-emp-rate-upper-secondary,UK,United Kingdom,2016,Y25T34,ISCED11A_35_45,M,91.6684,,%
oecd-emp-rate-upper-secondary,UK,United Kingdom,2017,Y25T34,ISCED11A_35_45,M,92.5348,,%
oecd-emp-rate-upper-secondary,UK,United Kingdom,2018,Y25T34,ISCED11A_35_45,M,92.406,,%
oecd-emp-rate-upper-secondary,UK,United Kingdom,2019,Y25T34,ISCED11A_35_45,M,94.3339,,%
oecd-emp-rate-upper-secondary,UK,United Kingdom,2020,Y25T34,ISCED11A_35_45,M,90.4525,,%
oecd-emp-rate-upper-secondary,UK,United Kingdom,2021,Y25T34,ISCED11A_35_45,M,90.6152,,%
oecd-emp-rate-upper-secondary,UK,United Kingdom,2022,Y25T34,ISCED11A_35_45,M,93.2591,,%
oecd-emp-rate-upper-secondary,UK,United Kingdom,2023,Y25T34,ISCED11A_35_45,M,89.8382,,%
oecd-emp-rate-upper-secondary,UK,United Kingdom,2024,Y25T34,ISCED11A_35_45,M,90.0206,,%
oecd-emp-rate-upper-secondary,UK,United Kingdom,2025,Y25T34,ISCED11A_35_45,M,88.3854,,%
oecd-emp-rate-upper-secondary,AT,Austria,2014,Y25T34,ISCED11A_35_45,_T,85.1379,,%
oecd-emp-rate-upper-secondary,AT,Austria,2015,Y25T34,ISCED11A_35_45,_T,85.849,,%
oecd-emp-rate-upper-secondary,AT,Austria,2016,Y25T34,ISCED11A_35_45,_T,86.1571,,%
oecd-emp-rate-upper-secondary,AT,Austria,2017,Y25T34,ISCED11A_35_45,_T,87.0684,,%
oecd-emp-rate-upper-secondary,AT,Austria,2018,Y25T34,ISCED11A_35_45,_T,87.5873,,%
oecd-emp-rate-upper-secondary,AT,Austria,2019,Y25T34,ISCED11A_35_45,_T,89.4241,,%
oecd-emp-rate-upper-secondary,AT,Austria,2020,Y25T34,ISCED11A_35_45,_T,85.9798,,%
oecd-emp-rate-upper-secondary,AT,Austria,2021,Y25T34,ISCED11A_35_45,_T,85.1522,,%
oecd-emp-rate-upper-secondary,AT,Austria,2022,Y25T34,ISCED11A_35_45,_T,87.4136,,%
oecd-emp-rate-upper-secondary,AT,Austria,2023,Y25T34,ISCED11A_35_45,_T,87.7,,%
oecd-emp-rate-upper-secondary,AT,Austria,2024,Y25T34,ISCED11A_35_45,_T,88.2762,,%
oecd-emp-rate-upper-secondary,AT,Austria,2025,Y25T34,ISCED11A_35_45,_T,85.576,,%
oecd-emp-rate-upper-secondary,BE,Belgium,2014,Y25T34,ISCED11A_35_45,_T,81.6737,,%
oecd-emp-rate-upper-secondary,BE,Belgium,2015,Y25T34,ISCED11A_35_45,_T,80.711,,%
oecd-emp-rate-upper-secondary,BE,Belgium,2016,Y25T34,ISCED11A_35_45,_T,81.4176,,%
oecd-emp-rate-upper-secondary,BE,Belgium,2017,Y25T34,ISCED11A_35_45,_T,81.6744,,%
oecd-emp-rate-upper-secondary,BE,Belgium,2018,Y25T34,ISCED11A_35_45,_T,82.0037,,%
oecd-emp-rate-upper-secondary,BE,Belgium,2019,Y25T34,ISCED11A_35_45,_T,83.2678,,%
oecd-emp-rate-upper-secondary,BE,Belgium,2020,Y25T34,ISCED11A_35_45,_T,82.7732,,%
oecd-emp-rate-upper-secondary,BE,Belgium,2021,Y25T34,ISCED11A_35_45,_T,80.9108,,%
oecd-emp-rate-upper-secondary,BE,Belgium,2022,Y25T34,ISCED11A_35_45,_T,81.9689,,%
oecd-emp-rate-upper-secondary,BE,Belgium,2023,Y25T34,ISCED11A_35_45,_T,81.9432,,%
oecd-emp-rate-upper-secondary,BE,Belgium,2024,Y25T34,ISCED11A_35_45,_T,82.3918,,%
oecd-emp-rate-upper-secondary,BE,Belgium,2025,Y25T34,ISCED11A_35_45,_T,80.4257,,%
oecd-emp-rate-upper-secondary,BG,Bulgaria,2015,Y25T34,ISCED11A_35_45,_T,78.2629,,%
oecd-emp-rate-upper-secondary,BG,Bulgaria,2016,Y25T34,ISCED11A_35_45,_T,78.6779,,%
oecd-emp-rate-upper-secondary,BG,Bulgaria,2019,Y25T34,ISCED11A_35_45,_T,85.5927,,%
oecd-emp-rate-upper-secondary,BG,Bulgaria,2022,Y25T34,ISCED11A_35_45,_T,84.8827,,%
oecd-emp-rate-upper-secondary,BG,Bulgaria,2023,Y25T34,ISCED11A_35_45,_T,84.3156,,%
oecd-emp-rate-upper-secondary,BG,Bulgaria,2024,Y25T34,ISCED11A_35_45,_T,84.9494,,%
oecd-emp-rate-upper-secondary,BG,Bulgaria,2025,Y25T34,ISCED11A_35_45,_T,85.2615,,%
oecd-emp-rate-upper-secondary,CH,Switzerland,2014,Y25T34,ISCED11A_35_45,_T,87.4709,,%
oecd-emp-rate-upper-secondary,CH,Switzerland,2015,Y25T34,ISCED11A_35_45,_T,88.3668,,%
oecd-emp-rate-upper-secondary,CH,Switzerland,2016,Y25T34,ISCED11A_35_45,_T,87.4412,,%
oecd-emp-rate-upper-secondary,CH,Switzerland,2017,Y25T34,ISCED11A_35_45,_T,87.6842,,%
oecd-emp-rate-upper-secondary,CH,Switzerland,2018,Y25T34,ISCED11A_35_45,_T,88.5461,,%
oecd-emp-rate-upper-secondary,CH,Switzerland,2019,Y25T34,ISCED11A_35_45,_T,89.6278,,%
oecd-emp-rate-upper-secondary,CH,Switzerland,2020,Y25T34,ISCED11A_35_45,_T,88.287,,%
oecd-emp-rate-upper-secondary,CH,Switzerland,2021,Y25T34,ISCED11A_35_45,_T,89.2105,,%
oecd-emp-rate-upper-secondary,CH,Switzerland,2022,Y25T34,ISCED11A_35_45,_T,89.129,,%
oecd-emp-rate-upper-secondary,CH,Switzerland,2023,Y25T34,ISCED11A_35_45,_T,88.4337,,%
oecd-emp-rate-upper-secondary,CH,Switzerland,2024,Y25T34,ISCED11A_35_45,_T,88.7764,,%
oecd-emp-rate-upper-secondary,CH,Switzerland,2025,Y25T34,ISCED11A_35_45,_T,87.9357,,%
oecd-emp-rate-upper-secondary,CZ,Czechia,2018,Y25T34,ISCED11A_35_45,_T,84.1341,,%
oecd-emp-rate-upper-secondary,CZ,Czechia,2019,Y25T34,ISCED11A_35_45,_T,83.0507,,%
oecd-emp-rate-upper-secondary,CZ,Czechia,2021,Y25T34,ISCED11A_35_45,_T,82.8048,,%
oecd-emp-rate-upper-secondary,CZ,Czechia,2022,Y25T34,ISCED11A_35_45,_T,84.0461,,%
oecd-emp-rate-upper-secondary,CZ,Czechia,2024,Y25T34,ISCED11A_35_45,_T,82.2779,,%
oecd-emp-rate-upper-secondary,DE,Germany,2014,Y25T34,ISCED11A_35_45,_T,85.3984,,%
oecd-emp-rate-upper-secondary,DE,Germany,2015,Y25T34,ISCED11A_35_45,_T,85.6795,,%
oecd-emp-rate-upper-secondary,DE,Germany,2016,Y25T34,ISCED11A_35_45,_T,86.2782,,%
oecd-emp-rate-upper-secondary,DE,Germany,2017,Y25T34,ISCED11A_35_45,_T,86.9116,,%
oecd-emp-rate-upper-secondary,DE,Germany,2018,Y25T34,ISCED11A_35_45,_T,87.6951,,%
oecd-emp-rate-upper-secondary,DE,Germany,2019,Y25T34,ISCED11A_35_45,_T,88.0084,,%
oecd-emp-rate-upper-secondary,DE,Germany,2020,Y25T34,ISCED11A_35_45,_T,87.0918,,%
oecd-emp-rate-upper-secondary,DE,Germany,2021,Y25T34,ISCED11A_35_45,_T,87.6718,,%
oecd-emp-rate-upper-secondary,DE,Germany,2022,Y25T34,ISCED11A_35_45,_T,88.7853,,%
oecd-emp-rate-upper-secondary,DE,Germany,2023,Y25T34,ISCED11A_35_45,_T,89.8072,,%
oecd-emp-rate-upper-secondary,DE,Germany,2024,Y25T34,ISCED11A_35_45,_T,89.6107,,%
oecd-emp-rate-upper-secondary,DE,Germany,2025,Y25T34,ISCED11A_35_45,_T,88.6907,,%
oecd-emp-rate-upper-secondary,DK,Denmark,2010,Y25T34,ISCED11A_35_45,_T,84.2022,,%
oecd-emp-rate-upper-secondary,DK,Denmark,2011,Y25T34,ISCED11A_35_45,_T,82.8822,,%
oecd-emp-rate-upper-secondary,DK,Denmark,2012,Y25T34,ISCED11A_35_45,_T,83.3558,,%
oecd-emp-rate-upper-secondary,DK,Denmark,2013,Y25T34,ISCED11A_35_45,_T,82.4989,,%
oecd-emp-rate-upper-secondary,DK,Denmark,2014,Y25T34,ISCED11A_35_45,_T,81.1926,,%
oecd-emp-rate-upper-secondary,DK,Denmark,2015,Y25T34,ISCED11A_35_45,_T,84.6183,,%
oecd-emp-rate-upper-secondary,DK,Denmark,2016,Y25T34,ISCED11A_35_45,_T,82.447,,%
oecd-emp-rate-upper-secondary,DK,Denmark,2017,Y25T34,ISCED11A_35_45,_T,82.9183,,%
oecd-emp-rate-upper-secondary,DK,Denmark,2018,Y25T34,ISCED11A_35_45,_T,83.6293,,%
oecd-emp-rate-upper-secondary,DK,Denmark,2019,Y25T34,ISCED11A_35_45,_T,84.58,,%
oecd-emp-rate-upper-secondary,DK,Denmark,2020,Y25T34,ISCED11A_35_45,_T,82.3684,,%
oecd-emp-rate-upper-secondary,DK,Denmark,2021,Y25T34,ISCED11A_35_45,_T,86.1052,,%
oecd-emp-rate-upper-secondary,DK,Denmark,2022,Y25T34,ISCED11A_35_45,_T,87.9823,,%
oecd-emp-rate-upper-secondary,DK,Denmark,2023,Y25T34,ISCED11A_35_45,_T,87.3545,,%
oecd-emp-rate-upper-secondary,DK,Denmark,2024,Y25T34,ISCED11A_35_45,_T,87.1643,,%
oecd-emp-rate-upper-secondary,DK,Denmark,2025,Y25T34,ISCED11A_35_45,_T,85.6668,B,%
oecd-emp-rate-upper-secondary,EE,Estonia,2014,Y25T34,ISCED11A_35_45,_T,80.1042,,%
oecd-emp-rate-upper-secondary,EE,Estonia,2015,Y25T34,ISCED11A_35_45,_T,83.0713,,%
oecd-emp-rate-upper-secondary,EE,Estonia,2016,Y25T34,ISCED11A_35_45,_T,78.7945,,%
oecd-emp-rate-upper-secondary,EE,Estonia,2017,Y25T34,ISCED11A_35_45,_T,82.2448,,%
oecd-emp-rate-upper-secondary,EE,Estonia,2018,Y25T34,ISCED11A_35_45,_T,80.8909,,%
oecd-emp-rate-upper-secondary,EE,Estonia,2019,Y25T34,ISCED11A_35_45,_T,81.0856,,%
oecd-emp-rate-upper-secondary,EE,Estonia,2020,Y25T34,ISCED11A_35_45,_T,78.4324,,%
oecd-emp-rate-upper-secondary,EE,Estonia,2021,Y25T34,ISCED11A_35_45,_T,84.5116,,%
oecd-emp-rate-upper-secondary,EE,Estonia,2022,Y25T34,ISCED11A_35_45,_T,85.6644,,%
oecd-emp-rate-upper-secondary,EE,Estonia,2023,Y25T34,ISCED11A_35_45,_T,81.5552,,%
oecd-emp-rate-upper-secondary,EE,Estonia,2024,Y25T34,ISCED11A_35_45,_T,87.1985,,%
oecd-emp-rate-upper-secondary,EE,Estonia,2025,Y25T34,ISCED11A_35_45,_T,87.3004,,%
oecd-emp-rate-upper-secondary,EL,Greece,2010,Y25T34,ISCED11A_35_45,_T,75.834,B,%
oecd-emp-rate-upper-secondary,EL,Greece,2011,Y25T34,ISCED11A_35_45,_T,67.9234,B,%
oecd-emp-rate-upper-secondary,EL,Greece,2012,Y25T34,ISCED11A_35_45,_T,61.768,B,%
oecd-emp-rate-upper-secondary,EL,Greece,2013,Y25T34,ISCED11A_35_45,_T,54.7419,B,%
oecd-emp-rate-upper-secondary,EL,Greece,2014,Y25T34,ISCED11A_35_45,_T,55.4487,,%
oecd-emp-rate-upper-secondary,EL,Greece,2015,Y25T34,ISCED11A_35_45,_T,62.6235,,%
oecd-emp-rate-upper-secondary,EL,Greece,2016,Y25T34,ISCED11A_35_45,_T,61.9717,,%
oecd-emp-rate-upper-secondary,EL,Greece,2017,Y25T34,ISCED11A_35_45,_T,63.0921,,%
oecd-emp-rate-upper-secondary,EL,Greece,2018,Y25T34,ISCED11A_35_45,_T,66.483,,%
oecd-emp-rate-upper-secondary,EL,Greece,2019,Y25T34,ISCED11A_35_45,_T,64.2216,,%
oecd-emp-rate-upper-secondary,EL,Greece,2020,Y25T34,ISCED11A_35_45,_T,62.8645,,%
oecd-emp-rate-upper-secondary,EL,Greece,2021,Y25T34,ISCED11A_35_45,_T,65.7754,,%
oecd-emp-rate-upper-secondary,EL,Greece,2022,Y25T34,ISCED11A_35_45,_T,71.4771,,%
oecd-emp-rate-upper-secondary,EL,Greece,2023,Y25T34,ISCED11A_35_45,_T,73.2648,,%
oecd-emp-rate-upper-secondary,EL,Greece,2024,Y25T34,ISCED11A_35_45,_T,75.5613,,%
oecd-emp-rate-upper-secondary,EL,Greece,2025,Y25T34,ISCED11A_35_45,_T,76.2976,,%
oecd-emp-rate-upper-secondary,ES,Spain,2014,Y25T34,ISCED11A_35_45,_T,69.267,,%
oecd-emp-rate-upper-secondary,ES,Spain,2015,Y25T34,ISCED11A_35_45,_T,70.9738,,%
oecd-emp-rate-upper-secondary,ES,Spain,2016,Y25T34,ISCED11A_35_45,_T,73.5855,,%
oecd-emp-rate-upper-secondary,ES,Spain,2017,Y25T34,ISCED11A_35_45,_T,74.2351,,%
oecd-emp-rate-upper-secondary,ES,Spain,2018,Y25T34,ISCED11A_35_45,_T,76.1437,,%
oecd-emp-rate-upper-secondary,ES,Spain,2019,Y25T34,ISCED11A_35_45,_T,75.4718,,%
oecd-emp-rate-upper-secondary,ES,Spain,2020,Y25T34,ISCED11A_35_45,_T,72.1908,,%
oecd-emp-rate-upper-secondary,ES,Spain,2021,Y25T34,ISCED11A_35_45,_T,73.6133,,%
oecd-emp-rate-upper-secondary,ES,Spain,2022,Y25T34,ISCED11A_35_45,_T,75.6365,,%
oecd-emp-rate-upper-secondary,ES,Spain,2023,Y25T34,ISCED11A_35_45,_T,77.0517,,%
oecd-emp-rate-upper-secondary,ES,Spain,2024,Y25T34,ISCED11A_35_45,_T,78.3846,,%
oecd-emp-rate-upper-secondary,ES,Spain,2025,Y25T34,ISCED11A_35_45,_T,79.2199,,%
oecd-emp-rate-upper-secondary,FI,Finland,2014,Y25T34,ISCED11A_35_45,_T,76.1658,,%
oecd-emp-rate-upper-secondary,FI,Finland,2015,Y25T34,ISCED11A_35_45,_T,77.0639,,%
oecd-emp-rate-upper-secondary,FI,Finland,2016,Y25T34,ISCED11A_35_45,_T,77.0677,,%
oecd-emp-rate-upper-secondary,FI,Finland,2017,Y25T34,ISCED11A_35_45,_T,76.03,,%
oecd-emp-rate-upper-secondary,FI,Finland,2018,Y25T34,ISCED11A_35_45,_T,77.9412,,%
oecd-emp-rate-upper-secondary,FI,Finland,2019,Y25T34,ISCED11A_35_45,_T,79.7048,,%
oecd-emp-rate-upper-secondary,FI,Finland,2020,Y25T34,ISCED11A_35_45,_T,77.5194,,%
oecd-emp-rate-upper-secondary,FI,Finland,2021,Y25T34,ISCED11A_35_45,_T,79.0262,,%
oecd-emp-rate-upper-secondary,FI,Finland,2022,Y25T34,ISCED11A_35_45,_T,79.2453,,%
oecd-emp-rate-upper-secondary,FI,Finland,2023,Y25T34,ISCED11A_35_45,_T,78.9668,,%
oecd-emp-rate-upper-secondary,FI,Finland,2024,Y25T34,ISCED11A_35_45,_T,78.4173,,%
oecd-emp-rate-upper-secondary,FI,Finland,2025,Y25T34,ISCED11A_35_45,_T,77.9468,,%
oecd-emp-rate-upper-secondary,FR,France,2013,Y25T34,ISCED11A_35_45,_T,75.9856,,%
oecd-emp-rate-upper-secondary,FR,France,2014,Y25T34,ISCED11A_35_45,_T,75.378,,%
oecd-emp-rate-upper-secondary,FR,France,2015,Y25T34,ISCED11A_35_45,_T,74.0733,,%
oecd-emp-rate-upper-secondary,FR,France,2016,Y25T34,ISCED11A_35_45,_T,74.1355,,%
oecd-emp-rate-upper-secondary,FR,France,2017,Y25T34,ISCED11A_35_45,_T,75.2368,,%
oecd-emp-rate-upper-secondary,FR,France,2018,Y25T34,ISCED11A_35_45,_T,77.2664,,%
oecd-emp-rate-upper-secondary,FR,France,2019,Y25T34,ISCED11A_35_45,_T,76.5435,,%
oecd-emp-rate-upper-secondary,FR,France,2020,Y25T34,ISCED11A_35_45,_T,75.8246,,%
oecd-emp-rate-upper-secondary,FR,France,2021,Y25T34,ISCED11A_35_45,_T,78.2563,,%
oecd-emp-rate-upper-secondary,FR,France,2022,Y25T34,ISCED11A_35_45,_T,78.999,,%
oecd-emp-rate-upper-secondary,FR,France,2023,Y25T34,ISCED11A_35_45,_T,78.8695,,%
oecd-emp-rate-upper-secondary,FR,France,2024,Y25T34,ISCED11A_35_45,_T,78.4991,,%
oecd-emp-rate-upper-secondary,FR,France,2025,Y25T34,ISCED11A_35_45,_T,79.362,,%
oecd-emp-rate-upper-secondary,HR,Croatia,2015,Y25T34,ISCED11A_35_45,_T,71.5475,,%
oecd-emp-rate-upper-secondary,HR,Croatia,2016,Y25T34,ISCED11A_35_45,_T,73.0263,,%
oecd-emp-rate-upper-secondary,HR,Croatia,2019,Y25T34,ISCED11A_35_45,_T,79.473,,%
oecd-emp-rate-upper-secondary,HR,Croatia,2023,Y25T34,ISCED11A_35_45,_T,80.0866,,%
oecd-emp-rate-upper-secondary,HR,Croatia,2024,Y25T34,ISCED11A_35_45,_T,83.1997,,%
oecd-emp-rate-upper-secondary,HR,Croatia,2025,Y25T34,ISCED11A_35_45,_T,83.0963,,%
oecd-emp-rate-upper-secondary,HU,Hungary,2014,Y25T34,ISCED11A_35_45,_T,78.9474,,%
oecd-emp-rate-upper-secondary,HU,Hungary,2015,Y25T34,ISCED11A_35_45,_T,80.1674,,%
oecd-emp-rate-upper-secondary,HU,Hungary,2016,Y25T34,ISCED11A_35_45,_T,80.1566,,%
oecd-emp-rate-upper-secondary,HU,Hungary,2017,Y25T34,ISCED11A_35_45,_T,82.4253,,%
oecd-emp-rate-upper-secondary,HU,Hungary,2018,Y25T34,ISCED11A_35_45,_T,82.5569,,%
oecd-emp-rate-upper-secondary,HU,Hungary,2019,Y25T34,ISCED11A_35_45,_T,83.8796,,%
oecd-emp-rate-upper-secondary,HU,Hungary,2020,Y25T34,ISCED11A_35_45,_T,81.5198,,%
oecd-emp-rate-upper-secondary,HU,Hungary,2021,Y25T34,ISCED11A_35_45,_T,89.0968,,%
oecd-emp-rate-upper-secondary,HU,Hungary,2022,Y25T34,ISCED11A_35_45,_T,90.179,,%
oecd-emp-rate-upper-secondary,HU,Hungary,2023,Y25T34,ISCED11A_35_45,_T,87.9466,,%
oecd-emp-rate-upper-secondary,HU,Hungary,2024,Y25T34,ISCED11A_35_45,_T,88.3882,,%
oecd-emp-rate-upper-secondary,HU,Hungary,2025,Y25T34,ISCED11A_35_45,_T,87.7162,,%
oecd-emp-rate-upper-secondary,IE,Ireland,2014,Y25T34,ISCED11A_35_45,_T,69.6011,,%
oecd-emp-rate-upper-secondary,IE,Ireland,2015,Y25T34,ISCED11A_35_45,_T,70.1734,,%
oecd-emp-rate-upper-secondary,IE,Ireland,2017,Y25T34,ISCED11A_35_45,_T,75.5961,,%
oecd-emp-rate-upper-secondary,IE,Ireland,2019,Y25T34,ISCED11A_35_45,_T,74.4688,,%
oecd-emp-rate-upper-secondary,IE,Ireland,2020,Y25T34,ISCED11A_35_45,_T,71.8463,,%
oecd-emp-rate-upper-secondary,IE,Ireland,2022,Y25T34,ISCED11A_35_45,_T,78.9434,,%
oecd-emp-rate-upper-secondary,IE,Ireland,2023,Y25T34,ISCED11A_35_45,_T,79.2223,,%
oecd-emp-rate-upper-secondary,IE,Ireland,2024,Y25T34,ISCED11A_35_45,_T,80.8279,,%
oecd-emp-rate-upper-secondary,IE,Ireland,2025,Y25T34,ISCED11A_35_45,_T,79.5591,,%
oecd-emp-rate-upper-secondary,IS,Iceland,2010,Y25T34,ISCED11A_35_45,_T,81.7977,,%
oecd-emp-rate-upper-secondary,IS,Iceland,2011,Y25T34,ISCED11A_35_45,_T,80.0651,,%
oecd-emp-rate-upper-secondary,IS,Iceland,2012,Y25T34,ISCED11A_35_45,_T,81.1895,,%
oecd-emp-rate-upper-secondary,IS,Iceland,2013,Y25T34,ISCED11A_35_45,_T,83.6984,,%
oecd-emp-rate-upper-secondary,IS,Iceland,2014,Y25T34,ISCED11A_35_45,_T,83.554,,%
oecd-emp-rate-upper-secondary,IS,Iceland,2015,Y25T34,ISCED11A_35_45,_T,90.162,,%
oecd-emp-rate-upper-secondary,IS,Iceland,2016,Y25T34,ISCED11A_35_45,_T,85.5111,,%
oecd-emp-rate-upper-secondary,IS,Iceland,2017,Y25T34,ISCED11A_35_45,_T,90.8722,,%
oecd-emp-rate-upper-secondary,IS,Iceland,2018,Y25T34,ISCED11A_35_45,_T,89.8324,,%
oecd-emp-rate-upper-secondary,IS,Iceland,2019,Y25T34,ISCED11A_35_45,_T,92.0099,,%
oecd-emp-rate-upper-secondary,IS,Iceland,2020,Y25T34,ISCED11A_35_45,_T,85.804,,%
oecd-emp-rate-upper-secondary,IS,Iceland,2021,Y25T34,ISCED11A_35_45,_T,85.992,,%
oecd-emp-rate-upper-secondary,IS,Iceland,2022,Y25T34,ISCED11A_35_45,_T,91.3174,,%
oecd-emp-rate-upper-secondary,IS,Iceland,2023,Y25T34,ISCED11A_35_45,_T,89.5354,,%
oecd-emp-rate-upper-secondary,IT,Italy,2014,Y25T34,ISCED11A_35_45,_T,67.373,,%
oecd-emp-rate-upper-secondary,IT,Italy,2015,Y25T34,ISCED11A_35_45,_T,67.6247,,%
oecd-emp-rate-upper-secondary,IT,Italy,2016,Y25T34,ISCED11A_35_45,_T,67.7299,,%
oecd-emp-rate-upper-secondary,IT,Italy,2017,Y25T34,ISCED11A_35_45,_T,68.5678,,%
oecd-emp-rate-upper-secondary,IT,Italy,2018,Y25T34,ISCED11A_35_45,_T,68.6659,,%
oecd-emp-rate-upper-secondary,IT,Italy,2019,Y25T34,ISCED11A_35_45,_T,69.4723,,%
oecd-emp-rate-upper-secondary,IT,Italy,2020,Y25T34,ISCED11A_35_45,_T,66.8979,,%
oecd-emp-rate-upper-secondary,IT,Italy,2021,Y25T34,ISCED11A_35_45,_T,69.2109,,%
oecd-emp-rate-upper-secondary,IT,Italy,2022,Y25T34,ISCED11A_35_45,_T,72.7054,,%
oecd-emp-rate-upper-secondary,IT,Italy,2023,Y25T34,ISCED11A_35_45,_T,74.0792,,%
oecd-emp-rate-upper-secondary,IT,Italy,2024,Y25T34,ISCED11A_35_45,_T,74.4728,,%
oecd-emp-rate-upper-secondary,IT,Italy,2025,Y25T34,ISCED11A_35_45,_T,75.7745,,%
oecd-emp-rate-upper-secondary,LT,Lithuania,2014,Y25T34,ISCED11A_35_45,_T,76.7952,,%
oecd-emp-rate-upper-secondary,LT,Lithuania,2015,Y25T34,ISCED11A_35_45,_T,77.5234,,%
oecd-emp-rate-upper-secondary,LT,Lithuania,2016,Y25T34,ISCED11A_35_45,_T,81.5004,,%
oecd-emp-rate-upper-secondary,LT,Lithuania,2017,Y25T34,ISCED11A_35_45,_T,83.4881,,%
oecd-emp-rate-upper-secondary,LT,Lithuania,2018,Y25T34,ISCED11A_35_45,_T,86.3947,,%
oecd-emp-rate-upper-secondary,LT,Lithuania,2019,Y25T34,ISCED11A_35_45,_T,81.2609,,%
oecd-emp-rate-upper-secondary,LT,Lithuania,2020,Y25T34,ISCED11A_35_45,_T,78.7475,,%
oecd-emp-rate-upper-secondary,LT,Lithuania,2021,Y25T34,ISCED11A_35_45,_T,77.6979,,%
oecd-emp-rate-upper-secondary,LT,Lithuania,2022,Y25T34,ISCED11A_35_45,_T,82.6451,,%
oecd-emp-rate-upper-secondary,LT,Lithuania,2023,Y25T34,ISCED11A_35_45,_T,79.0794,,%
oecd-emp-rate-upper-secondary,LT,Lithuania,2024,Y25T34,ISCED11A_35_45,_T,77.5672,,%
oecd-emp-rate-upper-secondary,LT,Lithuania,2025,Y25T34,ISCED11A_35_45,_T,82.628,,%
oecd-emp-rate-upper-secondary,LU,Luxembourg,2014,Y25T34,ISCED11A_35_45,_T,89.1998,,%
oecd-emp-rate-upper-secondary,LU,Luxembourg,2015,Y25T34,ISCED11A_35_45,_T,86.4381,,%
oecd-emp-rate-upper-secondary,LU,Luxembourg,2019,Y25T34,ISCED11A_35_45,_T,93.2999,,%
oecd-emp-rate-upper-secondary,LU,Luxembourg,2020,Y25T34,ISCED11A_35_45,_T,90.1794,,%
oecd-emp-rate-upper-secondary,LU,Luxembourg,2021,Y25T34,ISCED11A_35_45,_T,84.8361,,%
oecd-emp-rate-upper-secondary,LU,Luxembourg,2022,Y25T34,ISCED11A_35_45,_T,82.5421,,%
oecd-emp-rate-upper-secondary,LU,Luxembourg,2023,Y25T34,ISCED11A_35_45,_T,87.9759,,%
oecd-emp-rate-upper-secondary,LU,Luxembourg,2024,Y25T34,ISCED11A_35_45,_T,85.6362,,%
oecd-emp-rate-upper-secondary,LV,Latvia,2014,Y25T34,ISCED11A_35_45,_T,79.8207,,%
oecd-emp-rate-upper-secondary,LV,Latvia,2015,Y25T34,ISCED11A_35_45,_T,83.1978,,%
oecd-emp-rate-upper-secondary,LV,Latvia,2016,Y25T34,ISCED11A_35_45,_T,80.8458,,%
oecd-emp-rate-upper-secondary,LV,Latvia,2017,Y25T34,ISCED11A_35_45,_T,81.2774,,%
oecd-emp-rate-upper-secondary,LV,Latvia,2018,Y25T34,ISCED11A_35_45,_T,82.783,,%
oecd-emp-rate-upper-secondary,LV,Latvia,2019,Y25T34,ISCED11A_35_45,_T,80.0869,,%
oecd-emp-rate-upper-secondary,LV,Latvia,2020,Y25T34,ISCED11A_35_45,_T,80.7693,,%
oecd-emp-rate-upper-secondary,LV,Latvia,2021,Y25T34,ISCED11A_35_45,_T,81.6822,,%
oecd-emp-rate-upper-secondary,LV,Latvia,2022,Y25T34,ISCED11A_35_45,_T,83.3739,,%
oecd-emp-rate-upper-secondary,LV,Latvia,2023,Y25T34,ISCED11A_35_45,_T,77.5965,,%
oecd-emp-rate-upper-secondary,LV,Latvia,2024,Y25T34,ISCED11A_35_45,_T,80.3844,,%
oecd-emp-rate-upper-secondary,LV,Latvia,2025,Y25T34,ISCED11A_35_45,_T,81.2809,,%
oecd-emp-rate-upper-secondary,NL,Netherlands,2013,Y25T34,ISCED11A_35_45,_T,84.1176,B,%
oecd-emp-rate-upper-secondary,NL,Netherlands,2014,Y25T34,ISCED11A_35_45,_T,84.5919,,%
oecd-emp-rate-upper-secondary,NL,Netherlands,2015,Y25T34,ISCED11A_35_45,_T,83.8917,,%
oecd-emp-rate-upper-secondary,NL,Netherlands,2016,Y25T34,ISCED11A_35_45,_T,85.5042,,%
oecd-emp-rate-upper-secondary,NL,Netherlands,2017,Y25T34,ISCED11A_35_45,_T,85.5706,,%
oecd-emp-rate-upper-secondary,NL,Netherlands,2018,Y25T34,ISCED11A_35_45,_T,87.9342,,%
oecd-emp-rate-upper-secondary,NL,Netherlands,2019,Y25T34,ISCED11A_35_45,_T,87.764,,%
oecd-emp-rate-upper-secondary,NL,Netherlands,2020,Y25T34,ISCED11A_35_45,_T,87.3853,,%
oecd-emp-rate-upper-secondary,NL,Netherlands,2021,Y25T34,ISCED11A_35_45,_T,87.9477,,%
oecd-emp-rate-upper-secondary,NL,Netherlands,2022,Y25T34,ISCED11A_35_45,_T,89.5711,,%
oecd-emp-rate-upper-secondary,NL,Netherlands,2023,Y25T34,ISCED11A_35_45,_T,89.1377,,%
oecd-emp-rate-upper-secondary,NL,Netherlands,2024,Y25T34,ISCED11A_35_45,_T,88.5876,,%
oecd-emp-rate-upper-secondary,NL,Netherlands,2025,Y25T34,ISCED11A_35_45,_T,88.7031,,%
oecd-emp-rate-upper-secondary,NO,Norway,2014,Y25T34,ISCED11A_35_45,_T,89.4737,,%
oecd-emp-rate-upper-secondary,NO,Norway,2015,Y25T34,ISCED11A_35_45,_T,88.2845,,%
oecd-emp-rate-upper-secondary,NO,Norway,2016,Y25T34,ISCED11A_35_45,_T,87.2456,,%
oecd-emp-rate-upper-secondary,NO,Norway,2017,Y25T34,ISCED11A_35_45,_T,86.921,,%
oecd-emp-rate-upper-secondary,NO,Norway,2018,Y25T34,ISCED11A_35_45,_T,89.5139,,%
oecd-emp-rate-upper-secondary,NO,Norway,2019,Y25T34,ISCED11A_35_45,_T,89.8525,,%
oecd-emp-rate-upper-secondary,NO,Norway,2020,Y25T34,ISCED11A_35_45,_T,89.861,,%
oecd-emp-rate-upper-secondary,NO,Norway,2021,Y25T34,ISCED11A_35_45,_T,90.2597,,%
oecd-emp-rate-upper-secondary,NO,Norway,2022,Y25T34,ISCED11A_35_45,_T,92.8571,,%
oecd-emp-rate-upper-secondary,NO,Norway,2023,Y25T34,ISCED11A_35_45,_T,90.604,,%
oecd-emp-rate-upper-secondary,NO,Norway,2024,Y25T34,ISCED11A_35_45,_T,91.2162,,%
oecd-emp-rate-upper-secondary,NO,Norway,2025,Y25T34,ISCED11A_35_45,_T,89.6409,,%
oecd-emp-rate-upper-secondary,PL,Poland,2014,Y25T34,ISCED11A_35_45,_T,74.7748,,%
oecd-emp-rate-upper-secondary,PL,Poland,2015,Y25T34,ISCED11A_35_45,_T,76.2799,,%
oecd-emp-rate-upper-secondary,PL,Poland,2016,Y25T34,ISCED11A_35_45,_T,77.6731,,%
oecd-emp-rate-upper-secondary,PL,Poland,2017,Y25T34,ISCED11A_35_45,_T,78.0655,,%
oecd-emp-rate-upper-secondary,PL,Poland,2018,Y25T34,ISCED11A_35_45,_T,79.122,,%
oecd-emp-rate-upper-secondary,PL,Poland,2019,Y25T34,ISCED11A_35_45,_T,80.0109,,%
oecd-emp-rate-upper-secondary,PL,Poland,2020,Y25T34,ISCED11A_35_45,_T,79.5245,,%
oecd-emp-rate-upper-secondary,PL,Poland,2021,Y25T34,ISCED11A_35_45,_T,82.5517,,%
oecd-emp-rate-upper-secondary,PL,Poland,2022,Y25T34,ISCED11A_35_45,_T,83.594,,%
oecd-emp-rate-upper-secondary,PL,Poland,2023,Y25T34,ISCED11A_35_45,_T,83.974,,%
oecd-emp-rate-upper-secondary,PL,Poland,2024,Y25T34,ISCED11A_35_45,_T,83.1784,,%
oecd-emp-rate-upper-secondary,PL,Poland,2025,Y25T34,ISCED11A_35_45,_T,84.5805,,%
oecd-emp-rate-upper-secondary,PT,Portugal,2014,Y25T34,ISCED11A_35_45,_T,78.3053,,%
oecd-emp-rate-upper-secondary,PT,Portugal,2015,Y25T34,ISCED11A_35_45,_T,79.6002,,%
oecd-emp-rate-upper-secondary,PT,Portugal,2016,Y25T34,ISCED11A_35_45,_T,77.5507,,%
oecd-emp-rate-upper-secondary,PT,Portugal,2017,Y25T34,ISCED11A_35_45,_T,82.7725,,%
oecd-emp-rate-upper-secondary,PT,Portugal,2018,Y25T34,ISCED11A_35_45,_T,85.562,,%
oecd-emp-rate-upper-secondary,PT,Portugal,2019,Y25T34,ISCED11A_35_45,_T,88.019,,%
oecd-emp-rate-upper-secondary,PT,Portugal,2020,Y25T34,ISCED11A_35_45,_T,84.9705,,%
oecd-emp-rate-upper-secondary,PT,Portugal,2021,Y25T34,ISCED11A_35_45,_T,81.8308,,%
oecd-emp-rate-upper-secondary,PT,Portugal,2022,Y25T34,ISCED11A_35_45,_T,85.7837,,%
oecd-emp-rate-upper-secondary,PT,Portugal,2023,Y25T34,ISCED11A_35_45,_T,86.3128,,%
oecd-emp-rate-upper-secondary,PT,Portugal,2024,Y25T34,ISCED11A_35_45,_T,88.4907,,%
oecd-emp-rate-upper-secondary,PT,Portugal,2025,Y25T34,ISCED11A_35_45,_T,89.5661,,%
oecd-emp-rate-upper-secondary,RO,Romania,2015,Y25T34,ISCED11A_35_45,_T,77.5199,B,%
oecd-emp-rate-upper-secondary,RO,Romania,2019,Y25T34,ISCED11A_35_45,_T,81.9614,,%
oecd-emp-rate-upper-secondary,RO,Romania,2021,Y25T34,ISCED11A_35_45,_T,79.4332,,%
oecd-emp-rate-upper-secondary,RO,Romania,2022,Y25T34,ISCED11A_35_45,_T,79.2737,,%
oecd-emp-rate-upper-secondary,RO,Romania,2023,Y25T34,ISCED11A_35_45,_T,79.3316,,%
oecd-emp-rate-upper-secondary,RO,Romania,2024,Y25T34,ISCED11A_35_45,_T,80.8233,,%
oecd-emp-rate-upper-secondary,RO,Romania,2025,Y25T34,ISCED11A_35_45,_T,80.8978,,%
oecd-emp-rate-upper-secondary,SE,Sweden,2014,Y25T34,ISCED11A_35_45,_T,88.5909,,%
oecd-emp-rate-upper-secondary,SE,Sweden,2015,Y25T34,ISCED11A_35_45,_T,88.7473,,%
oecd-emp-rate-upper-secondary,SE,Sweden,2016,Y25T34,ISCED11A_35_45,_T,89.1012,,%
oecd-emp-rate-upper-secondary,SE,Sweden,2017,Y25T34,ISCED11A_35_45,_T,90.7114,,%
oecd-emp-rate-upper-secondary,SE,Sweden,2018,Y25T34,ISCED11A_35_45,_T,91.4236,,%
oecd-emp-rate-upper-secondary,SE,Sweden,2019,Y25T34,ISCED11A_35_45,_T,90.8234,,%
oecd-emp-rate-upper-secondary,SE,Sweden,2020,Y25T34,ISCED11A_35_45,_T,89.0065,,%
oecd-emp-rate-upper-secondary,SE,Sweden,2021,Y25T34,ISCED11A_35_45,_T,88.6954,,%
oecd-emp-rate-upper-secondary,SE,Sweden,2022,Y25T34,ISCED11A_35_45,_T,87.1191,,%
oecd-emp-rate-upper-secondary,SE,Sweden,2023,Y25T34,ISCED11A_35_45,_T,86.9664,,%
oecd-emp-rate-upper-secondary,SE,Sweden,2024,Y25T34,ISCED11A_35_45,_T,88.4152,,%
oecd-emp-rate-upper-secondary,SE,Sweden,2025,Y25T34,ISCED11A_35_45,_T,88.4585,,%
oecd-emp-rate-upper-secondary,SI,Slovenia,2014,Y25T34,ISCED11A_35_45,_T,79.3895,,%
oecd-emp-rate-upper-secondary,SI,Slovenia,2015,Y25T34,ISCED11A_35_45,_T,80.8694,,%
oecd-emp-rate-upper-secondary,SI,Slovenia,2016,Y25T34,ISCED11A_35_45,_T,83.0011,,%
oecd-emp-rate-upper-secondary,SI,Slovenia,2017,Y25T34,ISCED11A_35_45,_T,84.7942,,%
oecd-emp-rate-upper-secondary,SI,Slovenia,2018,Y25T34,ISCED11A_35_45,_T,87.2866,,%
oecd-emp-rate-upper-secondary,SI,Slovenia,2019,Y25T34,ISCED11A_35_45,_T,87.6794,,%
oecd-emp-rate-upper-secondary,SI,Slovenia,2020,Y25T34,ISCED11A_35_45,_T,85.7515,,%
oecd-emp-rate-upper-secondary,SI,Slovenia,2021,Y25T34,ISCED11A_35_45,_T,85.5965,,%
oecd-emp-rate-upper-secondary,SI,Slovenia,2022,Y25T34,ISCED11A_35_45,_T,87.4849,,%
oecd-emp-rate-upper-secondary,SI,Slovenia,2023,Y25T34,ISCED11A_35_45,_T,91.4894,,%
oecd-emp-rate-upper-secondary,SI,Slovenia,2024,Y25T34,ISCED11A_35_45,_T,88.5794,,%
oecd-emp-rate-upper-secondary,SI,Slovenia,2025,Y25T34,ISCED11A_35_45,_T,88.8561,,%
oecd-emp-rate-upper-secondary,SK,Slovakia,2014,Y25T34,ISCED11A_35_45,_T,71.9331,,%
oecd-emp-rate-upper-secondary,SK,Slovakia,2015,Y25T34,ISCED11A_35_45,_T,76.0559,,%
oecd-emp-rate-upper-secondary,SK,Slovakia,2016,Y25T34,ISCED11A_35_45,_T,78.1884,,%
oecd-emp-rate-upper-secondary,SK,Slovakia,2017,Y25T34,ISCED11A_35_45,_T,78.9754,,%
oecd-emp-rate-upper-secondary,SK,Slovakia,2018,Y25T34,ISCED11A_35_45,_T,81.5644,,%
oecd-emp-rate-upper-secondary,SK,Slovakia,2019,Y25T34,ISCED11A_35_45,_T,81.2435,,%
oecd-emp-rate-upper-secondary,SK,Slovakia,2020,Y25T34,ISCED11A_35_45,_T,79.2135,,%
oecd-emp-rate-upper-secondary,SK,Slovakia,2021,Y25T34,ISCED11A_35_45,_T,83.5719,,%
oecd-emp-rate-upper-secondary,SK,Slovakia,2022,Y25T34,ISCED11A_35_45,_T,83.9941,,%
oecd-emp-rate-upper-secondary,SK,Slovakia,2023,Y25T34,ISCED11A_35_45,_T,83.3238,,%
oecd-emp-rate-upper-secondary,SK,Slovakia,2024,Y25T34,ISCED11A_35_45,_T,84.8428,,%
oecd-emp-rate-upper-secondary,SK,Slovakia,2025,Y25T34,ISCED11A_35_45,_T,84.3735,,%
oecd-emp-rate-upper-secondary,TR,Türkiye,2014,Y25T34,ISCED11A_35_45,_T,69.5491,,%
oecd-emp-rate-upper-secondary,TR,Türkiye,2015,Y25T34,ISCED11A_35_45,_T,70.8767,,%
oecd-emp-rate-upper-secondary,TR,Türkiye,2016,Y25T34,ISCED11A_35_45,_T,70.1662,,%
oecd-emp-rate-upper-secondary,TR,Türkiye,2017,Y25T34,ISCED11A_35_45,_T,69.7297,,%
oecd-emp-rate-upper-secondary,TR,Türkiye,2018,Y25T34,ISCED11A_35_45,_T,70.405,,%
oecd-emp-rate-upper-secondary,TR,Türkiye,2019,Y25T34,ISCED11A_35_45,_T,65.6646,,%
oecd-emp-rate-upper-secondary,TR,Türkiye,2021,Y25T34,ISCED11A_35_45,_T,66.5087,,%
oecd-emp-rate-upper-secondary,TR,Türkiye,2022,Y25T34,ISCED11A_35_45,_T,69.4864,,%
oecd-emp-rate-upper-secondary,TR,Türkiye,2023,Y25T34,ISCED11A_35_45,_T,69.6479,,%
oecd-emp-rate-upper-secondary,TR,Türkiye,2024,Y25T34,ISCED11A_35_45,_T,69.0909,,%
oecd-emp-rate-upper-secondary,TR,Türkiye,2025,Y25T34,ISCED11A_35_45,_T,67.4223,,%
oecd-emp-rate-upper-secondary,UK,United Kingdom,2014,Y25T34,ISCED11A_35_45,_T,80.301,,%
oecd-emp-rate-upper-secondary,UK,United Kingdom,2015,Y25T34,ISCED11A_35_45,_T,83.0969,,%
oecd-emp-rate-upper-secondary,UK,United Kingdom,2016,Y25T34,ISCED11A_35_45,_T,84.9711,,%
oecd-emp-rate-upper-secondary,UK,United Kingdom,2017,Y25T34,ISCED11A_35_45,_T,84.9858,,%
oecd-emp-rate-upper-secondary,UK,United Kingdom,2018,Y25T34,ISCED11A_35_45,_T,83.0793,,%
oecd-emp-rate-upper-secondary,UK,United Kingdom,2019,Y25T34,ISCED11A_35_45,_T,87.9902,,%
oecd-emp-rate-upper-secondary,UK,United Kingdom,2020,Y25T34,ISCED11A_35_45,_T,85.3651,,%
oecd-emp-rate-upper-secondary,UK,United Kingdom,2021,Y25T34,ISCED11A_35_45,_T,84.9797,,%
oecd-emp-rate-upper-secondary,UK,United Kingdom,2022,Y25T34,ISCED11A_35_45,_T,87.7374,,%
oecd-emp-rate-upper-secondary,UK,United Kingdom,2023,Y25T34,ISCED11A_35_45,_T,82.8704,,%
oecd-emp-rate-upper-secondary,UK,United Kingdom,2024,Y25T34,ISCED11A_35_45,_T,84.8685,,%
oecd-emp-rate-upper-secondary,UK,United Kingdom,2025,Y25T34,ISCED11A_35_45,_T,81.1436,,%
oecd-emp-rate-upper-secondary,AT,Austria,2010,Y25T34,ISCED11A_3_4,F,79.2337,,%
oecd-emp-rate-upper-secondary,AT,Austria,2011,Y25T34,ISCED11A_3_4,F,78.7023,,%
oecd-emp-rate-upper-secondary,AT,Austria,2012,Y25T34,ISCED11A_3_4,F,80.9805,,%
oecd-emp-rate-upper-secondary,AT,Austria,2013,Y25T34,ISCED11A_3_4,F,79.6515,,%
oecd-emp-rate-upper-secondary,AT,Austria,2014,Y25T34,ISCED11A_3_4,F,78.4072,,%
oecd-emp-rate-upper-secondary,AT,Austria,2015,Y25T34,ISCED11A_3_4,F,79.2269,,%
oecd-emp-rate-upper-secondary,AT,Austria,2016,Y25T34,ISCED11A_3_4,F,80.925,,%
oecd-emp-rate-upper-secondary,AT,Austria,2017,Y25T34,ISCED11A_3_4,F,82.9075,,%
oecd-emp-rate-upper-secondary,AT,Austria,2018,Y25T34,ISCED11A_3_4,F,81.4184,,%
oecd-emp-rate-upper-secondary,AT,Austria,2019,Y25T34,ISCED11A_3_4,F,81.5408,,%
oecd-emp-rate-upper-secondary,AT,Austria,2020,Y25T34,ISCED11A_3_4,F,78.7724,,%
oecd-emp-rate-upper-secondary,AT,Austria,2021,Y25T34,ISCED11A_3_4,F,77.7354,,%
oecd-emp-rate-upper-secondary,AT,Austria,2022,Y25T34,ISCED11A_3_4,F,82.4501,,%
oecd-emp-rate-upper-secondary,AT,Austria,2023,Y25T34,ISCED11A_3_4,F,82.2533,,%
oecd-emp-rate-upper-secondary,AT,Austria,2024,Y25T34,ISCED11A_3_4,F,82.552,,%
oecd-emp-rate-upper-secondary,AT,Austria,2025,Y25T34,ISCED11A_3_4,F,80.9968,,%
oecd-emp-rate-upper-secondary,BE,Belgium,2010,Y25T34,ISCED11A_3_4,F,72.0017,B,%
oecd-emp-rate-upper-secondary,BE,Belgium,2011,Y25T34,ISCED11A_3_4,F,71.5618,B,%
oecd-emp-rate-upper-secondary,BE,Belgium,2012,Y25T34,ISCED11A_3_4,F,70.9639,B,%
oecd-emp-rate-upper-secondary,BE,Belgium,2013,Y25T34,ISCED11A_3_4,F,70.8588,B,%
oecd-emp-rate-upper-secondary,BE,Belgium,2014,Y25T34,ISCED11A_3_4,F,73.0112,,%
oecd-emp-rate-upper-secondary,BE,Belgium,2015,Y25T34,ISCED11A_3_4,F,70.9471,,%
oecd-emp-rate-upper-secondary,BE,Belgium,2016,Y25T34,ISCED11A_3_4,F,69.7755,,%
oecd-emp-rate-upper-secondary,BE,Belgium,2017,Y25T34,ISCED11A_3_4,F,70.4717,,%
oecd-emp-rate-upper-secondary,BE,Belgium,2018,Y25T34,ISCED11A_3_4,F,70.7205,,%
oecd-emp-rate-upper-secondary,BE,Belgium,2019,Y25T34,ISCED11A_3_4,F,72.2928,,%
oecd-emp-rate-upper-secondary,BE,Belgium,2020,Y25T34,ISCED11A_3_4,F,70.1801,,%
oecd-emp-rate-upper-secondary,BE,Belgium,2021,Y25T34,ISCED11A_3_4,F,69.5518,,%
oecd-emp-rate-upper-secondary,BE,Belgium,2022,Y25T34,ISCED11A_3_4,F,71.0422,,%
oecd-emp-rate-upper-secondary,BE,Belgium,2023,Y25T34,ISCED11A_3_4,F,71.0388,,%
oecd-emp-rate-upper-secondary,BE,Belgium,2024,Y25T34,ISCED11A_3_4,F,71.0985,,%
oecd-emp-rate-upper-secondary,BE,Belgium,2025,Y25T34,ISCED11A_3_4,F,67.4089,,%
oecd-emp-rate-upper-secondary,BG,Bulgaria,2015,Y25T34,ISCED11A_3_4,F,66.4417,,%
oecd-emp-rate-upper-secondary,BG,Bulgaria,2016,Y25T34,ISCED11A_3_4,F,64.473,,%
oecd-emp-rate-upper-secondary,BG,Bulgaria,2019,Y25T34,ISCED11A_3_4,F,71.7028,,%
oecd-emp-rate-upper-secondary,BG,Bulgaria,2022,Y25T34,ISCED11A_3_4,F,69.8592,,%
oecd-emp-rate-upper-secondary,BG,Bulgaria,2023,Y25T34,ISCED11A_3_4,F,70.7148,,%
oecd-emp-rate-upper-secondary,BG,Bulgaria,2024,Y25T34,ISCED11A_3_4,F,71.5506,,%
oecd-emp-rate-upper-secondary,BG,Bulgaria,2025,Y25T34,ISCED11A_3_4,F,71.6136,,%
oecd-emp-rate-upper-secondary,CH,Switzerland,2010,Y25T34,ISCED11A_3_4,F,78.7204,B,%
oecd-emp-rate-upper-secondary,CH,Switzerland,2011,Y25T34,ISCED11A_3_4,F,81.3031,B,%
oecd-emp-rate-upper-secondary,CH,Switzerland,2012,Y25T34,ISCED11A_3_4,F,79.5791,B,%
oecd-emp-rate-upper-secondary,CH,Switzerland,2013,Y25T34,ISCED11A_3_4,F,78.9802,B,%
oecd-emp-rate-upper-secondary,CH,Switzerland,2014,Y25T34,ISCED11A_3_4,F,81.2533,,%
oecd-emp-rate-upper-secondary,CH,Switzerland,2015,Y25T34,ISCED11A_3_4,F,82.1492,,%
oecd-emp-rate-upper-secondary,CH,Switzerland,2016,Y25T34,ISCED11A_3_4,F,81.5466,,%
oecd-emp-rate-upper-secondary,CH,Switzerland,2017,Y25T34,ISCED11A_3_4,F,81.7534,,%
oecd-emp-rate-upper-secondary,CH,Switzerland,2018,Y25T34,ISCED11A_3_4,F,81.2561,,%
oecd-emp-rate-upper-secondary,CH,Switzerland,2019,Y25T34,ISCED11A_3_4,F,84.3339,,%
oecd-emp-rate-upper-secondary,CH,Switzerland,2020,Y25T34,ISCED11A_3_4,F,82.7969,,%
oecd-emp-rate-upper-secondary,CH,Switzerland,2021,Y25T34,ISCED11A_3_4,F,83.242,,%
oecd-emp-rate-upper-secondary,CH,Switzerland,2022,Y25T34,ISCED11A_3_4,F,84.5974,,%
oecd-emp-rate-upper-secondary,CH,Switzerland,2023,Y25T34,ISCED11A_3_4,F,84.7805,,%
oecd-emp-rate-upper-secondary,CH,Switzerland,2024,Y25T34,ISCED11A_3_4,F,83.5259,,%
oecd-emp-rate-upper-secondary,CH,Switzerland,2025,Y25T34,ISCED11A_3_4,F,82.8624,,%
oecd-emp-rate-upper-secondary,CZ,Czechia,2010,Y25T34,ISCED11A_3_4,F,58.7628,B,%
oecd-emp-rate-upper-secondary,CZ,Czechia,2011,Y25T34,ISCED11A_3_4,F,61.7766,B,%
oecd-emp-rate-upper-secondary,CZ,Czechia,2012,Y25T34,ISCED11A_3_4,F,59.0131,B,%
oecd-emp-rate-upper-secondary,CZ,Czechia,2013,Y25T34,ISCED11A_3_4,F,61.0354,B,%
oecd-emp-rate-upper-secondary,CZ,Czechia,2014,Y25T34,ISCED11A_3_4,F,61.6712,,%
oecd-emp-rate-upper-secondary,CZ,Czechia,2015,Y25T34,ISCED11A_3_4,F,62.88,,%
oecd-emp-rate-upper-secondary,CZ,Czechia,2016,Y25T34,ISCED11A_3_4,F,66.4447,,%
oecd-emp-rate-upper-secondary,CZ,Czechia,2017,Y25T34,ISCED11A_3_4,F,66.1975,,%
oecd-emp-rate-upper-secondary,CZ,Czechia,2018,Y25T34,ISCED11A_3_4,F,65.0248,,%
oecd-emp-rate-upper-secondary,CZ,Czechia,2019,Y25T34,ISCED11A_3_4,F,63.9482,,%
oecd-emp-rate-upper-secondary,CZ,Czechia,2020,Y25T34,ISCED11A_3_4,F,61.8192,,%
oecd-emp-rate-upper-secondary,CZ,Czechia,2021,Y25T34,ISCED11A_3_4,F,60.3888,,%
oecd-emp-rate-upper-secondary,CZ,Czechia,2022,Y25T34,ISCED11A_3_4,F,61.3609,,%
oecd-emp-rate-upper-secondary,CZ,Czechia,2023,Y25T34,ISCED11A_3_4,F,64.0535,,%
oecd-emp-rate-upper-secondary,CZ,Czechia,2024,Y25T34,ISCED11A_3_4,F,63.2056,,%
oecd-emp-rate-upper-secondary,CZ,Czechia,2025,Y25T34,ISCED11A_3_4,F,68.0698,,%
oecd-emp-rate-upper-secondary,DE,Germany,2010,Y25T34,ISCED11A_3_4,F,73.9854,B,%
oecd-emp-rate-upper-secondary,DE,Germany,2011,Y25T34,ISCED11A_3_4,F,76.2887,B,%
oecd-emp-rate-upper-secondary,DE,Germany,2012,Y25T34,ISCED11A_3_4,F,76.6059,B,%
oecd-emp-rate-upper-secondary,DE,Germany,2013,Y25T34,ISCED11A_3_4,F,77.0403,B,%
oecd-emp-rate-upper-secondary,DE,Germany,2014,Y25T34,ISCED11A_3_4,F,78.0372,,%
oecd-emp-rate-upper-secondary,DE,Germany,2015,Y25T34,ISCED11A_3_4,F,78.4791,,%
oecd-emp-rate-upper-secondary,DE,Germany,2016,Y25T34,ISCED11A_3_4,F,78.4411,,%
oecd-emp-rate-upper-secondary,DE,Germany,2017,Y25T34,ISCED11A_3_4,F,78.986,,%
oecd-emp-rate-upper-secondary,DE,Germany,2018,Y25T34,ISCED11A_3_4,F,79.6809,,%
oecd-emp-rate-upper-secondary,DE,Germany,2019,Y25T34,ISCED11A_3_4,F,79.9931,,%
oecd-emp-rate-upper-secondary,DE,Germany,2020,Y25T34,ISCED11A_3_4,F,79.5102,,%
oecd-emp-rate-upper-secondary,DE,Germany,2021,Y25T34,ISCED11A_3_4,F,80.8112,,%
oecd-emp-rate-upper-secondary,DE,Germany,2022,Y25T34,ISCED11A_3_4,F,81.0355,,%
oecd-emp-rate-upper-secondary,DE,Germany,2023,Y25T34,ISCED11A_3_4,F,82.326,,%
oecd-emp-rate-upper-secondary,DE,Germany,2024,Y25T34,ISCED11A_3_4,F,82.7942,,%
oecd-emp-rate-upper-secondary,DE,Germany,2025,Y25T34,ISCED11A_3_4,F,82.507,,%
oecd-emp-rate-upper-secondary,DK,Denmark,2010,Y25T34,ISCED11A_3_4,F,78.118,,%
oecd-emp-rate-upper-secondary,DK,Denmark,2011,Y25T34,ISCED11A_3_4,F,75.1735,,%
oecd-emp-rate-upper-secondary,DK,Denmark,2012,Y25T34,ISCED11A_3_4,F,73.1535,,%
oecd-emp-rate-upper-secondary,DK,Denmark,2013,Y25T34,ISCED11A_3_4,F,69.9861,,%
oecd-emp-rate-upper-secondary,DK,Denmark,2014,Y25T34,ISCED11A_3_4,F,72.9369,,%
oecd-emp-rate-upper-secondary,DK,Denmark,2015,Y25T34,ISCED11A_3_4,F,72.8556,,%
oecd-emp-rate-upper-secondary,DK,Denmark,2016,Y25T34,ISCED11A_3_4,F,70.1274,,%
oecd-emp-rate-upper-secondary,DK,Denmark,2017,Y25T34,ISCED11A_3_4,F,71.3339,,%
oecd-emp-rate-upper-secondary,DK,Denmark,2018,Y25T34,ISCED11A_3_4,F,71.1781,,%
oecd-emp-rate-upper-secondary,DK,Denmark,2019,Y25T34,ISCED11A_3_4,F,72.3851,,%
oecd-emp-rate-upper-secondary,DK,Denmark,2020,Y25T34,ISCED11A_3_4,F,67.5471,,%
oecd-emp-rate-upper-secondary,DK,Denmark,2021,Y25T34,ISCED11A_3_4,F,70.6653,,%
oecd-emp-rate-upper-secondary,DK,Denmark,2022,Y25T34,ISCED11A_3_4,F,77.4111,,%
oecd-emp-rate-upper-secondary,DK,Denmark,2023,Y25T34,ISCED11A_3_4,F,71.4517,,%
oecd-emp-rate-upper-secondary,DK,Denmark,2024,Y25T34,ISCED11A_3_4,F,72.6896,,%
oecd-emp-rate-upper-secondary,DK,Denmark,2025,Y25T34,ISCED11A_3_4,F,71.8884,B,%
oecd-emp-rate-upper-secondary,EE,Estonia,2010,Y25T34,ISCED11A_3_4,F,58.7327,,%
oecd-emp-rate-upper-secondary,EE,Estonia,2011,Y25T34,ISCED11A_3_4,F,66.5246,,%
oecd-emp-rate-upper-secondary,EE,Estonia,2012,Y25T34,ISCED11A_3_4,F,62.1991,,%
oecd-emp-rate-upper-secondary,EE,Estonia,2013,Y25T34,ISCED11A_3_4,F,63.0178,,%
oecd-emp-rate-upper-secondary,EE,Estonia,2014,Y25T34,ISCED11A_3_4,F,62.4819,,%
oecd-emp-rate-upper-secondary,EE,Estonia,2015,Y25T34,ISCED11A_3_4,F,66.01,,%
oecd-emp-rate-upper-secondary,EE,Estonia,2016,Y25T34,ISCED11A_3_4,F,62.6263,,%
oecd-emp-rate-upper-secondary,EE,Estonia,2017,Y25T34,ISCED11A_3_4,F,67.9281,,%
oecd-emp-rate-upper-secondary,EE,Estonia,2018,Y25T34,ISCED11A_3_4,F,67.0269,,%
oecd-emp-rate-upper-secondary,EE,Estonia,2019,Y25T34,ISCED11A_3_4,F,63.2698,,%
oecd-emp-rate-upper-secondary,EE,Estonia,2020,Y25T34,ISCED11A_3_4,F,62.9874,,%
oecd-emp-rate-upper-secondary,EE,Estonia,2021,Y25T34,ISCED11A_3_4,F,71.8765,,%
oecd-emp-rate-upper-secondary,EE,Estonia,2022,Y25T34,ISCED11A_3_4,F,78.5601,,%
oecd-emp-rate-upper-secondary,EE,Estonia,2023,Y25T34,ISCED11A_3_4,F,75.1603,,%
oecd-emp-rate-upper-secondary,EE,Estonia,2024,Y25T34,ISCED11A_3_4,F,80.6271,,%
oecd-emp-rate-upper-secondary,EE,Estonia,2025,Y25T34,ISCED11A_3_4,F,80.456,,%
oecd-emp-rate-upper-secondary,EL,Greece,2010,Y25T34,ISCED11A_3_4,F,59.4526,B,%
oecd-emp-rate-upper-secondary,EL,Greece,2011,Y25T34,ISCED11A_3_4,F,54.0032,B,%
oecd-emp-rate-upper-secondary,EL,Greece,2012,Y25T34,ISCED11A_3_4,F,49.7482,B,%
oecd-emp-rate-upper-secondary,EL,Greece,2013,Y25T34,ISCED11A_3_4,F,44.3917,B,%
oecd-emp-rate-upper-secondary,EL,Greece,2014,Y25T34,ISCED11A_3_4,F,45.1241,,%
oecd-emp-rate-upper-secondary,EL,Greece,2015,Y25T34,ISCED11A_3_4,F,49.1235,,%
oecd-emp-rate-upper-secondary,EL,Greece,2016,Y25T34,ISCED11A_3_4,F,47.251,,%
oecd-emp-rate-upper-secondary,EL,Greece,2017,Y25T34,ISCED11A_3_4,F,47.5824,,%
oecd-emp-rate-upper-secondary,EL,Greece,2018,Y25T34,ISCED11A_3_4,F,50.0145,,%
oecd-emp-rate-upper-secondary,EL,Greece,2019,Y25T34,ISCED11A_3_4,F,51.5191,,%
oecd-emp-rate-upper-secondary,EL,Greece,2020,Y25T34,ISCED11A_3_4,F,51.1949,,%
oecd-emp-rate-upper-secondary,EL,Greece,2021,Y25T34,ISCED11A_3_4,F,49.9672,,%
oecd-emp-rate-upper-secondary,EL,Greece,2022,Y25T34,ISCED11A_3_4,F,52.1598,,%
oecd-emp-rate-upper-secondary,EL,Greece,2023,Y25T34,ISCED11A_3_4,F,52.7548,,%
oecd-emp-rate-upper-secondary,EL,Greece,2024,Y25T34,ISCED11A_3_4,F,53.3632,,%
oecd-emp-rate-upper-secondary,EL,Greece,2025,Y25T34,ISCED11A_3_4,F,57.8878,,%
oecd-emp-rate-upper-secondary,ES,Spain,2010,Y25T34,ISCED11A_3_4,F,64.9075,,%
oecd-emp-rate-upper-secondary,ES,Spain,2011,Y25T34,ISCED11A_3_4,F,63.2971,,%
oecd-emp-rate-upper-secondary,ES,Spain,2012,Y25T34,ISCED11A_3_4,F,61.1056,,%
oecd-emp-rate-upper-secondary,ES,Spain,2013,Y25T34,ISCED11A_3_4,F,59.6588,,%
oecd-emp-rate-upper-secondary,ES,Spain,2014,Y25T34,ISCED11A_3_4,F,60.589,,%
oecd-emp-rate-upper-secondary,ES,Spain,2015,Y25T34,ISCED11A_3_4,F,62.9921,,%
oecd-emp-rate-upper-secondary,ES,Spain,2016,Y25T34,ISCED11A_3_4,F,62.9013,,%
oecd-emp-rate-upper-secondary,ES,Spain,2017,Y25T34,ISCED11A_3_4,F,64.8194,,%
oecd-emp-rate-upper-secondary,ES,Spain,2018,Y25T34,ISCED11A_3_4,F,65.0671,,%
oecd-emp-rate-upper-secondary,ES,Spain,2019,Y25T34,ISCED11A_3_4,F,66.4137,,%
oecd-emp-rate-upper-secondary,ES,Spain,2020,Y25T34,ISCED11A_3_4,F,61.8288,,%
oecd-emp-rate-upper-secondary,ES,Spain,2021,Y25T34,ISCED11A_3_4,F,66.406,,%
oecd-emp-rate-upper-secondary,ES,Spain,2022,Y25T34,ISCED11A_3_4,F,65.2745,,%
oecd-emp-rate-upper-secondary,ES,Spain,2023,Y25T34,ISCED11A_3_4,F,67.2102,,%
oecd-emp-rate-upper-secondary,ES,Spain,2024,Y25T34,ISCED11A_3_4,F,67.241,,%
oecd-emp-rate-upper-secondary,ES,Spain,2025,Y25T34,ISCED11A_3_4,F,69.3709,,%
oecd-emp-rate-upper-secondary,FI,Finland,2010,Y25T34,ISCED11A_3_4,F,68.5051,,%
oecd-emp-rate-upper-secondary,FI,Finland,2011,Y25T34,ISCED11A_3_4,F,69.7306,,%
oecd-emp-rate-upper-secondary,FI,Finland,2012,Y25T34,ISCED11A_3_4,F,68.7696,,%
oecd-emp-rate-upper-secondary,FI,Finland,2013,Y25T34,ISCED11A_3_4,F,66.6782,,%
oecd-emp-rate-upper-secondary,FI,Finland,2014,Y25T34,ISCED11A_3_4,F,67.0029,,%
oecd-emp-rate-upper-secondary,FI,Finland,2015,Y25T34,ISCED11A_3_4,F,66.008,,%
oecd-emp-rate-upper-secondary,FI,Finland,2016,Y25T34,ISCED11A_3_4,F,67.3759,,%
oecd-emp-rate-upper-secondary,FI,Finland,2017,Y25T34,ISCED11A_3_4,F,67.3759,,%
oecd-emp-rate-upper-secondary,FI,Finland,2018,Y25T34,ISCED11A_3_4,F,68.7943,,%
oecd-emp-rate-upper-secondary,FI,Finland,2019,Y25T34,ISCED11A_3_4,F,70.7483,,%
oecd-emp-rate-upper-secondary,FI,Finland,2020,Y25T34,ISCED11A_3_4,F,66.6667,,%
oecd-emp-rate-upper-secondary,FI,Finland,2021,Y25T34,ISCED11A_3_4,F,71.8954,,%
oecd-emp-rate-upper-secondary,FI,Finland,2022,Y25T34,ISCED11A_3_4,F,72.2581,,%
oecd-emp-rate-upper-secondary,FI,Finland,2023,Y25T34,ISCED11A_3_4,F,72.7848,,%
oecd-emp-rate-upper-secondary,FI,Finland,2024,Y25T34,ISCED11A_3_4,F,71.7949,,%
oecd-emp-rate-upper-secondary,FI,Finland,2025,Y25T34,ISCED11A_3_4,F,69.7368,,%
oecd-emp-rate-upper-secondary,FR,France,2010,Y25T34,ISCED11A_3_4,F,69.7622,,%
oecd-emp-rate-upper-secondary,FR,France,2013,Y25T34,ISCED11A_3_4,F,68.2496,,%
oecd-emp-rate-upper-secondary,FR,France,2014,Y25T34,ISCED11A_3_4,F,66.79,,%
oecd-emp-rate-upper-secondary,FR,France,2015,Y25T34,ISCED11A_3_4,F,65.4699,,%
oecd-emp-rate-upper-secondary,FR,France,2016,Y25T34,ISCED11A_3_4,F,65.1125,,%
oecd-emp-rate-upper-secondary,FR,France,2017,Y25T34,ISCED11A_3_4,F,65.579,,%
oecd-emp-rate-upper-secondary,FR,France,2018,Y25T34,ISCED11A_3_4,F,68.0324,,%
oecd-emp-rate-upper-secondary,FR,France,2019,Y25T34,ISCED11A_3_4,F,67.5454,,%
oecd-emp-rate-upper-secondary,FR,France,2020,Y25T34,ISCED11A_3_4,F,66.4451,,%
oecd-emp-rate-upper-secondary,FR,France,2021,Y25T34,ISCED11A_3_4,F,70.8414,,%
oecd-emp-rate-upper-secondary,FR,France,2022,Y25T34,ISCED11A_3_4,F,71.9405,,%
oecd-emp-rate-upper-secondary,FR,France,2023,Y25T34,ISCED11A_3_4,F,71.4361,,%
oecd-emp-rate-upper-secondary,FR,France,2024,Y25T34,ISCED11A_3_4,F,70.5496,,%
oecd-emp-rate-upper-secondary,FR,France,2025,Y25T34,ISCED11A_3_4,F,71.5116,,%
oecd-emp-rate-upper-secondary,HR,Croatia,2015,Y25T34,ISCED11A_3_4,F,60.8124,,%
oecd-emp-rate-upper-secondary,HR,Croatia,2016,Y25T34,ISCED11A_3_4,F,65.0,,%
oecd-emp-rate-upper-secondary,HR,Croatia,2019,Y25T34,ISCED11A_3_4,F,65.4764,,%
oecd-emp-rate-upper-secondary,HR,Croatia,2023,Y25T34,ISCED11A_3_4,F,69.3069,,%
oecd-emp-rate-upper-secondary,HR,Croatia,2024,Y25T34,ISCED11A_3_4,F,73.3989,,%
oecd-emp-rate-upper-secondary,HR,Croatia,2025,Y25T34,ISCED11A_3_4,F,72.9386,,%
oecd-emp-rate-upper-secondary,HU,Hungary,2010,Y25T34,ISCED11A_3_4,F,59.723,,%
oecd-emp-rate-upper-secondary,HU,Hungary,2011,Y25T34,ISCED11A_3_4,F,58.57,,%
oecd-emp-rate-upper-secondary,HU,Hungary,2012,Y25T34,ISCED11A_3_4,F,60.392,,%
oecd-emp-rate-upper-secondary,HU,Hungary,2013,Y25T34,ISCED11A_3_4,F,61.8458,,%
oecd-emp-rate-upper-secondary,HU,Hungary,2014,Y25T34,ISCED11A_3_4,F,64.5015,,%
oecd-emp-rate-upper-secondary,HU,Hungary,2015,Y25T34,ISCED11A_3_4,F,65.7047,,%
oecd-emp-rate-upper-secondary,HU,Hungary,2016,Y25T34,ISCED11A_3_4,F,67.5061,,%
oecd-emp-rate-upper-secondary,HU,Hungary,2017,Y25T34,ISCED11A_3_4,F,69.3548,,%
oecd-emp-rate-upper-secondary,HU,Hungary,2018,Y25T34,ISCED11A_3_4,F,67.3036,,%
oecd-emp-rate-upper-secondary,HU,Hungary,2019,Y25T34,ISCED11A_3_4,F,69.7292,,%
oecd-emp-rate-upper-secondary,HU,Hungary,2020,Y25T34,ISCED11A_3_4,F,65.185,,%
oecd-emp-rate-upper-secondary,HU,Hungary,2021,Y25T34,ISCED11A_3_4,F,78.9474,,%
oecd-emp-rate-upper-secondary,HU,Hungary,2022,Y25T34,ISCED11A_3_4,F,81.195,,%
oecd-emp-rate-upper-secondary,HU,Hungary,2023,Y25T34,ISCED11A_3_4,F,80.7542,,%
oecd-emp-rate-upper-secondary,HU,Hungary,2024,Y25T34,ISCED11A_3_4,F,81.3507,,%
oecd-emp-rate-upper-secondary,HU,Hungary,2025,Y25T34,ISCED11A_3_4,F,80.8411,,%
oecd-emp-rate-upper-secondary,IE,Ireland,2010,Y25T34,ISCED11A_3_4,F,63.9027,B,%
oecd-emp-rate-upper-secondary,IE,Ireland,2011,Y25T34,ISCED11A_3_4,F,60.6948,B,%
oecd-emp-rate-upper-secondary,IE,Ireland,2012,Y25T34,ISCED11A_3_4,F,59.8063,B,%
oecd-emp-rate-upper-secondary,IE,Ireland,2013,Y25T34,ISCED11A_3_4,F,61.1548,B,%
oecd-emp-rate-upper-secondary,IE,Ireland,2014,Y25T34,ISCED11A_3_4,F,59.9694,,%
oecd-emp-rate-upper-secondary,IE,Ireland,2015,Y25T34,ISCED11A_3_4,F,60.1242,,%
oecd-emp-rate-upper-secondary,IE,Ireland,2016,Y25T34,ISCED11A_3_4,F,60.0222,,%
oecd-emp-rate-upper-secondary,IE,Ireland,2017,Y25T34,ISCED11A_3_4,F,63.4206,,%
oecd-emp-rate-upper-secondary,IE,Ireland,2018,Y25T34,ISCED11A_3_4,F,66.9515,,%
oecd-emp-rate-upper-secondary,IE,Ireland,2019,Y25T34,ISCED11A_3_4,F,66.3028,,%
oecd-emp-rate-upper-secondary,IE,Ireland,2020,Y25T34,ISCED11A_3_4,F,57.5201,,%
oecd-emp-rate-upper-secondary,IE,Ireland,2021,Y25T34,ISCED11A_3_4,F,64.0477,,%
oecd-emp-rate-upper-secondary,IE,Ireland,2022,Y25T34,ISCED11A_3_4,F,67.1052,,%
oecd-emp-rate-upper-secondary,IE,Ireland,2023,Y25T34,ISCED11A_3_4,F,67.9474,,%
oecd-emp-rate-upper-secondary,IE,Ireland,2024,Y25T34,ISCED11A_3_4,F,70.5977,,%
oecd-emp-rate-upper-secondary,IE,Ireland,2025,Y25T34,ISCED11A_3_4,F,69.2365,,%
oecd-emp-rate-upper-secondary,IS,Iceland,2010,Y25T34,ISCED11A_3_4,F,61.6717,,%
oecd-emp-rate-upper-secondary,IS,Iceland,2011,Y25T34,ISCED11A_3_4,F,62.1175,,%
oecd-emp-rate-upper-secondary,IS,Iceland,2012,Y25T34,ISCED11A_3_4,F,68.936,,%
oecd-emp-rate-upper-secondary,IS,Iceland,2013,Y25T34,ISCED11A_3_4,F,70.2685,,%
oecd-emp-rate-upper-secondary,IS,Iceland,2014,Y25T34,ISCED11A_3_4,F,72.6776,,%
oecd-emp-rate-upper-secondary,IS,Iceland,2015,Y25T34,ISCED11A_3_4,F,74.3205,,%
oecd-emp-rate-upper-secondary,IS,Iceland,2016,Y25T34,ISCED11A_3_4,F,74.8173,,%
oecd-emp-rate-upper-secondary,IS,Iceland,2017,Y25T34,ISCED11A_3_4,F,77.3202,,%
oecd-emp-rate-upper-secondary,IS,Iceland,2018,Y25T34,ISCED11A_3_4,F,73.9981,,%
oecd-emp-rate-upper-secondary,IS,Iceland,2019,Y25T34,ISCED11A_3_4,F,80.1077,,%
oecd-emp-rate-upper-secondary,IS,Iceland,2020,Y25T34,ISCED11A_3_4,F,76.0289,,%
oecd-emp-rate-upper-secondary,IS,Iceland,2021,Y25T34,ISCED11A_3_4,F,70.2407,,%
oecd-emp-rate-upper-secondary,IS,Iceland,2022,Y25T34,ISCED11A_3_4,F,73.449,,%
oecd-emp-rate-upper-secondary,IS,Iceland,2023,Y25T34,ISCED11A_3_4,F,78.2587,,%
oecd-emp-rate-upper-secondary,IT,Italy,2010,Y25T34,ISCED11A_3_4,F,59.7813,B,%
oecd-emp-rate-upper-secondary,IT,Italy,2011,Y25T34,ISCED11A_3_4,F,58.9844,B,%
oecd-emp-rate-upper-secondary,IT,Italy,2012,Y25T34,ISCED11A_3_4,F,57.4128,B,%
oecd-emp-rate-upper-secondary,IT,Italy,2013,Y25T34,ISCED11A_3_4,F,53.9704,B,%
oecd-emp-rate-upper-secondary,IT,Italy,2014,Y25T34,ISCED11A_3_4,F,53.9751,,%
oecd-emp-rate-upper-secondary,IT,Italy,2015,Y25T34,ISCED11A_3_4,F,53.1152,,%
oecd-emp-rate-upper-secondary,IT,Italy,2016,Y25T34,ISCED11A_3_4,F,52.9987,,%
oecd-emp-rate-upper-secondary,IT,Italy,2017,Y25T34,ISCED11A_3_4,F,52.7309,,%
oecd-emp-rate-upper-secondary,IT,Italy,2018,Y25T34,ISCED11A_3_4,F,52.9057,,%
oecd-emp-rate-upper-secondary,IT,Italy,2019,Y25T34,ISCED11A_3_4,F,53.7761,,%
oecd-emp-rate-upper-secondary,IT,Italy,2020,Y25T34,ISCED11A_3_4,F,50.9389,,%
oecd-emp-rate-upper-secondary,IT,Italy,2021,Y25T34,ISCED11A_3_4,F,52.1028,,%
oecd-emp-rate-upper-secondary,IT,Italy,2022,Y25T34,ISCED11A_3_4,F,56.0559,,%
oecd-emp-rate-upper-secondary,IT,Italy,2023,Y25T34,ISCED11A_3_4,F,56.8149,,%
oecd-emp-rate-upper-secondary,IT,Italy,2024,Y25T34,ISCED11A_3_4,F,58.2118,,%
oecd-emp-rate-upper-secondary,IT,Italy,2025,Y25T34,ISCED11A_3_4,F,58.669,,%
oecd-emp-rate-upper-secondary,LT,Lithuania,2010,Y25T34,ISCED11A_3_4,F,65.612,B,%
oecd-emp-rate-upper-secondary,LT,Lithuania,2011,Y25T34,ISCED11A_3_4,F,66.6745,B,%
oecd-emp-rate-upper-secondary,LT,Lithuania,2012,Y25T34,ISCED11A_3_4,F,65.6657,B,%
oecd-emp-rate-upper-secondary,LT,Lithuania,2013,Y25T34,ISCED11A_3_4,F,68.894,B,%
oecd-emp-rate-upper-secondary,LT,Lithuania,2014,Y25T34,ISCED11A_3_4,F,67.2989,,%
oecd-emp-rate-upper-secondary,LT,Lithuania,2015,Y25T34,ISCED11A_3_4,F,66.2116,,%
oecd-emp-rate-upper-secondary,LT,Lithuania,2016,Y25T34,ISCED11A_3_4,F,67.7685,,%
oecd-emp-rate-upper-secondary,LT,Lithuania,2017,Y25T34,ISCED11A_3_4,F,69.1683,,%
oecd-emp-rate-upper-secondary,LT,Lithuania,2018,Y25T34,ISCED11A_3_4,F,70.8477,,%
oecd-emp-rate-upper-secondary,LT,Lithuania,2019,Y25T34,ISCED11A_3_4,F,71.1878,,%
oecd-emp-rate-upper-secondary,LT,Lithuania,2020,Y25T34,ISCED11A_3_4,F,66.7267,,%
oecd-emp-rate-upper-secondary,LT,Lithuania,2021,Y25T34,ISCED11A_3_4,F,66.427,,%
oecd-emp-rate-upper-secondary,LT,Lithuania,2022,Y25T34,ISCED11A_3_4,F,70.3198,,%
oecd-emp-rate-upper-secondary,LT,Lithuania,2023,Y25T34,ISCED11A_3_4,F,67.8516,,%
oecd-emp-rate-upper-secondary,LT,Lithuania,2024,Y25T34,ISCED11A_3_4,F,67.3373,,%
oecd-emp-rate-upper-secondary,LT,Lithuania,2025,Y25T34,ISCED11A_3_4,F,72.3661,,%
oecd-emp-rate-upper-secondary,LU,Luxembourg,2010,Y25T34,ISCED11A_3_4,F,77.0825,B,%
oecd-emp-rate-upper-secondary,LU,Luxembourg,2014,Y25T34,ISCED11A_3_4,F,79.0952,,%
oecd-emp-rate-upper-secondary,LU,Luxembourg,2015,Y25T34,ISCED11A_3_4,F,74.9645,,%
oecd-emp-rate-upper-secondary,LU,Luxembourg,2016,Y25T34,ISCED11A_3_4,F,74.3047,,%
oecd-emp-rate-upper-secondary,LU,Luxembourg,2017,Y25T34,ISCED11A_3_4,F,79.369,,%
oecd-emp-rate-upper-secondary,LU,Luxembourg,2018,Y25T34,ISCED11A_3_4,F,83.2749,,%
oecd-emp-rate-upper-secondary,LU,Luxembourg,2019,Y25T34,ISCED11A_3_4,F,85.2475,,%
oecd-emp-rate-upper-secondary,LU,Luxembourg,2020,Y25T34,ISCED11A_3_4,F,81.3776,,%
oecd-emp-rate-upper-secondary,LU,Luxembourg,2021,Y25T34,ISCED11A_3_4,F,81.1395,,%
oecd-emp-rate-upper-secondary,LU,Luxembourg,2022,Y25T34,ISCED11A_3_4,F,83.6258,,%
oecd-emp-rate-upper-secondary,LU,Luxembourg,2023,Y25T34,ISCED11A_3_4,F,82.5648,,%
oecd-emp-rate-upper-secondary,LU,Luxembourg,2024,Y25T34,ISCED11A_3_4,F,80.284,,%
oecd-emp-rate-upper-secondary,LV,Latvia,2010,Y25T34,ISCED11A_3_4,F,64.7024,,%
oecd-emp-rate-upper-secondary,LV,Latvia,2011,Y25T34,ISCED11A_3_4,F,65.3469,,%
oecd-emp-rate-upper-secondary,LV,Latvia,2012,Y25T34,ISCED11A_3_4,F,63.2504,,%
oecd-emp-rate-upper-secondary,LV,Latvia,2013,Y25T34,ISCED11A_3_4,F,67.2906,,%
oecd-emp-rate-upper-secondary,LV,Latvia,2014,Y25T34,ISCED11A_3_4,F,66.6156,,%
oecd-emp-rate-upper-secondary,LV,Latvia,2015,Y25T34,ISCED11A_3_4,F,73.6185,,%
oecd-emp-rate-upper-secondary,LV,Latvia,2016,Y25T34,ISCED11A_3_4,F,67.267,,%
oecd-emp-rate-upper-secondary,LV,Latvia,2017,Y25T34,ISCED11A_3_4,F,69.4387,,%
oecd-emp-rate-upper-secondary,LV,Latvia,2018,Y25T34,ISCED11A_3_4,F,67.0431,,%
oecd-emp-rate-upper-secondary,LV,Latvia,2019,Y25T34,ISCED11A_3_4,F,70.1538,,%
oecd-emp-rate-upper-secondary,LV,Latvia,2020,Y25T34,ISCED11A_3_4,F,74.0029,,%
oecd-emp-rate-upper-secondary,LV,Latvia,2021,Y25T34,ISCED11A_3_4,F,69.246,,%
oecd-emp-rate-upper-secondary,LV,Latvia,2022,Y25T34,ISCED11A_3_4,F,70.3174,,%
oecd-emp-rate-upper-secondary,LV,Latvia,2023,Y25T34,ISCED11A_3_4,F,67.4755,,%
oecd-emp-rate-upper-secondary,LV,Latvia,2024,Y25T34,ISCED11A_3_4,F,69.5024,,%
oecd-emp-rate-upper-secondary,LV,Latvia,2025,Y25T34,ISCED11A_3_4,F,71.0761,,%
oecd-emp-rate-upper-secondary,NL,Netherlands,2010,Y25T34,ISCED11A_3_4,F,82.3678,B,%
oecd-emp-rate-upper-secondary,NL,Netherlands,2011,Y25T34,ISCED11A_3_4,F,81.7721,B,%
oecd-emp-rate-upper-secondary,NL,Netherlands,2012,Y25T34,ISCED11A_3_4,F,82.8748,B,%
oecd-emp-rate-upper-secondary,NL,Netherlands,2013,Y25T34,ISCED11A_3_4,F,76.556,B,%
oecd-emp-rate-upper-secondary,NL,Netherlands,2014,Y25T34,ISCED11A_3_4,F,77.8967,,%
oecd-emp-rate-upper-secondary,NL,Netherlands,2015,Y25T34,ISCED11A_3_4,F,76.8531,,%
oecd-emp-rate-upper-secondary,NL,Netherlands,2016,Y25T34,ISCED11A_3_4,F,76.7361,,%
oecd-emp-rate-upper-secondary,NL,Netherlands,2017,Y25T34,ISCED11A_3_4,F,77.1164,,%
oecd-emp-rate-upper-secondary,NL,Netherlands,2018,Y25T34,ISCED11A_3_4,F,81.1075,,%
oecd-emp-rate-upper-secondary,NL,Netherlands,2019,Y25T34,ISCED11A_3_4,F,81.1765,,%
oecd-emp-rate-upper-secondary,NL,Netherlands,2020,Y25T34,ISCED11A_3_4,F,80.4039,,%
oecd-emp-rate-upper-secondary,NL,Netherlands,2021,Y25T34,ISCED11A_3_4,F,80.5015,,%
oecd-emp-rate-upper-secondary,NL,Netherlands,2022,Y25T34,ISCED11A_3_4,F,82.3783,,%
oecd-emp-rate-upper-secondary,NL,Netherlands,2023,Y25T34,ISCED11A_3_4,F,81.4193,,%
oecd-emp-rate-upper-secondary,NL,Netherlands,2024,Y25T34,ISCED11A_3_4,F,82.361,,%
oecd-emp-rate-upper-secondary,NL,Netherlands,2025,Y25T34,ISCED11A_3_4,F,82.1598,,%
oecd-emp-rate-upper-secondary,NO,Norway,2010,Y25T34,ISCED11A_3_4,F,81.4181,,%
oecd-emp-rate-upper-secondary,NO,Norway,2011,Y25T34,ISCED11A_3_4,F,76.5199,,%
oecd-emp-rate-upper-secondary,NO,Norway,2012,Y25T34,ISCED11A_3_4,F,75.3623,,%
oecd-emp-rate-upper-secondary,NO,Norway,2013,Y25T34,ISCED11A_3_4,F,76.4192,,%
oecd-emp-rate-upper-secondary,NO,Norway,2014,Y25T34,ISCED11A_3_4,F,76.1693,,%
oecd-emp-rate-upper-secondary,NO,Norway,2015,Y25T34,ISCED11A_3_4,F,73.7194,,%
oecd-emp-rate-upper-secondary,NO,Norway,2016,Y25T34,ISCED11A_3_4,F,76.4835,,%
oecd-emp-rate-upper-secondary,NO,Norway,2017,Y25T34,ISCED11A_3_4,F,74.1273,,%
oecd-emp-rate-upper-secondary,NO,Norway,2018,Y25T34,ISCED11A_3_4,F,74.8953,,%
oecd-emp-rate-upper-secondary,NO,Norway,2019,Y25T34,ISCED11A_3_4,F,77.473,,%
oecd-emp-rate-upper-secondary,NO,Norway,2020,Y25T34,ISCED11A_3_4,F,74.4034,,%
oecd-emp-rate-upper-secondary,NO,Norway,2021,Y25T34,ISCED11A_3_4,F,79.2208,,%
oecd-emp-rate-upper-secondary,NO,Norway,2022,Y25T34,ISCED11A_3_4,F,81.3333,,%
oecd-emp-rate-upper-secondary,NO,Norway,2023,Y25T34,ISCED11A_3_4,F,78.9474,,%
oecd-emp-rate-upper-secondary,NO,Norway,2024,Y25T34,ISCED11A_3_4,F,82.1918,,%
oecd-emp-rate-upper-secondary,NO,Norway,2025,Y25T34,ISCED11A_3_4,F,78.3959,,%
oecd-emp-rate-upper-secondary,PL,Poland,2010,Y25T34,ISCED11A_3_4,F,60.2768,B,%
oecd-emp-rate-upper-secondary,PL,Poland,2011,Y25T34,ISCED11A_3_4,F,57.7576,B,%
oecd-emp-rate-upper-secondary,PL,Poland,2012,Y25T34,ISCED11A_3_4,F,57.8336,B,%
oecd-emp-rate-upper-secondary,PL,Poland,2013,Y25T34,ISCED11A_3_4,F,57.3014,B,%
oecd-emp-rate-upper-secondary,PL,Poland,2014,Y25T34,ISCED11A_3_4,F,58.4718,,%
oecd-emp-rate-upper-secondary,PL,Poland,2015,Y25T34,ISCED11A_3_4,F,60.4167,,%
oecd-emp-rate-upper-secondary,PL,Poland,2016,Y25T34,ISCED11A_3_4,F,61.0215,,%
oecd-emp-rate-upper-secondary,PL,Poland,2017,Y25T34,ISCED11A_3_4,F,59.5996,,%
oecd-emp-rate-upper-secondary,PL,Poland,2018,Y25T34,ISCED11A_3_4,F,59.9437,,%
oecd-emp-rate-upper-secondary,PL,Poland,2019,Y25T34,ISCED11A_3_4,F,60.0196,,%
oecd-emp-rate-upper-secondary,PL,Poland,2020,Y25T34,ISCED11A_3_4,F,59.4244,,%
oecd-emp-rate-upper-secondary,PL,Poland,2021,Y25T34,ISCED11A_3_4,F,65.7565,,%
oecd-emp-rate-upper-secondary,PL,Poland,2022,Y25T34,ISCED11A_3_4,F,68.8048,,%
oecd-emp-rate-upper-secondary,PL,Poland,2023,Y25T34,ISCED11A_3_4,F,69.9191,,%
oecd-emp-rate-upper-secondary,PL,Poland,2024,Y25T34,ISCED11A_3_4,F,67.0501,,%
oecd-emp-rate-upper-secondary,PL,Poland,2025,Y25T34,ISCED11A_3_4,F,70.6697,,%
oecd-emp-rate-upper-secondary,PT,Portugal,2010,Y25T34,ISCED11A_3_4,F,76.561,,%
oecd-emp-rate-upper-secondary,PT,Portugal,2011,Y25T34,ISCED11A_3_4,F,79.2201,,%
oecd-emp-rate-upper-secondary,PT,Portugal,2012,Y25T34,ISCED11A_3_4,F,74.2249,,%
oecd-emp-rate-upper-secondary,PT,Portugal,2013,Y25T34,ISCED11A_3_4,F,74.8255,,%
oecd-emp-rate-upper-secondary,PT,Portugal,2014,Y25T34,ISCED11A_3_4,F,74.2873,,%
oecd-emp-rate-upper-secondary,PT,Portugal,2015,Y25T34,ISCED11A_3_4,F,78.0486,,%
oecd-emp-rate-upper-secondary,PT,Portugal,2016,Y25T34,ISCED11A_3_4,F,77.0261,,%
oecd-emp-rate-upper-secondary,PT,Portugal,2017,Y25T34,ISCED11A_3_4,F,81.6206,,%
oecd-emp-rate-upper-secondary,PT,Portugal,2018,Y25T34,ISCED11A_3_4,F,82.8109,,%
oecd-emp-rate-upper-secondary,PT,Portugal,2019,Y25T34,ISCED11A_3_4,F,85.2561,,%
oecd-emp-rate-upper-secondary,PT,Portugal,2020,Y25T34,ISCED11A_3_4,F,82.1237,,%
oecd-emp-rate-upper-secondary,PT,Portugal,2021,Y25T34,ISCED11A_3_4,F,77.5095,,%
oecd-emp-rate-upper-secondary,PT,Portugal,2022,Y25T34,ISCED11A_3_4,F,79.774,,%
oecd-emp-rate-upper-secondary,PT,Portugal,2023,Y25T34,ISCED11A_3_4,F,82.772,,%
oecd-emp-rate-upper-secondary,PT,Portugal,2024,Y25T34,ISCED11A_3_4,F,82.494,,%
oecd-emp-rate-upper-secondary,PT,Portugal,2025,Y25T34,ISCED11A_3_4,F,84.3004,,%
oecd-emp-rate-upper-secondary,RO,Romania,2015,Y25T34,ISCED11A_3_4,F,67.0452,B,%
oecd-emp-rate-upper-secondary,RO,Romania,2019,Y25T34,ISCED11A_3_4,F,70.8469,,%
oecd-emp-rate-upper-secondary,RO,Romania,2021,Y25T34,ISCED11A_3_4,F,65.6758,,%
oecd-emp-rate-upper-secondary,RO,Romania,2022,Y25T34,ISCED11A_3_4,F,66.9912,,%
oecd-emp-rate-upper-secondary,RO,Romania,2023,Y25T34,ISCED11A_3_4,F,65.8964,,%
oecd-emp-rate-upper-secondary,RO,Romania,2024,Y25T34,ISCED11A_3_4,F,67.8935,,%
oecd-emp-rate-upper-secondary,RO,Romania,2025,Y25T34,ISCED11A_3_4,F,68.0187,,%
oecd-emp-rate-upper-secondary,SE,Sweden,2010,Y25T34,ISCED11A_3_4,F,74.6287,B,%
oecd-emp-rate-upper-secondary,SE,Sweden,2011,Y25T34,ISCED11A_3_4,F,78.1021,B,%
oecd-emp-rate-upper-secondary,SE,Sweden,2012,Y25T34,ISCED11A_3_4,F,74.9659,B,%
oecd-emp-rate-upper-secondary,SE,Sweden,2013,Y25T34,ISCED11A_3_4,F,74.7107,B,%
oecd-emp-rate-upper-secondary,SE,Sweden,2014,Y25T34,ISCED11A_3_4,F,79.9572,,%
oecd-emp-rate-upper-secondary,SE,Sweden,2015,Y25T34,ISCED11A_3_4,F,79.4009,,%
oecd-emp-rate-upper-secondary,SE,Sweden,2016,Y25T34,ISCED11A_3_4,F,79.5028,,%
oecd-emp-rate-upper-secondary,SE,Sweden,2017,Y25T34,ISCED11A_3_4,F,80.5363,,%
oecd-emp-rate-upper-secondary,SE,Sweden,2018,Y25T34,ISCED11A_3_4,F,80.9475,,%
oecd-emp-rate-upper-secondary,SE,Sweden,2019,Y25T34,ISCED11A_3_4,F,78.533,,%
oecd-emp-rate-upper-secondary,SE,Sweden,2020,Y25T34,ISCED11A_3_4,F,77.2647,,%
oecd-emp-rate-upper-secondary,SE,Sweden,2021,Y25T34,ISCED11A_3_4,F,75.7645,,%
oecd-emp-rate-upper-secondary,SE,Sweden,2022,Y25T34,ISCED11A_3_4,F,76.4232,,%
oecd-emp-rate-upper-secondary,SE,Sweden,2023,Y25T34,ISCED11A_3_4,F,79.2331,,%
oecd-emp-rate-upper-secondary,SE,Sweden,2024,Y25T34,ISCED11A_3_4,F,76.1675,,%
oecd-emp-rate-upper-secondary,SE,Sweden,2025,Y25T34,ISCED11A_3_4,F,72.6927,,%
oecd-emp-rate-upper-secondary,SI,Slovenia,2010,Y25T34,ISCED11A_3_4,F,76.9184,B,%
oecd-emp-rate-upper-secondary,SI,Slovenia,2011,Y25T34,ISCED11A_3_4,F,73.9888,B,%
oecd-emp-rate-upper-secondary,SI,Slovenia,2012,Y25T34,ISCED11A_3_4,F,74.4234,B,%
oecd-emp-rate-upper-secondary,SI,Slovenia,2013,Y25T34,ISCED11A_3_4,F,68.1728,B,%
oecd-emp-rate-upper-secondary,SI,Slovenia,2014,Y25T34,ISCED11A_3_4,F,65.02,,%
oecd-emp-rate-upper-secondary,SI,Slovenia,2015,Y25T34,ISCED11A_3_4,F,69.1551,,%
oecd-emp-rate-upper-secondary,SI,Slovenia,2016,Y25T34,ISCED11A_3_4,F,73.4601,,%
oecd-emp-rate-upper-secondary,SI,Slovenia,2017,Y25T34,ISCED11A_3_4,F,75.6552,,%
oecd-emp-rate-upper-secondary,SI,Slovenia,2018,Y25T34,ISCED11A_3_4,F,78.7245,,%
oecd-emp-rate-upper-secondary,SI,Slovenia,2019,Y25T34,ISCED11A_3_4,F,76.5803,,%
oecd-emp-rate-upper-secondary,SI,Slovenia,2020,Y25T34,ISCED11A_3_4,F,73.4688,,%
oecd-emp-rate-upper-secondary,SI,Slovenia,2021,Y25T34,ISCED11A_3_4,F,72.1349,,%
oecd-emp-rate-upper-secondary,SI,Slovenia,2022,Y25T34,ISCED11A_3_4,F,76.5479,,%
oecd-emp-rate-upper-secondary,SI,Slovenia,2023,Y25T34,ISCED11A_3_4,F,82.9268,,%
oecd-emp-rate-upper-secondary,SI,Slovenia,2024,Y25T34,ISCED11A_3_4,F,78.493,,%
oecd-emp-rate-upper-secondary,SI,Slovenia,2025,Y25T34,ISCED11A_3_4,F,80.9058,,%
oecd-emp-rate-upper-secondary,SK,Slovakia,2010,Y25T34,ISCED11A_3_4,F,59.1883,B,%
oecd-emp-rate-upper-secondary,SK,Slovakia,2011,Y25T34,ISCED11A_3_4,F,57.3026,B,%
oecd-emp-rate-upper-secondary,SK,Slovakia,2012,Y25T34,ISCED11A_3_4,F,56.6903,B,%
oecd-emp-rate-upper-secondary,SK,Slovakia,2013,Y25T34,ISCED11A_3_4,F,55.3036,B,%
oecd-emp-rate-upper-secondary,SK,Slovakia,2014,Y25T34,ISCED11A_3_4,F,56.268,,%
oecd-emp-rate-upper-secondary,SK,Slovakia,2015,Y25T34,ISCED11A_3_4,F,59.261,,%
oecd-emp-rate-upper-secondary,SK,Slovakia,2016,Y25T34,ISCED11A_3_4,F,62.9833,,%
oecd-emp-rate-upper-secondary,SK,Slovakia,2017,Y25T34,ISCED11A_3_4,F,62.3405,,%
oecd-emp-rate-upper-secondary,SK,Slovakia,2018,Y25T34,ISCED11A_3_4,F,65.9948,,%
oecd-emp-rate-upper-secondary,SK,Slovakia,2019,Y25T34,ISCED11A_3_4,F,64.9397,,%
oecd-emp-rate-upper-secondary,SK,Slovakia,2020,Y25T34,ISCED11A_3_4,F,59.9479,,%
oecd-emp-rate-upper-secondary,SK,Slovakia,2021,Y25T34,ISCED11A_3_4,F,73.4153,,%
oecd-emp-rate-upper-secondary,SK,Slovakia,2022,Y25T34,ISCED11A_3_4,F,74.8709,,%
oecd-emp-rate-upper-secondary,SK,Slovakia,2023,Y25T34,ISCED11A_3_4,F,73.553,,%
oecd-emp-rate-upper-secondary,SK,Slovakia,2024,Y25T34,ISCED11A_3_4,F,74.848,,%
oecd-emp-rate-upper-secondary,SK,Slovakia,2025,Y25T34,ISCED11A_3_4,F,71.1998,,%
oecd-emp-rate-upper-secondary,TR,Türkiye,2010,Y25T34,ISCED11A_3_4,F,32.146,B,%
oecd-emp-rate-upper-secondary,TR,Türkiye,2011,Y25T34,ISCED11A_3_4,F,33.5021,B,%
oecd-emp-rate-upper-secondary,TR,Türkiye,2012,Y25T34,ISCED11A_3_4,F,33.7959,B,%
oecd-emp-rate-upper-secondary,TR,Türkiye,2013,Y25T34,ISCED11A_3_4,F,33.8364,B,%
oecd-emp-rate-upper-secondary,TR,Türkiye,2014,Y25T34,ISCED11A_3_4,F,35.1307,,%
oecd-emp-rate-upper-secondary,TR,Türkiye,2015,Y25T34,ISCED11A_3_4,F,34.9049,,%
oecd-emp-rate-upper-secondary,TR,Türkiye,2016,Y25T34,ISCED11A_3_4,F,35.4598,,%
oecd-emp-rate-upper-secondary,TR,Türkiye,2017,Y25T34,ISCED11A_3_4,F,35.1575,,%
oecd-emp-rate-upper-secondary,TR,Türkiye,2018,Y25T34,ISCED11A_3_4,F,35.4063,,%
oecd-emp-rate-upper-secondary,TR,Türkiye,2019,Y25T34,ISCED11A_3_4,F,33.5755,,%
oecd-emp-rate-upper-secondary,TR,Türkiye,2021,Y25T34,ISCED11A_3_4,F,31.7742,,%
oecd-emp-rate-upper-secondary,TR,Türkiye,2022,Y25T34,ISCED11A_3_4,F,37.1988,,%
oecd-emp-rate-upper-secondary,TR,Türkiye,2023,Y25T34,ISCED11A_3_4,F,36.8421,,%
oecd-emp-rate-upper-secondary,TR,Türkiye,2024,Y25T34,ISCED11A_3_4,F,37.4654,,%
oecd-emp-rate-upper-secondary,TR,Türkiye,2025,Y25T34,ISCED11A_3_4,F,36.5718,,%
oecd-emp-rate-upper-secondary,UK,United Kingdom,2010,Y25T34,ISCED11A_3_4,F,70.0857,B,%
oecd-emp-rate-upper-secondary,UK,United Kingdom,2011,Y25T34,ISCED11A_3_4,F,68.6869,B,%
oecd-emp-rate-upper-secondary,UK,United Kingdom,2012,Y25T34,ISCED11A_3_4,F,69.2524,B,%
oecd-emp-rate-upper-secondary,UK,United Kingdom,2013,Y25T34,ISCED11A_3_4,F,71.1162,B,%
oecd-emp-rate-upper-secondary,UK,United Kingdom,2014,Y25T34,ISCED11A_3_4,F,71.7778,,%
oecd-emp-rate-upper-secondary,UK,United Kingdom,2015,Y25T34,ISCED11A_3_4,F,71.7753,,%
oecd-emp-rate-upper-secondary,UK,United Kingdom,2016,Y25T34,ISCED11A_3_4,F,73.1692,,%
oecd-emp-rate-upper-secondary,UK,United Kingdom,2017,Y25T34,ISCED11A_3_4,F,74.9821,,%
oecd-emp-rate-upper-secondary,UK,United Kingdom,2018,Y25T34,ISCED11A_3_4,F,74.6855,,%
oecd-emp-rate-upper-secondary,UK,United Kingdom,2019,Y25T34,ISCED11A_3_4,F,76.1904,,%
oecd-emp-rate-upper-secondary,UK,United Kingdom,2020,Y25T34,ISCED11A_3_4,F,77.8733,,%
oecd-emp-rate-upper-secondary,UK,United Kingdom,2021,Y25T34,ISCED11A_3_4,F,77.1423,,%
oecd-emp-rate-upper-secondary,UK,United Kingdom,2022,Y25T34,ISCED11A_3_4,F,77.3608,,%
oecd-emp-rate-upper-secondary,UK,United Kingdom,2023,Y25T34,ISCED11A_3_4,F,75.2784,,%
oecd-emp-rate-upper-secondary,UK,United Kingdom,2024,Y25T34,ISCED11A_3_4,F,76.6128,,%
oecd-emp-rate-upper-secondary,UK,United Kingdom,2025,Y25T34,ISCED11A_3_4,F,75.2907,,%
oecd-emp-rate-upper-secondary,AT,Austria,2010,Y25T34,ISCED11A_3_4,M,86.0978,,%
oecd-emp-rate-upper-secondary,AT,Austria,2011,Y25T34,ISCED11A_3_4,M,87.4566,,%
oecd-emp-rate-upper-secondary,AT,Austria,2012,Y25T34,ISCED11A_3_4,M,87.9798,,%
oecd-emp-rate-upper-secondary,AT,Austria,2013,Y25T34,ISCED11A_3_4,M,86.1738,,%
oecd-emp-rate-upper-secondary,AT,Austria,2014,Y25T34,ISCED11A_3_4,M,86.457,,%
oecd-emp-rate-upper-secondary,AT,Austria,2015,Y25T34,ISCED11A_3_4,M,87.1452,,%
oecd-emp-rate-upper-secondary,AT,Austria,2016,Y25T34,ISCED11A_3_4,M,86.6116,,%
oecd-emp-rate-upper-secondary,AT,Austria,2017,Y25T34,ISCED11A_3_4,M,85.9554,,%
oecd-emp-rate-upper-secondary,AT,Austria,2018,Y25T34,ISCED11A_3_4,M,88.165,,%
oecd-emp-rate-upper-secondary,AT,Austria,2019,Y25T34,ISCED11A_3_4,M,89.9427,,%
oecd-emp-rate-upper-secondary,AT,Austria,2020,Y25T34,ISCED11A_3_4,M,86.1856,,%
oecd-emp-rate-upper-secondary,AT,Austria,2021,Y25T34,ISCED11A_3_4,M,86.7291,,%
oecd-emp-rate-upper-secondary,AT,Austria,2022,Y25T34,ISCED11A_3_4,M,87.4279,,%
oecd-emp-rate-upper-secondary,AT,Austria,2023,Y25T34,ISCED11A_3_4,M,87.1235,,%
oecd-emp-rate-upper-secondary,AT,Austria,2024,Y25T34,ISCED11A_3_4,M,87.4886,,%
oecd-emp-rate-upper-secondary,AT,Austria,2025,Y25T34,ISCED11A_3_4,M,85.6139,,%
oecd-emp-rate-upper-secondary,BE,Belgium,2010,Y25T34,ISCED11A_3_4,M,86.4097,B,%
oecd-emp-rate-upper-secondary,BE,Belgium,2011,Y25T34,ISCED11A_3_4,M,85.685,B,%
oecd-emp-rate-upper-secondary,BE,Belgium,2012,Y25T34,ISCED11A_3_4,M,83.7637,B,%
oecd-emp-rate-upper-secondary,BE,Belgium,2013,Y25T34,ISCED11A_3_4,M,85.7573,B,%
oecd-emp-rate-upper-secondary,BE,Belgium,2014,Y25T34,ISCED11A_3_4,M,83.3903,,%
oecd-emp-rate-upper-secondary,BE,Belgium,2015,Y25T34,ISCED11A_3_4,M,82.2552,,%
oecd-emp-rate-upper-secondary,BE,Belgium,2016,Y25T34,ISCED11A_3_4,M,83.4745,,%
oecd-emp-rate-upper-secondary,BE,Belgium,2017,Y25T34,ISCED11A_3_4,M,83.3355,,%
oecd-emp-rate-upper-secondary,BE,Belgium,2018,Y25T34,ISCED11A_3_4,M,84.0973,,%
oecd-emp-rate-upper-secondary,BE,Belgium,2019,Y25T34,ISCED11A_3_4,M,86.959,,%
oecd-emp-rate-upper-secondary,BE,Belgium,2020,Y25T34,ISCED11A_3_4,M,84.1993,,%
oecd-emp-rate-upper-secondary,BE,Belgium,2021,Y25T34,ISCED11A_3_4,M,82.8559,,%
oecd-emp-rate-upper-secondary,BE,Belgium,2022,Y25T34,ISCED11A_3_4,M,83.6726,,%
oecd-emp-rate-upper-secondary,BE,Belgium,2023,Y25T34,ISCED11A_3_4,M,82.4866,,%
oecd-emp-rate-upper-secondary,BE,Belgium,2024,Y25T34,ISCED11A_3_4,M,82.1086,,%
oecd-emp-rate-upper-secondary,BE,Belgium,2025,Y25T34,ISCED11A_3_4,M,79.3453,,%
oecd-emp-rate-upper-secondary,BG,Bulgaria,2015,Y25T34,ISCED11A_3_4,M,78.7007,,%
oecd-emp-rate-upper-secondary,BG,Bulgaria,2016,Y25T34,ISCED11A_3_4,M,80.4808,,%
oecd-emp-rate-upper-secondary,BG,Bulgaria,2019,Y25T34,ISCED11A_3_4,M,85.8263,,%
oecd-emp-rate-upper-secondary,BG,Bulgaria,2022,Y25T34,ISCED11A_3_4,M,84.3241,,%
oecd-emp-rate-upper-secondary,BG,Bulgaria,2023,Y25T34,ISCED11A_3_4,M,84.5275,,%
oecd-emp-rate-upper-secondary,BG,Bulgaria,2024,Y25T34,ISCED11A_3_4,M,85.874,,%
oecd-emp-rate-upper-secondary,BG,Bulgaria,2025,Y25T34,ISCED11A_3_4,M,84.6437,,%
oecd-emp-rate-upper-secondary,CH,Switzerland,2010,Y25T34,ISCED11A_3_4,M,87.9296,B,%
oecd-emp-rate-upper-secondary,CH,Switzerland,2011,Y25T34,ISCED11A_3_4,M,90.1226,B,%
oecd-emp-rate-upper-secondary,CH,Switzerland,2012,Y25T34,ISCED11A_3_4,M,88.7992,B,%
oecd-emp-rate-upper-secondary,CH,Switzerland,2013,Y25T34,ISCED11A_3_4,M,87.3538,B,%
oecd-emp-rate-upper-secondary,CH,Switzerland,2014,Y25T34,ISCED11A_3_4,M,88.4312,,%
oecd-emp-rate-upper-secondary,CH,Switzerland,2015,Y25T34,ISCED11A_3_4,M,90.0665,,%
oecd-emp-rate-upper-secondary,CH,Switzerland,2016,Y25T34,ISCED11A_3_4,M,89.2635,,%
oecd-emp-rate-upper-secondary,CH,Switzerland,2017,Y25T34,ISCED11A_3_4,M,88.9526,,%
oecd-emp-rate-upper-secondary,CH,Switzerland,2018,Y25T34,ISCED11A_3_4,M,89.3031,,%
oecd-emp-rate-upper-secondary,CH,Switzerland,2019,Y25T34,ISCED11A_3_4,M,87.5994,,%
oecd-emp-rate-upper-secondary,CH,Switzerland,2020,Y25T34,ISCED11A_3_4,M,86.495,,%
oecd-emp-rate-upper-secondary,CH,Switzerland,2021,Y25T34,ISCED11A_3_4,M,89.2834,,%
oecd-emp-rate-upper-secondary,CH,Switzerland,2022,Y25T34,ISCED11A_3_4,M,89.7307,,%
oecd-emp-rate-upper-secondary,CH,Switzerland,2023,Y25T34,ISCED11A_3_4,M,89.1332,,%
oecd-emp-rate-upper-secondary,CH,Switzerland,2024,Y25T34,ISCED11A_3_4,M,88.9584,,%
oecd-emp-rate-upper-secondary,CH,Switzerland,2025,Y25T34,ISCED11A_3_4,M,87.7126,,%
oecd-emp-rate-upper-secondary,CZ,Czechia,2010,Y25T34,ISCED11A_3_4,M,91.313,B,%
oecd-emp-rate-upper-secondary,CZ,Czechia,2011,Y25T34,ISCED11A_3_4,M,91.2422,B,%
oecd-emp-rate-upper-secondary,CZ,Czechia,2012,Y25T34,ISCED11A_3_4,M,91.109,B,%
oecd-emp-rate-upper-secondary,CZ,Czechia,2013,Y25T34,ISCED11A_3_4,M,90.1821,B,%
oecd-emp-rate-upper-secondary,CZ,Czechia,2014,Y25T34,ISCED11A_3_4,M,91.2312,,%
oecd-emp-rate-upper-secondary,CZ,Czechia,2015,Y25T34,ISCED11A_3_4,M,91.4819,,%
oecd-emp-rate-upper-secondary,CZ,Czechia,2016,Y25T34,ISCED11A_3_4,M,93.0778,,%
oecd-emp-rate-upper-secondary,CZ,Czechia,2017,Y25T34,ISCED11A_3_4,M,93.9961,,%
oecd-emp-rate-upper-secondary,CZ,Czechia,2018,Y25T34,ISCED11A_3_4,M,94.9889,,%
oecd-emp-rate-upper-secondary,CZ,Czechia,2019,Y25T34,ISCED11A_3_4,M,95.06,,%
oecd-emp-rate-upper-secondary,CZ,Czechia,2020,Y25T34,ISCED11A_3_4,M,94.3485,,%
oecd-emp-rate-upper-secondary,CZ,Czechia,2021,Y25T34,ISCED11A_3_4,M,94.5756,,%
oecd-emp-rate-upper-secondary,CZ,Czechia,2022,Y25T34,ISCED11A_3_4,M,96.1974,,%
oecd-emp-rate-upper-secondary,CZ,Czechia,2023,Y25T34,ISCED11A_3_4,M,95.872,,%
oecd-emp-rate-upper-secondary,CZ,Czechia,2024,Y25T34,ISCED11A_3_4,M,94.8066,,%
oecd-emp-rate-upper-secondary,CZ,Czechia,2025,Y25T34,ISCED11A_3_4,M,95.1947,,%
oecd-emp-rate-upper-secondary,DE,Germany,2010,Y25T34,ISCED11A_3_4,M,82.3213,B,%
oecd-emp-rate-upper-secondary,DE,Germany,2011,Y25T34,ISCED11A_3_4,M,83.9685,B,%
oecd-emp-rate-upper-secondary,DE,Germany,2012,Y25T34,ISCED11A_3_4,M,84.9243,B,%
oecd-emp-rate-upper-secondary,DE,Germany,2013,Y25T34,ISCED11A_3_4,M,84.8673,B,%
oecd-emp-rate-upper-secondary,DE,Germany,2014,Y25T34,ISCED11A_3_4,M,85.1783,,%
oecd-emp-rate-upper-secondary,DE,Germany,2015,Y25T34,ISCED11A_3_4,M,85.0028,,%
oecd-emp-rate-upper-secondary,DE,Germany,2016,Y25T34,ISCED11A_3_4,M,85.8433,,%
oecd-emp-rate-upper-secondary,DE,Germany,2017,Y25T34,ISCED11A_3_4,M,86.427,,%
oecd-emp-rate-upper-secondary,DE,Germany,2018,Y25T34,ISCED11A_3_4,M,87.3433,,%
oecd-emp-rate-upper-secondary,DE,Germany,2019,Y25T34,ISCED11A_3_4,M,88.1339,,%
oecd-emp-rate-upper-secondary,DE,Germany,2020,Y25T34,ISCED11A_3_4,M,86.9994,,%
oecd-emp-rate-upper-secondary,DE,Germany,2021,Y25T34,ISCED11A_3_4,M,86.5004,,%
oecd-emp-rate-upper-secondary,DE,Germany,2022,Y25T34,ISCED11A_3_4,M,88.1268,,%
oecd-emp-rate-upper-secondary,DE,Germany,2023,Y25T34,ISCED11A_3_4,M,89.5072,,%
oecd-emp-rate-upper-secondary,DE,Germany,2024,Y25T34,ISCED11A_3_4,M,88.8608,,%
oecd-emp-rate-upper-secondary,DE,Germany,2025,Y25T34,ISCED11A_3_4,M,88.0873,,%
oecd-emp-rate-upper-secondary,DK,Denmark,2010,Y25T34,ISCED11A_3_4,M,83.3015,,%
oecd-emp-rate-upper-secondary,DK,Denmark,2011,Y25T34,ISCED11A_3_4,M,83.0718,,%
oecd-emp-rate-upper-secondary,DK,Denmark,2012,Y25T34,ISCED11A_3_4,M,82.4405,,%
oecd-emp-rate-upper-secondary,DK,Denmark,2013,Y25T34,ISCED11A_3_4,M,85.6131,,%
oecd-emp-rate-upper-secondary,DK,Denmark,2014,Y25T34,ISCED11A_3_4,M,83.5312,,%
oecd-emp-rate-upper-secondary,DK,Denmark,2015,Y25T34,ISCED11A_3_4,M,85.2412,,%
oecd-emp-rate-upper-secondary,DK,Denmark,2016,Y25T34,ISCED11A_3_4,M,84.1531,,%
oecd-emp-rate-upper-secondary,DK,Denmark,2017,Y25T34,ISCED11A_3_4,M,83.2786,,%
oecd-emp-rate-upper-secondary,DK,Denmark,2018,Y25T34,ISCED11A_3_4,M,83.3969,,%
oecd-emp-rate-upper-secondary,DK,Denmark,2019,Y25T34,ISCED11A_3_4,M,84.0416,,%
oecd-emp-rate-upper-secondary,DK,Denmark,2020,Y25T34,ISCED11A_3_4,M,84.0649,,%
oecd-emp-rate-upper-secondary,DK,Denmark,2021,Y25T34,ISCED11A_3_4,M,85.0026,,%
oecd-emp-rate-upper-secondary,DK,Denmark,2022,Y25T34,ISCED11A_3_4,M,85.706,,%
oecd-emp-rate-upper-secondary,DK,Denmark,2023,Y25T34,ISCED11A_3_4,M,84.2655,,%
oecd-emp-rate-upper-secondary,DK,Denmark,2024,Y25T34,ISCED11A_3_4,M,85.3273,,%
oecd-emp-rate-upper-secondary,DK,Denmark,2025,Y25T34,ISCED11A_3_4,M,83.1788,B,%
oecd-emp-rate-upper-secondary,EE,Estonia,2010,Y25T34,ISCED11A_3_4,M,79.3823,,%
oecd-emp-rate-upper-secondary,EE,Estonia,2011,Y25T34,ISCED11A_3_4,M,83.3291,,%
oecd-emp-rate-upper-secondary,EE,Estonia,2012,Y25T34,ISCED11A_3_4,M,86.678,,%
oecd-emp-rate-upper-secondary,EE,Estonia,2013,Y25T34,ISCED11A_3_4,M,86.8518,,%
oecd-emp-rate-upper-secondary,EE,Estonia,2014,Y25T34,ISCED11A_3_4,M,87.8607,,%
oecd-emp-rate-upper-secondary,EE,Estonia,2015,Y25T34,ISCED11A_3_4,M,93.01,,%
oecd-emp-rate-upper-secondary,EE,Estonia,2016,Y25T34,ISCED11A_3_4,M,88.5211,,%
oecd-emp-rate-upper-secondary,EE,Estonia,2017,Y25T34,ISCED11A_3_4,M,91.5281,,%
oecd-emp-rate-upper-secondary,EE,Estonia,2018,Y25T34,ISCED11A_3_4,M,91.1399,,%
oecd-emp-rate-upper-secondary,EE,Estonia,2019,Y25T34,ISCED11A_3_4,M,92.2324,,%
oecd-emp-rate-upper-secondary,EE,Estonia,2020,Y25T34,ISCED11A_3_4,M,88.5871,,%
oecd-emp-rate-upper-secondary,EE,Estonia,2021,Y25T34,ISCED11A_3_4,M,89.2979,,%
oecd-emp-rate-upper-secondary,EE,Estonia,2022,Y25T34,ISCED11A_3_4,M,92.0159,,%
oecd-emp-rate-upper-secondary,EE,Estonia,2023,Y25T34,ISCED11A_3_4,M,88.112,,%
oecd-emp-rate-upper-secondary,EE,Estonia,2024,Y25T34,ISCED11A_3_4,M,88.6439,,%
oecd-emp-rate-upper-secondary,EE,Estonia,2025,Y25T34,ISCED11A_3_4,M,88.6155,,%
oecd-emp-rate-upper-secondary,EL,Greece,2010,Y25T34,ISCED11A_3_4,M,81.3192,B,%
oecd-emp-rate-upper-secondary,EL,Greece,2011,Y25T34,ISCED11A_3_4,M,74.3082,B,%
oecd-emp-rate-upper-secondary,EL,Greece,2012,Y25T34,ISCED11A_3_4,M,64.3057,B,%
oecd-emp-rate-upper-secondary,EL,Greece,2013,Y25T34,ISCED11A_3_4,M,61.9932,B,%
oecd-emp-rate-upper-secondary,EL,Greece,2014,Y25T34,ISCED11A_3_4,M,62.4028,,%
oecd-emp-rate-upper-secondary,EL,Greece,2015,Y25T34,ISCED11A_3_4,M,65.4902,,%
oecd-emp-rate-upper-secondary,EL,Greece,2016,Y25T34,ISCED11A_3_4,M,68.12,,%
oecd-emp-rate-upper-secondary,EL,Greece,2017,Y25T34,ISCED11A_3_4,M,68.2105,,%
oecd-emp-rate-upper-secondary,EL,Greece,2018,Y25T34,ISCED11A_3_4,M,71.1238,,%
oecd-emp-rate-upper-secondary,EL,Greece,2019,Y25T34,ISCED11A_3_4,M,71.1842,,%
oecd-emp-rate-upper-secondary,EL,Greece,2020,Y25T34,ISCED11A_3_4,M,66.4235,,%
oecd-emp-rate-upper-secondary,EL,Greece,2021,Y25T34,ISCED11A_3_4,M,70.6494,,%
oecd-emp-rate-upper-secondary,EL,Greece,2022,Y25T34,ISCED11A_3_4,M,76.5467,,%
oecd-emp-rate-upper-secondary,EL,Greece,2023,Y25T34,ISCED11A_3_4,M,74.7313,,%
oecd-emp-rate-upper-secondary,EL,Greece,2024,Y25T34,ISCED11A_3_4,M,78.0596,,%
oecd-emp-rate-upper-secondary,EL,Greece,2025,Y25T34,ISCED11A_3_4,M,77.8447,,%
oecd-emp-rate-upper-secondary,ES,Spain,2010,Y25T34,ISCED11A_3_4,M,72.7149,,%
oecd-emp-rate-upper-secondary,ES,Spain,2011,Y25T34,ISCED11A_3_4,M,70.7204,,%
oecd-emp-rate-upper-secondary,ES,Spain,2012,Y25T34,ISCED11A_3_4,M,67.1831,,%
oecd-emp-rate-upper-secondary,ES,Spain,2013,Y25T34,ISCED11A_3_4,M,65.471,,%
oecd-emp-rate-upper-secondary,ES,Spain,2014,Y25T34,ISCED11A_3_4,M,69.6976,,%
oecd-emp-rate-upper-secondary,ES,Spain,2015,Y25T34,ISCED11A_3_4,M,69.9187,,%
oecd-emp-rate-upper-secondary,ES,Spain,2016,Y25T34,ISCED11A_3_4,M,73.203,,%
oecd-emp-rate-upper-secondary,ES,Spain,2017,Y25T34,ISCED11A_3_4,M,73.4322,,%
oecd-emp-rate-upper-secondary,ES,Spain,2018,Y25T34,ISCED11A_3_4,M,73.2735,,%
oecd-emp-rate-upper-secondary,ES,Spain,2019,Y25T34,ISCED11A_3_4,M,75.0451,,%
oecd-emp-rate-upper-secondary,ES,Spain,2020,Y25T34,ISCED11A_3_4,M,68.4374,,%
oecd-emp-rate-upper-secondary,ES,Spain,2021,Y25T34,ISCED11A_3_4,M,70.9571,,%
oecd-emp-rate-upper-secondary,ES,Spain,2022,Y25T34,ISCED11A_3_4,M,74.2402,,%
oecd-emp-rate-upper-secondary,ES,Spain,2023,Y25T34,ISCED11A_3_4,M,74.0604,,%
oecd-emp-rate-upper-secondary,ES,Spain,2024,Y25T34,ISCED11A_3_4,M,77.2608,,%
oecd-emp-rate-upper-secondary,ES,Spain,2025,Y25T34,ISCED11A_3_4,M,77.1162,,%
oecd-emp-rate-upper-secondary,FI,Finland,2010,Y25T34,ISCED11A_3_4,M,82.2235,,%
oecd-emp-rate-upper-secondary,FI,Finland,2011,Y25T34,ISCED11A_3_4,M,83.7761,,%
oecd-emp-rate-upper-secondary,FI,Finland,2012,Y25T34,ISCED11A_3_4,M,81.4231,,%
oecd-emp-rate-upper-secondary,FI,Finland,2013,Y25T34,ISCED11A_3_4,M,81.3198,,%
oecd-emp-rate-upper-secondary,FI,Finland,2014,Y25T34,ISCED11A_3_4,M,79.9487,,%
oecd-emp-rate-upper-secondary,FI,Finland,2015,Y25T34,ISCED11A_3_4,M,80.9511,,%
oecd-emp-rate-upper-secondary,FI,Finland,2016,Y25T34,ISCED11A_3_4,M,80.102,,%
oecd-emp-rate-upper-secondary,FI,Finland,2017,Y25T34,ISCED11A_3_4,M,78.9744,,%
oecd-emp-rate-upper-secondary,FI,Finland,2018,Y25T34,ISCED11A_3_4,M,81.6327,,%
oecd-emp-rate-upper-secondary,FI,Finland,2019,Y25T34,ISCED11A_3_4,M,82.0896,,%
oecd-emp-rate-upper-secondary,FI,Finland,2020,Y25T34,ISCED11A_3_4,M,79.397,,%
oecd-emp-rate-upper-secondary,FI,Finland,2021,Y25T34,ISCED11A_3_4,M,79.3103,,%
oecd-emp-rate-upper-secondary,FI,Finland,2022,Y25T34,ISCED11A_3_4,M,79.5,,%
oecd-emp-rate-upper-secondary,FI,Finland,2023,Y25T34,ISCED11A_3_4,M,79.1262,,%
oecd-emp-rate-upper-secondary,FI,Finland,2024,Y25T34,ISCED11A_3_4,M,77.512,,%
oecd-emp-rate-upper-secondary,FI,Finland,2025,Y25T34,ISCED11A_3_4,M,77.6699,,%
oecd-emp-rate-upper-secondary,FR,France,2010,Y25T34,ISCED11A_3_4,M,86.5513,,%
oecd-emp-rate-upper-secondary,FR,France,2013,Y25T34,ISCED11A_3_4,M,82.4204,,%
oecd-emp-rate-upper-secondary,FR,France,2014,Y25T34,ISCED11A_3_4,M,81.946,,%
oecd-emp-rate-upper-secondary,FR,France,2015,Y25T34,ISCED11A_3_4,M,81.442,,%
oecd-emp-rate-upper-secondary,FR,France,2016,Y25T34,ISCED11A_3_4,M,80.7286,,%
oecd-emp-rate-upper-secondary,FR,France,2017,Y25T34,ISCED11A_3_4,M,81.8857,,%
oecd-emp-rate-upper-secondary,FR,France,2018,Y25T34,ISCED11A_3_4,M,82.9166,,%
oecd-emp-rate-upper-secondary,FR,France,2019,Y25T34,ISCED11A_3_4,M,82.7186,,%
oecd-emp-rate-upper-secondary,FR,France,2020,Y25T34,ISCED11A_3_4,M,81.8743,,%
oecd-emp-rate-upper-secondary,FR,France,2021,Y25T34,ISCED11A_3_4,M,82.4829,,%
oecd-emp-rate-upper-secondary,FR,France,2022,Y25T34,ISCED11A_3_4,M,83.4469,,%
oecd-emp-rate-upper-secondary,FR,France,2023,Y25T34,ISCED11A_3_4,M,83.8847,,%
oecd-emp-rate-upper-secondary,FR,France,2024,Y25T34,ISCED11A_3_4,M,82.756,,%
oecd-emp-rate-upper-secondary,FR,France,2025,Y25T34,ISCED11A_3_4,M,81.6962,,%
oecd-emp-rate-upper-secondary,HR,Croatia,2015,Y25T34,ISCED11A_3_4,M,75.9117,,%
oecd-emp-rate-upper-secondary,HR,Croatia,2016,Y25T34,ISCED11A_3_4,M,76.3158,,%
oecd-emp-rate-upper-secondary,HR,Croatia,2019,Y25T34,ISCED11A_3_4,M,85.5269,,%
oecd-emp-rate-upper-secondary,HR,Croatia,2023,Y25T34,ISCED11A_3_4,M,83.9744,,%
oecd-emp-rate-upper-secondary,HR,Croatia,2024,Y25T34,ISCED11A_3_4,M,86.3052,,%
oecd-emp-rate-upper-secondary,HR,Croatia,2025,Y25T34,ISCED11A_3_4,M,85.3122,,%
oecd-emp-rate-upper-secondary,HU,Hungary,2010,Y25T34,ISCED11A_3_4,M,80.9165,,%
oecd-emp-rate-upper-secondary,HU,Hungary,2011,Y25T34,ISCED11A_3_4,M,82.0966,,%
oecd-emp-rate-upper-secondary,HU,Hungary,2012,Y25T34,ISCED11A_3_4,M,80.7715,,%
oecd-emp-rate-upper-secondary,HU,Hungary,2013,Y25T34,ISCED11A_3_4,M,81.8775,,%
oecd-emp-rate-upper-secondary,HU,Hungary,2014,Y25T34,ISCED11A_3_4,M,86.6701,,%
oecd-emp-rate-upper-secondary,HU,Hungary,2015,Y25T34,ISCED11A_3_4,M,87.3531,,%
oecd-emp-rate-upper-secondary,HU,Hungary,2016,Y25T34,ISCED11A_3_4,M,89.8481,,%
oecd-emp-rate-upper-secondary,HU,Hungary,2017,Y25T34,ISCED11A_3_4,M,91.2773,,%
oecd-emp-rate-upper-secondary,HU,Hungary,2018,Y25T34,ISCED11A_3_4,M,90.8454,,%
oecd-emp-rate-upper-secondary,HU,Hungary,2019,Y25T34,ISCED11A_3_4,M,90.7137,,%
oecd-emp-rate-upper-secondary,HU,Hungary,2020,Y25T34,ISCED11A_3_4,M,89.6073,,%
oecd-emp-rate-upper-secondary,HU,Hungary,2021,Y25T34,ISCED11A_3_4,M,89.913,,%
oecd-emp-rate-upper-secondary,HU,Hungary,2022,Y25T34,ISCED11A_3_4,M,91.0012,,%
oecd-emp-rate-upper-secondary,HU,Hungary,2023,Y25T34,ISCED11A_3_4,M,90.3434,,%
oecd-emp-rate-upper-secondary,HU,Hungary,2024,Y25T34,ISCED11A_3_4,M,90.4697,,%
oecd-emp-rate-upper-secondary,HU,Hungary,2025,Y25T34,ISCED11A_3_4,M,89.091,,%
oecd-emp-rate-upper-secondary,IE,Ireland,2010,Y25T34,ISCED11A_3_4,M,69.9302,B,%
oecd-emp-rate-upper-secondary,IE,Ireland,2011,Y25T34,ISCED11A_3_4,M,68.2839,B,%
oecd-emp-rate-upper-secondary,IE,Ireland,2012,Y25T34,ISCED11A_3_4,M,69.6434,B,%
oecd-emp-rate-upper-secondary,IE,Ireland,2013,Y25T34,ISCED11A_3_4,M,69.642,B,%
oecd-emp-rate-upper-secondary,IE,Ireland,2014,Y25T34,ISCED11A_3_4,M,73.4976,,%
oecd-emp-rate-upper-secondary,IE,Ireland,2015,Y25T34,ISCED11A_3_4,M,74.898,,%
oecd-emp-rate-upper-secondary,IE,Ireland,2016,Y25T34,ISCED11A_3_4,M,76.9876,,%
oecd-emp-rate-upper-secondary,IE,Ireland,2017,Y25T34,ISCED11A_3_4,M,81.525,,%
oecd-emp-rate-upper-secondary,IE,Ireland,2018,Y25T34,ISCED11A_3_4,M,83.2135,,%
oecd-emp-rate-upper-secondary,IE,Ireland,2019,Y25T34,ISCED11A_3_4,M,84.7146,,%
oecd-emp-rate-upper-secondary,IE,Ireland,2020,Y25T34,ISCED11A_3_4,M,79.8556,,%
oecd-emp-rate-upper-secondary,IE,Ireland,2021,Y25T34,ISCED11A_3_4,M,78.9298,,%
oecd-emp-rate-upper-secondary,IE,Ireland,2022,Y25T34,ISCED11A_3_4,M,81.7453,,%
oecd-emp-rate-upper-secondary,IE,Ireland,2023,Y25T34,ISCED11A_3_4,M,82.7716,,%
oecd-emp-rate-upper-secondary,IE,Ireland,2024,Y25T34,ISCED11A_3_4,M,82.6295,,%
oecd-emp-rate-upper-secondary,IE,Ireland,2025,Y25T34,ISCED11A_3_4,M,84.586,,%
oecd-emp-rate-upper-secondary,IS,Iceland,2010,Y25T34,ISCED11A_3_4,M,77.4433,,%
oecd-emp-rate-upper-secondary,IS,Iceland,2011,Y25T34,ISCED11A_3_4,M,79.5359,,%
oecd-emp-rate-upper-secondary,IS,Iceland,2012,Y25T34,ISCED11A_3_4,M,80.8401,,%
oecd-emp-rate-upper-secondary,IS,Iceland,2013,Y25T34,ISCED11A_3_4,M,84.3362,,%
oecd-emp-rate-upper-secondary,IS,Iceland,2014,Y25T34,ISCED11A_3_4,M,77.2807,,%
oecd-emp-rate-upper-secondary,IS,Iceland,2015,Y25T34,ISCED11A_3_4,M,86.7988,,%
oecd-emp-rate-upper-secondary,IS,Iceland,2016,Y25T34,ISCED11A_3_4,M,87.3024,,%
oecd-emp-rate-upper-secondary,IS,Iceland,2017,Y25T34,ISCED11A_3_4,M,86.7545,,%
oecd-emp-rate-upper-secondary,IS,Iceland,2018,Y25T34,ISCED11A_3_4,M,86.6966,,%
oecd-emp-rate-upper-secondary,IS,Iceland,2019,Y25T34,ISCED11A_3_4,M,85.607,,%
oecd-emp-rate-upper-secondary,IS,Iceland,2020,Y25T34,ISCED11A_3_4,M,84.0105,,%
oecd-emp-rate-upper-secondary,IS,Iceland,2021,Y25T34,ISCED11A_3_4,M,87.8642,,%
oecd-emp-rate-upper-secondary,IS,Iceland,2022,Y25T34,ISCED11A_3_4,M,89.1377,,%
oecd-emp-rate-upper-secondary,IS,Iceland,2023,Y25T34,ISCED11A_3_4,M,87.3948,,%
oecd-emp-rate-upper-secondary,IT,Italy,2010,Y25T34,ISCED11A_3_4,M,78.7097,B,%
oecd-emp-rate-upper-secondary,IT,Italy,2011,Y25T34,ISCED11A_3_4,M,77.7067,B,%
oecd-emp-rate-upper-secondary,IT,Italy,2012,Y25T34,ISCED11A_3_4,M,75.9043,B,%
oecd-emp-rate-upper-secondary,IT,Italy,2013,Y25T34,ISCED11A_3_4,M,71.8358,B,%
oecd-emp-rate-upper-secondary,IT,Italy,2014,Y25T34,ISCED11A_3_4,M,71.2587,,%
oecd-emp-rate-upper-secondary,IT,Italy,2015,Y25T34,ISCED11A_3_4,M,71.6535,,%
oecd-emp-rate-upper-secondary,IT,Italy,2016,Y25T34,ISCED11A_3_4,M,71.5935,,%
oecd-emp-rate-upper-secondary,IT,Italy,2017,Y25T34,ISCED11A_3_4,M,72.7907,,%
oecd-emp-rate-upper-secondary,IT,Italy,2018,Y25T34,ISCED11A_3_4,M,72.1371,,%
oecd-emp-rate-upper-secondary,IT,Italy,2019,Y25T34,ISCED11A_3_4,M,73.7309,,%
oecd-emp-rate-upper-secondary,IT,Italy,2020,Y25T34,ISCED11A_3_4,M,71.3504,,%
oecd-emp-rate-upper-secondary,IT,Italy,2021,Y25T34,ISCED11A_3_4,M,74.3692,,%
oecd-emp-rate-upper-secondary,IT,Italy,2022,Y25T34,ISCED11A_3_4,M,77.2847,,%
oecd-emp-rate-upper-secondary,IT,Italy,2023,Y25T34,ISCED11A_3_4,M,78.9864,,%
oecd-emp-rate-upper-secondary,IT,Italy,2024,Y25T34,ISCED11A_3_4,M,78.2527,,%
oecd-emp-rate-upper-secondary,IT,Italy,2025,Y25T34,ISCED11A_3_4,M,79.1091,,%
oecd-emp-rate-upper-secondary,LT,Lithuania,2010,Y25T34,ISCED11A_3_4,M,64.9262,B,%
oecd-emp-rate-upper-secondary,LT,Lithuania,2011,Y25T34,ISCED11A_3_4,M,71.3481,B,%
oecd-emp-rate-upper-secondary,LT,Lithuania,2012,Y25T34,ISCED11A_3_4,M,74.7307,B,%
oecd-emp-rate-upper-secondary,LT,Lithuania,2013,Y25T34,ISCED11A_3_4,M,79.4432,B,%
oecd-emp-rate-upper-secondary,LT,Lithuania,2014,Y25T34,ISCED11A_3_4,M,81.4176,,%
oecd-emp-rate-upper-secondary,LT,Lithuania,2015,Y25T34,ISCED11A_3_4,M,83.4706,,%
oecd-emp-rate-upper-secondary,LT,Lithuania,2016,Y25T34,ISCED11A_3_4,M,81.1474,,%
oecd-emp-rate-upper-secondary,LT,Lithuania,2017,Y25T34,ISCED11A_3_4,M,85.5391,,%
oecd-emp-rate-upper-secondary,LT,Lithuania,2018,Y25T34,ISCED11A_3_4,M,86.4929,,%
oecd-emp-rate-upper-secondary,LT,Lithuania,2019,Y25T34,ISCED11A_3_4,M,83.5293,,%
oecd-emp-rate-upper-secondary,LT,Lithuania,2020,Y25T34,ISCED11A_3_4,M,83.4491,,%
oecd-emp-rate-upper-secondary,LT,Lithuania,2021,Y25T34,ISCED11A_3_4,M,85.9175,,%
oecd-emp-rate-upper-secondary,LT,Lithuania,2022,Y25T34,ISCED11A_3_4,M,90.4381,,%
oecd-emp-rate-upper-secondary,LT,Lithuania,2023,Y25T34,ISCED11A_3_4,M,85.4208,,%
oecd-emp-rate-upper-secondary,LT,Lithuania,2024,Y25T34,ISCED11A_3_4,M,85.7069,,%
oecd-emp-rate-upper-secondary,LT,Lithuania,2025,Y25T34,ISCED11A_3_4,M,86.8792,,%
oecd-emp-rate-upper-secondary,LU,Luxembourg,2010,Y25T34,ISCED11A_3_4,M,89.6189,B,%
oecd-emp-rate-upper-secondary,LU,Luxembourg,2014,Y25T34,ISCED11A_3_4,M,87.8591,,%
oecd-emp-rate-upper-secondary,LU,Luxembourg,2015,Y25T34,ISCED11A_3_4,M,87.3475,,%
oecd-emp-rate-upper-secondary,LU,Luxembourg,2016,Y25T34,ISCED11A_3_4,M,84.9996,,%
oecd-emp-rate-upper-secondary,LU,Luxembourg,2017,Y25T34,ISCED11A_3_4,M,87.7087,,%
oecd-emp-rate-upper-secondary,LU,Luxembourg,2018,Y25T34,ISCED11A_3_4,M,85.0101,,%
oecd-emp-rate-upper-secondary,LU,Luxembourg,2019,Y25T34,ISCED11A_3_4,M,87.397,,%
oecd-emp-rate-upper-secondary,LU,Luxembourg,2020,Y25T34,ISCED11A_3_4,M,87.9952,,%
oecd-emp-rate-upper-secondary,LU,Luxembourg,2021,Y25T34,ISCED11A_3_4,M,87.9794,,%
oecd-emp-rate-upper-secondary,LU,Luxembourg,2022,Y25T34,ISCED11A_3_4,M,84.3969,,%
oecd-emp-rate-upper-secondary,LU,Luxembourg,2023,Y25T34,ISCED11A_3_4,M,87.6339,,%
oecd-emp-rate-upper-secondary,LU,Luxembourg,2024,Y25T34,ISCED11A_3_4,M,82.7396,,%
oecd-emp-rate-upper-secondary,LV,Latvia,2010,Y25T34,ISCED11A_3_4,M,75.2423,,%
oecd-emp-rate-upper-secondary,LV,Latvia,2011,Y25T34,ISCED11A_3_4,M,78.0115,,%
oecd-emp-rate-upper-secondary,LV,Latvia,2012,Y25T34,ISCED11A_3_4,M,78.9336,,%
oecd-emp-rate-upper-secondary,LV,Latvia,2013,Y25T34,ISCED11A_3_4,M,81.1428,,%
oecd-emp-rate-upper-secondary,LV,Latvia,2014,Y25T34,ISCED11A_3_4,M,85.734,,%
oecd-emp-rate-upper-secondary,LV,Latvia,2015,Y25T34,ISCED11A_3_4,M,84.9114,,%
oecd-emp-rate-upper-secondary,LV,Latvia,2016,Y25T34,ISCED11A_3_4,M,82.1893,,%
oecd-emp-rate-upper-secondary,LV,Latvia,2017,Y25T34,ISCED11A_3_4,M,86.3182,,%
oecd-emp-rate-upper-secondary,LV,Latvia,2018,Y25T34,ISCED11A_3_4,M,85.4371,,%
oecd-emp-rate-upper-secondary,LV,Latvia,2019,Y25T34,ISCED11A_3_4,M,85.2311,,%
oecd-emp-rate-upper-secondary,LV,Latvia,2020,Y25T34,ISCED11A_3_4,M,81.4378,,%
oecd-emp-rate-upper-secondary,LV,Latvia,2021,Y25T34,ISCED11A_3_4,M,80.7191,,%
oecd-emp-rate-upper-secondary,LV,Latvia,2022,Y25T34,ISCED11A_3_4,M,82.8894,,%
oecd-emp-rate-upper-secondary,LV,Latvia,2023,Y25T34,ISCED11A_3_4,M,83.0694,,%
oecd-emp-rate-upper-secondary,LV,Latvia,2024,Y25T34,ISCED11A_3_4,M,83.7816,,%
oecd-emp-rate-upper-secondary,LV,Latvia,2025,Y25T34,ISCED11A_3_4,M,86.9021,,%
oecd-emp-rate-upper-secondary,NL,Netherlands,2010,Y25T34,ISCED11A_3_4,M,90.8873,B,%
oecd-emp-rate-upper-secondary,NL,Netherlands,2011,Y25T34,ISCED11A_3_4,M,88.9151,B,%
oecd-emp-rate-upper-secondary,NL,Netherlands,2012,Y25T34,ISCED11A_3_4,M,88.252,B,%
oecd-emp-rate-upper-secondary,NL,Netherlands,2013,Y25T34,ISCED11A_3_4,M,88.1414,B,%
oecd-emp-rate-upper-secondary,NL,Netherlands,2014,Y25T34,ISCED11A_3_4,M,87.7345,,%
oecd-emp-rate-upper-secondary,NL,Netherlands,2015,Y25T34,ISCED11A_3_4,M,86.8988,,%
oecd-emp-rate-upper-secondary,NL,Netherlands,2016,Y25T34,ISCED11A_3_4,M,89.0488,,%
oecd-emp-rate-upper-secondary,NL,Netherlands,2017,Y25T34,ISCED11A_3_4,M,89.3627,,%
oecd-emp-rate-upper-secondary,NL,Netherlands,2018,Y25T34,ISCED11A_3_4,M,90.7182,,%
oecd-emp-rate-upper-secondary,NL,Netherlands,2019,Y25T34,ISCED11A_3_4,M,89.2146,,%
oecd-emp-rate-upper-secondary,NL,Netherlands,2020,Y25T34,ISCED11A_3_4,M,88.536,,%
oecd-emp-rate-upper-secondary,NL,Netherlands,2021,Y25T34,ISCED11A_3_4,M,89.6675,,%
oecd-emp-rate-upper-secondary,NL,Netherlands,2022,Y25T34,ISCED11A_3_4,M,90.3272,,%
oecd-emp-rate-upper-secondary,NL,Netherlands,2023,Y25T34,ISCED11A_3_4,M,90.4059,,%
oecd-emp-rate-upper-secondary,NL,Netherlands,2024,Y25T34,ISCED11A_3_4,M,90.2137,,%
oecd-emp-rate-upper-secondary,NL,Netherlands,2025,Y25T34,ISCED11A_3_4,M,90.3277,,%
oecd-emp-rate-upper-secondary,NO,Norway,2010,Y25T34,ISCED11A_3_4,M,86.5696,,%
oecd-emp-rate-upper-secondary,NO,Norway,2011,Y25T34,ISCED11A_3_4,M,88.2707,,%
oecd-emp-rate-upper-secondary,NO,Norway,2012,Y25T34,ISCED11A_3_4,M,87.2576,,%
oecd-emp-rate-upper-secondary,NO,Norway,2013,Y25T34,ISCED11A_3_4,M,87.4317,,%
oecd-emp-rate-upper-secondary,NO,Norway,2014,Y25T34,ISCED11A_3_4,M,88.8218,,%
oecd-emp-rate-upper-secondary,NO,Norway,2015,Y25T34,ISCED11A_3_4,M,87.3435,,%
oecd-emp-rate-upper-secondary,NO,Norway,2016,Y25T34,ISCED11A_3_4,M,85.7345,,%
oecd-emp-rate-upper-secondary,NO,Norway,2017,Y25T34,ISCED11A_3_4,M,85.022,,%
oecd-emp-rate-upper-secondary,NO,Norway,2018,Y25T34,ISCED11A_3_4,M,86.8288,,%
oecd-emp-rate-upper-secondary,NO,Norway,2019,Y25T34,ISCED11A_3_4,M,87.5306,,%
oecd-emp-rate-upper-secondary,NO,Norway,2020,Y25T34,ISCED11A_3_4,M,84.9261,,%
oecd-emp-rate-upper-secondary,NO,Norway,2021,Y25T34,ISCED11A_3_4,M,86.6667,,%
oecd-emp-rate-upper-secondary,NO,Norway,2022,Y25T34,ISCED11A_3_4,M,90.625,,%
oecd-emp-rate-upper-secondary,NO,Norway,2023,Y25T34,ISCED11A_3_4,M,89.3617,,%
oecd-emp-rate-upper-secondary,NO,Norway,2024,Y25T34,ISCED11A_3_4,M,87.4126,,%
oecd-emp-rate-upper-secondary,NO,Norway,2025,Y25T34,ISCED11A_3_4,M,87.833,,%
oecd-emp-rate-upper-secondary,PL,Poland,2010,Y25T34,ISCED11A_3_4,M,84.059,B,%
oecd-emp-rate-upper-secondary,PL,Poland,2011,Y25T34,ISCED11A_3_4,M,85.0715,B,%
oecd-emp-rate-upper-secondary,PL,Poland,2012,Y25T34,ISCED11A_3_4,M,84.0994,B,%
oecd-emp-rate-upper-secondary,PL,Poland,2013,Y25T34,ISCED11A_3_4,M,83.8106,B,%
oecd-emp-rate-upper-secondary,PL,Poland,2014,Y25T34,ISCED11A_3_4,M,84.8033,,%
oecd-emp-rate-upper-secondary,PL,Poland,2015,Y25T34,ISCED11A_3_4,M,85.7837,,%
oecd-emp-rate-upper-secondary,PL,Poland,2016,Y25T34,ISCED11A_3_4,M,87.0224,,%
oecd-emp-rate-upper-secondary,PL,Poland,2017,Y25T34,ISCED11A_3_4,M,88.656,,%
oecd-emp-rate-upper-secondary,PL,Poland,2018,Y25T34,ISCED11A_3_4,M,90.4092,,%
oecd-emp-rate-upper-secondary,PL,Poland,2019,Y25T34,ISCED11A_3_4,M,91.9226,,%
oecd-emp-rate-upper-secondary,PL,Poland,2020,Y25T34,ISCED11A_3_4,M,91.9642,,%
oecd-emp-rate-upper-secondary,PL,Poland,2021,Y25T34,ISCED11A_3_4,M,92.3531,,%
oecd-emp-rate-upper-secondary,PL,Poland,2022,Y25T34,ISCED11A_3_4,M,91.4689,,%
oecd-emp-rate-upper-secondary,PL,Poland,2023,Y25T34,ISCED11A_3_4,M,91.8745,,%
oecd-emp-rate-upper-secondary,PL,Poland,2024,Y25T34,ISCED11A_3_4,M,92.7718,,%
oecd-emp-rate-upper-secondary,PL,Poland,2025,Y25T34,ISCED11A_3_4,M,92.2176,,%
oecd-emp-rate-upper-secondary,PT,Portugal,2010,Y25T34,ISCED11A_3_4,M,82.598,,%
oecd-emp-rate-upper-secondary,PT,Portugal,2011,Y25T34,ISCED11A_3_4,M,81.0639,,%
oecd-emp-rate-upper-secondary,PT,Portugal,2012,Y25T34,ISCED11A_3_4,M,76.5252,,%
oecd-emp-rate-upper-secondary,PT,Portugal,2013,Y25T34,ISCED11A_3_4,M,77.0148,,%
oecd-emp-rate-upper-secondary,PT,Portugal,2014,Y25T34,ISCED11A_3_4,M,80.6227,,%
oecd-emp-rate-upper-secondary,PT,Portugal,2015,Y25T34,ISCED11A_3_4,M,78.3517,,%
oecd-emp-rate-upper-secondary,PT,Portugal,2016,Y25T34,ISCED11A_3_4,M,78.1839,,%
oecd-emp-rate-upper-secondary,PT,Portugal,2017,Y25T34,ISCED11A_3_4,M,81.8175,,%
oecd-emp-rate-upper-secondary,PT,Portugal,2018,Y25T34,ISCED11A_3_4,M,84.6146,,%
oecd-emp-rate-upper-secondary,PT,Portugal,2019,Y25T34,ISCED11A_3_4,M,86.0523,,%
oecd-emp-rate-upper-secondary,PT,Portugal,2020,Y25T34,ISCED11A_3_4,M,81.7287,,%
oecd-emp-rate-upper-secondary,PT,Portugal,2021,Y25T34,ISCED11A_3_4,M,80.4058,,%
oecd-emp-rate-upper-secondary,PT,Portugal,2022,Y25T34,ISCED11A_3_4,M,84.5585,,%
oecd-emp-rate-upper-secondary,PT,Portugal,2023,Y25T34,ISCED11A_3_4,M,86.7481,,%
oecd-emp-rate-upper-secondary,PT,Portugal,2024,Y25T34,ISCED11A_3_4,M,87.5415,,%
oecd-emp-rate-upper-secondary,PT,Portugal,2025,Y25T34,ISCED11A_3_4,M,87.5756,,%
oecd-emp-rate-upper-secondary,RO,Romania,2015,Y25T34,ISCED11A_3_4,M,84.3705,B,%
oecd-emp-rate-upper-secondary,RO,Romania,2019,Y25T34,ISCED11A_3_4,M,89.8579,,%
oecd-emp-rate-upper-secondary,RO,Romania,2021,Y25T34,ISCED11A_3_4,M,89.2211,,%
oecd-emp-rate-upper-secondary,RO,Romania,2022,Y25T34,ISCED11A_3_4,M,89.2077,,%
oecd-emp-rate-upper-secondary,RO,Romania,2023,Y25T34,ISCED11A_3_4,M,90.4975,,%
oecd-emp-rate-upper-secondary,RO,Romania,2024,Y25T34,ISCED11A_3_4,M,90.7124,,%
oecd-emp-rate-upper-secondary,RO,Romania,2025,Y25T34,ISCED11A_3_4,M,91.0466,,%
oecd-emp-rate-upper-secondary,SE,Sweden,2010,Y25T34,ISCED11A_3_4,M,84.7279,B,%
oecd-emp-rate-upper-secondary,SE,Sweden,2011,Y25T34,ISCED11A_3_4,M,86.6573,B,%
oecd-emp-rate-upper-secondary,SE,Sweden,2012,Y25T34,ISCED11A_3_4,M,84.6208,B,%
oecd-emp-rate-upper-secondary,SE,Sweden,2013,Y25T34,ISCED11A_3_4,M,84.4099,B,%
oecd-emp-rate-upper-secondary,SE,Sweden,2014,Y25T34,ISCED11A_3_4,M,86.3496,,%
oecd-emp-rate-upper-secondary,SE,Sweden,2015,Y25T34,ISCED11A_3_4,M,86.6467,,%
oecd-emp-rate-upper-secondary,SE,Sweden,2016,Y25T34,ISCED11A_3_4,M,86.5752,,%
oecd-emp-rate-upper-secondary,SE,Sweden,2017,Y25T34,ISCED11A_3_4,M,86.9993,,%
oecd-emp-rate-upper-secondary,SE,Sweden,2018,Y25T34,ISCED11A_3_4,M,87.4457,,%
oecd-emp-rate-upper-secondary,SE,Sweden,2019,Y25T34,ISCED11A_3_4,M,86.1675,,%
oecd-emp-rate-upper-secondary,SE,Sweden,2020,Y25T34,ISCED11A_3_4,M,85.7816,,%
oecd-emp-rate-upper-secondary,SE,Sweden,2021,Y25T34,ISCED11A_3_4,M,84.8611,,%
oecd-emp-rate-upper-secondary,SE,Sweden,2022,Y25T34,ISCED11A_3_4,M,85.2238,,%
oecd-emp-rate-upper-secondary,SE,Sweden,2023,Y25T34,ISCED11A_3_4,M,83.7163,,%
oecd-emp-rate-upper-secondary,SE,Sweden,2024,Y25T34,ISCED11A_3_4,M,83.7994,,%
oecd-emp-rate-upper-secondary,SE,Sweden,2025,Y25T34,ISCED11A_3_4,M,84.9982,,%
oecd-emp-rate-upper-secondary,SI,Slovenia,2010,Y25T34,ISCED11A_3_4,M,83.2765,B,%
oecd-emp-rate-upper-secondary,SI,Slovenia,2011,Y25T34,ISCED11A_3_4,M,83.0361,B,%
oecd-emp-rate-upper-secondary,SI,Slovenia,2012,Y25T34,ISCED11A_3_4,M,83.8944,B,%
oecd-emp-rate-upper-secondary,SI,Slovenia,2013,Y25T34,ISCED11A_3_4,M,80.751,B,%
oecd-emp-rate-upper-secondary,SI,Slovenia,2014,Y25T34,ISCED11A_3_4,M,81.8949,,%
oecd-emp-rate-upper-secondary,SI,Slovenia,2015,Y25T34,ISCED11A_3_4,M,82.6014,,%
oecd-emp-rate-upper-secondary,SI,Slovenia,2016,Y25T34,ISCED11A_3_4,M,84.6376,,%
oecd-emp-rate-upper-secondary,SI,Slovenia,2017,Y25T34,ISCED11A_3_4,M,87.976,,%
oecd-emp-rate-upper-secondary,SI,Slovenia,2018,Y25T34,ISCED11A_3_4,M,88.4825,,%
oecd-emp-rate-upper-secondary,SI,Slovenia,2019,Y25T34,ISCED11A_3_4,M,91.3015,,%
oecd-emp-rate-upper-secondary,SI,Slovenia,2020,Y25T34,ISCED11A_3_4,M,89.234,,%
oecd-emp-rate-upper-secondary,SI,Slovenia,2021,Y25T34,ISCED11A_3_4,M,89.4468,,%
oecd-emp-rate-upper-secondary,SI,Slovenia,2022,Y25T34,ISCED11A_3_4,M,89.9756,,%
oecd-emp-rate-upper-secondary,SI,Slovenia,2023,Y25T34,ISCED11A_3_4,M,93.0556,,%
oecd-emp-rate-upper-secondary,SI,Slovenia,2024,Y25T34,ISCED11A_3_4,M,93.1375,,%
oecd-emp-rate-upper-secondary,SI,Slovenia,2025,Y25T34,ISCED11A_3_4,M,91.0118,,%
oecd-emp-rate-upper-secondary,SK,Slovakia,2010,Y25T34,ISCED11A_3_4,M,82.4102,B,%
oecd-emp-rate-upper-secondary,SK,Slovakia,2011,Y25T34,ISCED11A_3_4,M,82.4023,B,%
oecd-emp-rate-upper-secondary,SK,Slovakia,2012,Y25T34,ISCED11A_3_4,M,83.982,B,%
oecd-emp-rate-upper-secondary,SK,Slovakia,2013,Y25T34,ISCED11A_3_4,M,82.0806,B,%
oecd-emp-rate-upper-secondary,SK,Slovakia,2014,Y25T34,ISCED11A_3_4,M,83.0666,,%
oecd-emp-rate-upper-secondary,SK,Slovakia,2015,Y25T34,ISCED11A_3_4,M,87.6891,,%
oecd-emp-rate-upper-secondary,SK,Slovakia,2016,Y25T34,ISCED11A_3_4,M,88.6326,,%
oecd-emp-rate-upper-secondary,SK,Slovakia,2017,Y25T34,ISCED11A_3_4,M,88.5117,,%
oecd-emp-rate-upper-secondary,SK,Slovakia,2018,Y25T34,ISCED11A_3_4,M,90.6023,,%
oecd-emp-rate-upper-secondary,SK,Slovakia,2019,Y25T34,ISCED11A_3_4,M,91.9446,,%
oecd-emp-rate-upper-secondary,SK,Slovakia,2020,Y25T34,ISCED11A_3_4,M,90.7032,,%
oecd-emp-rate-upper-secondary,SK,Slovakia,2021,Y25T34,ISCED11A_3_4,M,88.9335,,%
oecd-emp-rate-upper-secondary,SK,Slovakia,2022,Y25T34,ISCED11A_3_4,M,88.3149,,%
oecd-emp-rate-upper-secondary,SK,Slovakia,2023,Y25T34,ISCED11A_3_4,M,88.4785,,%
oecd-emp-rate-upper-secondary,SK,Slovakia,2024,Y25T34,ISCED11A_3_4,M,90.9527,,%
oecd-emp-rate-upper-secondary,SK,Slovakia,2025,Y25T34,ISCED11A_3_4,M,91.6023,,%
oecd-emp-rate-upper-secondary,TR,Türkiye,2010,Y25T34,ISCED11A_3_4,M,84.7112,B,%
oecd-emp-rate-upper-secondary,TR,Türkiye,2011,Y25T34,ISCED11A_3_4,M,87.5571,B,%
oecd-emp-rate-upper-secondary,TR,Türkiye,2012,Y25T34,ISCED11A_3_4,M,86.3611,B,%
oecd-emp-rate-upper-secondary,TR,Türkiye,2013,Y25T34,ISCED11A_3_4,M,87.852,B,%
oecd-emp-rate-upper-secondary,TR,Türkiye,2014,Y25T34,ISCED11A_3_4,M,86.0215,,%
oecd-emp-rate-upper-secondary,TR,Türkiye,2015,Y25T34,ISCED11A_3_4,M,87.0635,,%
oecd-emp-rate-upper-secondary,TR,Türkiye,2016,Y25T34,ISCED11A_3_4,M,86.1029,,%
oecd-emp-rate-upper-secondary,TR,Türkiye,2017,Y25T34,ISCED11A_3_4,M,87.0674,,%
oecd-emp-rate-upper-secondary,TR,Türkiye,2018,Y25T34,ISCED11A_3_4,M,86.7602,,%
oecd-emp-rate-upper-secondary,TR,Türkiye,2019,Y25T34,ISCED11A_3_4,M,82.0933,,%
oecd-emp-rate-upper-secondary,TR,Türkiye,2021,Y25T34,ISCED11A_3_4,M,82.7649,,%
oecd-emp-rate-upper-secondary,TR,Türkiye,2022,Y25T34,ISCED11A_3_4,M,84.6154,,%
oecd-emp-rate-upper-secondary,TR,Türkiye,2023,Y25T34,ISCED11A_3_4,M,84.9407,,%
oecd-emp-rate-upper-secondary,TR,Türkiye,2024,Y25T34,ISCED11A_3_4,M,86.0848,,%
oecd-emp-rate-upper-secondary,TR,Türkiye,2025,Y25T34,ISCED11A_3_4,M,84.1131,,%
oecd-emp-rate-upper-secondary,UK,United Kingdom,2010,Y25T34,ISCED11A_3_4,M,87.1649,B,%
oecd-emp-rate-upper-secondary,UK,United Kingdom,2011,Y25T34,ISCED11A_3_4,M,86.6142,B,%
oecd-emp-rate-upper-secondary,UK,United Kingdom,2012,Y25T34,ISCED11A_3_4,M,88.8395,B,%
oecd-emp-rate-upper-secondary,UK,United Kingdom,2013,Y25T34,ISCED11A_3_4,M,87.7483,B,%
oecd-emp-rate-upper-secondary,UK,United Kingdom,2014,Y25T34,ISCED11A_3_4,M,89.0486,,%
oecd-emp-rate-upper-secondary,UK,United Kingdom,2015,Y25T34,ISCED11A_3_4,M,89.8874,,%
oecd-emp-rate-upper-secondary,UK,United Kingdom,2016,Y25T34,ISCED11A_3_4,M,89.143,,%
oecd-emp-rate-upper-secondary,UK,United Kingdom,2017,Y25T34,ISCED11A_3_4,M,90.8389,,%
oecd-emp-rate-upper-secondary,UK,United Kingdom,2018,Y25T34,ISCED11A_3_4,M,91.9818,,%
oecd-emp-rate-upper-secondary,UK,United Kingdom,2019,Y25T34,ISCED11A_3_4,M,92.2047,,%
oecd-emp-rate-upper-secondary,UK,United Kingdom,2020,Y25T34,ISCED11A_3_4,M,89.5771,,%
oecd-emp-rate-upper-secondary,UK,United Kingdom,2021,Y25T34,ISCED11A_3_4,M,89.0403,,%
oecd-emp-rate-upper-secondary,UK,United Kingdom,2022,Y25T34,ISCED11A_3_4,M,90.7252,,%
oecd-emp-rate-upper-secondary,UK,United Kingdom,2023,Y25T34,ISCED11A_3_4,M,88.8272,,%
oecd-emp-rate-upper-secondary,UK,United Kingdom,2024,Y25T34,ISCED11A_3_4,M,88.0383,,%
oecd-emp-rate-upper-secondary,UK,United Kingdom,2025,Y25T34,ISCED11A_3_4,M,87.4519,,%
oecd-emp-rate-upper-secondary,AT,Austria,2010,Y25T34,ISCED11A_3_4,_T,82.9023,,%
oecd-emp-rate-upper-secondary,AT,Austria,2011,Y25T34,ISCED11A_3_4,_T,83.3893,,%
oecd-emp-rate-upper-secondary,AT,Austria,2012,Y25T34,ISCED11A_3_4,_T,84.7003,,%
oecd-emp-rate-upper-secondary,AT,Austria,2013,Y25T34,ISCED11A_3_4,_T,83.184,,%
oecd-emp-rate-upper-secondary,AT,Austria,2014,Y25T34,ISCED11A_3_4,_T,82.7556,,%
oecd-emp-rate-upper-secondary,AT,Austria,2015,Y25T34,ISCED11A_3_4,_T,83.4911,,%
oecd-emp-rate-upper-secondary,AT,Austria,2016,Y25T34,ISCED11A_3_4,_T,84.0453,,%
oecd-emp-rate-upper-secondary,AT,Austria,2017,Y25T34,ISCED11A_3_4,_T,84.5631,,%
oecd-emp-rate-upper-secondary,AT,Austria,2018,Y25T34,ISCED11A_3_4,_T,85.1114,,%
oecd-emp-rate-upper-secondary,AT,Austria,2019,Y25T34,ISCED11A_3_4,_T,86.1807,,%
oecd-emp-rate-upper-secondary,AT,Austria,2020,Y25T34,ISCED11A_3_4,_T,82.8384,,%
oecd-emp-rate-upper-secondary,AT,Austria,2021,Y25T34,ISCED11A_3_4,_T,82.6528,,%
oecd-emp-rate-upper-secondary,AT,Austria,2022,Y25T34,ISCED11A_3_4,_T,85.1565,,%
oecd-emp-rate-upper-secondary,AT,Austria,2023,Y25T34,ISCED11A_3_4,_T,84.9266,,%
oecd-emp-rate-upper-secondary,AT,Austria,2024,Y25T34,ISCED11A_3_4,_T,85.3114,,%
oecd-emp-rate-upper-secondary,AT,Austria,2025,Y25T34,ISCED11A_3_4,_T,83.5454,,%
oecd-emp-rate-upper-secondary,BE,Belgium,2010,Y25T34,ISCED11A_3_4,_T,79.9607,B,%
oecd-emp-rate-upper-secondary,BE,Belgium,2011,Y25T34,ISCED11A_3_4,_T,79.4376,B,%
oecd-emp-rate-upper-secondary,BE,Belgium,2012,Y25T34,ISCED11A_3_4,_T,78.0671,B,%
oecd-emp-rate-upper-secondary,BE,Belgium,2013,Y25T34,ISCED11A_3_4,_T,79.1945,B,%
oecd-emp-rate-upper-secondary,BE,Belgium,2014,Y25T34,ISCED11A_3_4,_T,78.8619,,%
oecd-emp-rate-upper-secondary,BE,Belgium,2015,Y25T34,ISCED11A_3_4,_T,77.1817,,%
oecd-emp-rate-upper-secondary,BE,Belgium,2016,Y25T34,ISCED11A_3_4,_T,77.4739,,%
oecd-emp-rate-upper-secondary,BE,Belgium,2017,Y25T34,ISCED11A_3_4,_T,77.6412,,%
oecd-emp-rate-upper-secondary,BE,Belgium,2018,Y25T34,ISCED11A_3_4,_T,78.3977,,%
oecd-emp-rate-upper-secondary,BE,Belgium,2019,Y25T34,ISCED11A_3_4,_T,80.7357,,%
oecd-emp-rate-upper-secondary,BE,Belgium,2020,Y25T34,ISCED11A_3_4,_T,78.3252,,%
oecd-emp-rate-upper-secondary,BE,Belgium,2021,Y25T34,ISCED11A_3_4,_T,77.2484,,%
oecd-emp-rate-upper-secondary,BE,Belgium,2022,Y25T34,ISCED11A_3_4,_T,78.3805,,%
oecd-emp-rate-upper-secondary,BE,Belgium,2023,Y25T34,ISCED11A_3_4,_T,77.6324,,%
oecd-emp-rate-upper-secondary,BE,Belgium,2024,Y25T34,ISCED11A_3_4,_T,77.2994,,%
oecd-emp-rate-upper-secondary,BE,Belgium,2025,Y25T34,ISCED11A_3_4,_T,74.3774,,%
oecd-emp-rate-upper-secondary,BG,Bulgaria,2015,Y25T34,ISCED11A_3_4,_T,73.751,,%
oecd-emp-rate-upper-secondary,BG,Bulgaria,2016,Y25T34,ISCED11A_3_4,_T,73.8956,,%
oecd-emp-rate-upper-secondary,BG,Bulgaria,2019,Y25T34,ISCED11A_3_4,_T,79.9082,,%
oecd-emp-rate-upper-secondary,BG,Bulgaria,2022,Y25T34,ISCED11A_3_4,_T,78.2665,,%
oecd-emp-rate-upper-secondary,BG,Bulgaria,2023,Y25T34,ISCED11A_3_4,_T,78.8829,,%
oecd-emp-rate-upper-secondary,BG,Bulgaria,2024,Y25T34,ISCED11A_3_4,_T,80.1597,,%
oecd-emp-rate-upper-secondary,BG,Bulgaria,2025,Y25T34,ISCED11A_3_4,_T,79.4776,,%
oecd-emp-rate-upper-secondary,CH,Switzerland,2010,Y25T34,ISCED11A_3_4,_T,83.3996,B,%
oecd-emp-rate-upper-secondary,CH,Switzerland,2011,Y25T34,ISCED11A_3_4,_T,85.8423,B,%
oecd-emp-rate-upper-secondary,CH,Switzerland,2012,Y25T34,ISCED11A_3_4,_T,84.3171,B,%
oecd-emp-rate-upper-secondary,CH,Switzerland,2013,Y25T34,ISCED11A_3_4,_T,83.3025,B,%
oecd-emp-rate-upper-secondary,CH,Switzerland,2014,Y25T34,ISCED11A_3_4,_T,84.9407,,%
oecd-emp-rate-upper-secondary,CH,Switzerland,2015,Y25T34,ISCED11A_3_4,_T,86.316,,%
oecd-emp-rate-upper-secondary,CH,Switzerland,2016,Y25T34,ISCED11A_3_4,_T,85.5247,,%
oecd-emp-rate-upper-secondary,CH,Switzerland,2017,Y25T34,ISCED11A_3_4,_T,85.4919,,%
oecd-emp-rate-upper-secondary,CH,Switzerland,2018,Y25T34,ISCED11A_3_4,_T,85.5287,,%
oecd-emp-rate-upper-secondary,CH,Switzerland,2019,Y25T34,ISCED11A_3_4,_T,86.0963,,%
oecd-emp-rate-upper-secondary,CH,Switzerland,2020,Y25T34,ISCED11A_3_4,_T,84.8372,,%
oecd-emp-rate-upper-secondary,CH,Switzerland,2021,Y25T34,ISCED11A_3_4,_T,86.5082,,%
oecd-emp-rate-upper-secondary,CH,Switzerland,2022,Y25T34,ISCED11A_3_4,_T,87.4992,,%
oecd-emp-rate-upper-secondary,CH,Switzerland,2023,Y25T34,ISCED11A_3_4,_T,87.0996,,%
oecd-emp-rate-upper-secondary,CH,Switzerland,2024,Y25T34,ISCED11A_3_4,_T,86.3919,,%
oecd-emp-rate-upper-secondary,CH,Switzerland,2025,Y25T34,ISCED11A_3_4,_T,85.467,,%
oecd-emp-rate-upper-secondary,CZ,Czechia,2010,Y25T34,ISCED11A_3_4,_T,76.3457,B,%
oecd-emp-rate-upper-secondary,CZ,Czechia,2011,Y25T34,ISCED11A_3_4,_T,77.7682,B,%
oecd-emp-rate-upper-secondary,CZ,Czechia,2012,Y25T34,ISCED11A_3_4,_T,76.845,B,%
oecd-emp-rate-upper-secondary,CZ,Czechia,2013,Y25T34,ISCED11A_3_4,_T,77.1095,B,%
oecd-emp-rate-upper-secondary,CZ,Czechia,2014,Y25T34,ISCED11A_3_4,_T,78.0099,,%
oecd-emp-rate-upper-secondary,CZ,Czechia,2015,Y25T34,ISCED11A_3_4,_T,79.1472,,%
oecd-emp-rate-upper-secondary,CZ,Czechia,2016,Y25T34,ISCED11A_3_4,_T,81.6227,,%
oecd-emp-rate-upper-secondary,CZ,Czechia,2017,Y25T34,ISCED11A_3_4,_T,82.0685,,%
oecd-emp-rate-upper-secondary,CZ,Czechia,2018,Y25T34,ISCED11A_3_4,_T,82.2463,,%
oecd-emp-rate-upper-secondary,CZ,Czechia,2019,Y25T34,ISCED11A_3_4,_T,81.6793,,%
oecd-emp-rate-upper-secondary,CZ,Czechia,2020,Y25T34,ISCED11A_3_4,_T,80.4483,,%
oecd-emp-rate-upper-secondary,CZ,Czechia,2021,Y25T34,ISCED11A_3_4,_T,80.4297,,%
oecd-emp-rate-upper-secondary,CZ,Czechia,2022,Y25T34,ISCED11A_3_4,_T,81.8066,,%
oecd-emp-rate-upper-secondary,CZ,Czechia,2023,Y25T34,ISCED11A_3_4,_T,82.5392,,%
oecd-emp-rate-upper-secondary,CZ,Czechia,2024,Y25T34,ISCED11A_3_4,_T,81.4572,,%
oecd-emp-rate-upper-secondary,CZ,Czechia,2025,Y25T34,ISCED11A_3_4,_T,83.725,,%
oecd-emp-rate-upper-secondary,DE,Germany,2010,Y25T34,ISCED11A_3_4,_T,78.3109,B,%
oecd-emp-rate-upper-secondary,DE,Germany,2011,Y25T34,ISCED11A_3_4,_T,80.3252,B,%
oecd-emp-rate-upper-secondary,DE,Germany,2012,Y25T34,ISCED11A_3_4,_T,80.9827,B,%
oecd-emp-rate-upper-secondary,DE,Germany,2013,Y25T34,ISCED11A_3_4,_T,81.1453,B,%
oecd-emp-rate-upper-secondary,DE,Germany,2014,Y25T34,ISCED11A_3_4,_T,81.6623,,%
oecd-emp-rate-upper-secondary,DE,Germany,2015,Y25T34,ISCED11A_3_4,_T,81.8384,,%
oecd-emp-rate-upper-secondary,DE,Germany,2016,Y25T34,ISCED11A_3_4,_T,82.2991,,%
oecd-emp-rate-upper-secondary,DE,Germany,2017,Y25T34,ISCED11A_3_4,_T,82.8693,,%
oecd-emp-rate-upper-secondary,DE,Germany,2018,Y25T34,ISCED11A_3_4,_T,83.668,,%
oecd-emp-rate-upper-secondary,DE,Germany,2019,Y25T34,ISCED11A_3_4,_T,84.2413,,%
oecd-emp-rate-upper-secondary,DE,Germany,2020,Y25T34,ISCED11A_3_4,_T,83.4084,,%
oecd-emp-rate-upper-secondary,DE,Germany,2021,Y25T34,ISCED11A_3_4,_T,83.7499,,%
oecd-emp-rate-upper-secondary,DE,Germany,2022,Y25T34,ISCED11A_3_4,_T,84.7458,,%
oecd-emp-rate-upper-secondary,DE,Germany,2023,Y25T34,ISCED11A_3_4,_T,86.0701,,%
oecd-emp-rate-upper-secondary,DE,Germany,2024,Y25T34,ISCED11A_3_4,_T,85.9888,,%
oecd-emp-rate-upper-secondary,DE,Germany,2025,Y25T34,ISCED11A_3_4,_T,85.4639,,%
oecd-emp-rate-upper-secondary,DK,Denmark,2010,Y25T34,ISCED11A_3_4,_T,80.9927,,%
oecd-emp-rate-upper-secondary,DK,Denmark,2011,Y25T34,ISCED11A_3_4,_T,79.6081,,%
oecd-emp-rate-upper-secondary,DK,Denmark,2012,Y25T34,ISCED11A_3_4,_T,78.4794,,%
oecd-emp-rate-upper-secondary,DK,Denmark,2013,Y25T34,ISCED11A_3_4,_T,78.8856,,%
oecd-emp-rate-upper-secondary,DK,Denmark,2014,Y25T34,ISCED11A_3_4,_T,78.985,,%
oecd-emp-rate-upper-secondary,DK,Denmark,2015,Y25T34,ISCED11A_3_4,_T,80.1215,,%
oecd-emp-rate-upper-secondary,DK,Denmark,2016,Y25T34,ISCED11A_3_4,_T,78.1704,,%
oecd-emp-rate-upper-secondary,DK,Denmark,2017,Y25T34,ISCED11A_3_4,_T,78.1116,,%
oecd-emp-rate-upper-secondary,DK,Denmark,2018,Y25T34,ISCED11A_3_4,_T,78.2046,,%
oecd-emp-rate-upper-secondary,DK,Denmark,2019,Y25T34,ISCED11A_3_4,_T,79.3779,,%
oecd-emp-rate-upper-secondary,DK,Denmark,2020,Y25T34,ISCED11A_3_4,_T,77.0285,,%
oecd-emp-rate-upper-secondary,DK,Denmark,2021,Y25T34,ISCED11A_3_4,_T,79.1285,,%
oecd-emp-rate-upper-secondary,DK,Denmark,2022,Y25T34,ISCED11A_3_4,_T,82.4098,,%
oecd-emp-rate-upper-secondary,DK,Denmark,2023,Y25T34,ISCED11A_3_4,_T,79.2343,,%
oecd-emp-rate-upper-secondary,DK,Denmark,2024,Y25T34,ISCED11A_3_4,_T,80.2125,,%
oecd-emp-rate-upper-secondary,DK,Denmark,2025,Y25T34,ISCED11A_3_4,_T,78.5533,B,%
oecd-emp-rate-upper-secondary,EE,Estonia,2010,Y25T34,ISCED11A_3_4,_T,70.522,,%
oecd-emp-rate-upper-secondary,EE,Estonia,2011,Y25T34,ISCED11A_3_4,_T,76.0544,,%
oecd-emp-rate-upper-secondary,EE,Estonia,2012,Y25T34,ISCED11A_3_4,_T,76.5949,,%
oecd-emp-rate-upper-secondary,EE,Estonia,2013,Y25T34,ISCED11A_3_4,_T,77.1353,,%
oecd-emp-rate-upper-secondary,EE,Estonia,2014,Y25T34,ISCED11A_3_4,_T,76.7799,,%
oecd-emp-rate-upper-secondary,EE,Estonia,2015,Y25T34,ISCED11A_3_4,_T,82.2175,,%
oecd-emp-rate-upper-secondary,EE,Estonia,2016,Y25T34,ISCED11A_3_4,_T,77.9374,,%
oecd-emp-rate-upper-secondary,EE,Estonia,2017,Y25T34,ISCED11A_3_4,_T,81.8165,,%
oecd-emp-rate-upper-secondary,EE,Estonia,2018,Y25T34,ISCED11A_3_4,_T,81.4255,,%
oecd-emp-rate-upper-secondary,EE,Estonia,2019,Y25T34,ISCED11A_3_4,_T,81.4322,,%
oecd-emp-rate-upper-secondary,EE,Estonia,2020,Y25T34,ISCED11A_3_4,_T,78.5021,,%
oecd-emp-rate-upper-secondary,EE,Estonia,2021,Y25T34,ISCED11A_3_4,_T,82.5334,,%
oecd-emp-rate-upper-secondary,EE,Estonia,2022,Y25T34,ISCED11A_3_4,_T,86.8152,,%
oecd-emp-rate-upper-secondary,EE,Estonia,2023,Y25T34,ISCED11A_3_4,_T,82.9088,,%
oecd-emp-rate-upper-secondary,EE,Estonia,2024,Y25T34,ISCED11A_3_4,_T,85.4613,,%
oecd-emp-rate-upper-secondary,EE,Estonia,2025,Y25T34,ISCED11A_3_4,_T,85.3149,,%
oecd-emp-rate-upper-secondary,EL,Greece,2010,Y25T34,ISCED11A_3_4,_T,70.4075,B,%
oecd-emp-rate-upper-secondary,EL,Greece,2011,Y25T34,ISCED11A_3_4,_T,64.3207,B,%
oecd-emp-rate-upper-secondary,EL,Greece,2012,Y25T34,ISCED11A_3_4,_T,57.1725,B,%
oecd-emp-rate-upper-secondary,EL,Greece,2013,Y25T34,ISCED11A_3_4,_T,53.5451,B,%
oecd-emp-rate-upper-secondary,EL,Greece,2014,Y25T34,ISCED11A_3_4,_T,54.1941,,%
oecd-emp-rate-upper-secondary,EL,Greece,2015,Y25T34,ISCED11A_3_4,_T,57.839,,%
oecd-emp-rate-upper-secondary,EL,Greece,2016,Y25T34,ISCED11A_3_4,_T,58.8867,,%
oecd-emp-rate-upper-secondary,EL,Greece,2017,Y25T34,ISCED11A_3_4,_T,59.2885,,%
oecd-emp-rate-upper-secondary,EL,Greece,2018,Y25T34,ISCED11A_3_4,_T,62.262,,%
oecd-emp-rate-upper-secondary,EL,Greece,2019,Y25T34,ISCED11A_3_4,_T,62.756,,%
oecd-emp-rate-upper-secondary,EL,Greece,2020,Y25T34,ISCED11A_3_4,_T,59.9239,,%
oecd-emp-rate-upper-secondary,EL,Greece,2021,Y25T34,ISCED11A_3_4,_T,61.7405,,%
oecd-emp-rate-upper-secondary,EL,Greece,2022,Y25T34,ISCED11A_3_4,_T,66.0731,,%
oecd-emp-rate-upper-secondary,EL,Greece,2023,Y25T34,ISCED11A_3_4,_T,65.9242,,%
oecd-emp-rate-upper-secondary,EL,Greece,2024,Y25T34,ISCED11A_3_4,_T,68.1634,,%
oecd-emp-rate-upper-secondary,EL,Greece,2025,Y25T34,ISCED11A_3_4,_T,69.7213,,%
oecd-emp-rate-upper-secondary,ES,Spain,2010,Y25T34,ISCED11A_3_4,_T,68.9405,,%
oecd-emp-rate-upper-secondary,ES,Spain,2011,Y25T34,ISCED11A_3_4,_T,66.9915,,%
oecd-emp-rate-upper-secondary,ES,Spain,2012,Y25T34,ISCED11A_3_4,_T,64.122,,%
oecd-emp-rate-upper-secondary,ES,Spain,2013,Y25T34,ISCED11A_3_4,_T,62.4988,,%
oecd-emp-rate-upper-secondary,ES,Spain,2014,Y25T34,ISCED11A_3_4,_T,65.2306,,%
oecd-emp-rate-upper-secondary,ES,Spain,2015,Y25T34,ISCED11A_3_4,_T,66.4818,,%
oecd-emp-rate-upper-secondary,ES,Spain,2016,Y25T34,ISCED11A_3_4,_T,68.0572,,%
oecd-emp-rate-upper-secondary,ES,Spain,2017,Y25T34,ISCED11A_3_4,_T,69.221,,%
oecd-emp-rate-upper-secondary,ES,Spain,2018,Y25T34,ISCED11A_3_4,_T,69.2087,,%
oecd-emp-rate-upper-secondary,ES,Spain,2019,Y25T34,ISCED11A_3_4,_T,70.8361,,%
oecd-emp-rate-upper-secondary,ES,Spain,2020,Y25T34,ISCED11A_3_4,_T,65.2384,,%
oecd-emp-rate-upper-secondary,ES,Spain,2021,Y25T34,ISCED11A_3_4,_T,68.7355,,%
oecd-emp-rate-upper-secondary,ES,Spain,2022,Y25T34,ISCED11A_3_4,_T,70.0295,,%
oecd-emp-rate-upper-secondary,ES,Spain,2023,Y25T34,ISCED11A_3_4,_T,70.9104,,%
oecd-emp-rate-upper-secondary,ES,Spain,2024,Y25T34,ISCED11A_3_4,_T,72.7691,,%
oecd-emp-rate-upper-secondary,ES,Spain,2025,Y25T34,ISCED11A_3_4,_T,73.6302,,%
oecd-emp-rate-upper-secondary,FI,Finland,2010,Y25T34,ISCED11A_3_4,_T,76.3988,,%
oecd-emp-rate-upper-secondary,FI,Finland,2011,Y25T34,ISCED11A_3_4,_T,77.7866,,%
oecd-emp-rate-upper-secondary,FI,Finland,2012,Y25T34,ISCED11A_3_4,_T,76.0713,,%
oecd-emp-rate-upper-secondary,FI,Finland,2013,Y25T34,ISCED11A_3_4,_T,75.1461,,%
oecd-emp-rate-upper-secondary,FI,Finland,2014,Y25T34,ISCED11A_3_4,_T,74.4117,,%
oecd-emp-rate-upper-secondary,FI,Finland,2015,Y25T34,ISCED11A_3_4,_T,74.6082,,%
oecd-emp-rate-upper-secondary,FI,Finland,2016,Y25T34,ISCED11A_3_4,_T,74.7775,,%
oecd-emp-rate-upper-secondary,FI,Finland,2017,Y25T34,ISCED11A_3_4,_T,74.1071,,%
oecd-emp-rate-upper-secondary,FI,Finland,2018,Y25T34,ISCED11A_3_4,_T,76.2611,,%
oecd-emp-rate-upper-secondary,FI,Finland,2019,Y25T34,ISCED11A_3_4,_T,77.2989,,%
oecd-emp-rate-upper-secondary,FI,Finland,2020,Y25T34,ISCED11A_3_4,_T,74.184,,%
oecd-emp-rate-upper-secondary,FI,Finland,2021,Y25T34,ISCED11A_3_4,_T,76.1236,,%
oecd-emp-rate-upper-secondary,FI,Finland,2022,Y25T34,ISCED11A_3_4,_T,76.338,,%
oecd-emp-rate-upper-secondary,FI,Finland,2023,Y25T34,ISCED11A_3_4,_T,76.3736,,%
oecd-emp-rate-upper-secondary,FI,Finland,2024,Y25T34,ISCED11A_3_4,_T,75.0685,,%
oecd-emp-rate-upper-secondary,FI,Finland,2025,Y25T34,ISCED11A_3_4,_T,74.3017,,%
oecd-emp-rate-upper-secondary,FR,France,2010,Y25T34,ISCED11A_3_4,_T,78.7201,,%
oecd-emp-rate-upper-secondary,FR,France,2013,Y25T34,ISCED11A_3_4,_T,75.7193,,%
oecd-emp-rate-upper-secondary,FR,France,2014,Y25T34,ISCED11A_3_4,_T,74.7247,,%
oecd-emp-rate-upper-secondary,FR,France,2015,Y25T34,ISCED11A_3_4,_T,73.7931,,%
oecd-emp-rate-upper-secondary,FR,France,2016,Y25T34,ISCED11A_3_4,_T,73.3151,,%
oecd-emp-rate-upper-secondary,FR,France,2017,Y25T34,ISCED11A_3_4,_T,74.2166,,%
oecd-emp-rate-upper-secondary,FR,France,2018,Y25T34,ISCED11A_3_4,_T,75.8462,,%
oecd-emp-rate-upper-secondary,FR,France,2019,Y25T34,ISCED11A_3_4,_T,75.4585,,%
oecd-emp-rate-upper-secondary,FR,France,2020,Y25T34,ISCED11A_3_4,_T,74.4063,,%
oecd-emp-rate-upper-secondary,FR,France,2021,Y25T34,ISCED11A_3_4,_T,76.9656,,%
oecd-emp-rate-upper-secondary,FR,France,2022,Y25T34,ISCED11A_3_4,_T,77.9466,,%
oecd-emp-rate-upper-secondary,FR,France,2023,Y25T34,ISCED11A_3_4,_T,78.0016,,%
oecd-emp-rate-upper-secondary,FR,France,2024,Y25T34,ISCED11A_3_4,_T,76.9093,,%
oecd-emp-rate-upper-secondary,FR,France,2025,Y25T34,ISCED11A_3_4,_T,76.9448,,%
oecd-emp-rate-upper-secondary,HR,Croatia,2015,Y25T34,ISCED11A_3_4,_T,69.2964,,%
oecd-emp-rate-upper-secondary,HR,Croatia,2016,Y25T34,ISCED11A_3_4,_T,71.5152,,%
oecd-emp-rate-upper-secondary,HR,Croatia,2019,Y25T34,ISCED11A_3_4,_T,77.2027,,%
oecd-emp-rate-upper-secondary,HR,Croatia,2023,Y25T34,ISCED11A_3_4,_T,78.2101,,%
oecd-emp-rate-upper-secondary,HR,Croatia,2024,Y25T34,ISCED11A_3_4,_T,81.2062,,%
oecd-emp-rate-upper-secondary,HR,Croatia,2025,Y25T34,ISCED11A_3_4,_T,80.3059,,%
oecd-emp-rate-upper-secondary,HU,Hungary,2010,Y25T34,ISCED11A_3_4,_T,71.3614,,%
oecd-emp-rate-upper-secondary,HU,Hungary,2011,Y25T34,ISCED11A_3_4,_T,71.7761,,%
oecd-emp-rate-upper-secondary,HU,Hungary,2012,Y25T34,ISCED11A_3_4,_T,71.836,,%
oecd-emp-rate-upper-secondary,HU,Hungary,2013,Y25T34,ISCED11A_3_4,_T,73.0855,,%
oecd-emp-rate-upper-secondary,HU,Hungary,2014,Y25T34,ISCED11A_3_4,_T,76.98,,%
oecd-emp-rate-upper-secondary,HU,Hungary,2015,Y25T34,ISCED11A_3_4,_T,77.7699,,%
oecd-emp-rate-upper-secondary,HU,Hungary,2016,Y25T34,ISCED11A_3_4,_T,79.98,,%
oecd-emp-rate-upper-secondary,HU,Hungary,2017,Y25T34,ISCED11A_3_4,_T,81.6732,,%
oecd-emp-rate-upper-secondary,HU,Hungary,2018,Y25T34,ISCED11A_3_4,_T,80.5432,,%
oecd-emp-rate-upper-secondary,HU,Hungary,2019,Y25T34,ISCED11A_3_4,_T,81.5793,,%
oecd-emp-rate-upper-secondary,HU,Hungary,2020,Y25T34,ISCED11A_3_4,_T,78.9321,,%
oecd-emp-rate-upper-secondary,HU,Hungary,2021,Y25T34,ISCED11A_3_4,_T,85.1579,,%
oecd-emp-rate-upper-secondary,HU,Hungary,2022,Y25T34,ISCED11A_3_4,_T,86.7378,,%
oecd-emp-rate-upper-secondary,HU,Hungary,2023,Y25T34,ISCED11A_3_4,_T,86.1761,,%
oecd-emp-rate-upper-secondary,HU,Hungary,2024,Y25T34,ISCED11A_3_4,_T,86.5172,,%
oecd-emp-rate-upper-secondary,HU,Hungary,2025,Y25T34,ISCED11A_3_4,_T,85.4381,,%
oecd-emp-rate-upper-secondary,IE,Ireland,2010,Y25T34,ISCED11A_3_4,_T,67.2213,B,%
oecd-emp-rate-upper-secondary,IE,Ireland,2011,Y25T34,ISCED11A_3_4,_T,64.807,B,%
oecd-emp-rate-upper-secondary,IE,Ireland,2012,Y25T34,ISCED11A_3_4,_T,65.1031,B,%
oecd-emp-rate-upper-secondary,IE,Ireland,2013,Y25T34,ISCED11A_3_4,_T,65.7382,B,%
oecd-emp-rate-upper-secondary,IE,Ireland,2014,Y25T34,ISCED11A_3_4,_T,67.2369,,%
oecd-emp-rate-upper-secondary,IE,Ireland,2015,Y25T34,ISCED11A_3_4,_T,68.0023,,%
oecd-emp-rate-upper-secondary,IE,Ireland,2016,Y25T34,ISCED11A_3_4,_T,69.3928,,%
oecd-emp-rate-upper-secondary,IE,Ireland,2017,Y25T34,ISCED11A_3_4,_T,72.8705,,%
oecd-emp-rate-upper-secondary,IE,Ireland,2018,Y25T34,ISCED11A_3_4,_T,75.4384,,%
oecd-emp-rate-upper-secondary,IE,Ireland,2019,Y25T34,ISCED11A_3_4,_T,75.9643,,%
oecd-emp-rate-upper-secondary,IE,Ireland,2020,Y25T34,ISCED11A_3_4,_T,69.3291,,%
oecd-emp-rate-upper-secondary,IE,Ireland,2021,Y25T34,ISCED11A_3_4,_T,72.252,,%
oecd-emp-rate-upper-secondary,IE,Ireland,2022,Y25T34,ISCED11A_3_4,_T,74.9612,,%
oecd-emp-rate-upper-secondary,IE,Ireland,2023,Y25T34,ISCED11A_3_4,_T,75.8775,,%
oecd-emp-rate-upper-secondary,IE,Ireland,2024,Y25T34,ISCED11A_3_4,_T,77.312,,%
oecd-emp-rate-upper-secondary,IE,Ireland,2025,Y25T34,ISCED11A_3_4,_T,77.6394,,%
oecd-emp-rate-upper-secondary,IS,Iceland,2010,Y25T34,ISCED11A_3_4,_T,70.5013,,%
oecd-emp-rate-upper-secondary,IS,Iceland,2011,Y25T34,ISCED11A_3_4,_T,72.0191,,%
oecd-emp-rate-upper-secondary,IS,Iceland,2012,Y25T34,ISCED11A_3_4,_T,75.4428,,%
oecd-emp-rate-upper-secondary,IS,Iceland,2013,Y25T34,ISCED11A_3_4,_T,78.3771,,%
oecd-emp-rate-upper-secondary,IS,Iceland,2014,Y25T34,ISCED11A_3_4,_T,75.2203,,%
oecd-emp-rate-upper-secondary,IS,Iceland,2015,Y25T34,ISCED11A_3_4,_T,81.117,,%
oecd-emp-rate-upper-secondary,IS,Iceland,2016,Y25T34,ISCED11A_3_4,_T,81.6222,,%
oecd-emp-rate-upper-secondary,IS,Iceland,2017,Y25T34,ISCED11A_3_4,_T,82.8299,,%
oecd-emp-rate-upper-secondary,IS,Iceland,2018,Y25T34,ISCED11A_3_4,_T,81.44,,%
oecd-emp-rate-upper-secondary,IS,Iceland,2019,Y25T34,ISCED11A_3_4,_T,83.287,,%
oecd-emp-rate-upper-secondary,IS,Iceland,2020,Y25T34,ISCED11A_3_4,_T,80.5118,,%
oecd-emp-rate-upper-secondary,IS,Iceland,2021,Y25T34,ISCED11A_3_4,_T,80.1217,,%
oecd-emp-rate-upper-secondary,IS,Iceland,2022,Y25T34,ISCED11A_3_4,_T,82.7814,,%
oecd-emp-rate-upper-secondary,IS,Iceland,2023,Y25T34,ISCED11A_3_4,_T,84.3139,,%
oecd-emp-rate-upper-secondary,IT,Italy,2010,Y25T34,ISCED11A_3_4,_T,69.4971,B,%
oecd-emp-rate-upper-secondary,IT,Italy,2011,Y25T34,ISCED11A_3_4,_T,68.5884,B,%
oecd-emp-rate-upper-secondary,IT,Italy,2012,Y25T34,ISCED11A_3_4,_T,66.8889,B,%
oecd-emp-rate-upper-secondary,IT,Italy,2013,Y25T34,ISCED11A_3_4,_T,63.229,B,%
oecd-emp-rate-upper-secondary,IT,Italy,2014,Y25T34,ISCED11A_3_4,_T,63.0172,,%
oecd-emp-rate-upper-secondary,IT,Italy,2015,Y25T34,ISCED11A_3_4,_T,62.9047,,%
oecd-emp-rate-upper-secondary,IT,Italy,2016,Y25T34,ISCED11A_3_4,_T,62.8598,,%
oecd-emp-rate-upper-secondary,IT,Italy,2017,Y25T34,ISCED11A_3_4,_T,63.503,,%
oecd-emp-rate-upper-secondary,IT,Italy,2018,Y25T34,ISCED11A_3_4,_T,63.2631,,%
oecd-emp-rate-upper-secondary,IT,Italy,2019,Y25T34,ISCED11A_3_4,_T,64.4936,,%
oecd-emp-rate-upper-secondary,IT,Italy,2020,Y25T34,ISCED11A_3_4,_T,61.9889,,%
oecd-emp-rate-upper-secondary,IT,Italy,2021,Y25T34,ISCED11A_3_4,_T,64.1048,,%
oecd-emp-rate-upper-secondary,IT,Italy,2022,Y25T34,ISCED11A_3_4,_T,67.5925,,%
oecd-emp-rate-upper-secondary,IT,Italy,2023,Y25T34,ISCED11A_3_4,_T,68.8582,,%
oecd-emp-rate-upper-secondary,IT,Italy,2024,Y25T34,ISCED11A_3_4,_T,69.1704,,%
oecd-emp-rate-upper-secondary,IT,Italy,2025,Y25T34,ISCED11A_3_4,_T,69.9959,,%
oecd-emp-rate-upper-secondary,LT,Lithuania,2010,Y25T34,ISCED11A_3_4,_T,65.22,B,%
oecd-emp-rate-upper-secondary,LT,Lithuania,2011,Y25T34,ISCED11A_3_4,_T,69.3782,B,%
oecd-emp-rate-upper-secondary,LT,Lithuania,2012,Y25T34,ISCED11A_3_4,_T,70.8964,B,%
oecd-emp-rate-upper-secondary,LT,Lithuania,2013,Y25T34,ISCED11A_3_4,_T,75.0567,B,%
oecd-emp-rate-upper-secondary,LT,Lithuania,2014,Y25T34,ISCED11A_3_4,_T,75.4757,,%
oecd-emp-rate-upper-secondary,LT,Lithuania,2015,Y25T34,ISCED11A_3_4,_T,76.4821,,%
oecd-emp-rate-upper-secondary,LT,Lithuania,2016,Y25T34,ISCED11A_3_4,_T,76.0964,,%
oecd-emp-rate-upper-secondary,LT,Lithuania,2017,Y25T34,ISCED11A_3_4,_T,79.214,,%
oecd-emp-rate-upper-secondary,LT,Lithuania,2018,Y25T34,ISCED11A_3_4,_T,80.4848,,%
oecd-emp-rate-upper-secondary,LT,Lithuania,2019,Y25T34,ISCED11A_3_4,_T,79.0183,,%
oecd-emp-rate-upper-secondary,LT,Lithuania,2020,Y25T34,ISCED11A_3_4,_T,77.518,,%
oecd-emp-rate-upper-secondary,LT,Lithuania,2021,Y25T34,ISCED11A_3_4,_T,78.6444,,%
oecd-emp-rate-upper-secondary,LT,Lithuania,2022,Y25T34,ISCED11A_3_4,_T,82.3964,,%
oecd-emp-rate-upper-secondary,LT,Lithuania,2023,Y25T34,ISCED11A_3_4,_T,78.9975,,%
oecd-emp-rate-upper-secondary,LT,Lithuania,2024,Y25T34,ISCED11A_3_4,_T,79.0502,,%
oecd-emp-rate-upper-secondary,LT,Lithuania,2025,Y25T34,ISCED11A_3_4,_T,81.6368,,%
oecd-emp-rate-upper-secondary,LU,Luxembourg,2010,Y25T34,ISCED11A_3_4,_T,83.4663,B,%
oecd-emp-rate-upper-secondary,LU,Luxembourg,2014,Y25T34,ISCED11A_3_4,_T,83.8858,,%
oecd-emp-rate-upper-secondary,LU,Luxembourg,2015,Y25T34,ISCED11A_3_4,_T,81.6428,,%
oecd-emp-rate-upper-secondary,LU,Luxembourg,2016,Y25T34,ISCED11A_3_4,_T,79.9018,,%
oecd-emp-rate-upper-secondary,LU,Luxembourg,2017,Y25T34,ISCED11A_3_4,_T,83.8517,,%
oecd-emp-rate-upper-secondary,LU,Luxembourg,2018,Y25T34,ISCED11A_3_4,_T,84.2057,,%
oecd-emp-rate-upper-secondary,LU,Luxembourg,2019,Y25T34,ISCED11A_3_4,_T,86.3973,,%
oecd-emp-rate-upper-secondary,LU,Luxembourg,2020,Y25T34,ISCED11A_3_4,_T,84.8476,,%
oecd-emp-rate-upper-secondary,LU,Luxembourg,2021,Y25T34,ISCED11A_3_4,_T,84.8361,,%
oecd-emp-rate-upper-secondary,LU,Luxembourg,2022,Y25T34,ISCED11A_3_4,_T,84.0377,,%
oecd-emp-rate-upper-secondary,LU,Luxembourg,2023,Y25T34,ISCED11A_3_4,_T,85.398,,%
oecd-emp-rate-upper-secondary,LU,Luxembourg,2024,Y25T34,ISCED11A_3_4,_T,81.6796,,%
oecd-emp-rate-upper-secondary,LV,Latvia,2010,Y25T34,ISCED11A_3_4,_T,70.6947,,%
oecd-emp-rate-upper-secondary,LV,Latvia,2011,Y25T34,ISCED11A_3_4,_T,72.3839,,%
oecd-emp-rate-upper-secondary,LV,Latvia,2012,Y25T34,ISCED11A_3_4,_T,72.4763,,%
oecd-emp-rate-upper-secondary,LV,Latvia,2013,Y25T34,ISCED11A_3_4,_T,75.5519,,%
oecd-emp-rate-upper-secondary,LV,Latvia,2014,Y25T34,ISCED11A_3_4,_T,77.5901,,%
oecd-emp-rate-upper-secondary,LV,Latvia,2015,Y25T34,ISCED11A_3_4,_T,80.4912,,%
oecd-emp-rate-upper-secondary,LV,Latvia,2016,Y25T34,ISCED11A_3_4,_T,76.2381,,%
oecd-emp-rate-upper-secondary,LV,Latvia,2017,Y25T34,ISCED11A_3_4,_T,79.4228,,%
oecd-emp-rate-upper-secondary,LV,Latvia,2018,Y25T34,ISCED11A_3_4,_T,78.1002,,%
oecd-emp-rate-upper-secondary,LV,Latvia,2019,Y25T34,ISCED11A_3_4,_T,79.1422,,%
oecd-emp-rate-upper-secondary,LV,Latvia,2020,Y25T34,ISCED11A_3_4,_T,78.4066,,%
oecd-emp-rate-upper-secondary,LV,Latvia,2021,Y25T34,ISCED11A_3_4,_T,76.0294,,%
oecd-emp-rate-upper-secondary,LV,Latvia,2022,Y25T34,ISCED11A_3_4,_T,77.8741,,%
oecd-emp-rate-upper-secondary,LV,Latvia,2023,Y25T34,ISCED11A_3_4,_T,77.1834,,%
oecd-emp-rate-upper-secondary,LV,Latvia,2024,Y25T34,ISCED11A_3_4,_T,78.233,,%
oecd-emp-rate-upper-secondary,LV,Latvia,2025,Y25T34,ISCED11A_3_4,_T,80.2605,,%
oecd-emp-rate-upper-secondary,NL,Netherlands,2010,Y25T34,ISCED11A_3_4,_T,86.7322,B,%
oecd-emp-rate-upper-secondary,NL,Netherlands,2011,Y25T34,ISCED11A_3_4,_T,85.4701,B,%
oecd-emp-rate-upper-secondary,NL,Netherlands,2012,Y25T34,ISCED11A_3_4,_T,85.6549,B,%
oecd-emp-rate-upper-secondary,NL,Netherlands,2013,Y25T34,ISCED11A_3_4,_T,82.7205,B,%
oecd-emp-rate-upper-secondary,NL,Netherlands,2014,Y25T34,ISCED11A_3_4,_T,83.1997,,%
oecd-emp-rate-upper-secondary,NL,Netherlands,2015,Y25T34,ISCED11A_3_4,_T,82.2658,,%
oecd-emp-rate-upper-secondary,NL,Netherlands,2016,Y25T34,ISCED11A_3_4,_T,83.4208,,%
oecd-emp-rate-upper-secondary,NL,Netherlands,2017,Y25T34,ISCED11A_3_4,_T,83.7421,,%
oecd-emp-rate-upper-secondary,NL,Netherlands,2018,Y25T34,ISCED11A_3_4,_T,86.3536,,%
oecd-emp-rate-upper-secondary,NL,Netherlands,2019,Y25T34,ISCED11A_3_4,_T,85.5974,,%
oecd-emp-rate-upper-secondary,NL,Netherlands,2020,Y25T34,ISCED11A_3_4,_T,84.8593,,%
oecd-emp-rate-upper-secondary,NL,Netherlands,2021,Y25T34,ISCED11A_3_4,_T,85.5789,,%
oecd-emp-rate-upper-secondary,NL,Netherlands,2022,Y25T34,ISCED11A_3_4,_T,86.7086,,%
oecd-emp-rate-upper-secondary,NL,Netherlands,2023,Y25T34,ISCED11A_3_4,_T,86.273,,%
oecd-emp-rate-upper-secondary,NL,Netherlands,2024,Y25T34,ISCED11A_3_4,_T,86.6815,,%
oecd-emp-rate-upper-secondary,NL,Netherlands,2025,Y25T34,ISCED11A_3_4,_T,86.6533,,%
oecd-emp-rate-upper-secondary,NO,Norway,2010,Y25T34,ISCED11A_3_4,_T,84.518,,%
oecd-emp-rate-upper-secondary,NO,Norway,2011,Y25T34,ISCED11A_3_4,_T,83.3625,,%
oecd-emp-rate-upper-secondary,NO,Norway,2012,Y25T34,ISCED11A_3_4,_T,82.4896,,%
oecd-emp-rate-upper-secondary,NO,Norway,2013,Y25T34,ISCED11A_3_4,_T,83.1933,,%
oecd-emp-rate-upper-secondary,NO,Norway,2014,Y25T34,ISCED11A_3_4,_T,83.7084,,%
oecd-emp-rate-upper-secondary,NO,Norway,2015,Y25T34,ISCED11A_3_4,_T,82.1062,,%
oecd-emp-rate-upper-secondary,NO,Norway,2016,Y25T34,ISCED11A_3_4,_T,82.1152,,%
oecd-emp-rate-upper-secondary,NO,Norway,2017,Y25T34,ISCED11A_3_4,_T,80.4795,,%
oecd-emp-rate-upper-secondary,NO,Norway,2018,Y25T34,ISCED11A_3_4,_T,81.8887,,%
oecd-emp-rate-upper-secondary,NO,Norway,2019,Y25T34,ISCED11A_3_4,_T,83.588,,%
oecd-emp-rate-upper-secondary,NO,Norway,2020,Y25T34,ISCED11A_3_4,_T,81.0309,,%
oecd-emp-rate-upper-secondary,NO,Norway,2021,Y25T34,ISCED11A_3_4,_T,83.9623,,%
oecd-emp-rate-upper-secondary,NO,Norway,2022,Y25T34,ISCED11A_3_4,_T,87.1921,,%
oecd-emp-rate-upper-secondary,NO,Norway,2023,Y25T34,ISCED11A_3_4,_T,85.7143,,%
oecd-emp-rate-upper-secondary,NO,Norway,2024,Y25T34,ISCED11A_3_4,_T,85.6481,,%
oecd-emp-rate-upper-secondary,NO,Norway,2025,Y25T34,ISCED11A_3_4,_T,84.4588,,%
oecd-emp-rate-upper-secondary,PL,Poland,2010,Y25T34,ISCED11A_3_4,_T,73.7069,B,%
oecd-emp-rate-upper-secondary,PL,Poland,2011,Y25T34,ISCED11A_3_4,_T,73.4083,B,%
oecd-emp-rate-upper-secondary,PL,Poland,2012,Y25T34,ISCED11A_3_4,_T,73.1385,B,%
oecd-emp-rate-upper-secondary,PL,Poland,2013,Y25T34,ISCED11A_3_4,_T,72.8167,B,%
oecd-emp-rate-upper-secondary,PL,Poland,2014,Y25T34,ISCED11A_3_4,_T,73.8029,,%
oecd-emp-rate-upper-secondary,PL,Poland,2015,Y25T34,ISCED11A_3_4,_T,75.3395,,%
oecd-emp-rate-upper-secondary,PL,Poland,2016,Y25T34,ISCED11A_3_4,_T,76.528,,%
oecd-emp-rate-upper-secondary,PL,Poland,2017,Y25T34,ISCED11A_3_4,_T,76.9202,,%
oecd-emp-rate-upper-secondary,PL,Poland,2018,Y25T34,ISCED11A_3_4,_T,78.0608,,%
oecd-emp-rate-upper-secondary,PL,Poland,2019,Y25T34,ISCED11A_3_4,_T,78.9766,,%
oecd-emp-rate-upper-secondary,PL,Poland,2020,Y25T34,ISCED11A_3_4,_T,78.7343,,%
oecd-emp-rate-upper-secondary,PL,Poland,2021,Y25T34,ISCED11A_3_4,_T,81.2154,,%
oecd-emp-rate-upper-secondary,PL,Poland,2022,Y25T34,ISCED11A_3_4,_T,82.0847,,%
oecd-emp-rate-upper-secondary,PL,Poland,2023,Y25T34,ISCED11A_3_4,_T,83.0564,,%
oecd-emp-rate-upper-secondary,PL,Poland,2024,Y25T34,ISCED11A_3_4,_T,82.162,,%
oecd-emp-rate-upper-secondary,PL,Poland,2025,Y25T34,ISCED11A_3_4,_T,83.3838,,%
oecd-emp-rate-upper-secondary,PT,Portugal,2010,Y25T34,ISCED11A_3_4,_T,79.5645,,%
oecd-emp-rate-upper-secondary,PT,Portugal,2011,Y25T34,ISCED11A_3_4,_T,80.1397,,%
oecd-emp-rate-upper-secondary,PT,Portugal,2012,Y25T34,ISCED11A_3_4,_T,75.3466,,%
oecd-emp-rate-upper-secondary,PT,Portugal,2013,Y25T34,ISCED11A_3_4,_T,75.9396,,%
oecd-emp-rate-upper-secondary,PT,Portugal,2014,Y25T34,ISCED11A_3_4,_T,77.4011,,%
oecd-emp-rate-upper-secondary,PT,Portugal,2015,Y25T34,ISCED11A_3_4,_T,78.2033,,%
oecd-emp-rate-upper-secondary,PT,Portugal,2016,Y25T34,ISCED11A_3_4,_T,77.6355,,%
oecd-emp-rate-upper-secondary,PT,Portugal,2017,Y25T34,ISCED11A_3_4,_T,81.7218,,%
oecd-emp-rate-upper-secondary,PT,Portugal,2018,Y25T34,ISCED11A_3_4,_T,83.7669,,%
oecd-emp-rate-upper-secondary,PT,Portugal,2019,Y25T34,ISCED11A_3_4,_T,85.68,,%
oecd-emp-rate-upper-secondary,PT,Portugal,2020,Y25T34,ISCED11A_3_4,_T,81.9055,,%
oecd-emp-rate-upper-secondary,PT,Portugal,2021,Y25T34,ISCED11A_3_4,_T,79.1833,,%
oecd-emp-rate-upper-secondary,PT,Portugal,2022,Y25T34,ISCED11A_3_4,_T,82.4487,,%
oecd-emp-rate-upper-secondary,PT,Portugal,2023,Y25T34,ISCED11A_3_4,_T,84.8899,,%
oecd-emp-rate-upper-secondary,PT,Portugal,2024,Y25T34,ISCED11A_3_4,_T,85.3112,,%
oecd-emp-rate-upper-secondary,PT,Portugal,2025,Y25T34,ISCED11A_3_4,_T,86.1132,,%
oecd-emp-rate-upper-secondary,RO,Romania,2015,Y25T34,ISCED11A_3_4,_T,76.5446,B,%
oecd-emp-rate-upper-secondary,RO,Romania,2019,Y25T34,ISCED11A_3_4,_T,81.4988,,%
oecd-emp-rate-upper-secondary,RO,Romania,2021,Y25T34,ISCED11A_3_4,_T,78.6299,,%
oecd-emp-rate-upper-secondary,RO,Romania,2022,Y25T34,ISCED11A_3_4,_T,79.1571,,%
oecd-emp-rate-upper-secondary,RO,Romania,2023,Y25T34,ISCED11A_3_4,_T,79.2114,,%
oecd-emp-rate-upper-secondary,RO,Romania,2024,Y25T34,ISCED11A_3_4,_T,80.4203,,%
oecd-emp-rate-upper-secondary,RO,Romania,2025,Y25T34,ISCED11A_3_4,_T,80.7014,,%
oecd-emp-rate-upper-secondary,SE,Sweden,2010,Y25T34,ISCED11A_3_4,_T,80.3291,B,%
oecd-emp-rate-upper-secondary,SE,Sweden,2011,Y25T34,ISCED11A_3_4,_T,83.0394,B,%
oecd-emp-rate-upper-secondary,SE,Sweden,2012,Y25T34,ISCED11A_3_4,_T,80.4176,B,%
oecd-emp-rate-upper-secondary,SE,Sweden,2013,Y25T34,ISCED11A_3_4,_T,80.2482,B,%
oecd-emp-rate-upper-secondary,SE,Sweden,2014,Y25T34,ISCED11A_3_4,_T,83.6661,,%
oecd-emp-rate-upper-secondary,SE,Sweden,2015,Y25T34,ISCED11A_3_4,_T,83.6288,,%
oecd-emp-rate-upper-secondary,SE,Sweden,2016,Y25T34,ISCED11A_3_4,_T,83.6356,,%
oecd-emp-rate-upper-secondary,SE,Sweden,2017,Y25T34,ISCED11A_3_4,_T,84.3169,,%
oecd-emp-rate-upper-secondary,SE,Sweden,2018,Y25T34,ISCED11A_3_4,_T,84.7434,,%
oecd-emp-rate-upper-secondary,SE,Sweden,2019,Y25T34,ISCED11A_3_4,_T,83.0645,,%
oecd-emp-rate-upper-secondary,SE,Sweden,2020,Y25T34,ISCED11A_3_4,_T,82.4669,,%
oecd-emp-rate-upper-secondary,SE,Sweden,2021,Y25T34,ISCED11A_3_4,_T,81.3497,,%
oecd-emp-rate-upper-secondary,SE,Sweden,2022,Y25T34,ISCED11A_3_4,_T,81.7376,,%
oecd-emp-rate-upper-secondary,SE,Sweden,2023,Y25T34,ISCED11A_3_4,_T,81.8709,,%
oecd-emp-rate-upper-secondary,SE,Sweden,2024,Y25T34,ISCED11A_3_4,_T,80.6797,,%
oecd-emp-rate-upper-secondary,SE,Sweden,2025,Y25T34,ISCED11A_3_4,_T,79.8922,,%
oecd-emp-rate-upper-secondary,SI,Slovenia,2010,Y25T34,ISCED11A_3_4,_T,80.5231,B,%
oecd-emp-rate-upper-secondary,SI,Slovenia,2011,Y25T34,ISCED11A_3_4,_T,79.1993,B,%
oecd-emp-rate-upper-secondary,SI,Slovenia,2012,Y25T34,ISCED11A_3_4,_T,79.848,B,%
oecd-emp-rate-upper-secondary,SI,Slovenia,2013,Y25T34,ISCED11A_3_4,_T,75.4757,B,%
oecd-emp-rate-upper-secondary,SI,Slovenia,2014,Y25T34,ISCED11A_3_4,_T,75.3269,,%
oecd-emp-rate-upper-secondary,SI,Slovenia,2015,Y25T34,ISCED11A_3_4,_T,77.5136,,%
oecd-emp-rate-upper-secondary,SI,Slovenia,2016,Y25T34,ISCED11A_3_4,_T,80.3305,,%
oecd-emp-rate-upper-secondary,SI,Slovenia,2017,Y25T34,ISCED11A_3_4,_T,83.1104,,%
oecd-emp-rate-upper-secondary,SI,Slovenia,2018,Y25T34,ISCED11A_3_4,_T,84.7814,,%
oecd-emp-rate-upper-secondary,SI,Slovenia,2019,Y25T34,ISCED11A_3_4,_T,85.7772,,%
oecd-emp-rate-upper-secondary,SI,Slovenia,2020,Y25T34,ISCED11A_3_4,_T,83.5278,,%
oecd-emp-rate-upper-secondary,SI,Slovenia,2021,Y25T34,ISCED11A_3_4,_T,83.5148,,%
oecd-emp-rate-upper-secondary,SI,Slovenia,2022,Y25T34,ISCED11A_3_4,_T,85.3197,,%
oecd-emp-rate-upper-secondary,SI,Slovenia,2023,Y25T34,ISCED11A_3_4,_T,89.3805,,%
oecd-emp-rate-upper-secondary,SI,Slovenia,2024,Y25T34,ISCED11A_3_4,_T,87.7457,,%
oecd-emp-rate-upper-secondary,SI,Slovenia,2025,Y25T34,ISCED11A_3_4,_T,87.2751,,%
oecd-emp-rate-upper-secondary,SK,Slovakia,2010,Y25T34,ISCED11A_3_4,_T,71.9567,B,%
oecd-emp-rate-upper-secondary,SK,Slovakia,2011,Y25T34,ISCED11A_3_4,_T,71.0555,B,%
oecd-emp-rate-upper-secondary,SK,Slovakia,2012,Y25T34,ISCED11A_3_4,_T,71.8248,B,%
oecd-emp-rate-upper-secondary,SK,Slovakia,2013,Y25T34,ISCED11A_3_4,_T,70.2422,B,%
oecd-emp-rate-upper-secondary,SK,Slovakia,2014,Y25T34,ISCED11A_3_4,_T,71.3391,,%
oecd-emp-rate-upper-secondary,SK,Slovakia,2015,Y25T34,ISCED11A_3_4,_T,75.6422,,%
oecd-emp-rate-upper-secondary,SK,Slovakia,2016,Y25T34,ISCED11A_3_4,_T,77.8186,,%
oecd-emp-rate-upper-secondary,SK,Slovakia,2017,Y25T34,ISCED11A_3_4,_T,77.6734,,%
oecd-emp-rate-upper-secondary,SK,Slovakia,2018,Y25T34,ISCED11A_3_4,_T,80.2285,,%
oecd-emp-rate-upper-secondary,SK,Slovakia,2019,Y25T34,ISCED11A_3_4,_T,80.9145,,%
oecd-emp-rate-upper-secondary,SK,Slovakia,2020,Y25T34,ISCED11A_3_4,_T,78.4261,,%
oecd-emp-rate-upper-secondary,SK,Slovakia,2021,Y25T34,ISCED11A_3_4,_T,82.9428,,%
oecd-emp-rate-upper-secondary,SK,Slovakia,2022,Y25T34,ISCED11A_3_4,_T,83.1069,,%
oecd-emp-rate-upper-secondary,SK,Slovakia,2023,Y25T34,ISCED11A_3_4,_T,82.3124,,%
oecd-emp-rate-upper-secondary,SK,Slovakia,2024,Y25T34,ISCED11A_3_4,_T,84.3053,,%
oecd-emp-rate-upper-secondary,SK,Slovakia,2025,Y25T34,ISCED11A_3_4,_T,83.1098,,%
oecd-emp-rate-upper-secondary,TR,Türkiye,2010,Y25T34,ISCED11A_3_4,_T,63.9698,B,%
oecd-emp-rate-upper-secondary,TR,Türkiye,2011,Y25T34,ISCED11A_3_4,_T,65.7474,B,%
oecd-emp-rate-upper-secondary,TR,Türkiye,2012,Y25T34,ISCED11A_3_4,_T,64.9967,B,%
oecd-emp-rate-upper-secondary,TR,Türkiye,2013,Y25T34,ISCED11A_3_4,_T,65.7003,B,%
oecd-emp-rate-upper-secondary,TR,Türkiye,2014,Y25T34,ISCED11A_3_4,_T,65.1956,,%
oecd-emp-rate-upper-secondary,TR,Türkiye,2015,Y25T34,ISCED11A_3_4,_T,65.7307,,%
oecd-emp-rate-upper-secondary,TR,Türkiye,2016,Y25T34,ISCED11A_3_4,_T,65.0104,,%
oecd-emp-rate-upper-secondary,TR,Türkiye,2017,Y25T34,ISCED11A_3_4,_T,65.1244,,%
oecd-emp-rate-upper-secondary,TR,Türkiye,2018,Y25T34,ISCED11A_3_4,_T,64.9912,,%
oecd-emp-rate-upper-secondary,TR,Türkiye,2019,Y25T34,ISCED11A_3_4,_T,60.8142,,%
oecd-emp-rate-upper-secondary,TR,Türkiye,2021,Y25T34,ISCED11A_3_4,_T,60.8258,,%
oecd-emp-rate-upper-secondary,TR,Türkiye,2022,Y25T34,ISCED11A_3_4,_T,64.5295,,%
oecd-emp-rate-upper-secondary,TR,Türkiye,2023,Y25T34,ISCED11A_3_4,_T,64.566,,%
oecd-emp-rate-upper-secondary,TR,Türkiye,2024,Y25T34,ISCED11A_3_4,_T,65.7292,,%
oecd-emp-rate-upper-secondary,TR,Türkiye,2025,Y25T34,ISCED11A_3_4,_T,64.5004,,%
oecd-emp-rate-upper-secondary,UK,United Kingdom,2010,Y25T34,ISCED11A_3_4,_T,79.2095,B,%
oecd-emp-rate-upper-secondary,UK,United Kingdom,2011,Y25T34,ISCED11A_3_4,_T,78.125,B,%
oecd-emp-rate-upper-secondary,UK,United Kingdom,2012,Y25T34,ISCED11A_3_4,_T,79.5902,B,%
oecd-emp-rate-upper-secondary,UK,United Kingdom,2013,Y25T34,ISCED11A_3_4,_T,79.9773,B,%
oecd-emp-rate-upper-secondary,UK,United Kingdom,2014,Y25T34,ISCED11A_3_4,_T,80.8782,,%
oecd-emp-rate-upper-secondary,UK,United Kingdom,2015,Y25T34,ISCED11A_3_4,_T,81.2263,,%
oecd-emp-rate-upper-secondary,UK,United Kingdom,2016,Y25T34,ISCED11A_3_4,_T,81.3647,,%
oecd-emp-rate-upper-secondary,UK,United Kingdom,2017,Y25T34,ISCED11A_3_4,_T,83.3175,,%
oecd-emp-rate-upper-secondary,UK,United Kingdom,2018,Y25T34,ISCED11A_3_4,_T,83.5799,,%
oecd-emp-rate-upper-secondary,UK,United Kingdom,2019,Y25T34,ISCED11A_3_4,_T,84.5802,,%
oecd-emp-rate-upper-secondary,UK,United Kingdom,2020,Y25T34,ISCED11A_3_4,_T,84.0113,,%
oecd-emp-rate-upper-secondary,UK,United Kingdom,2021,Y25T34,ISCED11A_3_4,_T,83.2829,,%
oecd-emp-rate-upper-secondary,UK,United Kingdom,2022,Y25T34,ISCED11A_3_4,_T,84.3309,,%
oecd-emp-rate-upper-secondary,UK,United Kingdom,2023,Y25T34,ISCED11A_3_4,_T,82.2599,,%
oecd-emp-rate-upper-secondary,UK,United Kingdom,2024,Y25T34,ISCED11A_3_4,_T,82.4619,,%
oecd-emp-rate-upper-secondary,UK,United Kingdom,2025,Y25T34,ISCED11A_3_4,_T,81.7199,,%
oecd-emp-rate-upper-secondary,AT,Austria,2014,Y25T64,ISCED11A_34_44,F,72.2231,,%
oecd-emp-rate-upper-secondary,AT,Austria,2015,Y25T64,ISCED11A_34_44,F,69.408,,%
oecd-emp-rate-upper-secondary,AT,Austria,2016,Y25T64,ISCED11A_34_44,F,69.8556,,%
oecd-emp-rate-upper-secondary,AT,Austria,2017,Y25T64,ISCED11A_34_44,F,71.8546,,%
oecd-emp-rate-upper-secondary,AT,Austria,2018,Y25T64,ISCED11A_34_44,F,71.1636,,%
oecd-emp-rate-upper-secondary,AT,Austria,2019,Y25T64,ISCED11A_34_44,F,70.7702,,%
oecd-emp-rate-upper-secondary,AT,Austria,2020,Y25T64,ISCED11A_34_44,F,67.4505,,%
oecd-emp-rate-upper-secondary,AT,Austria,2021,Y25T64,ISCED11A_34_44,F,67.5363,,%
oecd-emp-rate-upper-secondary,AT,Austria,2022,Y25T64,ISCED11A_34_44,F,70.8972,,%
oecd-emp-rate-upper-secondary,AT,Austria,2023,Y25T64,ISCED11A_34_44,F,73.0971,,%
oecd-emp-rate-upper-secondary,AT,Austria,2024,Y25T64,ISCED11A_34_44,F,71.0761,,%
oecd-emp-rate-upper-secondary,AT,Austria,2025,Y25T64,ISCED11A_34_44,F,73.2397,,%
oecd-emp-rate-upper-secondary,BE,Belgium,2014,Y25T64,ISCED11A_34_44,F,63.1196,,%
oecd-emp-rate-upper-secondary,BE,Belgium,2015,Y25T64,ISCED11A_34_44,F,62.8132,,%
oecd-emp-rate-upper-secondary,BE,Belgium,2016,Y25T64,ISCED11A_34_44,F,60.6483,,%
oecd-emp-rate-upper-secondary,BE,Belgium,2017,Y25T64,ISCED11A_34_44,F,62.3117,,%
oecd-emp-rate-upper-secondary,BE,Belgium,2018,Y25T64,ISCED11A_34_44,F,65.5454,,%
oecd-emp-rate-upper-secondary,BE,Belgium,2019,Y25T64,ISCED11A_34_44,F,65.5503,,%
oecd-emp-rate-upper-secondary,BE,Belgium,2020,Y25T64,ISCED11A_34_44,F,61.155,,%
oecd-emp-rate-upper-secondary,BE,Belgium,2021,Y25T64,ISCED11A_34_44,F,60.5717,,%
oecd-emp-rate-upper-secondary,BE,Belgium,2022,Y25T64,ISCED11A_34_44,F,62.8188,,%
oecd-emp-rate-upper-secondary,BE,Belgium,2023,Y25T64,ISCED11A_34_44,F,62.965,,%
oecd-emp-rate-upper-secondary,BE,Belgium,2024,Y25T64,ISCED11A_34_44,F,62.6556,,%
oecd-emp-rate-upper-secondary,BE,Belgium,2025,Y25T64,ISCED11A_34_44,F,61.2187,,%
oecd-emp-rate-upper-secondary,BG,Bulgaria,2015,Y25T64,ISCED11A_34_44,F,66.7322,,%
oecd-emp-rate-upper-secondary,BG,Bulgaria,2016,Y25T64,ISCED11A_34_44,F,66.7014,,%
oecd-emp-rate-upper-secondary,BG,Bulgaria,2019,Y25T64,ISCED11A_34_44,F,74.244,,%
oecd-emp-rate-upper-secondary,BG,Bulgaria,2022,Y25T64,ISCED11A_34_44,F,74.2629,,%
oecd-emp-rate-upper-secondary,BG,Bulgaria,2023,Y25T64,ISCED11A_34_44,F,74.0874,,%
oecd-emp-rate-upper-secondary,BG,Bulgaria,2024,Y25T64,ISCED11A_34_44,F,74.4529,,%
oecd-emp-rate-upper-secondary,BG,Bulgaria,2025,Y25T64,ISCED11A_34_44,F,74.2385,,%
oecd-emp-rate-upper-secondary,CH,Switzerland,2014,Y25T64,ISCED11A_34_44,F,72.7586,,%
oecd-emp-rate-upper-secondary,CH,Switzerland,2015,Y25T64,ISCED11A_34_44,F,74.4748,,%
oecd-emp-rate-upper-secondary,CH,Switzerland,2016,Y25T64,ISCED11A_34_44,F,75.8154,,%
oecd-emp-rate-upper-secondary,CH,Switzerland,2017,Y25T64,ISCED11A_34_44,F,76.495,,%
oecd-emp-rate-upper-secondary,CH,Switzerland,2018,Y25T64,ISCED11A_34_44,F,73.9638,,%
oecd-emp-rate-upper-secondary,CH,Switzerland,2019,Y25T64,ISCED11A_34_44,F,74.8159,,%
oecd-emp-rate-upper-secondary,CH,Switzerland,2020,Y25T64,ISCED11A_34_44,F,73.9588,,%
oecd-emp-rate-upper-secondary,CH,Switzerland,2021,Y25T64,ISCED11A_34_44,F,75.0765,,%
oecd-emp-rate-upper-secondary,CH,Switzerland,2022,Y25T64,ISCED11A_34_44,F,78.5704,,%
oecd-emp-rate-upper-secondary,CH,Switzerland,2023,Y25T64,ISCED11A_34_44,F,78.0031,,%
oecd-emp-rate-upper-secondary,CH,Switzerland,2024,Y25T64,ISCED11A_34_44,F,78.3502,,%
oecd-emp-rate-upper-secondary,CH,Switzerland,2025,Y25T64,ISCED11A_34_44,F,77.673,,%
oecd-emp-rate-upper-secondary,CZ,Czechia,2018,Y25T64,ISCED11A_34_44,F,77.9516,,%
oecd-emp-rate-upper-secondary,CZ,Czechia,2019,Y25T64,ISCED11A_34_44,F,79.1544,,%
oecd-emp-rate-upper-secondary,CZ,Czechia,2020,Y25T64,ISCED11A_34_44,F,76.208,,%
oecd-emp-rate-upper-secondary,CZ,Czechia,2021,Y25T64,ISCED11A_34_44,F,77.9199,,%
oecd-emp-rate-upper-secondary,CZ,Czechia,2022,Y25T64,ISCED11A_34_44,F,79.7708,,%
oecd-emp-rate-upper-secondary,CZ,Czechia,2024,Y25T64,ISCED11A_34_44,F,80.8672,,%
oecd-emp-rate-upper-secondary,DE,Germany,2014,Y25T64,ISCED11A_34_44,F,57.0813,,%
oecd-emp-rate-upper-secondary,DE,Germany,2015,Y25T64,ISCED11A_34_44,F,56.8623,,%
oecd-emp-rate-upper-secondary,DE,Germany,2016,Y25T64,ISCED11A_34_44,F,57.8591,,%
oecd-emp-rate-upper-secondary,DE,Germany,2017,Y25T64,ISCED11A_34_44,F,59.7291,,%
oecd-emp-rate-upper-secondary,DE,Germany,2018,Y25T64,ISCED11A_34_44,F,60.0366,,%
oecd-emp-rate-upper-secondary,DE,Germany,2019,Y25T64,ISCED11A_34_44,F,61.4153,,%
oecd-emp-rate-upper-secondary,DE,Germany,2020,Y25T64,ISCED11A_34_44,F,61.6473,,%
oecd-emp-rate-upper-secondary,DE,Germany,2021,Y25T64,ISCED11A_34_44,F,63.6305,,%
oecd-emp-rate-upper-secondary,DE,Germany,2022,Y25T64,ISCED11A_34_44,F,64.8539,,%
oecd-emp-rate-upper-secondary,DE,Germany,2023,Y25T64,ISCED11A_34_44,F,65.6104,,%
oecd-emp-rate-upper-secondary,DE,Germany,2024,Y25T64,ISCED11A_34_44,F,66.1886,,%
oecd-emp-rate-upper-secondary,DE,Germany,2025,Y25T64,ISCED11A_34_44,F,62.2794,,%
oecd-emp-rate-upper-secondary,DK,Denmark,2010,Y25T64,ISCED11A_34_44,F,74.0151,,%
oecd-emp-rate-upper-secondary,DK,Denmark,2011,Y25T64,ISCED11A_34_44,F,70.9353,,%
oecd-emp-rate-upper-secondary,DK,Denmark,2012,Y25T64,ISCED11A_34_44,F,67.8106,,%
oecd-emp-rate-upper-secondary,DK,Denmark,2013,Y25T64,ISCED11A_34_44,F,70.1117,,%
oecd-emp-rate-upper-secondary,DK,Denmark,2014,Y25T64,ISCED11A_34_44,F,60.4016,,%
oecd-emp-rate-upper-secondary,DK,Denmark,2015,Y25T64,ISCED11A_34_44,F,69.8958,,%
oecd-emp-rate-upper-secondary,DK,Denmark,2016,Y25T64,ISCED11A_34_44,F,71.2042,,%
oecd-emp-rate-upper-secondary,DK,Denmark,2017,Y25T64,ISCED11A_34_44,F,70.187,,%
oecd-emp-rate-upper-secondary,DK,Denmark,2018,Y25T64,ISCED11A_34_44,F,69.5645,,%
oecd-emp-rate-upper-secondary,DK,Denmark,2019,Y25T64,ISCED11A_34_44,F,69.5368,,%
oecd-emp-rate-upper-secondary,DK,Denmark,2020,Y25T64,ISCED11A_34_44,F,68.9914,,%
oecd-emp-rate-upper-secondary,DK,Denmark,2021,Y25T64,ISCED11A_34_44,F,67.063,,%
oecd-emp-rate-upper-secondary,DK,Denmark,2022,Y25T64,ISCED11A_34_44,F,73.8339,,%
oecd-emp-rate-upper-secondary,DK,Denmark,2023,Y25T64,ISCED11A_34_44,F,67.6638,,%
oecd-emp-rate-upper-secondary,DK,Denmark,2024,Y25T64,ISCED11A_34_44,F,65.9109,,%
oecd-emp-rate-upper-secondary,DK,Denmark,2025,Y25T64,ISCED11A_34_44,F,68.6673,B,%
oecd-emp-rate-upper-secondary,EE,Estonia,2014,Y25T64,ISCED11A_34_44,F,64.5604,,%
oecd-emp-rate-upper-secondary,EE,Estonia,2015,Y25T64,ISCED11A_34_44,F,70.0001,,%
oecd-emp-rate-upper-secondary,EE,Estonia,2016,Y25T64,ISCED11A_34_44,F,70.4847,,%
oecd-emp-rate-upper-secondary,EE,Estonia,2017,Y25T64,ISCED11A_34_44,F,72.9434,,%
oecd-emp-rate-upper-secondary,EE,Estonia,2018,Y25T64,ISCED11A_34_44,F,72.5873,,%
oecd-emp-rate-upper-secondary,EE,Estonia,2019,Y25T64,ISCED11A_34_44,F,72.7838,,%
oecd-emp-rate-upper-secondary,EE,Estonia,2020,Y25T64,ISCED11A_34_44,F,71.9938,,%
oecd-emp-rate-upper-secondary,EE,Estonia,2021,Y25T64,ISCED11A_34_44,F,73.3953,,%
oecd-emp-rate-upper-secondary,EE,Estonia,2022,Y25T64,ISCED11A_34_44,F,76.0859,,%
oecd-emp-rate-upper-secondary,EE,Estonia,2023,Y25T64,ISCED11A_34_44,F,77.4008,,%
oecd-emp-rate-upper-secondary,EE,Estonia,2024,Y25T64,ISCED11A_34_44,F,76.8226,,%
oecd-emp-rate-upper-secondary,EE,Estonia,2025,Y25T64,ISCED11A_34_44,F,80.1528,,%
oecd-emp-rate-upper-secondary,EL,Greece,2010,Y25T64,ISCED11A_34_44,F,50.3144,B,%
oecd-emp-rate-upper-secondary,EL,Greece,2011,Y25T64,ISCED11A_34_44,F,47.9275,B,%
oecd-emp-rate-upper-secondary,EL,Greece,2012,Y25T64,ISCED11A_34_44,F,43.8727,B,%
oecd-emp-rate-upper-secondary,EL,Greece,2013,Y25T64,ISCED11A_34_44,F,41.1199,B,%
oecd-emp-rate-upper-secondary,EL,Greece,2014,Y25T64,ISCED11A_34_44,F,40.6797,,%
oecd-emp-rate-upper-secondary,EL,Greece,2015,Y25T64,ISCED11A_34_44,F,41.5386,,%
oecd-emp-rate-upper-secondary,EL,Greece,2016,Y25T64,ISCED11A_34_44,F,43.6155,,%
oecd-emp-rate-upper-secondary,EL,Greece,2017,Y25T64,ISCED11A_34_44,F,44.0645,,%
oecd-emp-rate-upper-secondary,EL,Greece,2018,Y25T64,ISCED11A_34_44,F,44.7293,,%
oecd-emp-rate-upper-secondary,EL,Greece,2019,Y25T64,ISCED11A_34_44,F,46.8941,,%
oecd-emp-rate-upper-secondary,EL,Greece,2020,Y25T64,ISCED11A_34_44,F,46.6482,,%
oecd-emp-rate-upper-secondary,EL,Greece,2021,Y25T64,ISCED11A_34_44,F,46.3154,,%
oecd-emp-rate-upper-secondary,EL,Greece,2022,Y25T64,ISCED11A_34_44,F,48.2267,,%
oecd-emp-rate-upper-secondary,EL,Greece,2023,Y25T64,ISCED11A_34_44,F,49.804,,%
oecd-emp-rate-upper-secondary,EL,Greece,2024,Y25T64,ISCED11A_34_44,F,52.8493,,%
oecd-emp-rate-upper-secondary,EL,Greece,2025,Y25T64,ISCED11A_34_44,F,56.7105,,%
oecd-emp-rate-upper-secondary,ES,Spain,2014,Y25T64,ISCED11A_34_44,F,60.5513,,%
oecd-emp-rate-upper-secondary,ES,Spain,2015,Y25T64,ISCED11A_34_44,F,61.2954,,%
oecd-emp-rate-upper-secondary,ES,Spain,2016,Y25T64,ISCED11A_34_44,F,62.317,,%
oecd-emp-rate-upper-secondary,ES,Spain,2017,Y25T64,ISCED11A_34_44,F,63.3342,,%
oecd-emp-rate-upper-secondary,ES,Spain,2018,Y25T64,ISCED11A_34_44,F,63.0061,,%
oecd-emp-rate-upper-secondary,ES,Spain,2019,Y25T64,ISCED11A_34_44,F,64.4687,,%
oecd-emp-rate-upper-secondary,ES,Spain,2020,Y25T64,ISCED11A_34_44,F,61.0151,,%
oecd-emp-rate-upper-secondary,ES,Spain,2021,Y25T64,ISCED11A_34_44,F,62.9016,,%
oecd-emp-rate-upper-secondary,ES,Spain,2022,Y25T64,ISCED11A_34_44,F,64.2094,,%
oecd-emp-rate-upper-secondary,ES,Spain,2023,Y25T64,ISCED11A_34_44,F,65.9652,,%
oecd-emp-rate-upper-secondary,ES,Spain,2024,Y25T64,ISCED11A_34_44,F,67.5134,,%
oecd-emp-rate-upper-secondary,ES,Spain,2025,Y25T64,ISCED11A_34_44,F,68.5527,,%
oecd-emp-rate-upper-secondary,FI,Finland,2014,Y25T64,ISCED11A_34_44,F,64.6986,,%
oecd-emp-rate-upper-secondary,FI,Finland,2015,Y25T64,ISCED11A_34_44,F,53.803,,%
oecd-emp-rate-upper-secondary,FI,Finland,2016,Y25T64,ISCED11A_34_44,F,66.129,,%
oecd-emp-rate-upper-secondary,FI,Finland,2017,Y25T64,ISCED11A_34_44,F,70.4918,,%
oecd-emp-rate-upper-secondary,FI,Finland,2018,Y25T64,ISCED11A_34_44,F,70.9091,,%
oecd-emp-rate-upper-secondary,FI,Finland,2019,Y25T64,ISCED11A_34_44,F,69.0141,,%
oecd-emp-rate-upper-secondary,FI,Finland,2020,Y25T64,ISCED11A_34_44,F,62.1212,,%
oecd-emp-rate-upper-secondary,FI,Finland,2021,Y25T64,ISCED11A_34_44,F,67.6056,,%
oecd-emp-rate-upper-secondary,FI,Finland,2022,Y25T64,ISCED11A_34_44,F,67.0588,,%
oecd-emp-rate-upper-secondary,FI,Finland,2023,Y25T64,ISCED11A_34_44,F,67.4157,,%
oecd-emp-rate-upper-secondary,FI,Finland,2024,Y25T64,ISCED11A_34_44,F,62.6506,,%
oecd-emp-rate-upper-secondary,FI,Finland,2025,Y25T64,ISCED11A_34_44,F,60.0,,%
oecd-emp-rate-upper-secondary,FR,France,2013,Y25T64,ISCED11A_34_44,F,71.8421,,%
oecd-emp-rate-upper-secondary,FR,France,2014,Y25T64,ISCED11A_34_44,F,70.3599,,%
oecd-emp-rate-upper-secondary,FR,France,2015,Y25T64,ISCED11A_34_44,F,71.7191,,%
oecd-emp-rate-upper-secondary,FR,France,2016,Y25T64,ISCED11A_34_44,F,70.9215,,%
oecd-emp-rate-upper-secondary,FR,France,2017,Y25T64,ISCED11A_34_44,F,69.8604,,%
oecd-emp-rate-upper-secondary,FR,France,2018,Y25T64,ISCED11A_34_44,F,70.9166,,%
oecd-emp-rate-upper-secondary,FR,France,2019,Y25T64,ISCED11A_34_44,F,71.3839,,%
oecd-emp-rate-upper-secondary,FR,France,2020,Y25T64,ISCED11A_34_44,F,69.5991,,%
oecd-emp-rate-upper-secondary,FR,France,2021,Y25T64,ISCED11A_34_44,F,70.754,,%
oecd-emp-rate-upper-secondary,FR,France,2022,Y25T64,ISCED11A_34_44,F,70.4983,,%
oecd-emp-rate-upper-secondary,FR,France,2023,Y25T64,ISCED11A_34_44,F,70.2307,,%
oecd-emp-rate-upper-secondary,FR,France,2024,Y25T64,ISCED11A_34_44,F,70.7378,,%
oecd-emp-rate-upper-secondary,FR,France,2025,Y25T64,ISCED11A_34_44,F,69.9988,,%
oecd-emp-rate-upper-secondary,HR,Croatia,2015,Y25T64,ISCED11A_34_44,F,47.0103,,%
oecd-emp-rate-upper-secondary,HR,Croatia,2016,Y25T64,ISCED11A_34_44,F,57.1429,,%
oecd-emp-rate-upper-secondary,HR,Croatia,2019,Y25T64,ISCED11A_34_44,F,53.2217,,%
oecd-emp-rate-upper-secondary,HR,Croatia,2023,Y25T64,ISCED11A_34_44,F,67.5676,,%
oecd-emp-rate-upper-secondary,HR,Croatia,2024,Y25T64,ISCED11A_34_44,F,67.0382,,%
oecd-emp-rate-upper-secondary,HR,Croatia,2025,Y25T64,ISCED11A_34_44,F,66.2404,,%
oecd-emp-rate-upper-secondary,HU,Hungary,2014,Y25T64,ISCED11A_34_44,F,64.0675,,%
oecd-emp-rate-upper-secondary,HU,Hungary,2015,Y25T64,ISCED11A_34_44,F,66.4122,,%
oecd-emp-rate-upper-secondary,HU,Hungary,2016,Y25T64,ISCED11A_34_44,F,69.1155,,%
oecd-emp-rate-upper-secondary,HU,Hungary,2017,Y25T64,ISCED11A_34_44,F,69.2506,,%
oecd-emp-rate-upper-secondary,HU,Hungary,2018,Y25T64,ISCED11A_34_44,F,69.3571,,%
oecd-emp-rate-upper-secondary,HU,Hungary,2019,Y25T64,ISCED11A_34_44,F,72.3235,,%
oecd-emp-rate-upper-secondary,HU,Hungary,2020,Y25T64,ISCED11A_34_44,F,69.7178,,%
oecd-emp-rate-upper-secondary,HU,Hungary,2021,Y25T64,ISCED11A_34_44,F,75.088,,%
oecd-emp-rate-upper-secondary,HU,Hungary,2022,Y25T64,ISCED11A_34_44,F,79.397,,%
oecd-emp-rate-upper-secondary,HU,Hungary,2023,Y25T64,ISCED11A_34_44,F,79.5686,,%
oecd-emp-rate-upper-secondary,HU,Hungary,2024,Y25T64,ISCED11A_34_44,F,80.4464,,%
oecd-emp-rate-upper-secondary,HU,Hungary,2025,Y25T64,ISCED11A_34_44,F,79.4703,,%
oecd-emp-rate-upper-secondary,IE,Ireland,2014,Y25T64,ISCED11A_34_44,F,60.0961,,%
oecd-emp-rate-upper-secondary,IE,Ireland,2015,Y25T64,ISCED11A_34_44,F,60.5113,,%
oecd-emp-rate-upper-secondary,IE,Ireland,2017,Y25T64,ISCED11A_34_44,F,60.285,,%
oecd-emp-rate-upper-secondary,IE,Ireland,2019,Y25T64,ISCED11A_34_44,F,62.9748,,%
oecd-emp-rate-upper-secondary,IE,Ireland,2020,Y25T64,ISCED11A_34_44,F,57.7907,,%
oecd-emp-rate-upper-secondary,IE,Ireland,2022,Y25T64,ISCED11A_34_44,F,63.7817,W,%
oecd-emp-rate-upper-secondary,IE,Ireland,2023,Y25T64,ISCED11A_34_44,F,65.3553,,%
oecd-emp-rate-upper-secondary,IE,Ireland,2024,Y25T64,ISCED11A_34_44,F,64.6493,,%
oecd-emp-rate-upper-secondary,IE,Ireland,2025,Y25T64,ISCED11A_34_44,F,65.5305,,%
oecd-emp-rate-upper-secondary,IS,Iceland,2010,Y25T64,ISCED11A_34_44,F,70.6612,,%
oecd-emp-rate-upper-secondary,IS,Iceland,2011,Y25T64,ISCED11A_34_44,F,68.6787,,%
oecd-emp-rate-upper-secondary,IS,Iceland,2012,Y25T64,ISCED11A_34_44,F,72.309,,%
oecd-emp-rate-upper-secondary,IS,Iceland,2013,Y25T64,ISCED11A_34_44,F,75.5879,,%
oecd-emp-rate-upper-secondary,IS,Iceland,2014,Y25T64,ISCED11A_34_44,F,75.3946,,%
oecd-emp-rate-upper-secondary,IS,Iceland,2015,Y25T64,ISCED11A_34_44,F,75.1541,,%
oecd-emp-rate-upper-secondary,IS,Iceland,2016,Y25T64,ISCED11A_34_44,F,81.1292,,%
oecd-emp-rate-upper-secondary,IS,Iceland,2017,Y25T64,ISCED11A_34_44,F,82.7008,,%
oecd-emp-rate-upper-secondary,IS,Iceland,2018,Y25T64,ISCED11A_34_44,F,76.0835,,%
oecd-emp-rate-upper-secondary,IS,Iceland,2019,Y25T64,ISCED11A_34_44,F,73.1986,,%
oecd-emp-rate-upper-secondary,IS,Iceland,2020,Y25T64,ISCED11A_34_44,F,72.7126,,%
oecd-emp-rate-upper-secondary,IS,Iceland,2021,Y25T64,ISCED11A_34_44,F,67.3866,,%
oecd-emp-rate-upper-secondary,IS,Iceland,2022,Y25T64,ISCED11A_34_44,F,73.5205,,%
oecd-emp-rate-upper-secondary,IS,Iceland,2023,Y25T64,ISCED11A_34_44,F,74.4452,,%
oecd-emp-rate-upper-secondary,IT,Italy,2014,Y25T64,ISCED11A_34_44,F,57.8317,,%
oecd-emp-rate-upper-secondary,IT,Italy,2015,Y25T64,ISCED11A_34_44,F,57.1874,,%
oecd-emp-rate-upper-secondary,IT,Italy,2016,Y25T64,ISCED11A_34_44,F,57.9301,,%
oecd-emp-rate-upper-secondary,IT,Italy,2017,Y25T64,ISCED11A_34_44,F,58.382,,%
oecd-emp-rate-upper-secondary,IT,Italy,2018,Y25T64,ISCED11A_34_44,F,57.9571,,%
oecd-emp-rate-upper-secondary,IT,Italy,2019,Y25T64,ISCED11A_34_44,F,58.4913,,%
oecd-emp-rate-upper-secondary,IT,Italy,2020,Y25T64,ISCED11A_34_44,F,57.0177,,%
oecd-emp-rate-upper-secondary,IT,Italy,2021,Y25T64,ISCED11A_34_44,F,57.2604,,%
oecd-emp-rate-upper-secondary,IT,Italy,2022,Y25T64,ISCED11A_34_44,F,58.7786,,%
oecd-emp-rate-upper-secondary,IT,Italy,2023,Y25T64,ISCED11A_34_44,F,58.834,,%
oecd-emp-rate-upper-secondary,IT,Italy,2024,Y25T64,ISCED11A_34_44,F,60.6546,,%
oecd-emp-rate-upper-secondary,IT,Italy,2025,Y25T64,ISCED11A_34_44,F,61.0962,,%
oecd-emp-rate-upper-secondary,LT,Lithuania,2014,Y25T64,ISCED11A_34_44,F,65.9046,,%
oecd-emp-rate-upper-secondary,LT,Lithuania,2015,Y25T64,ISCED11A_34_44,F,68.6427,,%
oecd-emp-rate-upper-secondary,LT,Lithuania,2016,Y25T64,ISCED11A_34_44,F,63.7741,,%
oecd-emp-rate-upper-secondary,LT,Lithuania,2017,Y25T64,ISCED11A_34_44,F,65.095,,%
oecd-emp-rate-upper-secondary,LT,Lithuania,2018,Y25T64,ISCED11A_34_44,F,67.2066,,%
oecd-emp-rate-upper-secondary,LT,Lithuania,2019,Y25T64,ISCED11A_34_44,F,67.7953,,%
oecd-emp-rate-upper-secondary,LT,Lithuania,2020,Y25T64,ISCED11A_34_44,F,66.3635,,%
oecd-emp-rate-upper-secondary,LT,Lithuania,2021,Y25T64,ISCED11A_34_44,F,69.3231,,%
oecd-emp-rate-upper-secondary,LT,Lithuania,2022,Y25T64,ISCED11A_34_44,F,69.4766,,%
oecd-emp-rate-upper-secondary,LT,Lithuania,2023,Y25T64,ISCED11A_34_44,F,68.6592,,%
oecd-emp-rate-upper-secondary,LT,Lithuania,2024,Y25T64,ISCED11A_34_44,F,70.9568,,%
oecd-emp-rate-upper-secondary,LT,Lithuania,2025,Y25T64,ISCED11A_34_44,F,69.0498,,%
oecd-emp-rate-upper-secondary,LU,Luxembourg,2014,Y25T64,ISCED11A_34_44,F,68.1614,U,%
oecd-emp-rate-upper-secondary,LU,Luxembourg,2017,Y25T64,ISCED11A_34_44,F,72.6658,,%
oecd-emp-rate-upper-secondary,LU,Luxembourg,2018,Y25T64,ISCED11A_34_44,F,71.0968,,%
oecd-emp-rate-upper-secondary,LU,Luxembourg,2019,Y25T64,ISCED11A_34_44,F,77.3523,,%
oecd-emp-rate-upper-secondary,LU,Luxembourg,2020,Y25T64,ISCED11A_34_44,F,81.002,,%
oecd-emp-rate-upper-secondary,LU,Luxembourg,2022,Y25T64,ISCED11A_34_44,F,71.6701,,%
oecd-emp-rate-upper-secondary,LU,Luxembourg,2023,Y25T64,ISCED11A_34_44,F,72.8743,,%
oecd-emp-rate-upper-secondary,LU,Luxembourg,2024,Y25T64,ISCED11A_34_44,F,70.5298,,%
oecd-emp-rate-upper-secondary,LV,Latvia,2014,Y25T64,ISCED11A_34_44,F,62.2251,,%
oecd-emp-rate-upper-secondary,LV,Latvia,2015,Y25T64,ISCED11A_34_44,F,64.4404,,%
oecd-emp-rate-upper-secondary,LV,Latvia,2016,Y25T64,ISCED11A_34_44,F,64.0768,,%
oecd-emp-rate-upper-secondary,LV,Latvia,2017,Y25T64,ISCED11A_34_44,F,66.4465,,%
oecd-emp-rate-upper-secondary,LV,Latvia,2018,Y25T64,ISCED11A_34_44,F,66.8819,,%
oecd-emp-rate-upper-secondary,LV,Latvia,2019,Y25T64,ISCED11A_34_44,F,67.9139,,%
oecd-emp-rate-upper-secondary,LV,Latvia,2020,Y25T64,ISCED11A_34_44,F,70.4071,,%
oecd-emp-rate-upper-secondary,LV,Latvia,2021,Y25T64,ISCED11A_34_44,F,63.7305,,%
oecd-emp-rate-upper-secondary,LV,Latvia,2022,Y25T64,ISCED11A_34_44,F,67.3457,,%
oecd-emp-rate-upper-secondary,LV,Latvia,2023,Y25T64,ISCED11A_34_44,F,68.0549,,%
oecd-emp-rate-upper-secondary,LV,Latvia,2024,Y25T64,ISCED11A_34_44,F,67.324,,%
oecd-emp-rate-upper-secondary,LV,Latvia,2025,Y25T64,ISCED11A_34_44,F,70.4348,,%
oecd-emp-rate-upper-secondary,NL,Netherlands,2013,Y25T64,ISCED11A_34_44,F,70.1186,B,%
oecd-emp-rate-upper-secondary,NL,Netherlands,2014,Y25T64,ISCED11A_34_44,F,67.6385,,%
oecd-emp-rate-upper-secondary,NL,Netherlands,2015,Y25T64,ISCED11A_34_44,F,69.9868,,%
oecd-emp-rate-upper-secondary,NL,Netherlands,2016,Y25T64,ISCED11A_34_44,F,68.9948,,%
oecd-emp-rate-upper-secondary,NL,Netherlands,2017,Y25T64,ISCED11A_34_44,F,69.2898,,%
oecd-emp-rate-upper-secondary,NL,Netherlands,2018,Y25T64,ISCED11A_34_44,F,71.5578,,%
oecd-emp-rate-upper-secondary,NL,Netherlands,2019,Y25T64,ISCED11A_34_44,F,71.6902,,%
oecd-emp-rate-upper-secondary,NL,Netherlands,2020,Y25T64,ISCED11A_34_44,F,71.3508,,%
oecd-emp-rate-upper-secondary,NL,Netherlands,2021,Y25T64,ISCED11A_34_44,F,69.5356,,%
oecd-emp-rate-upper-secondary,NL,Netherlands,2022,Y25T64,ISCED11A_34_44,F,73.6274,,%
oecd-emp-rate-upper-secondary,NL,Netherlands,2023,Y25T64,ISCED11A_34_44,F,73.8541,,%
oecd-emp-rate-upper-secondary,NL,Netherlands,2024,Y25T64,ISCED11A_34_44,F,73.3015,,%
oecd-emp-rate-upper-secondary,NL,Netherlands,2025,Y25T64,ISCED11A_34_44,F,72.2751,,%
oecd-emp-rate-upper-secondary,NO,Norway,2014,Y25T64,ISCED11A_34_44,F,72.6064,,%
oecd-emp-rate-upper-secondary,NO,Norway,2015,Y25T64,ISCED11A_34_44,F,72.4227,,%
oecd-emp-rate-upper-secondary,NO,Norway,2016,Y25T64,ISCED11A_34_44,F,73.913,,%
oecd-emp-rate-upper-secondary,NO,Norway,2017,Y25T64,ISCED11A_34_44,F,71.916,,%
oecd-emp-rate-upper-secondary,NO,Norway,2018,Y25T64,ISCED11A_34_44,F,69.3135,,%
oecd-emp-rate-upper-secondary,NO,Norway,2019,Y25T64,ISCED11A_34_44,F,68.7357,,%
oecd-emp-rate-upper-secondary,NO,Norway,2020,Y25T64,ISCED11A_34_44,F,65.1286,,%
oecd-emp-rate-upper-secondary,NO,Norway,2021,Y25T64,ISCED11A_34_44,F,70.9924,,%
oecd-emp-rate-upper-secondary,NO,Norway,2022,Y25T64,ISCED11A_34_44,F,69.697,,%
oecd-emp-rate-upper-secondary,NO,Norway,2023,Y25T64,ISCED11A_34_44,F,71.6418,,%
oecd-emp-rate-upper-secondary,NO,Norway,2024,Y25T64,ISCED11A_34_44,F,71.2121,,%
oecd-emp-rate-upper-secondary,NO,Norway,2025,Y25T64,ISCED11A_34_44,F,68.7595,,%
oecd-emp-rate-upper-secondary,PL,Poland,2014,Y25T64,ISCED11A_34_44,F,53.7693,,%
oecd-emp-rate-upper-secondary,PL,Poland,2015,Y25T64,ISCED11A_34_44,F,56.6038,,%
oecd-emp-rate-upper-secondary,PL,Poland,2016,Y25T64,ISCED11A_34_44,F,57.3134,,%
oecd-emp-rate-upper-secondary,PL,Poland,2017,Y25T64,ISCED11A_34_44,F,57.9782,,%
oecd-emp-rate-upper-secondary,PL,Poland,2018,Y25T64,ISCED11A_34_44,F,59.9404,,%
oecd-emp-rate-upper-secondary,PL,Poland,2019,Y25T64,ISCED11A_34_44,F,59.384,,%
oecd-emp-rate-upper-secondary,PL,Poland,2020,Y25T64,ISCED11A_34_44,F,60.2976,,%
oecd-emp-rate-upper-secondary,PL,Poland,2021,Y25T64,ISCED11A_34_44,F,64.3994,,%
oecd-emp-rate-upper-secondary,PL,Poland,2022,Y25T64,ISCED11A_34_44,F,66.9302,,%
oecd-emp-rate-upper-secondary,PL,Poland,2023,Y25T64,ISCED11A_34_44,F,68.7348,,%
oecd-emp-rate-upper-secondary,PL,Poland,2024,Y25T64,ISCED11A_34_44,F,68.8342,,%
oecd-emp-rate-upper-secondary,PL,Poland,2025,Y25T64,ISCED11A_34_44,F,70.4374,,%
oecd-emp-rate-upper-secondary,PT,Portugal,2014,Y25T64,ISCED11A_34_44,F,74.4133,,%
oecd-emp-rate-upper-secondary,PT,Portugal,2015,Y25T64,ISCED11A_34_44,F,76.1948,,%
oecd-emp-rate-upper-secondary,PT,Portugal,2016,Y25T64,ISCED11A_34_44,F,77.2641,,%
oecd-emp-rate-upper-secondary,PT,Portugal,2017,Y25T64,ISCED11A_34_44,F,79.7878,,%
oecd-emp-rate-upper-secondary,PT,Portugal,2018,Y25T64,ISCED11A_34_44,F,81.0961,,%
oecd-emp-rate-upper-secondary,PT,Portugal,2019,Y25T64,ISCED11A_34_44,F,81.4709,,%
oecd-emp-rate-upper-secondary,PT,Portugal,2020,Y25T64,ISCED11A_34_44,F,78.4269,,%
oecd-emp-rate-upper-secondary,PT,Portugal,2021,Y25T64,ISCED11A_34_44,F,80.2476,,%
oecd-emp-rate-upper-secondary,PT,Portugal,2022,Y25T64,ISCED11A_34_44,F,81.8777,,%
oecd-emp-rate-upper-secondary,PT,Portugal,2023,Y25T64,ISCED11A_34_44,F,82.5164,,%
oecd-emp-rate-upper-secondary,PT,Portugal,2024,Y25T64,ISCED11A_34_44,F,82.4076,,%
oecd-emp-rate-upper-secondary,PT,Portugal,2025,Y25T64,ISCED11A_34_44,F,82.2161,,%
oecd-emp-rate-upper-secondary,RO,Romania,2015,Y25T64,ISCED11A_34_44,F,58.7394,B,%
oecd-emp-rate-upper-secondary,RO,Romania,2019,Y25T64,ISCED11A_34_44,F,65.6155,,%
oecd-emp-rate-upper-secondary,RO,Romania,2021,Y25T64,ISCED11A_34_44,F,64.1368,,%
oecd-emp-rate-upper-secondary,RO,Romania,2022,Y25T64,ISCED11A_34_44,F,65.9709,,%
oecd-emp-rate-upper-secondary,RO,Romania,2023,Y25T64,ISCED11A_34_44,F,69.5012,,%
oecd-emp-rate-upper-secondary,RO,Romania,2024,Y25T64,ISCED11A_34_44,F,69.7276,,%
oecd-emp-rate-upper-secondary,RO,Romania,2025,Y25T64,ISCED11A_34_44,F,70.6401,,%
oecd-emp-rate-upper-secondary,SE,Sweden,2014,Y25T64,ISCED11A_34_44,F,79.6585,,%
oecd-emp-rate-upper-secondary,SE,Sweden,2015,Y25T64,ISCED11A_34_44,F,79.8977,,%
oecd-emp-rate-upper-secondary,SE,Sweden,2016,Y25T64,ISCED11A_34_44,F,79.8763,,%
oecd-emp-rate-upper-secondary,SE,Sweden,2017,Y25T64,ISCED11A_34_44,F,79.4265,,%
oecd-emp-rate-upper-secondary,SE,Sweden,2018,Y25T64,ISCED11A_34_44,F,79.5153,,%
oecd-emp-rate-upper-secondary,SE,Sweden,2019,Y25T64,ISCED11A_34_44,F,77.4731,,%
oecd-emp-rate-upper-secondary,SE,Sweden,2020,Y25T64,ISCED11A_34_44,F,78.2408,,%
oecd-emp-rate-upper-secondary,SE,Sweden,2021,Y25T64,ISCED11A_34_44,F,76.7204,,%
oecd-emp-rate-upper-secondary,SE,Sweden,2022,Y25T64,ISCED11A_34_44,F,76.533,,%
oecd-emp-rate-upper-secondary,SE,Sweden,2023,Y25T64,ISCED11A_34_44,F,77.4197,,%
oecd-emp-rate-upper-secondary,SE,Sweden,2024,Y25T64,ISCED11A_34_44,F,76.9594,,%
oecd-emp-rate-upper-secondary,SE,Sweden,2025,Y25T64,ISCED11A_34_44,F,74.8293,,%
oecd-emp-rate-upper-secondary,SI,Slovenia,2014,Y25T64,ISCED11A_34_44,F,51.0669,U,%
oecd-emp-rate-upper-secondary,SI,Slovenia,2015,Y25T64,ISCED11A_34_44,F,57.9199,,%
oecd-emp-rate-upper-secondary,SI,Slovenia,2016,Y25T64,ISCED11A_34_44,F,63.439,,%
oecd-emp-rate-upper-secondary,SI,Slovenia,2017,Y25T64,ISCED11A_34_44,F,69.4764,,%
oecd-emp-rate-upper-secondary,SI,Slovenia,2018,Y25T64,ISCED11A_34_44,F,69.5226,,%
oecd-emp-rate-upper-secondary,SI,Slovenia,2019,Y25T64,ISCED11A_34_44,F,70.7215,,%
oecd-emp-rate-upper-secondary,SI,Slovenia,2020,Y25T64,ISCED11A_34_44,F,70.2495,,%
oecd-emp-rate-upper-secondary,SI,Slovenia,2021,Y25T64,ISCED11A_34_44,F,69.9126,,%
oecd-emp-rate-upper-secondary,SI,Slovenia,2022,Y25T64,ISCED11A_34_44,F,70.8665,,%
oecd-emp-rate-upper-secondary,SI,Slovenia,2023,Y25T64,ISCED11A_34_44,F,77.2727,,%
oecd-emp-rate-upper-secondary,SI,Slovenia,2024,Y25T64,ISCED11A_34_44,F,77.8926,,%
oecd-emp-rate-upper-secondary,SI,Slovenia,2025,Y25T64,ISCED11A_34_44,F,75.6738,,%
oecd-emp-rate-upper-secondary,SK,Slovakia,2014,Y25T64,ISCED11A_34_44,F,60.823,,%
oecd-emp-rate-upper-secondary,SK,Slovakia,2015,Y25T64,ISCED11A_34_44,F,64.5683,,%
oecd-emp-rate-upper-secondary,SK,Slovakia,2016,Y25T64,ISCED11A_34_44,F,66.6562,,%
oecd-emp-rate-upper-secondary,SK,Slovakia,2017,Y25T64,ISCED11A_34_44,F,67.4223,,%
oecd-emp-rate-upper-secondary,SK,Slovakia,2018,Y25T64,ISCED11A_34_44,F,66.5629,,%
oecd-emp-rate-upper-secondary,SK,Slovakia,2019,Y25T64,ISCED11A_34_44,F,69.8972,,%
oecd-emp-rate-upper-secondary,SK,Slovakia,2020,Y25T64,ISCED11A_34_44,F,64.7471,,%
oecd-emp-rate-upper-secondary,SK,Slovakia,2021,Y25T64,ISCED11A_34_44,F,75.9377,,%
oecd-emp-rate-upper-secondary,SK,Slovakia,2022,Y25T64,ISCED11A_34_44,F,76.3053,,%
oecd-emp-rate-upper-secondary,SK,Slovakia,2023,Y25T64,ISCED11A_34_44,F,77.1213,,%
oecd-emp-rate-upper-secondary,SK,Slovakia,2024,Y25T64,ISCED11A_34_44,F,75.021,,%
oecd-emp-rate-upper-secondary,SK,Slovakia,2025,Y25T64,ISCED11A_34_44,F,78.9456,,%
oecd-emp-rate-upper-secondary,TR,Türkiye,2014,Y25T64,ISCED11A_34_44,F,30.8275,,%
oecd-emp-rate-upper-secondary,TR,Türkiye,2015,Y25T64,ISCED11A_34_44,F,30.2167,,%
oecd-emp-rate-upper-secondary,TR,Türkiye,2016,Y25T64,ISCED11A_34_44,F,31.7936,,%
oecd-emp-rate-upper-secondary,TR,Türkiye,2017,Y25T64,ISCED11A_34_44,F,32.445,,%
oecd-emp-rate-upper-secondary,TR,Türkiye,2018,Y25T64,ISCED11A_34_44,F,33.3708,,%
oecd-emp-rate-upper-secondary,TR,Türkiye,2019,Y25T64,ISCED11A_34_44,F,31.881,,%
oecd-emp-rate-upper-secondary,TR,Türkiye,2021,Y25T64,ISCED11A_34_44,F,31.9308,,%
oecd-emp-rate-upper-secondary,TR,Türkiye,2022,Y25T64,ISCED11A_34_44,F,36.2025,,%
oecd-emp-rate-upper-secondary,TR,Türkiye,2023,Y25T64,ISCED11A_34_44,F,35.9357,,%
oecd-emp-rate-upper-secondary,TR,Türkiye,2024,Y25T64,ISCED11A_34_44,F,37.5884,,%
oecd-emp-rate-upper-secondary,TR,Türkiye,2025,Y25T64,ISCED11A_34_44,F,37.5994,,%
oecd-emp-rate-upper-secondary,UK,United Kingdom,2014,Y25T64,ISCED11A_34_44,F,73.124,,%
oecd-emp-rate-upper-secondary,UK,United Kingdom,2015,Y25T64,ISCED11A_34_44,F,73.0454,,%
oecd-emp-rate-upper-secondary,UK,United Kingdom,2016,Y25T64,ISCED11A_34_44,F,72.039,,%
oecd-emp-rate-upper-secondary,UK,United Kingdom,2017,Y25T64,ISCED11A_34_44,F,74.0837,,%
oecd-emp-rate-upper-secondary,UK,United Kingdom,2018,Y25T64,ISCED11A_34_44,F,74.2084,,%
oecd-emp-rate-upper-secondary,UK,United Kingdom,2019,Y25T64,ISCED11A_34_44,F,74.1943,,%
oecd-emp-rate-upper-secondary,UK,United Kingdom,2020,Y25T64,ISCED11A_34_44,F,74.3433,,%
oecd-emp-rate-upper-secondary,UK,United Kingdom,2021,Y25T64,ISCED11A_34_44,F,74.1367,,%
oecd-emp-rate-upper-secondary,UK,United Kingdom,2022,Y25T64,ISCED11A_34_44,F,73.2344,,%
oecd-emp-rate-upper-secondary,UK,United Kingdom,2023,Y25T64,ISCED11A_34_44,F,73.2297,,%
oecd-emp-rate-upper-secondary,UK,United Kingdom,2024,Y25T64,ISCED11A_34_44,F,72.4699,,%
oecd-emp-rate-upper-secondary,UK,United Kingdom,2025,Y25T64,ISCED11A_34_44,F,73.4824,,%
oecd-emp-rate-upper-secondary,AT,Austria,2014,Y25T64,ISCED11A_34_44,M,78.2291,,%
oecd-emp-rate-upper-secondary,AT,Austria,2015,Y25T64,ISCED11A_34_44,M,76.6425,,%
oecd-emp-rate-upper-secondary,AT,Austria,2016,Y25T64,ISCED11A_34_44,M,78.0484,,%
oecd-emp-rate-upper-secondary,AT,Austria,2017,Y25T64,ISCED11A_34_44,M,76.8749,,%
oecd-emp-rate-upper-secondary,AT,Austria,2018,Y25T64,ISCED11A_34_44,M,78.7462,,%
oecd-emp-rate-upper-secondary,AT,Austria,2019,Y25T64,ISCED11A_34_44,M,80.2819,,%
oecd-emp-rate-upper-secondary,AT,Austria,2020,Y25T64,ISCED11A_34_44,M,77.5458,,%
oecd-emp-rate-upper-secondary,AT,Austria,2021,Y25T64,ISCED11A_34_44,M,75.9045,,%
oecd-emp-rate-upper-secondary,AT,Austria,2022,Y25T64,ISCED11A_34_44,M,81.3754,,%
oecd-emp-rate-upper-secondary,AT,Austria,2023,Y25T64,ISCED11A_34_44,M,78.3048,,%
oecd-emp-rate-upper-secondary,AT,Austria,2024,Y25T64,ISCED11A_34_44,M,78.9772,,%
oecd-emp-rate-upper-secondary,AT,Austria,2025,Y25T64,ISCED11A_34_44,M,79.1112,,%
oecd-emp-rate-upper-secondary,BE,Belgium,2014,Y25T64,ISCED11A_34_44,M,73.7618,,%
oecd-emp-rate-upper-secondary,BE,Belgium,2015,Y25T64,ISCED11A_34_44,M,73.2466,,%
oecd-emp-rate-upper-secondary,BE,Belgium,2016,Y25T64,ISCED11A_34_44,M,75.1079,,%
oecd-emp-rate-upper-secondary,BE,Belgium,2017,Y25T64,ISCED11A_34_44,M,76.3023,,%
oecd-emp-rate-upper-secondary,BE,Belgium,2018,Y25T64,ISCED11A_34_44,M,75.136,,%
oecd-emp-rate-upper-secondary,BE,Belgium,2019,Y25T64,ISCED11A_34_44,M,74.3647,,%
oecd-emp-rate-upper-secondary,BE,Belgium,2020,Y25T64,ISCED11A_34_44,M,74.552,,%
oecd-emp-rate-upper-secondary,BE,Belgium,2021,Y25T64,ISCED11A_34_44,M,75.5564,,%
oecd-emp-rate-upper-secondary,BE,Belgium,2022,Y25T64,ISCED11A_34_44,M,75.2483,,%
oecd-emp-rate-upper-secondary,BE,Belgium,2023,Y25T64,ISCED11A_34_44,M,74.6586,,%
oecd-emp-rate-upper-secondary,BE,Belgium,2024,Y25T64,ISCED11A_34_44,M,76.0255,,%
oecd-emp-rate-upper-secondary,BE,Belgium,2025,Y25T64,ISCED11A_34_44,M,76.1122,,%
oecd-emp-rate-upper-secondary,BG,Bulgaria,2015,Y25T64,ISCED11A_34_44,M,73.628,,%
oecd-emp-rate-upper-secondary,BG,Bulgaria,2016,Y25T64,ISCED11A_34_44,M,74.6902,,%
oecd-emp-rate-upper-secondary,BG,Bulgaria,2019,Y25T64,ISCED11A_34_44,M,82.8802,,%
oecd-emp-rate-upper-secondary,BG,Bulgaria,2022,Y25T64,ISCED11A_34_44,M,81.4772,,%
oecd-emp-rate-upper-secondary,BG,Bulgaria,2023,Y25T64,ISCED11A_34_44,M,81.28,,%
oecd-emp-rate-upper-secondary,BG,Bulgaria,2024,Y25T64,ISCED11A_34_44,M,81.6855,,%
oecd-emp-rate-upper-secondary,BG,Bulgaria,2025,Y25T64,ISCED11A_34_44,M,81.6082,,%
oecd-emp-rate-upper-secondary,CH,Switzerland,2014,Y25T64,ISCED11A_34_44,M,82.7273,,%
oecd-emp-rate-upper-secondary,CH,Switzerland,2015,Y25T64,ISCED11A_34_44,M,83.0721,,%
oecd-emp-rate-upper-secondary,CH,Switzerland,2016,Y25T64,ISCED11A_34_44,M,82.1858,,%
oecd-emp-rate-upper-secondary,CH,Switzerland,2017,Y25T64,ISCED11A_34_44,M,83.8758,,%
oecd-emp-rate-upper-secondary,CH,Switzerland,2018,Y25T64,ISCED11A_34_44,M,82.557,,%
oecd-emp-rate-upper-secondary,CH,Switzerland,2019,Y25T64,ISCED11A_34_44,M,80.5761,,%
oecd-emp-rate-upper-secondary,CH,Switzerland,2020,Y25T64,ISCED11A_34_44,M,80.1875,,%
oecd-emp-rate-upper-secondary,CH,Switzerland,2021,Y25T64,ISCED11A_34_44,M,79.9634,,%
oecd-emp-rate-upper-secondary,CH,Switzerland,2022,Y25T64,ISCED11A_34_44,M,80.1561,,%
oecd-emp-rate-upper-secondary,CH,Switzerland,2023,Y25T64,ISCED11A_34_44,M,84.6591,,%
oecd-emp-rate-upper-secondary,CH,Switzerland,2024,Y25T64,ISCED11A_34_44,M,82.2298,,%
oecd-emp-rate-upper-secondary,CH,Switzerland,2025,Y25T64,ISCED11A_34_44,M,81.4314,,%
oecd-emp-rate-upper-secondary,CZ,Czechia,2018,Y25T64,ISCED11A_34_44,M,93.4518,,%
oecd-emp-rate-upper-secondary,CZ,Czechia,2019,Y25T64,ISCED11A_34_44,M,93.5576,,%
oecd-emp-rate-upper-secondary,CZ,Czechia,2020,Y25T64,ISCED11A_34_44,M,89.9648,,%
oecd-emp-rate-upper-secondary,CZ,Czechia,2021,Y25T64,ISCED11A_34_44,M,93.1971,,%
oecd-emp-rate-upper-secondary,CZ,Czechia,2022,Y25T64,ISCED11A_34_44,M,94.2691,,%
oecd-emp-rate-upper-secondary,CZ,Czechia,2024,Y25T64,ISCED11A_34_44,M,92.687,,%
oecd-emp-rate-upper-secondary,DE,Germany,2014,Y25T64,ISCED11A_34_44,M,66.9437,,%
oecd-emp-rate-upper-secondary,DE,Germany,2015,Y25T64,ISCED11A_34_44,M,66.793,,%
oecd-emp-rate-upper-secondary,DE,Germany,2016,Y25T64,ISCED11A_34_44,M,66.9155,,%
oecd-emp-rate-upper-secondary,DE,Germany,2017,Y25T64,ISCED11A_34_44,M,68.0794,,%
oecd-emp-rate-upper-secondary,DE,Germany,2018,Y25T64,ISCED11A_34_44,M,70.4616,,%
oecd-emp-rate-upper-secondary,DE,Germany,2019,Y25T64,ISCED11A_34_44,M,72.2629,,%
oecd-emp-rate-upper-secondary,DE,Germany,2020,Y25T64,ISCED11A_34_44,M,74.9282,,%
oecd-emp-rate-upper-secondary,DE,Germany,2021,Y25T64,ISCED11A_34_44,M,74.8922,,%
oecd-emp-rate-upper-secondary,DE,Germany,2022,Y25T64,ISCED11A_34_44,M,77.6496,,%
oecd-emp-rate-upper-secondary,DE,Germany,2023,Y25T64,ISCED11A_34_44,M,78.8097,,%
oecd-emp-rate-upper-secondary,DE,Germany,2024,Y25T64,ISCED11A_34_44,M,78.7452,,%
oecd-emp-rate-upper-secondary,DE,Germany,2025,Y25T64,ISCED11A_34_44,M,75.8634,,%
oecd-emp-rate-upper-secondary,DK,Denmark,2010,Y25T64,ISCED11A_34_44,M,78.4073,,%
oecd-emp-rate-upper-secondary,DK,Denmark,2011,Y25T64,ISCED11A_34_44,M,78.5266,,%
oecd-emp-rate-upper-secondary,DK,Denmark,2012,Y25T64,ISCED11A_34_44,M,76.7601,,%
oecd-emp-rate-upper-secondary,DK,Denmark,2013,Y25T64,ISCED11A_34_44,M,78.2069,,%
oecd-emp-rate-upper-secondary,DK,Denmark,2014,Y25T64,ISCED11A_34_44,M,61.4482,,%
oecd-emp-rate-upper-secondary,DK,Denmark,2015,Y25T64,ISCED11A_34_44,M,78.09,,%
oecd-emp-rate-upper-secondary,DK,Denmark,2016,Y25T64,ISCED11A_34_44,M,75.0245,,%
oecd-emp-rate-upper-secondary,DK,Denmark,2017,Y25T64,ISCED11A_34_44,M,75.3685,,%
oecd-emp-rate-upper-secondary,DK,Denmark,2018,Y25T64,ISCED11A_34_44,M,76.3032,,%
oecd-emp-rate-upper-secondary,DK,Denmark,2019,Y25T64,ISCED11A_34_44,M,75.3393,,%
oecd-emp-rate-upper-secondary,DK,Denmark,2020,Y25T64,ISCED11A_34_44,M,76.0876,,%
oecd-emp-rate-upper-secondary,DK,Denmark,2021,Y25T64,ISCED11A_34_44,M,77.6771,,%
oecd-emp-rate-upper-secondary,DK,Denmark,2022,Y25T64,ISCED11A_34_44,M,78.8547,,%
oecd-emp-rate-upper-secondary,DK,Denmark,2023,Y25T64,ISCED11A_34_44,M,77.2573,,%
oecd-emp-rate-upper-secondary,DK,Denmark,2024,Y25T64,ISCED11A_34_44,M,78.5479,,%
oecd-emp-rate-upper-secondary,DK,Denmark,2025,Y25T64,ISCED11A_34_44,M,75.2665,B,%
oecd-emp-rate-upper-secondary,EE,Estonia,2014,Y25T64,ISCED11A_34_44,M,79.5397,,%
oecd-emp-rate-upper-secondary,EE,Estonia,2015,Y25T64,ISCED11A_34_44,M,81.7522,,%
oecd-emp-rate-upper-secondary,EE,Estonia,2016,Y25T64,ISCED11A_34_44,M,81.0614,,%
oecd-emp-rate-upper-secondary,EE,Estonia,2017,Y25T64,ISCED11A_34_44,M,81.1975,,%
oecd-emp-rate-upper-secondary,EE,Estonia,2018,Y25T64,ISCED11A_34_44,M,84.0932,,%
oecd-emp-rate-upper-secondary,EE,Estonia,2019,Y25T64,ISCED11A_34_44,M,86.3016,,%
oecd-emp-rate-upper-secondary,EE,Estonia,2020,Y25T64,ISCED11A_34_44,M,83.8047,,%
oecd-emp-rate-upper-secondary,EE,Estonia,2021,Y25T64,ISCED11A_34_44,M,81.9695,,%
oecd-emp-rate-upper-secondary,EE,Estonia,2022,Y25T64,ISCED11A_34_44,M,87.7572,,%
oecd-emp-rate-upper-secondary,EE,Estonia,2023,Y25T64,ISCED11A_34_44,M,84.3737,,%
oecd-emp-rate-upper-secondary,EE,Estonia,2024,Y25T64,ISCED11A_34_44,M,82.4625,,%
oecd-emp-rate-upper-secondary,EE,Estonia,2025,Y25T64,ISCED11A_34_44,M,82.8311,,%
oecd-emp-rate-upper-secondary,EL,Greece,2010,Y25T64,ISCED11A_34_44,M,79.0687,B,%
oecd-emp-rate-upper-secondary,EL,Greece,2011,Y25T64,ISCED11A_34_44,M,74.366,B,%
oecd-emp-rate-upper-secondary,EL,Greece,2012,Y25T64,ISCED11A_34_44,M,68.8958,B,%
oecd-emp-rate-upper-secondary,EL,Greece,2013,Y25T64,ISCED11A_34_44,M,66.4888,B,%
oecd-emp-rate-upper-secondary,EL,Greece,2014,Y25T64,ISCED11A_34_44,M,66.9757,,%
oecd-emp-rate-upper-secondary,EL,Greece,2015,Y25T64,ISCED11A_34_44,M,67.9998,,%
oecd-emp-rate-upper-secondary,EL,Greece,2016,Y25T64,ISCED11A_34_44,M,69.703,,%
oecd-emp-rate-upper-secondary,EL,Greece,2017,Y25T64,ISCED11A_34_44,M,71.1312,,%
oecd-emp-rate-upper-secondary,EL,Greece,2018,Y25T64,ISCED11A_34_44,M,73.3828,,%
oecd-emp-rate-upper-secondary,EL,Greece,2019,Y25T64,ISCED11A_34_44,M,74.7835,,%
oecd-emp-rate-upper-secondary,EL,Greece,2020,Y25T64,ISCED11A_34_44,M,74.2305,,%
oecd-emp-rate-upper-secondary,EL,Greece,2021,Y25T64,ISCED11A_34_44,M,74.8198,,%
oecd-emp-rate-upper-secondary,EL,Greece,2022,Y25T64,ISCED11A_34_44,M,79.1119,,%
oecd-emp-rate-upper-secondary,EL,Greece,2023,Y25T64,ISCED11A_34_44,M,78.9832,,%
oecd-emp-rate-upper-secondary,EL,Greece,2024,Y25T64,ISCED11A_34_44,M,80.9184,,%
oecd-emp-rate-upper-secondary,EL,Greece,2025,Y25T64,ISCED11A_34_44,M,81.7176,,%
oecd-emp-rate-upper-secondary,ES,Spain,2014,Y25T64,ISCED11A_34_44,M,70.9283,,%
oecd-emp-rate-upper-secondary,ES,Spain,2015,Y25T64,ISCED11A_34_44,M,73.029,,%
oecd-emp-rate-upper-secondary,ES,Spain,2016,Y25T64,ISCED11A_34_44,M,75.0624,,%
oecd-emp-rate-upper-secondary,ES,Spain,2017,Y25T64,ISCED11A_34_44,M,75.4968,,%
oecd-emp-rate-upper-secondary,ES,Spain,2018,Y25T64,ISCED11A_34_44,M,75.8182,,%
oecd-emp-rate-upper-secondary,ES,Spain,2019,Y25T64,ISCED11A_34_44,M,77.3856,,%
oecd-emp-rate-upper-secondary,ES,Spain,2020,Y25T64,ISCED11A_34_44,M,73.3743,,%
oecd-emp-rate-upper-secondary,ES,Spain,2021,Y25T64,ISCED11A_34_44,M,76.1634,,%
oecd-emp-rate-upper-secondary,ES,Spain,2022,Y25T64,ISCED11A_34_44,M,77.6672,,%
oecd-emp-rate-upper-secondary,ES,Spain,2023,Y25T64,ISCED11A_34_44,M,77.9852,,%
oecd-emp-rate-upper-secondary,ES,Spain,2024,Y25T64,ISCED11A_34_44,M,78.3855,,%
oecd-emp-rate-upper-secondary,ES,Spain,2025,Y25T64,ISCED11A_34_44,M,78.4965,,%
oecd-emp-rate-upper-secondary,FI,Finland,2014,Y25T64,ISCED11A_34_44,M,72.914,,%
oecd-emp-rate-upper-secondary,FI,Finland,2015,Y25T64,ISCED11A_34_44,M,75.5624,,%
oecd-emp-rate-upper-secondary,FI,Finland,2016,Y25T64,ISCED11A_34_44,M,74.2268,,%
oecd-emp-rate-upper-secondary,FI,Finland,2017,Y25T64,ISCED11A_34_44,M,73.9583,,%
oecd-emp-rate-upper-secondary,FI,Finland,2018,Y25T64,ISCED11A_34_44,M,74.4681,,%
oecd-emp-rate-upper-secondary,FI,Finland,2019,Y25T64,ISCED11A_34_44,M,75.7009,,%
oecd-emp-rate-upper-secondary,FI,Finland,2020,Y25T64,ISCED11A_34_44,M,74.5455,,%
oecd-emp-rate-upper-secondary,FI,Finland,2021,Y25T64,ISCED11A_34_44,M,75.6098,,%
oecd-emp-rate-upper-secondary,FI,Finland,2022,Y25T64,ISCED11A_34_44,M,77.1654,,%
oecd-emp-rate-upper-secondary,FI,Finland,2023,Y25T64,ISCED11A_34_44,M,77.3109,,%
oecd-emp-rate-upper-secondary,FI,Finland,2024,Y25T64,ISCED11A_34_44,M,75.5906,,%
oecd-emp-rate-upper-secondary,FI,Finland,2025,Y25T64,ISCED11A_34_44,M,72.4638,,%
oecd-emp-rate-upper-secondary,FR,France,2013,Y25T64,ISCED11A_34_44,M,79.1386,,%
oecd-emp-rate-upper-secondary,FR,France,2014,Y25T64,ISCED11A_34_44,M,78.6794,,%
oecd-emp-rate-upper-secondary,FR,France,2015,Y25T64,ISCED11A_34_44,M,78.7355,,%
oecd-emp-rate-upper-secondary,FR,France,2016,Y25T64,ISCED11A_34_44,M,77.1918,,%
oecd-emp-rate-upper-secondary,FR,France,2017,Y25T64,ISCED11A_34_44,M,77.3863,,%
oecd-emp-rate-upper-secondary,FR,France,2018,Y25T64,ISCED11A_34_44,M,78.9086,,%
oecd-emp-rate-upper-secondary,FR,France,2019,Y25T64,ISCED11A_34_44,M,79.1845,,%
oecd-emp-rate-upper-secondary,FR,France,2020,Y25T64,ISCED11A_34_44,M,77.5556,,%
oecd-emp-rate-upper-secondary,FR,France,2021,Y25T64,ISCED11A_34_44,M,78.721,,%
oecd-emp-rate-upper-secondary,FR,France,2022,Y25T64,ISCED11A_34_44,M,78.2137,,%
oecd-emp-rate-upper-secondary,FR,France,2023,Y25T64,ISCED11A_34_44,M,78.7877,,%
oecd-emp-rate-upper-secondary,FR,France,2024,Y25T64,ISCED11A_34_44,M,78.6933,,%
oecd-emp-rate-upper-secondary,FR,France,2025,Y25T64,ISCED11A_34_44,M,79.1532,,%
oecd-emp-rate-upper-secondary,HR,Croatia,2015,Y25T64,ISCED11A_34_44,M,63.0737,,%
oecd-emp-rate-upper-secondary,HR,Croatia,2016,Y25T64,ISCED11A_34_44,M,66.6667,,%
oecd-emp-rate-upper-secondary,HR,Croatia,2019,Y25T64,ISCED11A_34_44,M,69.635,,%
oecd-emp-rate-upper-secondary,HR,Croatia,2023,Y25T64,ISCED11A_34_44,M,74.0741,,%
oecd-emp-rate-upper-secondary,HR,Croatia,2024,Y25T64,ISCED11A_34_44,M,78.3636,,%
oecd-emp-rate-upper-secondary,HR,Croatia,2025,Y25T64,ISCED11A_34_44,M,80.476,,%
oecd-emp-rate-upper-secondary,HU,Hungary,2014,Y25T64,ISCED11A_34_44,M,79.7785,,%
oecd-emp-rate-upper-secondary,HU,Hungary,2015,Y25T64,ISCED11A_34_44,M,82.1436,,%
oecd-emp-rate-upper-secondary,HU,Hungary,2016,Y25T64,ISCED11A_34_44,M,83.8426,,%
oecd-emp-rate-upper-secondary,HU,Hungary,2017,Y25T64,ISCED11A_34_44,M,85.0129,,%
oecd-emp-rate-upper-secondary,HU,Hungary,2018,Y25T64,ISCED11A_34_44,M,85.6717,,%
oecd-emp-rate-upper-secondary,HU,Hungary,2019,Y25T64,ISCED11A_34_44,M,87.0629,,%
oecd-emp-rate-upper-secondary,HU,Hungary,2020,Y25T64,ISCED11A_34_44,M,86.37,,%
oecd-emp-rate-upper-secondary,HU,Hungary,2021,Y25T64,ISCED11A_34_44,M,86.6463,,%
oecd-emp-rate-upper-secondary,HU,Hungary,2022,Y25T64,ISCED11A_34_44,M,87.1343,,%
oecd-emp-rate-upper-secondary,HU,Hungary,2023,Y25T64,ISCED11A_34_44,M,87.9672,,%
oecd-emp-rate-upper-secondary,HU,Hungary,2024,Y25T64,ISCED11A_34_44,M,88.3745,,%
oecd-emp-rate-upper-secondary,HU,Hungary,2025,Y25T64,ISCED11A_34_44,M,87.0628,,%
oecd-emp-rate-upper-secondary,IE,Ireland,2014,Y25T64,ISCED11A_34_44,M,71.2423,,%
oecd-emp-rate-upper-secondary,IE,Ireland,2015,Y25T64,ISCED11A_34_44,M,71.5392,,%
oecd-emp-rate-upper-secondary,IE,Ireland,2017,Y25T64,ISCED11A_34_44,M,80.3328,,%
oecd-emp-rate-upper-secondary,IE,Ireland,2019,Y25T64,ISCED11A_34_44,M,82.7696,,%
oecd-emp-rate-upper-secondary,IE,Ireland,2020,Y25T64,ISCED11A_34_44,M,80.0465,,%
oecd-emp-rate-upper-secondary,IE,Ireland,2022,Y25T64,ISCED11A_34_44,M,82.7668,W,%
oecd-emp-rate-upper-secondary,IE,Ireland,2023,Y25T64,ISCED11A_34_44,M,83.6831,,%
oecd-emp-rate-upper-secondary,IE,Ireland,2024,Y25T64,ISCED11A_34_44,M,84.1767,,%
oecd-emp-rate-upper-secondary,IE,Ireland,2025,Y25T64,ISCED11A_34_44,M,84.6795,,%
oecd-emp-rate-upper-secondary,IS,Iceland,2010,Y25T64,ISCED11A_34_44,M,74.5295,,%
oecd-emp-rate-upper-secondary,IS,Iceland,2011,Y25T64,ISCED11A_34_44,M,75.5063,,%
oecd-emp-rate-upper-secondary,IS,Iceland,2012,Y25T64,ISCED11A_34_44,M,78.168,,%
oecd-emp-rate-upper-secondary,IS,Iceland,2013,Y25T64,ISCED11A_34_44,M,80.631,,%
oecd-emp-rate-upper-secondary,IS,Iceland,2014,Y25T64,ISCED11A_34_44,M,74.7731,,%
oecd-emp-rate-upper-secondary,IS,Iceland,2015,Y25T64,ISCED11A_34_44,M,83.2478,,%
oecd-emp-rate-upper-secondary,IS,Iceland,2016,Y25T64,ISCED11A_34_44,M,84.3808,,%
oecd-emp-rate-upper-secondary,IS,Iceland,2017,Y25T64,ISCED11A_34_44,M,83.4151,,%
oecd-emp-rate-upper-secondary,IS,Iceland,2018,Y25T64,ISCED11A_34_44,M,83.7311,,%
oecd-emp-rate-upper-secondary,IS,Iceland,2019,Y25T64,ISCED11A_34_44,M,82.9591,,%
oecd-emp-rate-upper-secondary,IS,Iceland,2020,Y25T64,ISCED11A_34_44,M,80.7972,,%
oecd-emp-rate-upper-secondary,IS,Iceland,2021,Y25T64,ISCED11A_34_44,M,84.5582,,%
oecd-emp-rate-upper-secondary,IS,Iceland,2022,Y25T64,ISCED11A_34_44,M,84.3527,,%
oecd-emp-rate-upper-secondary,IS,Iceland,2023,Y25T64,ISCED11A_34_44,M,90.1792,,%
oecd-emp-rate-upper-secondary,IT,Italy,2014,Y25T64,ISCED11A_34_44,M,72.3488,,%
oecd-emp-rate-upper-secondary,IT,Italy,2015,Y25T64,ISCED11A_34_44,M,73.2275,,%
oecd-emp-rate-upper-secondary,IT,Italy,2016,Y25T64,ISCED11A_34_44,M,74.1902,,%
oecd-emp-rate-upper-secondary,IT,Italy,2017,Y25T64,ISCED11A_34_44,M,73.6097,,%
oecd-emp-rate-upper-secondary,IT,Italy,2018,Y25T64,ISCED11A_34_44,M,72.4062,,%
oecd-emp-rate-upper-secondary,IT,Italy,2019,Y25T64,ISCED11A_34_44,M,73.6499,,%
oecd-emp-rate-upper-secondary,IT,Italy,2020,Y25T64,ISCED11A_34_44,M,71.9737,,%
oecd-emp-rate-upper-secondary,IT,Italy,2021,Y25T64,ISCED11A_34_44,M,74.5323,,%
oecd-emp-rate-upper-secondary,IT,Italy,2022,Y25T64,ISCED11A_34_44,M,77.7546,,%
oecd-emp-rate-upper-secondary,IT,Italy,2023,Y25T64,ISCED11A_34_44,M,78.91,,%
oecd-emp-rate-upper-secondary,IT,Italy,2024,Y25T64,ISCED11A_34_44,M,80.2174,,%
oecd-emp-rate-upper-secondary,IT,Italy,2025,Y25T64,ISCED11A_34_44,M,81.0583,,%
oecd-emp-rate-upper-secondary,LT,Lithuania,2014,Y25T64,ISCED11A_34_44,M,80.8856,,%
oecd-emp-rate-upper-secondary,LT,Lithuania,2015,Y25T64,ISCED11A_34_44,M,81.6596,,%
oecd-emp-rate-upper-secondary,LT,Lithuania,2016,Y25T64,ISCED11A_34_44,M,73.0971,,%
oecd-emp-rate-upper-secondary,LT,Lithuania,2017,Y25T64,ISCED11A_34_44,M,74.4763,,%
oecd-emp-rate-upper-secondary,LT,Lithuania,2018,Y25T64,ISCED11A_34_44,M,76.7345,,%
oecd-emp-rate-upper-secondary,LT,Lithuania,2019,Y25T64,ISCED11A_34_44,M,75.5851,,%
oecd-emp-rate-upper-secondary,LT,Lithuania,2020,Y25T64,ISCED11A_34_44,M,75.0491,,%
oecd-emp-rate-upper-secondary,LT,Lithuania,2021,Y25T64,ISCED11A_34_44,M,77.3861,,%
oecd-emp-rate-upper-secondary,LT,Lithuania,2022,Y25T64,ISCED11A_34_44,M,79.9895,,%
oecd-emp-rate-upper-secondary,LT,Lithuania,2023,Y25T64,ISCED11A_34_44,M,77.9096,,%
oecd-emp-rate-upper-secondary,LT,Lithuania,2024,Y25T64,ISCED11A_34_44,M,77.9051,,%
oecd-emp-rate-upper-secondary,LT,Lithuania,2025,Y25T64,ISCED11A_34_44,M,75.0229,,%
oecd-emp-rate-upper-secondary,LU,Luxembourg,2014,Y25T64,ISCED11A_34_44,M,83.9641,,%
oecd-emp-rate-upper-secondary,LU,Luxembourg,2015,Y25T64,ISCED11A_34_44,M,92.9716,U,%
oecd-emp-rate-upper-secondary,LU,Luxembourg,2017,Y25T64,ISCED11A_34_44,M,76.6659,,%
oecd-emp-rate-upper-secondary,LU,Luxembourg,2018,Y25T64,ISCED11A_34_44,M,77.6916,,%
oecd-emp-rate-upper-secondary,LU,Luxembourg,2019,Y25T64,ISCED11A_34_44,M,82.7491,,%
oecd-emp-rate-upper-secondary,LU,Luxembourg,2020,Y25T64,ISCED11A_34_44,M,80.3434,,%
oecd-emp-rate-upper-secondary,LU,Luxembourg,2022,Y25T64,ISCED11A_34_44,M,82.6801,,%
oecd-emp-rate-upper-secondary,LU,Luxembourg,2023,Y25T64,ISCED11A_34_44,M,78.0212,,%
oecd-emp-rate-upper-secondary,LU,Luxembourg,2024,Y25T64,ISCED11A_34_44,M,80.6205,,%
oecd-emp-rate-upper-secondary,LV,Latvia,2014,Y25T64,ISCED11A_34_44,M,73.0178,,%
oecd-emp-rate-upper-secondary,LV,Latvia,2015,Y25T64,ISCED11A_34_44,M,72.6558,,%
oecd-emp-rate-upper-secondary,LV,Latvia,2016,Y25T64,ISCED11A_34_44,M,71.3493,,%
oecd-emp-rate-upper-secondary,LV,Latvia,2017,Y25T64,ISCED11A_34_44,M,74.8624,,%
oecd-emp-rate-upper-secondary,LV,Latvia,2018,Y25T64,ISCED11A_34_44,M,78.3149,,%
oecd-emp-rate-upper-secondary,LV,Latvia,2019,Y25T64,ISCED11A_34_44,M,78.6352,,%
oecd-emp-rate-upper-secondary,LV,Latvia,2020,Y25T64,ISCED11A_34_44,M,76.6861,,%
oecd-emp-rate-upper-secondary,LV,Latvia,2021,Y25T64,ISCED11A_34_44,M,74.5144,,%
oecd-emp-rate-upper-secondary,LV,Latvia,2022,Y25T64,ISCED11A_34_44,M,77.2703,,%
oecd-emp-rate-upper-secondary,LV,Latvia,2023,Y25T64,ISCED11A_34_44,M,78.8999,,%
oecd-emp-rate-upper-secondary,LV,Latvia,2024,Y25T64,ISCED11A_34_44,M,78.5196,,%
oecd-emp-rate-upper-secondary,LV,Latvia,2025,Y25T64,ISCED11A_34_44,M,78.5054,,%
oecd-emp-rate-upper-secondary,NL,Netherlands,2013,Y25T64,ISCED11A_34_44,M,81.2988,B,%
oecd-emp-rate-upper-secondary,NL,Netherlands,2014,Y25T64,ISCED11A_34_44,M,80.3891,,%
oecd-emp-rate-upper-secondary,NL,Netherlands,2015,Y25T64,ISCED11A_34_44,M,78.9846,,%
oecd-emp-rate-upper-secondary,NL,Netherlands,2016,Y25T64,ISCED11A_34_44,M,79.0283,,%
oecd-emp-rate-upper-secondary,NL,Netherlands,2017,Y25T64,ISCED11A_34_44,M,80.8206,,%
oecd-emp-rate-upper-secondary,NL,Netherlands,2018,Y25T64,ISCED11A_34_44,M,81.8752,,%
oecd-emp-rate-upper-secondary,NL,Netherlands,2019,Y25T64,ISCED11A_34_44,M,80.9201,,%
oecd-emp-rate-upper-secondary,NL,Netherlands,2020,Y25T64,ISCED11A_34_44,M,80.8124,,%
oecd-emp-rate-upper-secondary,NL,Netherlands,2021,Y25T64,ISCED11A_34_44,M,83.9052,,%
oecd-emp-rate-upper-secondary,NL,Netherlands,2022,Y25T64,ISCED11A_34_44,M,83.3566,,%
oecd-emp-rate-upper-secondary,NL,Netherlands,2023,Y25T64,ISCED11A_34_44,M,83.6358,,%
oecd-emp-rate-upper-secondary,NL,Netherlands,2024,Y25T64,ISCED11A_34_44,M,84.2075,,%
oecd-emp-rate-upper-secondary,NL,Netherlands,2025,Y25T64,ISCED11A_34_44,M,83.2492,,%
oecd-emp-rate-upper-secondary,NO,Norway,2014,Y25T64,ISCED11A_34_44,M,84.058,,%
oecd-emp-rate-upper-secondary,NO,Norway,2015,Y25T64,ISCED11A_34_44,M,81.3726,,%
oecd-emp-rate-upper-secondary,NO,Norway,2016,Y25T64,ISCED11A_34_44,M,77.9112,,%
oecd-emp-rate-upper-secondary,NO,Norway,2017,Y25T64,ISCED11A_34_44,M,76.747,,%
oecd-emp-rate-upper-secondary,NO,Norway,2018,Y25T64,ISCED11A_34_44,M,80.5711,,%
oecd-emp-rate-upper-secondary,NO,Norway,2019,Y25T64,ISCED11A_34_44,M,81.131,,%
oecd-emp-rate-upper-secondary,NO,Norway,2020,Y25T64,ISCED11A_34_44,M,77.6792,,%
oecd-emp-rate-upper-secondary,NO,Norway,2021,Y25T64,ISCED11A_34_44,M,80.6202,,%
oecd-emp-rate-upper-secondary,NO,Norway,2022,Y25T64,ISCED11A_34_44,M,82.5175,,%
oecd-emp-rate-upper-secondary,NO,Norway,2023,Y25T64,ISCED11A_34_44,M,80.8917,,%
oecd-emp-rate-upper-secondary,NO,Norway,2024,Y25T64,ISCED11A_34_44,M,80.0,,%
oecd-emp-rate-upper-secondary,NO,Norway,2025,Y25T64,ISCED11A_34_44,M,75.6813,,%
oecd-emp-rate-upper-secondary,PL,Poland,2014,Y25T64,ISCED11A_34_44,M,80.3892,,%
oecd-emp-rate-upper-secondary,PL,Poland,2015,Y25T64,ISCED11A_34_44,M,79.8206,,%
oecd-emp-rate-upper-secondary,PL,Poland,2016,Y25T64,ISCED11A_34_44,M,81.1377,,%
oecd-emp-rate-upper-secondary,PL,Poland,2017,Y25T64,ISCED11A_34_44,M,83.6415,,%
oecd-emp-rate-upper-secondary,PL,Poland,2018,Y25T64,ISCED11A_34_44,M,85.1904,,%
oecd-emp-rate-upper-secondary,PL,Poland,2019,Y25T64,ISCED11A_34_44,M,87.3082,,%
oecd-emp-rate-upper-secondary,PL,Poland,2020,Y25T64,ISCED11A_34_44,M,86.4512,,%
oecd-emp-rate-upper-secondary,PL,Poland,2021,Y25T64,ISCED11A_34_44,M,86.7445,,%
oecd-emp-rate-upper-secondary,PL,Poland,2022,Y25T64,ISCED11A_34_44,M,87.3711,,%
oecd-emp-rate-upper-secondary,PL,Poland,2023,Y25T64,ISCED11A_34_44,M,88.0013,,%
oecd-emp-rate-upper-secondary,PL,Poland,2024,Y25T64,ISCED11A_34_44,M,87.7925,,%
oecd-emp-rate-upper-secondary,PL,Poland,2025,Y25T64,ISCED11A_34_44,M,88.5984,,%
oecd-emp-rate-upper-secondary,PT,Portugal,2014,Y25T64,ISCED11A_34_44,M,79.9997,,%
oecd-emp-rate-upper-secondary,PT,Portugal,2015,Y25T64,ISCED11A_34_44,M,79.9537,,%
oecd-emp-rate-upper-secondary,PT,Portugal,2016,Y25T64,ISCED11A_34_44,M,81.5092,,%
oecd-emp-rate-upper-secondary,PT,Portugal,2017,Y25T64,ISCED11A_34_44,M,82.843,,%
oecd-emp-rate-upper-secondary,PT,Portugal,2018,Y25T64,ISCED11A_34_44,M,84.6562,,%
oecd-emp-rate-upper-secondary,PT,Portugal,2019,Y25T64,ISCED11A_34_44,M,85.8435,,%
oecd-emp-rate-upper-secondary,PT,Portugal,2020,Y25T64,ISCED11A_34_44,M,83.2057,,%
oecd-emp-rate-upper-secondary,PT,Portugal,2021,Y25T64,ISCED11A_34_44,M,84.5786,,%
oecd-emp-rate-upper-secondary,PT,Portugal,2022,Y25T64,ISCED11A_34_44,M,85.855,,%
oecd-emp-rate-upper-secondary,PT,Portugal,2023,Y25T64,ISCED11A_34_44,M,86.8018,,%
oecd-emp-rate-upper-secondary,PT,Portugal,2024,Y25T64,ISCED11A_34_44,M,87.069,,%
oecd-emp-rate-upper-secondary,PT,Portugal,2025,Y25T64,ISCED11A_34_44,M,87.513,,%
oecd-emp-rate-upper-secondary,RO,Romania,2015,Y25T64,ISCED11A_34_44,M,77.3296,B,%
oecd-emp-rate-upper-secondary,RO,Romania,2019,Y25T64,ISCED11A_34_44,M,85.5201,,%
oecd-emp-rate-upper-secondary,RO,Romania,2021,Y25T64,ISCED11A_34_44,M,85.5898,,%
oecd-emp-rate-upper-secondary,RO,Romania,2022,Y25T64,ISCED11A_34_44,M,87.3698,,%
oecd-emp-rate-upper-secondary,RO,Romania,2023,Y25T64,ISCED11A_34_44,M,88.5172,,%
oecd-emp-rate-upper-secondary,RO,Romania,2024,Y25T64,ISCED11A_34_44,M,89.4586,,%
oecd-emp-rate-upper-secondary,RO,Romania,2025,Y25T64,ISCED11A_34_44,M,87.4195,,%
oecd-emp-rate-upper-secondary,SE,Sweden,2014,Y25T64,ISCED11A_34_44,M,84.3476,,%
oecd-emp-rate-upper-secondary,SE,Sweden,2015,Y25T64,ISCED11A_34_44,M,83.6453,,%
oecd-emp-rate-upper-secondary,SE,Sweden,2016,Y25T64,ISCED11A_34_44,M,83.555,,%
oecd-emp-rate-upper-secondary,SE,Sweden,2017,Y25T64,ISCED11A_34_44,M,84.5879,,%
oecd-emp-rate-upper-secondary,SE,Sweden,2018,Y25T64,ISCED11A_34_44,M,85.0343,,%
oecd-emp-rate-upper-secondary,SE,Sweden,2019,Y25T64,ISCED11A_34_44,M,82.7288,,%
oecd-emp-rate-upper-secondary,SE,Sweden,2020,Y25T64,ISCED11A_34_44,M,83.3966,,%
oecd-emp-rate-upper-secondary,SE,Sweden,2021,Y25T64,ISCED11A_34_44,M,81.7515,,%
oecd-emp-rate-upper-secondary,SE,Sweden,2022,Y25T64,ISCED11A_34_44,M,84.8054,,%
oecd-emp-rate-upper-secondary,SE,Sweden,2023,Y25T64,ISCED11A_34_44,M,85.6444,,%
oecd-emp-rate-upper-secondary,SE,Sweden,2024,Y25T64,ISCED11A_34_44,M,82.623,,%
oecd-emp-rate-upper-secondary,SE,Sweden,2025,Y25T64,ISCED11A_34_44,M,81.7861,,%
oecd-emp-rate-upper-secondary,SI,Slovenia,2015,Y25T64,ISCED11A_34_44,M,72.5685,,%
oecd-emp-rate-upper-secondary,SI,Slovenia,2016,Y25T64,ISCED11A_34_44,M,73.8237,,%
oecd-emp-rate-upper-secondary,SI,Slovenia,2017,Y25T64,ISCED11A_34_44,M,75.4664,,%
oecd-emp-rate-upper-secondary,SI,Slovenia,2018,Y25T64,ISCED11A_34_44,M,79.8472,,%
oecd-emp-rate-upper-secondary,SI,Slovenia,2019,Y25T64,ISCED11A_34_44,M,85.391,,%
oecd-emp-rate-upper-secondary,SI,Slovenia,2020,Y25T64,ISCED11A_34_44,M,80.1676,,%
oecd-emp-rate-upper-secondary,SI,Slovenia,2021,Y25T64,ISCED11A_34_44,M,83.823,,%
oecd-emp-rate-upper-secondary,SI,Slovenia,2022,Y25T64,ISCED11A_34_44,M,83.1442,,%
oecd-emp-rate-upper-secondary,SI,Slovenia,2023,Y25T64,ISCED11A_34_44,M,84.0,,%
oecd-emp-rate-upper-secondary,SI,Slovenia,2024,Y25T64,ISCED11A_34_44,M,86.1837,,%
oecd-emp-rate-upper-secondary,SI,Slovenia,2025,Y25T64,ISCED11A_34_44,M,83.8193,,%
oecd-emp-rate-upper-secondary,SK,Slovakia,2014,Y25T64,ISCED11A_34_44,M,78.4936,,%
oecd-emp-rate-upper-secondary,SK,Slovakia,2015,Y25T64,ISCED11A_34_44,M,82.1339,,%
oecd-emp-rate-upper-secondary,SK,Slovakia,2016,Y25T64,ISCED11A_34_44,M,81.6449,,%
oecd-emp-rate-upper-secondary,SK,Slovakia,2017,Y25T64,ISCED11A_34_44,M,78.0069,,%
oecd-emp-rate-upper-secondary,SK,Slovakia,2018,Y25T64,ISCED11A_34_44,M,81.3936,,%
oecd-emp-rate-upper-secondary,SK,Slovakia,2019,Y25T64,ISCED11A_34_44,M,86.8886,,%
oecd-emp-rate-upper-secondary,SK,Slovakia,2020,Y25T64,ISCED11A_34_44,M,83.4668,,%
oecd-emp-rate-upper-secondary,SK,Slovakia,2021,Y25T64,ISCED11A_34_44,M,81.2483,,%
oecd-emp-rate-upper-secondary,SK,Slovakia,2022,Y25T64,ISCED11A_34_44,M,84.1152,,%
oecd-emp-rate-upper-secondary,SK,Slovakia,2023,Y25T64,ISCED11A_34_44,M,86.3312,,%
oecd-emp-rate-upper-secondary,SK,Slovakia,2024,Y25T64,ISCED11A_34_44,M,88.7281,,%
oecd-emp-rate-upper-secondary,SK,Slovakia,2025,Y25T64,ISCED11A_34_44,M,84.4366,,%
oecd-emp-rate-upper-secondary,TR,Türkiye,2014,Y25T64,ISCED11A_34_44,M,79.3829,,%
oecd-emp-rate-upper-secondary,TR,Türkiye,2015,Y25T64,ISCED11A_34_44,M,79.3569,,%
oecd-emp-rate-upper-secondary,TR,Türkiye,2016,Y25T64,ISCED11A_34_44,M,78.4018,,%
oecd-emp-rate-upper-secondary,TR,Türkiye,2017,Y25T64,ISCED11A_34_44,M,79.6603,,%
oecd-emp-rate-upper-secondary,TR,Türkiye,2018,Y25T64,ISCED11A_34_44,M,79.7315,,%
oecd-emp-rate-upper-secondary,TR,Türkiye,2019,Y25T64,ISCED11A_34_44,M,76.2085,,%
oecd-emp-rate-upper-secondary,TR,Türkiye,2021,Y25T64,ISCED11A_34_44,M,76.1521,,%
oecd-emp-rate-upper-secondary,TR,Türkiye,2022,Y25T64,ISCED11A_34_44,M,79.0345,,%
oecd-emp-rate-upper-secondary,TR,Türkiye,2023,Y25T64,ISCED11A_34_44,M,79.0787,,%
oecd-emp-rate-upper-secondary,TR,Türkiye,2024,Y25T64,ISCED11A_34_44,M,80.0809,,%
oecd-emp-rate-upper-secondary,TR,Türkiye,2025,Y25T64,ISCED11A_34_44,M,79.4466,,%
oecd-emp-rate-upper-secondary,UK,United Kingdom,2014,Y25T64,ISCED11A_34_44,M,85.2477,,%
oecd-emp-rate-upper-secondary,UK,United Kingdom,2015,Y25T64,ISCED11A_34_44,M,85.2073,,%
oecd-emp-rate-upper-secondary,UK,United Kingdom,2016,Y25T64,ISCED11A_34_44,M,85.1468,,%
oecd-emp-rate-upper-secondary,UK,United Kingdom,2017,Y25T64,ISCED11A_34_44,M,85.6728,,%
oecd-emp-rate-upper-secondary,UK,United Kingdom,2018,Y25T64,ISCED11A_34_44,M,86.5753,,%
oecd-emp-rate-upper-secondary,UK,United Kingdom,2019,Y25T64,ISCED11A_34_44,M,87.4216,,%
oecd-emp-rate-upper-secondary,UK,United Kingdom,2020,Y25T64,ISCED11A_34_44,M,85.363,,%
oecd-emp-rate-upper-secondary,UK,United Kingdom,2021,Y25T64,ISCED11A_34_44,M,84.4978,,%
oecd-emp-rate-upper-secondary,UK,United Kingdom,2022,Y25T64,ISCED11A_34_44,M,85.6868,,%
oecd-emp-rate-upper-secondary,UK,United Kingdom,2023,Y25T64,ISCED11A_34_44,M,84.744,,%
oecd-emp-rate-upper-secondary,UK,United Kingdom,2024,Y25T64,ISCED11A_34_44,M,82.9106,,%
oecd-emp-rate-upper-secondary,UK,United Kingdom,2025,Y25T64,ISCED11A_34_44,M,83.9215,,%
oecd-emp-rate-upper-secondary,AT,Austria,2014,Y25T64,ISCED11A_34_44,_T,75.1091,,%
oecd-emp-rate-upper-secondary,AT,Austria,2015,Y25T64,ISCED11A_34_44,_T,72.7844,,%
oecd-emp-rate-upper-secondary,AT,Austria,2016,Y25T64,ISCED11A_34_44,_T,73.6281,,%
oecd-emp-rate-upper-secondary,AT,Austria,2017,Y25T64,ISCED11A_34_44,_T,74.2114,,%
oecd-emp-rate-upper-secondary,AT,Austria,2018,Y25T64,ISCED11A_34_44,_T,74.7034,,%
oecd-emp-rate-upper-secondary,AT,Austria,2019,Y25T64,ISCED11A_34_44,_T,75.3416,,%
oecd-emp-rate-upper-secondary,AT,Austria,2020,Y25T64,ISCED11A_34_44,_T,72.126,,%
oecd-emp-rate-upper-secondary,AT,Austria,2021,Y25T64,ISCED11A_34_44,_T,71.3351,,%
oecd-emp-rate-upper-secondary,AT,Austria,2022,Y25T64,ISCED11A_34_44,_T,75.6866,,%
oecd-emp-rate-upper-secondary,AT,Austria,2023,Y25T64,ISCED11A_34_44,_T,75.5446,,%
oecd-emp-rate-upper-secondary,AT,Austria,2024,Y25T64,ISCED11A_34_44,_T,74.7805,,%
oecd-emp-rate-upper-secondary,AT,Austria,2025,Y25T64,ISCED11A_34_44,_T,76.047,,%
oecd-emp-rate-upper-secondary,BE,Belgium,2014,Y25T64,ISCED11A_34_44,_T,67.9544,,%
oecd-emp-rate-upper-secondary,BE,Belgium,2015,Y25T64,ISCED11A_34_44,_T,67.4792,,%
oecd-emp-rate-upper-secondary,BE,Belgium,2016,Y25T64,ISCED11A_34_44,_T,67.3154,,%
oecd-emp-rate-upper-secondary,BE,Belgium,2017,Y25T64,ISCED11A_34_44,_T,68.9239,,%
oecd-emp-rate-upper-secondary,BE,Belgium,2018,Y25T64,ISCED11A_34_44,_T,70.0892,,%
oecd-emp-rate-upper-secondary,BE,Belgium,2019,Y25T64,ISCED11A_34_44,_T,69.7044,,%
oecd-emp-rate-upper-secondary,BE,Belgium,2020,Y25T64,ISCED11A_34_44,_T,67.433,,%
oecd-emp-rate-upper-secondary,BE,Belgium,2021,Y25T64,ISCED11A_34_44,_T,67.5994,,%
oecd-emp-rate-upper-secondary,BE,Belgium,2022,Y25T64,ISCED11A_34_44,_T,68.7267,,%
oecd-emp-rate-upper-secondary,BE,Belgium,2023,Y25T64,ISCED11A_34_44,_T,68.5554,,%
oecd-emp-rate-upper-secondary,BE,Belgium,2024,Y25T64,ISCED11A_34_44,_T,68.9868,,%
oecd-emp-rate-upper-secondary,BE,Belgium,2025,Y25T64,ISCED11A_34_44,_T,68.4897,,%
oecd-emp-rate-upper-secondary,BG,Bulgaria,2015,Y25T64,ISCED11A_34_44,_T,69.6627,,%
oecd-emp-rate-upper-secondary,BG,Bulgaria,2016,Y25T64,ISCED11A_34_44,_T,70.142,,%
oecd-emp-rate-upper-secondary,BG,Bulgaria,2019,Y25T64,ISCED11A_34_44,_T,77.9477,,%
oecd-emp-rate-upper-secondary,BG,Bulgaria,2022,Y25T64,ISCED11A_34_44,_T,77.4847,,%
oecd-emp-rate-upper-secondary,BG,Bulgaria,2023,Y25T64,ISCED11A_34_44,_T,77.3385,,%
oecd-emp-rate-upper-secondary,BG,Bulgaria,2024,Y25T64,ISCED11A_34_44,_T,77.7483,,%
oecd-emp-rate-upper-secondary,BG,Bulgaria,2025,Y25T64,ISCED11A_34_44,_T,77.6517,,%
oecd-emp-rate-upper-secondary,CH,Switzerland,2014,Y25T64,ISCED11A_34_44,_T,76.6416,,%
oecd-emp-rate-upper-secondary,CH,Switzerland,2015,Y25T64,ISCED11A_34_44,_T,77.9082,,%
oecd-emp-rate-upper-secondary,CH,Switzerland,2016,Y25T64,ISCED11A_34_44,_T,78.4795,,%
oecd-emp-rate-upper-secondary,CH,Switzerland,2017,Y25T64,ISCED11A_34_44,_T,79.4603,,%
oecd-emp-rate-upper-secondary,CH,Switzerland,2018,Y25T64,ISCED11A_34_44,_T,77.3186,,%
oecd-emp-rate-upper-secondary,CH,Switzerland,2019,Y25T64,ISCED11A_34_44,_T,77.1522,,%
oecd-emp-rate-upper-secondary,CH,Switzerland,2020,Y25T64,ISCED11A_34_44,_T,76.5438,,%
oecd-emp-rate-upper-secondary,CH,Switzerland,2021,Y25T64,ISCED11A_34_44,_T,77.1486,,%
oecd-emp-rate-upper-secondary,CH,Switzerland,2022,Y25T64,ISCED11A_34_44,_T,79.2903,,%
oecd-emp-rate-upper-secondary,CH,Switzerland,2023,Y25T64,ISCED11A_34_44,_T,80.9446,,%
oecd-emp-rate-upper-secondary,CH,Switzerland,2024,Y25T64,ISCED11A_34_44,_T,80.0861,,%
oecd-emp-rate-upper-secondary,CH,Switzerland,2025,Y25T64,ISCED11A_34_44,_T,79.3719,,%
oecd-emp-rate-upper-secondary,CZ,Czechia,2018,Y25T64,ISCED11A_34_44,_T,85.0452,,%
oecd-emp-rate-upper-secondary,CZ,Czechia,2019,Y25T64,ISCED11A_34_44,_T,85.7988,,%
oecd-emp-rate-upper-secondary,CZ,Czechia,2020,Y25T64,ISCED11A_34_44,_T,83.5382,,%
oecd-emp-rate-upper-secondary,CZ,Czechia,2021,Y25T64,ISCED11A_34_44,_T,85.2168,,%
oecd-emp-rate-upper-secondary,CZ,Czechia,2022,Y25T64,ISCED11A_34_44,_T,86.6564,,%
oecd-emp-rate-upper-secondary,CZ,Czechia,2024,Y25T64,ISCED11A_34_44,_T,85.437,,%
oecd-emp-rate-upper-secondary,DE,Germany,2014,Y25T64,ISCED11A_34_44,_T,62.4969,,%
oecd-emp-rate-upper-secondary,DE,Germany,2015,Y25T64,ISCED11A_34_44,_T,62.343,,%
oecd-emp-rate-upper-secondary,DE,Germany,2016,Y25T64,ISCED11A_34_44,_T,62.946,,%
oecd-emp-rate-upper-secondary,DE,Germany,2017,Y25T64,ISCED11A_34_44,_T,64.3728,,%
oecd-emp-rate-upper-secondary,DE,Germany,2018,Y25T64,ISCED11A_34_44,_T,65.7934,,%
oecd-emp-rate-upper-secondary,DE,Germany,2019,Y25T64,ISCED11A_34_44,_T,67.4235,,%
oecd-emp-rate-upper-secondary,DE,Germany,2020,Y25T64,ISCED11A_34_44,_T,69.0085,,%
oecd-emp-rate-upper-secondary,DE,Germany,2021,Y25T64,ISCED11A_34_44,_T,69.7138,,%
oecd-emp-rate-upper-secondary,DE,Germany,2022,Y25T64,ISCED11A_34_44,_T,71.7833,,%
oecd-emp-rate-upper-secondary,DE,Germany,2023,Y25T64,ISCED11A_34_44,_T,72.7023,,%
oecd-emp-rate-upper-secondary,DE,Germany,2024,Y25T64,ISCED11A_34_44,_T,73.0217,,%
oecd-emp-rate-upper-secondary,DE,Germany,2025,Y25T64,ISCED11A_34_44,_T,69.9113,,%
oecd-emp-rate-upper-secondary,DK,Denmark,2010,Y25T64,ISCED11A_34_44,_T,76.2827,,%
oecd-emp-rate-upper-secondary,DK,Denmark,2011,Y25T64,ISCED11A_34_44,_T,74.8359,,%
oecd-emp-rate-upper-secondary,DK,Denmark,2012,Y25T64,ISCED11A_34_44,_T,72.4289,,%
oecd-emp-rate-upper-secondary,DK,Denmark,2013,Y25T64,ISCED11A_34_44,_T,74.2063,,%
oecd-emp-rate-upper-secondary,DK,Denmark,2014,Y25T64,ISCED11A_34_44,_T,60.8949,,%
oecd-emp-rate-upper-secondary,DK,Denmark,2015,Y25T64,ISCED11A_34_44,_T,74.1591,,%
oecd-emp-rate-upper-secondary,DK,Denmark,2016,Y25T64,ISCED11A_34_44,_T,73.2648,,%
oecd-emp-rate-upper-secondary,DK,Denmark,2017,Y25T64,ISCED11A_34_44,_T,72.8827,,%
oecd-emp-rate-upper-secondary,DK,Denmark,2018,Y25T64,ISCED11A_34_44,_T,72.9836,,%
oecd-emp-rate-upper-secondary,DK,Denmark,2019,Y25T64,ISCED11A_34_44,_T,72.5976,,%
oecd-emp-rate-upper-secondary,DK,Denmark,2020,Y25T64,ISCED11A_34_44,_T,72.6676,,%
oecd-emp-rate-upper-secondary,DK,Denmark,2021,Y25T64,ISCED11A_34_44,_T,72.7838,,%
oecd-emp-rate-upper-secondary,DK,Denmark,2022,Y25T64,ISCED11A_34_44,_T,76.5313,,%
oecd-emp-rate-upper-secondary,DK,Denmark,2023,Y25T64,ISCED11A_34_44,_T,72.8954,,%
oecd-emp-rate-upper-secondary,DK,Denmark,2024,Y25T64,ISCED11A_34_44,_T,72.7224,,%
oecd-emp-rate-upper-secondary,DK,Denmark,2025,Y25T64,ISCED11A_34_44,_T,72.1533,B,%
oecd-emp-rate-upper-secondary,EE,Estonia,2014,Y25T64,ISCED11A_34_44,_T,72.1141,,%
oecd-emp-rate-upper-secondary,EE,Estonia,2015,Y25T64,ISCED11A_34_44,_T,76.1571,,%
oecd-emp-rate-upper-secondary,EE,Estonia,2016,Y25T64,ISCED11A_34_44,_T,76.0595,,%
oecd-emp-rate-upper-secondary,EE,Estonia,2017,Y25T64,ISCED11A_34_44,_T,77.265,,%
oecd-emp-rate-upper-secondary,EE,Estonia,2018,Y25T64,ISCED11A_34_44,_T,78.8073,,%
oecd-emp-rate-upper-secondary,EE,Estonia,2019,Y25T64,ISCED11A_34_44,_T,80.6668,,%
oecd-emp-rate-upper-secondary,EE,Estonia,2020,Y25T64,ISCED11A_34_44,_T,78.7089,,%
oecd-emp-rate-upper-secondary,EE,Estonia,2021,Y25T64,ISCED11A_34_44,_T,78.188,,%
oecd-emp-rate-upper-secondary,EE,Estonia,2022,Y25T64,ISCED11A_34_44,_T,82.981,,%
oecd-emp-rate-upper-secondary,EE,Estonia,2023,Y25T64,ISCED11A_34_44,_T,81.3676,,%
oecd-emp-rate-upper-secondary,EE,Estonia,2024,Y25T64,ISCED11A_34_44,_T,80.095,,%
oecd-emp-rate-upper-secondary,EE,Estonia,2025,Y25T64,ISCED11A_34_44,_T,81.7042,,%
oecd-emp-rate-upper-secondary,EL,Greece,2010,Y25T64,ISCED11A_34_44,_T,63.1125,B,%
oecd-emp-rate-upper-secondary,EL,Greece,2011,Y25T64,ISCED11A_34_44,_T,59.6965,B,%
oecd-emp-rate-upper-secondary,EL,Greece,2012,Y25T64,ISCED11A_34_44,_T,55.0811,B,%
oecd-emp-rate-upper-secondary,EL,Greece,2013,Y25T64,ISCED11A_34_44,_T,52.5809,B,%
oecd-emp-rate-upper-secondary,EL,Greece,2014,Y25T64,ISCED11A_34_44,_T,52.7108,,%
oecd-emp-rate-upper-secondary,EL,Greece,2015,Y25T64,ISCED11A_34_44,_T,53.8416,,%
oecd-emp-rate-upper-secondary,EL,Greece,2016,Y25T64,ISCED11A_34_44,_T,55.9547,,%
oecd-emp-rate-upper-secondary,EL,Greece,2017,Y25T64,ISCED11A_34_44,_T,56.964,,%
oecd-emp-rate-upper-secondary,EL,Greece,2018,Y25T64,ISCED11A_34_44,_T,58.3632,,%
oecd-emp-rate-upper-secondary,EL,Greece,2019,Y25T64,ISCED11A_34_44,_T,59.9223,,%
oecd-emp-rate-upper-secondary,EL,Greece,2020,Y25T64,ISCED11A_34_44,_T,59.7082,,%
oecd-emp-rate-upper-secondary,EL,Greece,2021,Y25T64,ISCED11A_34_44,_T,59.7362,,%
oecd-emp-rate-upper-secondary,EL,Greece,2022,Y25T64,ISCED11A_34_44,_T,62.8085,,%
oecd-emp-rate-upper-secondary,EL,Greece,2023,Y25T64,ISCED11A_34_44,_T,63.7076,,%
oecd-emp-rate-upper-secondary,EL,Greece,2024,Y25T64,ISCED11A_34_44,_T,66.2774,,%
oecd-emp-rate-upper-secondary,EL,Greece,2025,Y25T64,ISCED11A_34_44,_T,69.0022,,%
oecd-emp-rate-upper-secondary,ES,Spain,2014,Y25T64,ISCED11A_34_44,_T,65.9009,,%
oecd-emp-rate-upper-secondary,ES,Spain,2015,Y25T64,ISCED11A_34_44,_T,67.4555,,%
oecd-emp-rate-upper-secondary,ES,Spain,2016,Y25T64,ISCED11A_34_44,_T,68.9186,,%
oecd-emp-rate-upper-secondary,ES,Spain,2017,Y25T64,ISCED11A_34_44,_T,69.4831,,%
oecd-emp-rate-upper-secondary,ES,Spain,2018,Y25T64,ISCED11A_34_44,_T,69.4369,,%
oecd-emp-rate-upper-secondary,ES,Spain,2019,Y25T64,ISCED11A_34_44,_T,71.0144,,%
oecd-emp-rate-upper-secondary,ES,Spain,2020,Y25T64,ISCED11A_34_44,_T,67.2301,,%
oecd-emp-rate-upper-secondary,ES,Spain,2021,Y25T64,ISCED11A_34_44,_T,69.5412,,%
oecd-emp-rate-upper-secondary,ES,Spain,2022,Y25T64,ISCED11A_34_44,_T,71.0537,,%
oecd-emp-rate-upper-secondary,ES,Spain,2023,Y25T64,ISCED11A_34_44,_T,72.023,,%
oecd-emp-rate-upper-secondary,ES,Spain,2024,Y25T64,ISCED11A_34_44,_T,72.9412,,%
oecd-emp-rate-upper-secondary,ES,Spain,2025,Y25T64,ISCED11A_34_44,_T,73.512,,%
oecd-emp-rate-upper-secondary,FI,Finland,2014,Y25T64,ISCED11A_34_44,_T,69.4068,,%
oecd-emp-rate-upper-secondary,FI,Finland,2015,Y25T64,ISCED11A_34_44,_T,67.003,,%
oecd-emp-rate-upper-secondary,FI,Finland,2016,Y25T64,ISCED11A_34_44,_T,71.0692,,%
oecd-emp-rate-upper-secondary,FI,Finland,2017,Y25T64,ISCED11A_34_44,_T,72.6115,,%
oecd-emp-rate-upper-secondary,FI,Finland,2018,Y25T64,ISCED11A_34_44,_T,73.1544,,%
oecd-emp-rate-upper-secondary,FI,Finland,2019,Y25T64,ISCED11A_34_44,_T,73.0337,,%
oecd-emp-rate-upper-secondary,FI,Finland,2020,Y25T64,ISCED11A_34_44,_T,69.8864,,%
oecd-emp-rate-upper-secondary,FI,Finland,2021,Y25T64,ISCED11A_34_44,_T,72.6804,,%
oecd-emp-rate-upper-secondary,FI,Finland,2022,Y25T64,ISCED11A_34_44,_T,73.1132,,%
oecd-emp-rate-upper-secondary,FI,Finland,2023,Y25T64,ISCED11A_34_44,_T,73.0769,,%
oecd-emp-rate-upper-secondary,FI,Finland,2024,Y25T64,ISCED11A_34_44,_T,70.4762,,%
oecd-emp-rate-upper-secondary,FI,Finland,2025,Y25T64,ISCED11A_34_44,_T,67.382,,%
oecd-emp-rate-upper-secondary,FR,France,2013,Y25T64,ISCED11A_34_44,_T,74.9401,,%
oecd-emp-rate-upper-secondary,FR,France,2014,Y25T64,ISCED11A_34_44,_T,73.9539,,%
oecd-emp-rate-upper-secondary,FR,France,2015,Y25T64,ISCED11A_34_44,_T,74.7261,,%
oecd-emp-rate-upper-secondary,FR,France,2016,Y25T64,ISCED11A_34_44,_T,73.6103,,%
oecd-emp-rate-upper-secondary,FR,France,2017,Y25T64,ISCED11A_34_44,_T,73.0565,,%
oecd-emp-rate-upper-secondary,FR,France,2018,Y25T64,ISCED11A_34_44,_T,74.3515,,%
oecd-emp-rate-upper-secondary,FR,France,2019,Y25T64,ISCED11A_34_44,_T,74.676,,%
oecd-emp-rate-upper-secondary,FR,France,2020,Y25T64,ISCED11A_34_44,_T,72.9058,,%
oecd-emp-rate-upper-secondary,FR,France,2021,Y25T64,ISCED11A_34_44,_T,74.0535,,%
oecd-emp-rate-upper-secondary,FR,France,2022,Y25T64,ISCED11A_34_44,_T,73.747,,%
oecd-emp-rate-upper-secondary,FR,France,2023,Y25T64,ISCED11A_34_44,_T,73.8901,,%
oecd-emp-rate-upper-secondary,FR,France,2024,Y25T64,ISCED11A_34_44,_T,74.306,,%
oecd-emp-rate-upper-secondary,FR,France,2025,Y25T64,ISCED11A_34_44,_T,74.1594,,%
oecd-emp-rate-upper-secondary,HR,Croatia,2015,Y25T64,ISCED11A_34_44,_T,52.81,,%
oecd-emp-rate-upper-secondary,HR,Croatia,2016,Y25T64,ISCED11A_34_44,_T,60.4651,,%
oecd-emp-rate-upper-secondary,HR,Croatia,2019,Y25T64,ISCED11A_34_44,_T,60.4059,,%
oecd-emp-rate-upper-secondary,HR,Croatia,2023,Y25T64,ISCED11A_34_44,_T,70.3125,,%
oecd-emp-rate-upper-secondary,HR,Croatia,2024,Y25T64,ISCED11A_34_44,_T,71.9783,,%
oecd-emp-rate-upper-secondary,HR,Croatia,2025,Y25T64,ISCED11A_34_44,_T,72.3901,,%
oecd-emp-rate-upper-secondary,HU,Hungary,2014,Y25T64,ISCED11A_34_44,_T,69.5933,,%
oecd-emp-rate-upper-secondary,HU,Hungary,2015,Y25T64,ISCED11A_34_44,_T,71.947,,%
oecd-emp-rate-upper-secondary,HU,Hungary,2016,Y25T64,ISCED11A_34_44,_T,74.5859,,%
oecd-emp-rate-upper-secondary,HU,Hungary,2017,Y25T64,ISCED11A_34_44,_T,75.2418,,%
oecd-emp-rate-upper-secondary,HU,Hungary,2018,Y25T64,ISCED11A_34_44,_T,75.6813,,%
oecd-emp-rate-upper-secondary,HU,Hungary,2019,Y25T64,ISCED11A_34_44,_T,78.1747,,%
oecd-emp-rate-upper-secondary,HU,Hungary,2020,Y25T64,ISCED11A_34_44,_T,76.4512,,%
oecd-emp-rate-upper-secondary,HU,Hungary,2021,Y25T64,ISCED11A_34_44,_T,79.8501,,%
oecd-emp-rate-upper-secondary,HU,Hungary,2022,Y25T64,ISCED11A_34_44,_T,82.5246,,%
oecd-emp-rate-upper-secondary,HU,Hungary,2023,Y25T64,ISCED11A_34_44,_T,83.0668,,%
oecd-emp-rate-upper-secondary,HU,Hungary,2024,Y25T64,ISCED11A_34_44,_T,83.9213,,%
oecd-emp-rate-upper-secondary,HU,Hungary,2025,Y25T64,ISCED11A_34_44,_T,82.9276,,%
oecd-emp-rate-upper-secondary,IE,Ireland,2014,Y25T64,ISCED11A_34_44,_T,65.9125,,%
oecd-emp-rate-upper-secondary,IE,Ireland,2015,Y25T64,ISCED11A_34_44,_T,66.326,,%
oecd-emp-rate-upper-secondary,IE,Ireland,2017,Y25T64,ISCED11A_34_44,_T,70.262,,%
oecd-emp-rate-upper-secondary,IE,Ireland,2019,Y25T64,ISCED11A_34_44,_T,73.0655,,%
oecd-emp-rate-upper-secondary,IE,Ireland,2020,Y25T64,ISCED11A_34_44,_T,69.232,,%
oecd-emp-rate-upper-secondary,IE,Ireland,2022,Y25T64,ISCED11A_34_44,_T,73.8085,W,%
oecd-emp-rate-upper-secondary,IE,Ireland,2023,Y25T64,ISCED11A_34_44,_T,75.0856,,%
oecd-emp-rate-upper-secondary,IE,Ireland,2024,Y25T64,ISCED11A_34_44,_T,74.9453,,%
oecd-emp-rate-upper-secondary,IE,Ireland,2025,Y25T64,ISCED11A_34_44,_T,75.8301,,%
oecd-emp-rate-upper-secondary,IS,Iceland,2010,Y25T64,ISCED11A_34_44,_T,72.2903,,%
oecd-emp-rate-upper-secondary,IS,Iceland,2011,Y25T64,ISCED11A_34_44,_T,71.8314,,%
oecd-emp-rate-upper-secondary,IS,Iceland,2012,Y25T64,ISCED11A_34_44,_T,74.8176,,%
oecd-emp-rate-upper-secondary,IS,Iceland,2013,Y25T64,ISCED11A_34_44,_T,77.727,,%
oecd-emp-rate-upper-secondary,IS,Iceland,2014,Y25T64,ISCED11A_34_44,_T,75.144,,%
oecd-emp-rate-upper-secondary,IS,Iceland,2015,Y25T64,ISCED11A_34_44,_T,78.7526,,%
oecd-emp-rate-upper-secondary,IS,Iceland,2016,Y25T64,ISCED11A_34_44,_T,82.5299,,%
oecd-emp-rate-upper-secondary,IS,Iceland,2017,Y25T64,ISCED11A_34_44,_T,83.0161,,%
oecd-emp-rate-upper-secondary,IS,Iceland,2018,Y25T64,ISCED11A_34_44,_T,79.5516,,%
oecd-emp-rate-upper-secondary,IS,Iceland,2019,Y25T64,ISCED11A_34_44,_T,77.7441,,%
oecd-emp-rate-upper-secondary,IS,Iceland,2020,Y25T64,ISCED11A_34_44,_T,76.2676,,%
oecd-emp-rate-upper-secondary,IS,Iceland,2021,Y25T64,ISCED11A_34_44,_T,75.2003,,%
oecd-emp-rate-upper-secondary,IS,Iceland,2022,Y25T64,ISCED11A_34_44,_T,78.8539,,%
oecd-emp-rate-upper-secondary,IS,Iceland,2023,Y25T64,ISCED11A_34_44,_T,83.0683,,%
oecd-emp-rate-upper-secondary,IT,Italy,2014,Y25T64,ISCED11A_34_44,_T,62.2066,,%
oecd-emp-rate-upper-secondary,IT,Italy,2015,Y25T64,ISCED11A_34_44,_T,61.9361,,%
oecd-emp-rate-upper-secondary,IT,Italy,2016,Y25T64,ISCED11A_34_44,_T,62.8097,,%
oecd-emp-rate-upper-secondary,IT,Italy,2017,Y25T64,ISCED11A_34_44,_T,63.0678,,%
oecd-emp-rate-upper-secondary,IT,Italy,2018,Y25T64,ISCED11A_34_44,_T,62.376,,%
oecd-emp-rate-upper-secondary,IT,Italy,2019,Y25T64,ISCED11A_34_44,_T,63.0876,,%
oecd-emp-rate-upper-secondary,IT,Italy,2020,Y25T64,ISCED11A_34_44,_T,61.5915,,%
oecd-emp-rate-upper-secondary,IT,Italy,2021,Y25T64,ISCED11A_34_44,_T,62.7084,,%
oecd-emp-rate-upper-secondary,IT,Italy,2022,Y25T64,ISCED11A_34_44,_T,64.9131,,%
oecd-emp-rate-upper-secondary,IT,Italy,2023,Y25T64,ISCED11A_34_44,_T,65.5007,,%
oecd-emp-rate-upper-secondary,IT,Italy,2024,Y25T64,ISCED11A_34_44,_T,67.3249,,%
oecd-emp-rate-upper-secondary,IT,Italy,2025,Y25T64,ISCED11A_34_44,_T,67.732,,%
oecd-emp-rate-upper-secondary,LT,Lithuania,2014,Y25T64,ISCED11A_34_44,_T,74.0209,,%
oecd-emp-rate-upper-secondary,LT,Lithuania,2015,Y25T64,ISCED11A_34_44,_T,76.0509,,%
oecd-emp-rate-upper-secondary,LT,Lithuania,2016,Y25T64,ISCED11A_34_44,_T,68.3951,,%
oecd-emp-rate-upper-secondary,LT,Lithuania,2017,Y25T64,ISCED11A_34_44,_T,69.6422,,%
oecd-emp-rate-upper-secondary,LT,Lithuania,2018,Y25T64,ISCED11A_34_44,_T,71.8924,,%
oecd-emp-rate-upper-secondary,LT,Lithuania,2019,Y25T64,ISCED11A_34_44,_T,71.7667,,%
oecd-emp-rate-upper-secondary,LT,Lithuania,2020,Y25T64,ISCED11A_34_44,_T,70.9594,,%
oecd-emp-rate-upper-secondary,LT,Lithuania,2021,Y25T64,ISCED11A_34_44,_T,73.5853,,%
oecd-emp-rate-upper-secondary,LT,Lithuania,2022,Y25T64,ISCED11A_34_44,_T,75.0512,,%
oecd-emp-rate-upper-secondary,LT,Lithuania,2023,Y25T64,ISCED11A_34_44,_T,73.8961,,%
oecd-emp-rate-upper-secondary,LT,Lithuania,2024,Y25T64,ISCED11A_34_44,_T,75.0413,,%
oecd-emp-rate-upper-secondary,LT,Lithuania,2025,Y25T64,ISCED11A_34_44,_T,72.6667,,%
oecd-emp-rate-upper-secondary,LU,Luxembourg,2014,Y25T64,ISCED11A_34_44,_T,76.3603,,%
oecd-emp-rate-upper-secondary,LU,Luxembourg,2015,Y25T64,ISCED11A_34_44,_T,84.7803,U,%
oecd-emp-rate-upper-secondary,LU,Luxembourg,2017,Y25T64,ISCED11A_34_44,_T,74.7982,,%
oecd-emp-rate-upper-secondary,LU,Luxembourg,2018,Y25T64,ISCED11A_34_44,_T,74.5434,,%
oecd-emp-rate-upper-secondary,LU,Luxembourg,2019,Y25T64,ISCED11A_34_44,_T,80.231,,%
oecd-emp-rate-upper-secondary,LU,Luxembourg,2020,Y25T64,ISCED11A_34_44,_T,80.6671,,%
oecd-emp-rate-upper-secondary,LU,Luxembourg,2022,Y25T64,ISCED11A_34_44,_T,76.9922,,%
oecd-emp-rate-upper-secondary,LU,Luxembourg,2023,Y25T64,ISCED11A_34_44,_T,75.4266,,%
oecd-emp-rate-upper-secondary,LU,Luxembourg,2024,Y25T64,ISCED11A_34_44,_T,75.6419,,%
oecd-emp-rate-upper-secondary,LU,Luxembourg,2025,Y25T64,ISCED11A_34_44,_T,75.1755,,%
oecd-emp-rate-upper-secondary,LV,Latvia,2014,Y25T64,ISCED11A_34_44,_T,67.7636,,%
oecd-emp-rate-upper-secondary,LV,Latvia,2015,Y25T64,ISCED11A_34_44,_T,68.6772,,%
oecd-emp-rate-upper-secondary,LV,Latvia,2016,Y25T64,ISCED11A_34_44,_T,67.8321,,%
oecd-emp-rate-upper-secondary,LV,Latvia,2017,Y25T64,ISCED11A_34_44,_T,70.7472,,%
oecd-emp-rate-upper-secondary,LV,Latvia,2018,Y25T64,ISCED11A_34_44,_T,72.6668,,%
oecd-emp-rate-upper-secondary,LV,Latvia,2019,Y25T64,ISCED11A_34_44,_T,73.5515,,%
oecd-emp-rate-upper-secondary,LV,Latvia,2020,Y25T64,ISCED11A_34_44,_T,73.7463,,%
oecd-emp-rate-upper-secondary,LV,Latvia,2021,Y25T64,ISCED11A_34_44,_T,69.5609,,%
oecd-emp-rate-upper-secondary,LV,Latvia,2022,Y25T64,ISCED11A_34_44,_T,72.7883,,%
oecd-emp-rate-upper-secondary,LV,Latvia,2023,Y25T64,ISCED11A_34_44,_T,74.0511,,%
oecd-emp-rate-upper-secondary,LV,Latvia,2024,Y25T64,ISCED11A_34_44,_T,73.577,,%
oecd-emp-rate-upper-secondary,LV,Latvia,2025,Y25T64,ISCED11A_34_44,_T,74.9219,,%
oecd-emp-rate-upper-secondary,NL,Netherlands,2013,Y25T64,ISCED11A_34_44,_T,75.783,B,%
oecd-emp-rate-upper-secondary,NL,Netherlands,2014,Y25T64,ISCED11A_34_44,_T,74.166,,%
oecd-emp-rate-upper-secondary,NL,Netherlands,2015,Y25T64,ISCED11A_34_44,_T,74.6492,,%
oecd-emp-rate-upper-secondary,NL,Netherlands,2016,Y25T64,ISCED11A_34_44,_T,74.1609,,%
oecd-emp-rate-upper-secondary,NL,Netherlands,2017,Y25T64,ISCED11A_34_44,_T,75.2574,,%
oecd-emp-rate-upper-secondary,NL,Netherlands,2018,Y25T64,ISCED11A_34_44,_T,77.1327,,%
oecd-emp-rate-upper-secondary,NL,Netherlands,2019,Y25T64,ISCED11A_34_44,_T,76.5032,,%
oecd-emp-rate-upper-secondary,NL,Netherlands,2020,Y25T64,ISCED11A_34_44,_T,76.2105,,%
oecd-emp-rate-upper-secondary,NL,Netherlands,2021,Y25T64,ISCED11A_34_44,_T,76.9308,,%
oecd-emp-rate-upper-secondary,NL,Netherlands,2022,Y25T64,ISCED11A_34_44,_T,78.8027,,%
oecd-emp-rate-upper-secondary,NL,Netherlands,2023,Y25T64,ISCED11A_34_44,_T,78.9837,,%
oecd-emp-rate-upper-secondary,NL,Netherlands,2024,Y25T64,ISCED11A_34_44,_T,79.2006,,%
oecd-emp-rate-upper-secondary,NL,Netherlands,2025,Y25T64,ISCED11A_34_44,_T,78.2328,,%
oecd-emp-rate-upper-secondary,NO,Norway,2014,Y25T64,ISCED11A_34_44,_T,78.3587,,%
oecd-emp-rate-upper-secondary,NO,Norway,2015,Y25T64,ISCED11A_34_44,_T,77.01,,%
oecd-emp-rate-upper-secondary,NO,Norway,2016,Y25T64,ISCED11A_34_44,_T,76.005,,%
oecd-emp-rate-upper-secondary,NO,Norway,2017,Y25T64,ISCED11A_34_44,_T,74.4347,,%
oecd-emp-rate-upper-secondary,NO,Norway,2018,Y25T64,ISCED11A_34_44,_T,75.0748,,%
oecd-emp-rate-upper-secondary,NO,Norway,2019,Y25T64,ISCED11A_34_44,_T,75.1809,,%
oecd-emp-rate-upper-secondary,NO,Norway,2020,Y25T64,ISCED11A_34_44,_T,71.7278,,%
oecd-emp-rate-upper-secondary,NO,Norway,2021,Y25T64,ISCED11A_34_44,_T,75.7692,,%
oecd-emp-rate-upper-secondary,NO,Norway,2022,Y25T64,ISCED11A_34_44,_T,76.3636,,%
oecd-emp-rate-upper-secondary,NO,Norway,2023,Y25T64,ISCED11A_34_44,_T,76.6323,,%
oecd-emp-rate-upper-secondary,NO,Norway,2024,Y25T64,ISCED11A_34_44,_T,75.8865,,%
oecd-emp-rate-upper-secondary,NO,Norway,2025,Y25T64,ISCED11A_34_44,_T,72.3574,,%
oecd-emp-rate-upper-secondary,PL,Poland,2014,Y25T64,ISCED11A_34_44,_T,63.8214,,%
oecd-emp-rate-upper-secondary,PL,Poland,2015,Y25T64,ISCED11A_34_44,_T,65.587,,%
oecd-emp-rate-upper-secondary,PL,Poland,2016,Y25T64,ISCED11A_34_44,_T,66.8261,,%
oecd-emp-rate-upper-secondary,PL,Poland,2017,Y25T64,ISCED11A_34_44,_T,68.5164,,%
oecd-emp-rate-upper-secondary,PL,Poland,2018,Y25T64,ISCED11A_34_44,_T,70.379,,%
oecd-emp-rate-upper-secondary,PL,Poland,2019,Y25T64,ISCED11A_34_44,_T,70.7859,,%
oecd-emp-rate-upper-secondary,PL,Poland,2020,Y25T64,ISCED11A_34_44,_T,71.0769,,%
oecd-emp-rate-upper-secondary,PL,Poland,2021,Y25T64,ISCED11A_34_44,_T,74.0475,,%
oecd-emp-rate-upper-secondary,PL,Poland,2022,Y25T64,ISCED11A_34_44,_T,75.9903,,%
oecd-emp-rate-upper-secondary,PL,Poland,2023,Y25T64,ISCED11A_34_44,_T,77.3605,,%
oecd-emp-rate-upper-secondary,PL,Poland,2024,Y25T64,ISCED11A_34_44,_T,77.2397,,%
oecd-emp-rate-upper-secondary,PL,Poland,2025,Y25T64,ISCED11A_34_44,_T,78.8515,,%
oecd-emp-rate-upper-secondary,PT,Portugal,2014,Y25T64,ISCED11A_34_44,_T,77.0311,,%
oecd-emp-rate-upper-secondary,PT,Portugal,2015,Y25T64,ISCED11A_34_44,_T,78.0074,,%
oecd-emp-rate-upper-secondary,PT,Portugal,2016,Y25T64,ISCED11A_34_44,_T,79.3116,,%
oecd-emp-rate-upper-secondary,PT,Portugal,2017,Y25T64,ISCED11A_34_44,_T,81.2291,,%
oecd-emp-rate-upper-secondary,PT,Portugal,2018,Y25T64,ISCED11A_34_44,_T,82.7843,,%
oecd-emp-rate-upper-secondary,PT,Portugal,2019,Y25T64,ISCED11A_34_44,_T,83.5013,,%
oecd-emp-rate-upper-secondary,PT,Portugal,2020,Y25T64,ISCED11A_34_44,_T,80.7567,,%
oecd-emp-rate-upper-secondary,PT,Portugal,2021,Y25T64,ISCED11A_34_44,_T,82.3256,,%
oecd-emp-rate-upper-secondary,PT,Portugal,2022,Y25T64,ISCED11A_34_44,_T,83.7927,,%
oecd-emp-rate-upper-secondary,PT,Portugal,2023,Y25T64,ISCED11A_34_44,_T,84.5514,,%
oecd-emp-rate-upper-secondary,PT,Portugal,2024,Y25T64,ISCED11A_34_44,_T,84.6356,,%
oecd-emp-rate-upper-secondary,PT,Portugal,2025,Y25T64,ISCED11A_34_44,_T,84.7616,,%
oecd-emp-rate-upper-secondary,RO,Romania,2015,Y25T64,ISCED11A_34_44,_T,66.4307,B,%
oecd-emp-rate-upper-secondary,RO,Romania,2019,Y25T64,ISCED11A_34_44,_T,74.1293,,%
oecd-emp-rate-upper-secondary,RO,Romania,2021,Y25T64,ISCED11A_34_44,_T,73.4269,,%
oecd-emp-rate-upper-secondary,RO,Romania,2022,Y25T64,ISCED11A_34_44,_T,75.6002,,%
oecd-emp-rate-upper-secondary,RO,Romania,2023,Y25T64,ISCED11A_34_44,_T,77.9703,,%
oecd-emp-rate-upper-secondary,RO,Romania,2024,Y25T64,ISCED11A_34_44,_T,78.144,,%
oecd-emp-rate-upper-secondary,RO,Romania,2025,Y25T64,ISCED11A_34_44,_T,77.6182,,%
oecd-emp-rate-upper-secondary,SE,Sweden,2014,Y25T64,ISCED11A_34_44,_T,82.0396,,%
oecd-emp-rate-upper-secondary,SE,Sweden,2015,Y25T64,ISCED11A_34_44,_T,81.8068,,%
oecd-emp-rate-upper-secondary,SE,Sweden,2016,Y25T64,ISCED11A_34_44,_T,81.7739,,%
oecd-emp-rate-upper-secondary,SE,Sweden,2017,Y25T64,ISCED11A_34_44,_T,82.0915,,%
oecd-emp-rate-upper-secondary,SE,Sweden,2018,Y25T64,ISCED11A_34_44,_T,82.3639,,%
oecd-emp-rate-upper-secondary,SE,Sweden,2019,Y25T64,ISCED11A_34_44,_T,80.2551,,%
oecd-emp-rate-upper-secondary,SE,Sweden,2020,Y25T64,ISCED11A_34_44,_T,80.938,,%
oecd-emp-rate-upper-secondary,SE,Sweden,2021,Y25T64,ISCED11A_34_44,_T,79.3911,,%
oecd-emp-rate-upper-secondary,SE,Sweden,2022,Y25T64,ISCED11A_34_44,_T,80.8839,,%
oecd-emp-rate-upper-secondary,SE,Sweden,2023,Y25T64,ISCED11A_34_44,_T,81.6293,,%
oecd-emp-rate-upper-secondary,SE,Sweden,2024,Y25T64,ISCED11A_34_44,_T,79.9442,,%
oecd-emp-rate-upper-secondary,SE,Sweden,2025,Y25T64,ISCED11A_34_44,_T,78.551,,%
oecd-emp-rate-upper-secondary,SI,Slovenia,2014,Y25T64,ISCED11A_34_44,_T,47.9686,U,%
oecd-emp-rate-upper-secondary,SI,Slovenia,2015,Y25T64,ISCED11A_34_44,_T,65.9134,,%
oecd-emp-rate-upper-secondary,SI,Slovenia,2016,Y25T64,ISCED11A_34_44,_T,68.6253,,%
oecd-emp-rate-upper-secondary,SI,Slovenia,2017,Y25T64,ISCED11A_34_44,_T,72.2733,,%
oecd-emp-rate-upper-secondary,SI,Slovenia,2018,Y25T64,ISCED11A_34_44,_T,74.6436,,%
oecd-emp-rate-upper-secondary,SI,Slovenia,2019,Y25T64,ISCED11A_34_44,_T,78.3828,,%
oecd-emp-rate-upper-secondary,SI,Slovenia,2020,Y25T64,ISCED11A_34_44,_T,75.7118,,%
oecd-emp-rate-upper-secondary,SI,Slovenia,2021,Y25T64,ISCED11A_34_44,_T,77.4771,,%
oecd-emp-rate-upper-secondary,SI,Slovenia,2022,Y25T64,ISCED11A_34_44,_T,77.5907,,%
oecd-emp-rate-upper-secondary,SI,Slovenia,2023,Y25T64,ISCED11A_34_44,_T,80.8511,,%
oecd-emp-rate-upper-secondary,SI,Slovenia,2024,Y25T64,ISCED11A_34_44,_T,82.1683,,%
oecd-emp-rate-upper-secondary,SI,Slovenia,2025,Y25T64,ISCED11A_34_44,_T,79.8572,,%
oecd-emp-rate-upper-secondary,SK,Slovakia,2014,Y25T64,ISCED11A_34_44,_T,67.1283,,%
oecd-emp-rate-upper-secondary,SK,Slovakia,2015,Y25T64,ISCED11A_34_44,_T,70.9871,,%
oecd-emp-rate-upper-secondary,SK,Slovakia,2016,Y25T64,ISCED11A_34_44,_T,72.8683,,%
oecd-emp-rate-upper-secondary,SK,Slovakia,2017,Y25T64,ISCED11A_34_44,_T,71.587,,%
oecd-emp-rate-upper-secondary,SK,Slovakia,2018,Y25T64,ISCED11A_34_44,_T,72.1939,,%
oecd-emp-rate-upper-secondary,SK,Slovakia,2019,Y25T64,ISCED11A_34_44,_T,76.3002,,%
oecd-emp-rate-upper-secondary,SK,Slovakia,2020,Y25T64,ISCED11A_34_44,_T,72.3378,,%
oecd-emp-rate-upper-secondary,SK,Slovakia,2021,Y25T64,ISCED11A_34_44,_T,78.1775,,%
oecd-emp-rate-upper-secondary,SK,Slovakia,2022,Y25T64,ISCED11A_34_44,_T,79.3766,,%
oecd-emp-rate-upper-secondary,SK,Slovakia,2023,Y25T64,ISCED11A_34_44,_T,81.01,,%
oecd-emp-rate-upper-secondary,SK,Slovakia,2024,Y25T64,ISCED11A_34_44,_T,80.6261,,%
oecd-emp-rate-upper-secondary,SK,Slovakia,2025,Y25T64,ISCED11A_34_44,_T,81.1793,,%
oecd-emp-rate-upper-secondary,TR,Türkiye,2014,Y25T64,ISCED11A_34_44,_T,58.7319,,%
oecd-emp-rate-upper-secondary,TR,Türkiye,2015,Y25T64,ISCED11A_34_44,_T,58.2558,,%
oecd-emp-rate-upper-secondary,TR,Türkiye,2016,Y25T64,ISCED11A_34_44,_T,58.2577,,%
oecd-emp-rate-upper-secondary,TR,Türkiye,2017,Y25T64,ISCED11A_34_44,_T,59.0966,,%
oecd-emp-rate-upper-secondary,TR,Türkiye,2018,Y25T64,ISCED11A_34_44,_T,59.55,,%
oecd-emp-rate-upper-secondary,TR,Türkiye,2019,Y25T64,ISCED11A_34_44,_T,56.6299,,%
oecd-emp-rate-upper-secondary,TR,Türkiye,2021,Y25T64,ISCED11A_34_44,_T,56.2092,,%
oecd-emp-rate-upper-secondary,TR,Türkiye,2022,Y25T64,ISCED11A_34_44,_T,59.7723,,%
oecd-emp-rate-upper-secondary,TR,Türkiye,2023,Y25T64,ISCED11A_34_44,_T,59.7004,,%
oecd-emp-rate-upper-secondary,TR,Türkiye,2024,Y25T64,ISCED11A_34_44,_T,60.7288,,%
oecd-emp-rate-upper-secondary,TR,Türkiye,2025,Y25T64,ISCED11A_34_44,_T,60.3303,,%
oecd-emp-rate-upper-secondary,UK,United Kingdom,2014,Y25T64,ISCED11A_34_44,_T,79.0655,,%
oecd-emp-rate-upper-secondary,UK,United Kingdom,2015,Y25T64,ISCED11A_34_44,_T,78.9522,,%
oecd-emp-rate-upper-secondary,UK,United Kingdom,2016,Y25T64,ISCED11A_34_44,_T,78.3678,,%
oecd-emp-rate-upper-secondary,UK,United Kingdom,2017,Y25T64,ISCED11A_34_44,_T,79.8209,,%
oecd-emp-rate-upper-secondary,UK,United Kingdom,2018,Y25T64,ISCED11A_34_44,_T,80.049,,%
oecd-emp-rate-upper-secondary,UK,United Kingdom,2019,Y25T64,ISCED11A_34_44,_T,80.4578,,%
oecd-emp-rate-upper-secondary,UK,United Kingdom,2020,Y25T64,ISCED11A_34_44,_T,79.7516,,%
oecd-emp-rate-upper-secondary,UK,United Kingdom,2021,Y25T64,ISCED11A_34_44,_T,79.0988,,%
oecd-emp-rate-upper-secondary,UK,United Kingdom,2022,Y25T64,ISCED11A_34_44,_T,79.1601,,%
oecd-emp-rate-upper-secondary,UK,United Kingdom,2023,Y25T64,ISCED11A_34_44,_T,78.7949,,%
oecd-emp-rate-upper-secondary,UK,United Kingdom,2024,Y25T64,ISCED11A_34_44,_T,77.6494,,%
oecd-emp-rate-upper-secondary,UK,United Kingdom,2025,Y25T64,ISCED11A_34_44,_T,78.5811,,%
oecd-emp-rate-upper-secondary,AT,Austria,2014,Y25T64,ISCED11A_35_45,F,71.512,,%
oecd-emp-rate-upper-secondary,AT,Austria,2015,Y25T64,ISCED11A_35_45,F,72.3624,,%
oecd-emp-rate-upper-secondary,AT,Austria,2016,Y25T64,ISCED11A_35_45,F,72.3405,,%
oecd-emp-rate-upper-secondary,AT,Austria,2017,Y25T64,ISCED11A_35_45,F,72.62,,%
oecd-emp-rate-upper-secondary,AT,Austria,2018,Y25T64,ISCED11A_35_45,F,73.7161,,%
oecd-emp-rate-upper-secondary,AT,Austria,2019,Y25T64,ISCED11A_35_45,F,74.4312,,%
oecd-emp-rate-upper-secondary,AT,Austria,2020,Y25T64,ISCED11A_35_45,F,73.0894,,%
oecd-emp-rate-upper-secondary,AT,Austria,2021,Y25T64,ISCED11A_35_45,F,72.407,,%
oecd-emp-rate-upper-secondary,AT,Austria,2022,Y25T64,ISCED11A_35_45,F,75.1452,,%
oecd-emp-rate-upper-secondary,AT,Austria,2023,Y25T64,ISCED11A_35_45,F,74.7806,,%
oecd-emp-rate-upper-secondary,AT,Austria,2024,Y25T64,ISCED11A_35_45,F,75.0554,,%
oecd-emp-rate-upper-secondary,AT,Austria,2025,Y25T64,ISCED11A_35_45,F,74.0808,,%
oecd-emp-rate-upper-secondary,BE,Belgium,2014,Y25T64,ISCED11A_35_45,F,68.6864,,%
oecd-emp-rate-upper-secondary,BE,Belgium,2015,Y25T64,ISCED11A_35_45,F,67.7337,,%
oecd-emp-rate-upper-secondary,BE,Belgium,2016,Y25T64,ISCED11A_35_45,F,67.9509,,%
oecd-emp-rate-upper-secondary,BE,Belgium,2017,Y25T64,ISCED11A_35_45,F,67.7212,,%
oecd-emp-rate-upper-secondary,BE,Belgium,2018,Y25T64,ISCED11A_35_45,F,68.4699,,%
oecd-emp-rate-upper-secondary,BE,Belgium,2019,Y25T64,ISCED11A_35_45,F,69.5913,,%
oecd-emp-rate-upper-secondary,BE,Belgium,2020,Y25T64,ISCED11A_35_45,F,69.3697,,%
oecd-emp-rate-upper-secondary,BE,Belgium,2021,Y25T64,ISCED11A_35_45,F,68.7116,,%
oecd-emp-rate-upper-secondary,BE,Belgium,2022,Y25T64,ISCED11A_35_45,F,69.3356,,%
oecd-emp-rate-upper-secondary,BE,Belgium,2023,Y25T64,ISCED11A_35_45,F,68.7412,,%
oecd-emp-rate-upper-secondary,BE,Belgium,2024,Y25T64,ISCED11A_35_45,F,69.3249,,%
oecd-emp-rate-upper-secondary,BE,Belgium,2025,Y25T64,ISCED11A_35_45,F,69.1793,,%
oecd-emp-rate-upper-secondary,BG,Bulgaria,2015,Y25T64,ISCED11A_35_45,F,69.9306,,%
oecd-emp-rate-upper-secondary,BG,Bulgaria,2016,Y25T64,ISCED11A_35_45,F,70.0074,,%
oecd-emp-rate-upper-secondary,BG,Bulgaria,2019,Y25T64,ISCED11A_35_45,F,77.1,,%
oecd-emp-rate-upper-secondary,BG,Bulgaria,2022,Y25T64,ISCED11A_35_45,F,76.9174,,%
oecd-emp-rate-upper-secondary,BG,Bulgaria,2023,Y25T64,ISCED11A_35_45,F,78.2513,,%
oecd-emp-rate-upper-secondary,BG,Bulgaria,2024,Y25T64,ISCED11A_35_45,F,78.4421,,%
oecd-emp-rate-upper-secondary,BG,Bulgaria,2025,Y25T64,ISCED11A_35_45,F,78.318,,%
oecd-emp-rate-upper-secondary,CH,Switzerland,2014,Y25T64,ISCED11A_35_45,F,77.3031,,%
oecd-emp-rate-upper-secondary,CH,Switzerland,2015,Y25T64,ISCED11A_35_45,F,77.8281,,%
oecd-emp-rate-upper-secondary,CH,Switzerland,2016,Y25T64,ISCED11A_35_45,F,77.8822,,%
oecd-emp-rate-upper-secondary,CH,Switzerland,2017,Y25T64,ISCED11A_35_45,F,77.8162,,%
oecd-emp-rate-upper-secondary,CH,Switzerland,2018,Y25T64,ISCED11A_35_45,F,77.8263,,%
oecd-emp-rate-upper-secondary,CH,Switzerland,2019,Y25T64,ISCED11A_35_45,F,78.6346,,%
oecd-emp-rate-upper-secondary,CH,Switzerland,2020,Y25T64,ISCED11A_35_45,F,78.4049,,%
oecd-emp-rate-upper-secondary,CH,Switzerland,2021,Y25T64,ISCED11A_35_45,F,78.4354,,%
oecd-emp-rate-upper-secondary,CH,Switzerland,2022,Y25T64,ISCED11A_35_45,F,79.7381,,%
oecd-emp-rate-upper-secondary,CH,Switzerland,2023,Y25T64,ISCED11A_35_45,F,80.8906,,%
oecd-emp-rate-upper-secondary,CH,Switzerland,2024,Y25T64,ISCED11A_35_45,F,81.4386,,%
oecd-emp-rate-upper-secondary,CH,Switzerland,2025,Y25T64,ISCED11A_35_45,F,80.8748,,%
oecd-emp-rate-upper-secondary,CZ,Czechia,2018,Y25T64,ISCED11A_35_45,F,73.0071,,%
oecd-emp-rate-upper-secondary,CZ,Czechia,2019,Y25T64,ISCED11A_35_45,F,73.0856,,%
oecd-emp-rate-upper-secondary,CZ,Czechia,2021,Y25T64,ISCED11A_35_45,F,72.8496,,%
oecd-emp-rate-upper-secondary,CZ,Czechia,2022,Y25T64,ISCED11A_35_45,F,74.1779,,%
oecd-emp-rate-upper-secondary,CZ,Czechia,2024,Y25T64,ISCED11A_35_45,F,79.8809,,%
oecd-emp-rate-upper-secondary,DE,Germany,2014,Y25T64,ISCED11A_35_45,F,76.8465,,%
oecd-emp-rate-upper-secondary,DE,Germany,2015,Y25T64,ISCED11A_35_45,F,77.4296,,%
oecd-emp-rate-upper-secondary,DE,Germany,2016,Y25T64,ISCED11A_35_45,F,78.6438,,%
oecd-emp-rate-upper-secondary,DE,Germany,2017,Y25T64,ISCED11A_35_45,F,79.2848,,%
oecd-emp-rate-upper-secondary,DE,Germany,2018,Y25T64,ISCED11A_35_45,F,80.0424,,%
oecd-emp-rate-upper-secondary,DE,Germany,2019,Y25T64,ISCED11A_35_45,F,80.6575,,%
oecd-emp-rate-upper-secondary,DE,Germany,2020,Y25T64,ISCED11A_35_45,F,79.5665,,%
oecd-emp-rate-upper-secondary,DE,Germany,2021,Y25T64,ISCED11A_35_45,F,80.0585,,%
oecd-emp-rate-upper-secondary,DE,Germany,2022,Y25T64,ISCED11A_35_45,F,81.1922,,%
oecd-emp-rate-upper-secondary,DE,Germany,2023,Y25T64,ISCED11A_35_45,F,81.7375,,%
oecd-emp-rate-upper-secondary,DE,Germany,2024,Y25T64,ISCED11A_35_45,F,82.0664,,%
oecd-emp-rate-upper-secondary,DE,Germany,2025,Y25T64,ISCED11A_35_45,F,82.0791,,%
oecd-emp-rate-upper-secondary,DK,Denmark,2010,Y25T64,ISCED11A_35_45,F,75.5499,,%
oecd-emp-rate-upper-secondary,DK,Denmark,2011,Y25T64,ISCED11A_35_45,F,75.2444,,%
oecd-emp-rate-upper-secondary,DK,Denmark,2012,Y25T64,ISCED11A_35_45,F,74.9932,,%
oecd-emp-rate-upper-secondary,DK,Denmark,2013,Y25T64,ISCED11A_35_45,F,74.194,,%
oecd-emp-rate-upper-secondary,DK,Denmark,2014,Y25T64,ISCED11A_35_45,F,75.1936,,%
oecd-emp-rate-upper-secondary,DK,Denmark,2015,Y25T64,ISCED11A_35_45,F,75.7391,,%
oecd-emp-rate-upper-secondary,DK,Denmark,2016,Y25T64,ISCED11A_35_45,F,76.1341,,%
oecd-emp-rate-upper-secondary,DK,Denmark,2017,Y25T64,ISCED11A_35_45,F,78.4481,,%
oecd-emp-rate-upper-secondary,DK,Denmark,2018,Y25T64,ISCED11A_35_45,F,78.7569,,%
oecd-emp-rate-upper-secondary,DK,Denmark,2019,Y25T64,ISCED11A_35_45,F,79.1458,,%
oecd-emp-rate-upper-secondary,DK,Denmark,2020,Y25T64,ISCED11A_35_45,F,76.9271,,%
oecd-emp-rate-upper-secondary,DK,Denmark,2021,Y25T64,ISCED11A_35_45,F,79.0345,,%
oecd-emp-rate-upper-secondary,DK,Denmark,2022,Y25T64,ISCED11A_35_45,F,80.362,,%
oecd-emp-rate-upper-secondary,DK,Denmark,2023,Y25T64,ISCED11A_35_45,F,79.4643,,%
oecd-emp-rate-upper-secondary,DK,Denmark,2024,Y25T64,ISCED11A_35_45,F,78.6536,,%
oecd-emp-rate-upper-secondary,DK,Denmark,2025,Y25T64,ISCED11A_35_45,F,78.3353,B,%
oecd-emp-rate-upper-secondary,EE,Estonia,2014,Y25T64,ISCED11A_35_45,F,71.2306,,%
oecd-emp-rate-upper-secondary,EE,Estonia,2015,Y25T64,ISCED11A_35_45,F,71.9449,,%
oecd-emp-rate-upper-secondary,EE,Estonia,2016,Y25T64,ISCED11A_35_45,F,71.0452,,%
oecd-emp-rate-upper-secondary,EE,Estonia,2017,Y25T64,ISCED11A_35_45,F,74.0215,,%
oecd-emp-rate-upper-secondary,EE,Estonia,2018,Y25T64,ISCED11A_35_45,F,75.0059,,%
oecd-emp-rate-upper-secondary,EE,Estonia,2019,Y25T64,ISCED11A_35_45,F,76.1011,,%
oecd-emp-rate-upper-secondary,EE,Estonia,2020,Y25T64,ISCED11A_35_45,F,75.6217,,%
oecd-emp-rate-upper-secondary,EE,Estonia,2021,Y25T64,ISCED11A_35_45,F,76.9935,,%
oecd-emp-rate-upper-secondary,EE,Estonia,2022,Y25T64,ISCED11A_35_45,F,78.6725,,%
oecd-emp-rate-upper-secondary,EE,Estonia,2023,Y25T64,ISCED11A_35_45,F,78.2259,,%
oecd-emp-rate-upper-secondary,EE,Estonia,2024,Y25T64,ISCED11A_35_45,F,81.8347,,%
oecd-emp-rate-upper-secondary,EE,Estonia,2025,Y25T64,ISCED11A_35_45,F,80.2929,,%
oecd-emp-rate-upper-secondary,EL,Greece,2010,Y25T64,ISCED11A_35_45,F,61.3794,B,%
oecd-emp-rate-upper-secondary,EL,Greece,2011,Y25T64,ISCED11A_35_45,F,54.1965,B,%
oecd-emp-rate-upper-secondary,EL,Greece,2012,Y25T64,ISCED11A_35_45,F,51.0344,B,%
oecd-emp-rate-upper-secondary,EL,Greece,2013,Y25T64,ISCED11A_35_45,F,46.0506,B,%
oecd-emp-rate-upper-secondary,EL,Greece,2014,Y25T64,ISCED11A_35_45,F,48.3061,,%
oecd-emp-rate-upper-secondary,EL,Greece,2015,Y25T64,ISCED11A_35_45,F,52.2066,,%
oecd-emp-rate-upper-secondary,EL,Greece,2016,Y25T64,ISCED11A_35_45,F,50.7455,,%
oecd-emp-rate-upper-secondary,EL,Greece,2017,Y25T64,ISCED11A_35_45,F,52.0496,,%
oecd-emp-rate-upper-secondary,EL,Greece,2018,Y25T64,ISCED11A_35_45,F,53.3323,,%
oecd-emp-rate-upper-secondary,EL,Greece,2019,Y25T64,ISCED11A_35_45,F,55.2863,,%
oecd-emp-rate-upper-secondary,EL,Greece,2020,Y25T64,ISCED11A_35_45,F,56.6726,,%
oecd-emp-rate-upper-secondary,EL,Greece,2021,Y25T64,ISCED11A_35_45,F,56.7969,,%
oecd-emp-rate-upper-secondary,EL,Greece,2022,Y25T64,ISCED11A_35_45,F,59.5589,,%
oecd-emp-rate-upper-secondary,EL,Greece,2023,Y25T64,ISCED11A_35_45,F,61.3715,,%
oecd-emp-rate-upper-secondary,EL,Greece,2024,Y25T64,ISCED11A_35_45,F,62.6061,,%
oecd-emp-rate-upper-secondary,EL,Greece,2025,Y25T64,ISCED11A_35_45,F,65.795,,%
oecd-emp-rate-upper-secondary,ES,Spain,2014,Y25T64,ISCED11A_35_45,F,59.4544,,%
oecd-emp-rate-upper-secondary,ES,Spain,2015,Y25T64,ISCED11A_35_45,F,61.2939,,%
oecd-emp-rate-upper-secondary,ES,Spain,2016,Y25T64,ISCED11A_35_45,F,62.7626,,%
oecd-emp-rate-upper-secondary,ES,Spain,2017,Y25T64,ISCED11A_35_45,F,63.487,,%
oecd-emp-rate-upper-secondary,ES,Spain,2018,Y25T64,ISCED11A_35_45,F,66.0761,,%
oecd-emp-rate-upper-secondary,ES,Spain,2019,Y25T64,ISCED11A_35_45,F,65.9959,,%
oecd-emp-rate-upper-secondary,ES,Spain,2020,Y25T64,ISCED11A_35_45,F,64.0708,,%
oecd-emp-rate-upper-secondary,ES,Spain,2021,Y25T64,ISCED11A_35_45,F,65.8568,,%
oecd-emp-rate-upper-secondary,ES,Spain,2022,Y25T64,ISCED11A_35_45,F,66.843,,%
oecd-emp-rate-upper-secondary,ES,Spain,2023,Y25T64,ISCED11A_35_45,F,68.6369,,%
oecd-emp-rate-upper-secondary,ES,Spain,2024,Y25T64,ISCED11A_35_45,F,69.1622,,%
oecd-emp-rate-upper-secondary,ES,Spain,2025,Y25T64,ISCED11A_35_45,F,70.2108,,%
oecd-emp-rate-upper-secondary,FI,Finland,2014,Y25T64,ISCED11A_35_45,F,75.0278,,%
oecd-emp-rate-upper-secondary,FI,Finland,2015,Y25T64,ISCED11A_35_45,F,74.9006,,%
oecd-emp-rate-upper-secondary,FI,Finland,2016,Y25T64,ISCED11A_35_45,F,70.3704,,%
oecd-emp-rate-upper-secondary,FI,Finland,2017,Y25T64,ISCED11A_35_45,F,70.9474,,%
oecd-emp-rate-upper-secondary,FI,Finland,2018,Y25T64,ISCED11A_35_45,F,72.3629,,%
oecd-emp-rate-upper-secondary,FI,Finland,2019,Y25T64,ISCED11A_35_45,F,74.2553,,%
oecd-emp-rate-upper-secondary,FI,Finland,2020,Y25T64,ISCED11A_35_45,F,72.949,,%
oecd-emp-rate-upper-secondary,FI,Finland,2021,Y25T64,ISCED11A_35_45,F,75.0507,,%
oecd-emp-rate-upper-secondary,FI,Finland,2022,Y25T64,ISCED11A_35_45,F,78.1893,,%
oecd-emp-rate-upper-secondary,FI,Finland,2023,Y25T64,ISCED11A_35_45,F,77.5934,,%
oecd-emp-rate-upper-secondary,FI,Finland,2024,Y25T64,ISCED11A_35_45,F,76.9388,,%
oecd-emp-rate-upper-secondary,FI,Finland,2025,Y25T64,ISCED11A_35_45,F,75.4167,,%
oecd-emp-rate-upper-secondary,FR,France,2013,Y25T64,ISCED11A_35_45,F,68.4269,,%
oecd-emp-rate-upper-secondary,FR,France,2014,Y25T64,ISCED11A_35_45,F,68.1253,,%
oecd-emp-rate-upper-secondary,FR,France,2015,Y25T64,ISCED11A_35_45,F,67.2453,,%
oecd-emp-rate-upper-secondary,FR,France,2016,Y25T64,ISCED11A_35_45,F,68.4923,,%
oecd-emp-rate-upper-secondary,FR,France,2017,Y25T64,ISCED11A_35_45,F,68.5463,,%
oecd-emp-rate-upper-secondary,FR,France,2018,Y25T64,ISCED11A_35_45,F,69.0691,,%
oecd-emp-rate-upper-secondary,FR,France,2019,Y25T64,ISCED11A_35_45,F,67.9764,,%
oecd-emp-rate-upper-secondary,FR,France,2020,Y25T64,ISCED11A_35_45,F,67.536,,%
oecd-emp-rate-upper-secondary,FR,France,2021,Y25T64,ISCED11A_35_45,F,70.2774,,%
oecd-emp-rate-upper-secondary,FR,France,2022,Y25T64,ISCED11A_35_45,F,70.0968,,%
oecd-emp-rate-upper-secondary,FR,France,2023,Y25T64,ISCED11A_35_45,F,70.6323,,%
oecd-emp-rate-upper-secondary,FR,France,2024,Y25T64,ISCED11A_35_45,F,71.014,,%
oecd-emp-rate-upper-secondary,FR,France,2025,Y25T64,ISCED11A_35_45,F,72.0995,,%
oecd-emp-rate-upper-secondary,HR,Croatia,2015,Y25T64,ISCED11A_35_45,F,59.0388,,%
oecd-emp-rate-upper-secondary,HR,Croatia,2016,Y25T64,ISCED11A_35_45,F,58.0986,,%
oecd-emp-rate-upper-secondary,HR,Croatia,2019,Y25T64,ISCED11A_35_45,F,63.436,,%
oecd-emp-rate-upper-secondary,HR,Croatia,2023,Y25T64,ISCED11A_35_45,F,67.1154,,%
oecd-emp-rate-upper-secondary,HR,Croatia,2024,Y25T64,ISCED11A_35_45,F,70.6263,,%
oecd-emp-rate-upper-secondary,HR,Croatia,2025,Y25T64,ISCED11A_35_45,F,72.4646,,%
oecd-emp-rate-upper-secondary,HU,Hungary,2014,Y25T64,ISCED11A_35_45,F,64.6886,,%
oecd-emp-rate-upper-secondary,HU,Hungary,2015,Y25T64,ISCED11A_35_45,F,65.936,,%
oecd-emp-rate-upper-secondary,HU,Hungary,2016,Y25T64,ISCED11A_35_45,F,66.6907,,%
oecd-emp-rate-upper-secondary,HU,Hungary,2017,Y25T64,ISCED11A_35_45,F,67.8513,,%
oecd-emp-rate-upper-secondary,HU,Hungary,2018,Y25T64,ISCED11A_35_45,F,69.0977,,%
oecd-emp-rate-upper-secondary,HU,Hungary,2019,Y25T64,ISCED11A_35_45,F,70.7303,,%
oecd-emp-rate-upper-secondary,HU,Hungary,2020,Y25T64,ISCED11A_35_45,F,70.2755,,%
oecd-emp-rate-upper-secondary,HU,Hungary,2021,Y25T64,ISCED11A_35_45,F,76.1716,,%
oecd-emp-rate-upper-secondary,HU,Hungary,2022,Y25T64,ISCED11A_35_45,F,77.0431,,%
oecd-emp-rate-upper-secondary,HU,Hungary,2023,Y25T64,ISCED11A_35_45,F,78.2424,,%
oecd-emp-rate-upper-secondary,HU,Hungary,2024,Y25T64,ISCED11A_35_45,F,78.8843,,%
oecd-emp-rate-upper-secondary,HU,Hungary,2025,Y25T64,ISCED11A_35_45,F,78.8034,,%
oecd-emp-rate-upper-secondary,IE,Ireland,2014,Y25T64,ISCED11A_35_45,F,61.8132,,%
oecd-emp-rate-upper-secondary,IE,Ireland,2015,Y25T64,ISCED11A_35_45,F,61.6857,,%
oecd-emp-rate-upper-secondary,IE,Ireland,2017,Y25T64,ISCED11A_35_45,F,66.0776,,%
oecd-emp-rate-upper-secondary,IE,Ireland,2019,Y25T64,ISCED11A_35_45,F,67.3484,,%
oecd-emp-rate-upper-secondary,IE,Ireland,2020,Y25T64,ISCED11A_35_45,F,65.8316,,%
oecd-emp-rate-upper-secondary,IE,Ireland,2022,Y25T64,ISCED11A_35_45,F,70.5566,,%
oecd-emp-rate-upper-secondary,IE,Ireland,2023,Y25T64,ISCED11A_35_45,F,72.5189,,%
oecd-emp-rate-upper-secondary,IE,Ireland,2024,Y25T64,ISCED11A_35_45,F,73.5841,,%
oecd-emp-rate-upper-secondary,IE,Ireland,2025,Y25T64,ISCED11A_35_45,F,73.2215,,%
oecd-emp-rate-upper-secondary,IS,Iceland,2010,Y25T64,ISCED11A_35_45,F,81.4391,,%
oecd-emp-rate-upper-secondary,IS,Iceland,2011,Y25T64,ISCED11A_35_45,F,83.8954,,%
oecd-emp-rate-upper-secondary,IS,Iceland,2012,Y25T64,ISCED11A_35_45,F,82.7321,,%
oecd-emp-rate-upper-secondary,IS,Iceland,2013,Y25T64,ISCED11A_35_45,F,83.6975,,%
oecd-emp-rate-upper-secondary,IS,Iceland,2014,Y25T64,ISCED11A_35_45,F,83.3187,,%
oecd-emp-rate-upper-secondary,IS,Iceland,2015,Y25T64,ISCED11A_35_45,F,83.2469,,%
oecd-emp-rate-upper-secondary,IS,Iceland,2016,Y25T64,ISCED11A_35_45,F,78.8467,,%
oecd-emp-rate-upper-secondary,IS,Iceland,2017,Y25T64,ISCED11A_35_45,F,81.782,,%
oecd-emp-rate-upper-secondary,IS,Iceland,2018,Y25T64,ISCED11A_35_45,F,79.3467,,%
oecd-emp-rate-upper-secondary,IS,Iceland,2019,Y25T64,ISCED11A_35_45,F,79.8568,,%
oecd-emp-rate-upper-secondary,IS,Iceland,2020,Y25T64,ISCED11A_35_45,F,76.7842,,%
oecd-emp-rate-upper-secondary,IS,Iceland,2021,Y25T64,ISCED11A_35_45,F,79.5889,,%
oecd-emp-rate-upper-secondary,IS,Iceland,2022,Y25T64,ISCED11A_35_45,F,82.5345,,%
oecd-emp-rate-upper-secondary,IS,Iceland,2023,Y25T64,ISCED11A_35_45,F,83.3383,,%
oecd-emp-rate-upper-secondary,IT,Italy,2014,Y25T64,ISCED11A_35_45,F,61.9414,,%
oecd-emp-rate-upper-secondary,IT,Italy,2015,Y25T64,ISCED11A_35_45,F,61.9529,,%
oecd-emp-rate-upper-secondary,IT,Italy,2016,Y25T64,ISCED11A_35_45,F,61.9478,,%
oecd-emp-rate-upper-secondary,IT,Italy,2017,Y25T64,ISCED11A_35_45,F,62.0047,,%
oecd-emp-rate-upper-secondary,IT,Italy,2018,Y25T64,ISCED11A_35_45,F,62.2163,,%
oecd-emp-rate-upper-secondary,IT,Italy,2019,Y25T64,ISCED11A_35_45,F,62.7117,,%
oecd-emp-rate-upper-secondary,IT,Italy,2020,Y25T64,ISCED11A_35_45,F,60.842,,%
oecd-emp-rate-upper-secondary,IT,Italy,2021,Y25T64,ISCED11A_35_45,F,60.9158,,%
oecd-emp-rate-upper-secondary,IT,Italy,2022,Y25T64,ISCED11A_35_45,F,63.2263,,%
oecd-emp-rate-upper-secondary,IT,Italy,2023,Y25T64,ISCED11A_35_45,F,64.2282,,%
oecd-emp-rate-upper-secondary,IT,Italy,2024,Y25T64,ISCED11A_35_45,F,65.0309,,%
oecd-emp-rate-upper-secondary,IT,Italy,2025,Y25T64,ISCED11A_35_45,F,65.6777,,%
oecd-emp-rate-upper-secondary,LT,Lithuania,2014,Y25T64,ISCED11A_35_45,F,69.2759,,%
oecd-emp-rate-upper-secondary,LT,Lithuania,2015,Y25T64,ISCED11A_35_45,F,64.9399,,%
oecd-emp-rate-upper-secondary,LT,Lithuania,2016,Y25T64,ISCED11A_35_45,F,72.4984,,%
oecd-emp-rate-upper-secondary,LT,Lithuania,2017,Y25T64,ISCED11A_35_45,F,73.6984,,%
oecd-emp-rate-upper-secondary,LT,Lithuania,2018,Y25T64,ISCED11A_35_45,F,73.7694,,%
oecd-emp-rate-upper-secondary,LT,Lithuania,2019,Y25T64,ISCED11A_35_45,F,73.3686,,%
oecd-emp-rate-upper-secondary,LT,Lithuania,2020,Y25T64,ISCED11A_35_45,F,69.835,,%
oecd-emp-rate-upper-secondary,LT,Lithuania,2021,Y25T64,ISCED11A_35_45,F,70.8961,,%
oecd-emp-rate-upper-secondary,LT,Lithuania,2022,Y25T64,ISCED11A_35_45,F,73.522,,%
oecd-emp-rate-upper-secondary,LT,Lithuania,2023,Y25T64,ISCED11A_35_45,F,70.4531,,%
oecd-emp-rate-upper-secondary,LT,Lithuania,2024,Y25T64,ISCED11A_35_45,F,68.7994,,%
oecd-emp-rate-upper-secondary,LT,Lithuania,2025,Y25T64,ISCED11A_35_45,F,74.3099,,%
oecd-emp-rate-upper-secondary,LU,Luxembourg,2014,Y25T64,ISCED11A_35_45,F,84.0341,,%
oecd-emp-rate-upper-secondary,LU,Luxembourg,2015,Y25T64,ISCED11A_35_45,F,80.0219,,%
oecd-emp-rate-upper-secondary,LU,Luxembourg,2019,Y25T64,ISCED11A_35_45,F,68.8261,,%
oecd-emp-rate-upper-secondary,LU,Luxembourg,2020,Y25T64,ISCED11A_35_45,F,69.3832,,%
oecd-emp-rate-upper-secondary,LU,Luxembourg,2021,Y25T64,ISCED11A_35_45,F,66.4494,,%
oecd-emp-rate-upper-secondary,LU,Luxembourg,2022,Y25T64,ISCED11A_35_45,F,62.993,,%
oecd-emp-rate-upper-secondary,LU,Luxembourg,2023,Y25T64,ISCED11A_35_45,F,64.3208,,%
oecd-emp-rate-upper-secondary,LU,Luxembourg,2024,Y25T64,ISCED11A_35_45,F,68.5321,,%
oecd-emp-rate-upper-secondary,LV,Latvia,2014,Y25T64,ISCED11A_35_45,F,70.7513,,%
oecd-emp-rate-upper-secondary,LV,Latvia,2015,Y25T64,ISCED11A_35_45,F,70.1236,,%
oecd-emp-rate-upper-secondary,LV,Latvia,2016,Y25T64,ISCED11A_35_45,F,69.0914,,%
oecd-emp-rate-upper-secondary,LV,Latvia,2017,Y25T64,ISCED11A_35_45,F,70.2534,,%
oecd-emp-rate-upper-secondary,LV,Latvia,2018,Y25T64,ISCED11A_35_45,F,72.9825,,%
oecd-emp-rate-upper-secondary,LV,Latvia,2019,Y25T64,ISCED11A_35_45,F,73.2112,,%
oecd-emp-rate-upper-secondary,LV,Latvia,2020,Y25T64,ISCED11A_35_45,F,73.2269,,%
oecd-emp-rate-upper-secondary,LV,Latvia,2021,Y25T64,ISCED11A_35_45,F,71.6429,,%
oecd-emp-rate-upper-secondary,LV,Latvia,2022,Y25T64,ISCED11A_35_45,F,74.3124,,%
oecd-emp-rate-upper-secondary,LV,Latvia,2023,Y25T64,ISCED11A_35_45,F,73.8703,,%
oecd-emp-rate-upper-secondary,LV,Latvia,2024,Y25T64,ISCED11A_35_45,F,75.8978,,%
oecd-emp-rate-upper-secondary,LV,Latvia,2025,Y25T64,ISCED11A_35_45,F,73.8035,,%
oecd-emp-rate-upper-secondary,NL,Netherlands,2013,Y25T64,ISCED11A_35_45,F,73.2465,B,%
oecd-emp-rate-upper-secondary,NL,Netherlands,2014,Y25T64,ISCED11A_35_45,F,73.425,,%
oecd-emp-rate-upper-secondary,NL,Netherlands,2015,Y25T64,ISCED11A_35_45,F,73.3062,,%
oecd-emp-rate-upper-secondary,NL,Netherlands,2016,Y25T64,ISCED11A_35_45,F,75.1768,,%
oecd-emp-rate-upper-secondary,NL,Netherlands,2017,Y25T64,ISCED11A_35_45,F,75.9832,,%
oecd-emp-rate-upper-secondary,NL,Netherlands,2018,Y25T64,ISCED11A_35_45,F,76.8778,,%
oecd-emp-rate-upper-secondary,NL,Netherlands,2019,Y25T64,ISCED11A_35_45,F,78.3462,,%
oecd-emp-rate-upper-secondary,NL,Netherlands,2020,Y25T64,ISCED11A_35_45,F,78.3947,,%
oecd-emp-rate-upper-secondary,NL,Netherlands,2021,Y25T64,ISCED11A_35_45,F,79.8533,,%
oecd-emp-rate-upper-secondary,NL,Netherlands,2022,Y25T64,ISCED11A_35_45,F,80.7058,,%
oecd-emp-rate-upper-secondary,NL,Netherlands,2023,Y25T64,ISCED11A_35_45,F,81.2412,,%
oecd-emp-rate-upper-secondary,NL,Netherlands,2024,Y25T64,ISCED11A_35_45,F,80.3894,,%
oecd-emp-rate-upper-secondary,NL,Netherlands,2025,Y25T64,ISCED11A_35_45,F,80.118,,%
oecd-emp-rate-upper-secondary,NO,Norway,2014,Y25T64,ISCED11A_35_45,F,78.4979,,%
oecd-emp-rate-upper-secondary,NO,Norway,2015,Y25T64,ISCED11A_35_45,F,77.7638,,%
oecd-emp-rate-upper-secondary,NO,Norway,2016,Y25T64,ISCED11A_35_45,F,77.7987,,%
oecd-emp-rate-upper-secondary,NO,Norway,2017,Y25T64,ISCED11A_35_45,F,77.5498,,%
oecd-emp-rate-upper-secondary,NO,Norway,2018,Y25T64,ISCED11A_35_45,F,79.6753,,%
oecd-emp-rate-upper-secondary,NO,Norway,2019,Y25T64,ISCED11A_35_45,F,78.8757,,%
oecd-emp-rate-upper-secondary,NO,Norway,2020,Y25T64,ISCED11A_35_45,F,78.7233,,%
oecd-emp-rate-upper-secondary,NO,Norway,2021,Y25T64,ISCED11A_35_45,F,79.7909,,%
oecd-emp-rate-upper-secondary,NO,Norway,2022,Y25T64,ISCED11A_35_45,F,80.2158,,%
oecd-emp-rate-upper-secondary,NO,Norway,2023,Y25T64,ISCED11A_35_45,F,79.6429,,%
oecd-emp-rate-upper-secondary,NO,Norway,2024,Y25T64,ISCED11A_35_45,F,78.0576,,%
oecd-emp-rate-upper-secondary,NO,Norway,2025,Y25T64,ISCED11A_35_45,F,75.2805,,%
oecd-emp-rate-upper-secondary,PL,Poland,2014,Y25T64,ISCED11A_35_45,F,56.3312,,%
oecd-emp-rate-upper-secondary,PL,Poland,2015,Y25T64,ISCED11A_35_45,F,57.1344,,%
oecd-emp-rate-upper-secondary,PL,Poland,2016,Y25T64,ISCED11A_35_45,F,58.0269,,%
oecd-emp-rate-upper-secondary,PL,Poland,2017,Y25T64,ISCED11A_35_45,F,58.8804,,%
oecd-emp-rate-upper-secondary,PL,Poland,2018,Y25T64,ISCED11A_35_45,F,58.8298,,%
oecd-emp-rate-upper-secondary,PL,Poland,2019,Y25T64,ISCED11A_35_45,F,58.1955,,%
oecd-emp-rate-upper-secondary,PL,Poland,2020,Y25T64,ISCED11A_35_45,F,58.4711,,%
oecd-emp-rate-upper-secondary,PL,Poland,2021,Y25T64,ISCED11A_35_45,F,61.6486,,%
oecd-emp-rate-upper-secondary,PL,Poland,2022,Y25T64,ISCED11A_35_45,F,63.3487,,%
oecd-emp-rate-upper-secondary,PL,Poland,2023,Y25T64,ISCED11A_35_45,F,63.121,,%
oecd-emp-rate-upper-secondary,PL,Poland,2024,Y25T64,ISCED11A_35_45,F,62.7122,,%
oecd-emp-rate-upper-secondary,PL,Poland,2025,Y25T64,ISCED11A_35_45,F,63.7031,,%
oecd-emp-rate-upper-secondary,PT,Portugal,2014,Y25T64,ISCED11A_35_45,F,73.4584,,%
oecd-emp-rate-upper-secondary,PT,Portugal,2015,Y25T64,ISCED11A_35_45,F,76.5022,,%
oecd-emp-rate-upper-secondary,PT,Portugal,2016,Y25T64,ISCED11A_35_45,F,75.6556,,%
oecd-emp-rate-upper-secondary,PT,Portugal,2017,Y25T64,ISCED11A_35_45,F,79.5276,,%
oecd-emp-rate-upper-secondary,PT,Portugal,2018,Y25T64,ISCED11A_35_45,F,83.4484,,%
oecd-emp-rate-upper-secondary,PT,Portugal,2019,Y25T64,ISCED11A_35_45,F,84.9673,,%
oecd-emp-rate-upper-secondary,PT,Portugal,2020,Y25T64,ISCED11A_35_45,F,80.658,,%
oecd-emp-rate-upper-secondary,PT,Portugal,2021,Y25T64,ISCED11A_35_45,F,79.358,,%
oecd-emp-rate-upper-secondary,PT,Portugal,2022,Y25T64,ISCED11A_35_45,F,82.2763,,%
oecd-emp-rate-upper-secondary,PT,Portugal,2023,Y25T64,ISCED11A_35_45,F,82.7581,,%
oecd-emp-rate-upper-secondary,PT,Portugal,2024,Y25T64,ISCED11A_35_45,F,83.2525,,%
oecd-emp-rate-upper-secondary,PT,Portugal,2025,Y25T64,ISCED11A_35_45,F,85.2149,,%
oecd-emp-rate-upper-secondary,RO,Romania,2015,Y25T64,ISCED11A_35_45,F,62.0341,B,%
oecd-emp-rate-upper-secondary,RO,Romania,2019,Y25T64,ISCED11A_35_45,F,65.5594,,%
oecd-emp-rate-upper-secondary,RO,Romania,2021,Y25T64,ISCED11A_35_45,F,62.8448,,%
oecd-emp-rate-upper-secondary,RO,Romania,2022,Y25T64,ISCED11A_35_45,F,65.1514,,%
oecd-emp-rate-upper-secondary,RO,Romania,2023,Y25T64,ISCED11A_35_45,F,65.8077,,%
oecd-emp-rate-upper-secondary,RO,Romania,2024,Y25T64,ISCED11A_35_45,F,67.8967,,%
oecd-emp-rate-upper-secondary,RO,Romania,2025,Y25T64,ISCED11A_35_45,F,67.4141,,%
oecd-emp-rate-upper-secondary,SE,Sweden,2014,Y25T64,ISCED11A_35_45,F,82.8199,,%
oecd-emp-rate-upper-secondary,SE,Sweden,2015,Y25T64,ISCED11A_35_45,F,83.5315,,%
oecd-emp-rate-upper-secondary,SE,Sweden,2016,Y25T64,ISCED11A_35_45,F,84.1461,,%
oecd-emp-rate-upper-secondary,SE,Sweden,2017,Y25T64,ISCED11A_35_45,F,85.5464,,%
oecd-emp-rate-upper-secondary,SE,Sweden,2018,Y25T64,ISCED11A_35_45,F,85.7517,,%
oecd-emp-rate-upper-secondary,SE,Sweden,2019,Y25T64,ISCED11A_35_45,F,85.3186,,%
oecd-emp-rate-upper-secondary,SE,Sweden,2020,Y25T64,ISCED11A_35_45,F,83.7272,,%
oecd-emp-rate-upper-secondary,SE,Sweden,2021,Y25T64,ISCED11A_35_45,F,81.1064,,%
oecd-emp-rate-upper-secondary,SE,Sweden,2022,Y25T64,ISCED11A_35_45,F,80.5104,,%
oecd-emp-rate-upper-secondary,SE,Sweden,2023,Y25T64,ISCED11A_35_45,F,81.7865,,%
oecd-emp-rate-upper-secondary,SE,Sweden,2024,Y25T64,ISCED11A_35_45,F,83.3613,,%
oecd-emp-rate-upper-secondary,SE,Sweden,2025,Y25T64,ISCED11A_35_45,F,82.1278,,%
oecd-emp-rate-upper-secondary,SI,Slovenia,2014,Y25T64,ISCED11A_35_45,F,70.5912,,%
oecd-emp-rate-upper-secondary,SI,Slovenia,2015,Y25T64,ISCED11A_35_45,F,74.1981,,%
oecd-emp-rate-upper-secondary,SI,Slovenia,2016,Y25T64,ISCED11A_35_45,F,65.936,,%
oecd-emp-rate-upper-secondary,SI,Slovenia,2017,Y25T64,ISCED11A_35_45,F,68.1123,,%
oecd-emp-rate-upper-secondary,SI,Slovenia,2018,Y25T64,ISCED11A_35_45,F,71.2848,,%
oecd-emp-rate-upper-secondary,SI,Slovenia,2019,Y25T64,ISCED11A_35_45,F,71.2718,,%
oecd-emp-rate-upper-secondary,SI,Slovenia,2020,Y25T64,ISCED11A_35_45,F,69.2986,,%
oecd-emp-rate-upper-secondary,SI,Slovenia,2021,Y25T64,ISCED11A_35_45,F,67.9613,,%
oecd-emp-rate-upper-secondary,SI,Slovenia,2022,Y25T64,ISCED11A_35_45,F,70.306,,%
oecd-emp-rate-upper-secondary,SI,Slovenia,2023,Y25T64,ISCED11A_35_45,F,71.9298,,%
oecd-emp-rate-upper-secondary,SI,Slovenia,2024,Y25T64,ISCED11A_35_45,F,72.8708,,%
oecd-emp-rate-upper-secondary,SI,Slovenia,2025,Y25T64,ISCED11A_35_45,F,74.4699,,%
oecd-emp-rate-upper-secondary,SK,Slovakia,2014,Y25T64,ISCED11A_35_45,F,63.5787,,%
oecd-emp-rate-upper-secondary,SK,Slovakia,2015,Y25T64,ISCED11A_35_45,F,64.8758,,%
oecd-emp-rate-upper-secondary,SK,Slovakia,2016,Y25T64,ISCED11A_35_45,F,66.9604,,%
oecd-emp-rate-upper-secondary,SK,Slovakia,2017,Y25T64,ISCED11A_35_45,F,69.076,,%
oecd-emp-rate-upper-secondary,SK,Slovakia,2018,Y25T64,ISCED11A_35_45,F,70.6386,,%
oecd-emp-rate-upper-secondary,SK,Slovakia,2019,Y25T64,ISCED11A_35_45,F,72.4822,,%
oecd-emp-rate-upper-secondary,SK,Slovakia,2020,Y25T64,ISCED11A_35_45,F,70.9485,,%
oecd-emp-rate-upper-secondary,SK,Slovakia,2021,Y25T64,ISCED11A_35_45,F,73.2245,,%
oecd-emp-rate-upper-secondary,SK,Slovakia,2022,Y25T64,ISCED11A_35_45,F,75.6059,,%
oecd-emp-rate-upper-secondary,SK,Slovakia,2023,Y25T64,ISCED11A_35_45,F,75.957,,%
oecd-emp-rate-upper-secondary,SK,Slovakia,2024,Y25T64,ISCED11A_35_45,F,75.977,,%
oecd-emp-rate-upper-secondary,SK,Slovakia,2025,Y25T64,ISCED11A_35_45,F,74.8048,,%
oecd-emp-rate-upper-secondary,TR,Türkiye,2014,Y25T64,ISCED11A_35_45,F,33.7047,,%
oecd-emp-rate-upper-secondary,TR,Türkiye,2015,Y25T64,ISCED11A_35_45,F,35.1986,,%
oecd-emp-rate-upper-secondary,TR,Türkiye,2016,Y25T64,ISCED11A_35_45,F,34.4502,,%
oecd-emp-rate-upper-secondary,TR,Türkiye,2017,Y25T64,ISCED11A_35_45,F,36.1406,,%
oecd-emp-rate-upper-secondary,TR,Türkiye,2018,Y25T64,ISCED11A_35_45,F,36.8211,,%
oecd-emp-rate-upper-secondary,TR,Türkiye,2019,Y25T64,ISCED11A_35_45,F,34.0167,,%
oecd-emp-rate-upper-secondary,TR,Türkiye,2021,Y25T64,ISCED11A_35_45,F,32.206,,%
oecd-emp-rate-upper-secondary,TR,Türkiye,2022,Y25T64,ISCED11A_35_45,F,36.8382,,%
oecd-emp-rate-upper-secondary,TR,Türkiye,2023,Y25T64,ISCED11A_35_45,F,38.5656,,%
oecd-emp-rate-upper-secondary,TR,Türkiye,2024,Y25T64,ISCED11A_35_45,F,37.4005,,%
oecd-emp-rate-upper-secondary,TR,Türkiye,2025,Y25T64,ISCED11A_35_45,F,36.177,,%
oecd-emp-rate-upper-secondary,UK,United Kingdom,2014,Y25T64,ISCED11A_35_45,F,74.8791,,%
oecd-emp-rate-upper-secondary,UK,United Kingdom,2015,Y25T64,ISCED11A_35_45,F,75.9236,,%
oecd-emp-rate-upper-secondary,UK,United Kingdom,2016,Y25T64,ISCED11A_35_45,F,77.8741,,%
oecd-emp-rate-upper-secondary,UK,United Kingdom,2017,Y25T64,ISCED11A_35_45,F,77.5243,,%
oecd-emp-rate-upper-secondary,UK,United Kingdom,2018,Y25T64,ISCED11A_35_45,F,76.3044,,%
oecd-emp-rate-upper-secondary,UK,United Kingdom,2019,Y25T64,ISCED11A_35_45,F,79.9201,,%
oecd-emp-rate-upper-secondary,UK,United Kingdom,2020,Y25T64,ISCED11A_35_45,F,79.0731,,%
oecd-emp-rate-upper-secondary,UK,United Kingdom,2021,Y25T64,ISCED11A_35_45,F,79.0515,,%
oecd-emp-rate-upper-secondary,UK,United Kingdom,2022,Y25T64,ISCED11A_35_45,F,77.5171,,%
oecd-emp-rate-upper-secondary,UK,United Kingdom,2023,Y25T64,ISCED11A_35_45,F,75.751,,%
oecd-emp-rate-upper-secondary,UK,United Kingdom,2024,Y25T64,ISCED11A_35_45,F,76.9531,,%
oecd-emp-rate-upper-secondary,UK,United Kingdom,2025,Y25T64,ISCED11A_35_45,F,73.3769,,%
oecd-emp-rate-upper-secondary,AT,Austria,2014,Y25T64,ISCED11A_35_45,M,79.9971,,%
oecd-emp-rate-upper-secondary,AT,Austria,2015,Y25T64,ISCED11A_35_45,M,79.4005,,%
oecd-emp-rate-upper-secondary,AT,Austria,2016,Y25T64,ISCED11A_35_45,M,79.5433,,%
oecd-emp-rate-upper-secondary,AT,Austria,2017,Y25T64,ISCED11A_35_45,M,80.7648,,%
oecd-emp-rate-upper-secondary,AT,Austria,2018,Y25T64,ISCED11A_35_45,M,81.8222,,%
oecd-emp-rate-upper-secondary,AT,Austria,2019,Y25T64,ISCED11A_35_45,M,82.008,,%
oecd-emp-rate-upper-secondary,AT,Austria,2020,Y25T64,ISCED11A_35_45,M,80.375,,%
oecd-emp-rate-upper-secondary,AT,Austria,2021,Y25T64,ISCED11A_35_45,M,80.0554,,%
oecd-emp-rate-upper-secondary,AT,Austria,2022,Y25T64,ISCED11A_35_45,M,80.9793,,%
oecd-emp-rate-upper-secondary,AT,Austria,2023,Y25T64,ISCED11A_35_45,M,80.963,,%
oecd-emp-rate-upper-secondary,AT,Austria,2024,Y25T64,ISCED11A_35_45,M,81.3707,,%
oecd-emp-rate-upper-secondary,AT,Austria,2025,Y25T64,ISCED11A_35_45,M,81.1207,,%
oecd-emp-rate-upper-secondary,BE,Belgium,2014,Y25T64,ISCED11A_35_45,M,79.4724,,%
oecd-emp-rate-upper-secondary,BE,Belgium,2015,Y25T64,ISCED11A_35_45,M,79.09,,%
oecd-emp-rate-upper-secondary,BE,Belgium,2016,Y25T64,ISCED11A_35_45,M,80.9392,,%
oecd-emp-rate-upper-secondary,BE,Belgium,2017,Y25T64,ISCED11A_35_45,M,80.9917,,%
oecd-emp-rate-upper-secondary,BE,Belgium,2018,Y25T64,ISCED11A_35_45,M,81.5136,,%
oecd-emp-rate-upper-secondary,BE,Belgium,2019,Y25T64,ISCED11A_35_45,M,82.4041,,%
oecd-emp-rate-upper-secondary,BE,Belgium,2020,Y25T64,ISCED11A_35_45,M,81.248,,%
oecd-emp-rate-upper-secondary,BE,Belgium,2021,Y25T64,ISCED11A_35_45,M,79.4765,,%
oecd-emp-rate-upper-secondary,BE,Belgium,2022,Y25T64,ISCED11A_35_45,M,80.7547,,%
oecd-emp-rate-upper-secondary,BE,Belgium,2023,Y25T64,ISCED11A_35_45,M,80.6967,,%
oecd-emp-rate-upper-secondary,BE,Belgium,2024,Y25T64,ISCED11A_35_45,M,80.6533,,%
oecd-emp-rate-upper-secondary,BE,Belgium,2025,Y25T64,ISCED11A_35_45,M,79.652,,%
oecd-emp-rate-upper-secondary,BG,Bulgaria,2015,Y25T64,ISCED11A_35_45,M,78.0527,,%
oecd-emp-rate-upper-secondary,BG,Bulgaria,2016,Y25T64,ISCED11A_35_45,M,78.8715,,%
oecd-emp-rate-upper-secondary,BG,Bulgaria,2019,Y25T64,ISCED11A_35_45,M,85.207,,%
oecd-emp-rate-upper-secondary,BG,Bulgaria,2022,Y25T64,ISCED11A_35_45,M,86.6681,,%
oecd-emp-rate-upper-secondary,BG,Bulgaria,2023,Y25T64,ISCED11A_35_45,M,86.2139,,%
oecd-emp-rate-upper-secondary,BG,Bulgaria,2024,Y25T64,ISCED11A_35_45,M,86.2329,,%
oecd-emp-rate-upper-secondary,BG,Bulgaria,2025,Y25T64,ISCED11A_35_45,M,86.9459,,%
oecd-emp-rate-upper-secondary,CH,Switzerland,2014,Y25T64,ISCED11A_35_45,M,87.0557,,%
oecd-emp-rate-upper-secondary,CH,Switzerland,2015,Y25T64,ISCED11A_35_45,M,87.938,,%
oecd-emp-rate-upper-secondary,CH,Switzerland,2016,Y25T64,ISCED11A_35_45,M,87.7092,,%
oecd-emp-rate-upper-secondary,CH,Switzerland,2017,Y25T64,ISCED11A_35_45,M,87.2429,,%
oecd-emp-rate-upper-secondary,CH,Switzerland,2018,Y25T64,ISCED11A_35_45,M,87.7218,,%
oecd-emp-rate-upper-secondary,CH,Switzerland,2019,Y25T64,ISCED11A_35_45,M,88.093,,%
oecd-emp-rate-upper-secondary,CH,Switzerland,2020,Y25T64,ISCED11A_35_45,M,86.3456,,%
oecd-emp-rate-upper-secondary,CH,Switzerland,2021,Y25T64,ISCED11A_35_45,M,86.5661,,%
oecd-emp-rate-upper-secondary,CH,Switzerland,2022,Y25T64,ISCED11A_35_45,M,88.0758,,%
oecd-emp-rate-upper-secondary,CH,Switzerland,2023,Y25T64,ISCED11A_35_45,M,87.8599,,%
oecd-emp-rate-upper-secondary,CH,Switzerland,2024,Y25T64,ISCED11A_35_45,M,87.8167,,%
oecd-emp-rate-upper-secondary,CH,Switzerland,2025,Y25T64,ISCED11A_35_45,M,87.2809,,%
oecd-emp-rate-upper-secondary,CZ,Czechia,2018,Y25T64,ISCED11A_35_45,M,87.7514,,%
oecd-emp-rate-upper-secondary,CZ,Czechia,2019,Y25T64,ISCED11A_35_45,M,88.1901,,%
oecd-emp-rate-upper-secondary,CZ,Czechia,2021,Y25T64,ISCED11A_35_45,M,87.1661,,%
oecd-emp-rate-upper-secondary,CZ,Czechia,2022,Y25T64,ISCED11A_35_45,M,88.9272,,%
oecd-emp-rate-upper-secondary,CZ,Czechia,2024,Y25T64,ISCED11A_35_45,M,91.531,,%
oecd-emp-rate-upper-secondary,DE,Germany,2014,Y25T64,ISCED11A_35_45,M,84.4637,,%
oecd-emp-rate-upper-secondary,DE,Germany,2015,Y25T64,ISCED11A_35_45,M,84.4666,,%
oecd-emp-rate-upper-secondary,DE,Germany,2016,Y25T64,ISCED11A_35_45,M,85.5122,,%
oecd-emp-rate-upper-secondary,DE,Germany,2017,Y25T64,ISCED11A_35_45,M,86.1907,,%
oecd-emp-rate-upper-secondary,DE,Germany,2018,Y25T64,ISCED11A_35_45,M,86.7368,,%
oecd-emp-rate-upper-secondary,DE,Germany,2019,Y25T64,ISCED11A_35_45,M,87.0574,,%
oecd-emp-rate-upper-secondary,DE,Germany,2020,Y25T64,ISCED11A_35_45,M,85.3548,,%
oecd-emp-rate-upper-secondary,DE,Germany,2021,Y25T64,ISCED11A_35_45,M,85.5089,,%
oecd-emp-rate-upper-secondary,DE,Germany,2022,Y25T64,ISCED11A_35_45,M,86.6143,,%
oecd-emp-rate-upper-secondary,DE,Germany,2023,Y25T64,ISCED11A_35_45,M,87.1533,,%
oecd-emp-rate-upper-secondary,DE,Germany,2024,Y25T64,ISCED11A_35_45,M,87.0973,,%
oecd-emp-rate-upper-secondary,DE,Germany,2025,Y25T64,ISCED11A_35_45,M,86.6495,,%
oecd-emp-rate-upper-secondary,DK,Denmark,2010,Y25T64,ISCED11A_35_45,M,80.1124,,%
oecd-emp-rate-upper-secondary,DK,Denmark,2011,Y25T64,ISCED11A_35_45,M,81.0297,,%
oecd-emp-rate-upper-secondary,DK,Denmark,2012,Y25T64,ISCED11A_35_45,M,80.9947,,%
oecd-emp-rate-upper-secondary,DK,Denmark,2013,Y25T64,ISCED11A_35_45,M,81.8856,,%
oecd-emp-rate-upper-secondary,DK,Denmark,2014,Y25T64,ISCED11A_35_45,M,86.8513,,%
oecd-emp-rate-upper-secondary,DK,Denmark,2015,Y25T64,ISCED11A_35_45,M,84.3101,,%
oecd-emp-rate-upper-secondary,DK,Denmark,2016,Y25T64,ISCED11A_35_45,M,85.3208,,%
oecd-emp-rate-upper-secondary,DK,Denmark,2017,Y25T64,ISCED11A_35_45,M,85.2253,,%
oecd-emp-rate-upper-secondary,DK,Denmark,2018,Y25T64,ISCED11A_35_45,M,86.7143,,%
oecd-emp-rate-upper-secondary,DK,Denmark,2019,Y25T64,ISCED11A_35_45,M,87.6932,,%
oecd-emp-rate-upper-secondary,DK,Denmark,2020,Y25T64,ISCED11A_35_45,M,87.1409,,%
oecd-emp-rate-upper-secondary,DK,Denmark,2021,Y25T64,ISCED11A_35_45,M,87.7541,,%
oecd-emp-rate-upper-secondary,DK,Denmark,2022,Y25T64,ISCED11A_35_45,M,88.0579,,%
oecd-emp-rate-upper-secondary,DK,Denmark,2023,Y25T64,ISCED11A_35_45,M,87.8882,,%
oecd-emp-rate-upper-secondary,DK,Denmark,2024,Y25T64,ISCED11A_35_45,M,88.1094,,%
oecd-emp-rate-upper-secondary,DK,Denmark,2025,Y25T64,ISCED11A_35_45,M,88.1264,B,%
oecd-emp-rate-upper-secondary,EE,Estonia,2014,Y25T64,ISCED11A_35_45,M,82.2818,,%
oecd-emp-rate-upper-secondary,EE,Estonia,2015,Y25T64,ISCED11A_35_45,M,83.4695,,%
oecd-emp-rate-upper-secondary,EE,Estonia,2016,Y25T64,ISCED11A_35_45,M,82.23,,%
oecd-emp-rate-upper-secondary,EE,Estonia,2017,Y25T64,ISCED11A_35_45,M,84.0262,,%
oecd-emp-rate-upper-secondary,EE,Estonia,2018,Y25T64,ISCED11A_35_45,M,84.6294,,%
oecd-emp-rate-upper-secondary,EE,Estonia,2019,Y25T64,ISCED11A_35_45,M,83.9765,,%
oecd-emp-rate-upper-secondary,EE,Estonia,2020,Y25T64,ISCED11A_35_45,M,82.8723,,%
oecd-emp-rate-upper-secondary,EE,Estonia,2021,Y25T64,ISCED11A_35_45,M,82.0859,,%
oecd-emp-rate-upper-secondary,EE,Estonia,2022,Y25T64,ISCED11A_35_45,M,83.7591,,%
oecd-emp-rate-upper-secondary,EE,Estonia,2023,Y25T64,ISCED11A_35_45,M,83.6143,,%
oecd-emp-rate-upper-secondary,EE,Estonia,2024,Y25T64,ISCED11A_35_45,M,83.8556,,%
oecd-emp-rate-upper-secondary,EE,Estonia,2025,Y25T64,ISCED11A_35_45,M,85.6592,,%
oecd-emp-rate-upper-secondary,EL,Greece,2010,Y25T64,ISCED11A_35_45,M,83.9429,B,%
oecd-emp-rate-upper-secondary,EL,Greece,2011,Y25T64,ISCED11A_35_45,M,78.4063,B,%
oecd-emp-rate-upper-secondary,EL,Greece,2012,Y25T64,ISCED11A_35_45,M,70.9812,B,%
oecd-emp-rate-upper-secondary,EL,Greece,2013,Y25T64,ISCED11A_35_45,M,67.43,B,%
oecd-emp-rate-upper-secondary,EL,Greece,2014,Y25T64,ISCED11A_35_45,M,67.2097,,%
oecd-emp-rate-upper-secondary,EL,Greece,2015,Y25T64,ISCED11A_35_45,M,70.6391,,%
oecd-emp-rate-upper-secondary,EL,Greece,2016,Y25T64,ISCED11A_35_45,M,72.355,,%
oecd-emp-rate-upper-secondary,EL,Greece,2017,Y25T64,ISCED11A_35_45,M,73.637,,%
oecd-emp-rate-upper-secondary,EL,Greece,2018,Y25T64,ISCED11A_35_45,M,75.5481,,%
oecd-emp-rate-upper-secondary,EL,Greece,2019,Y25T64,ISCED11A_35_45,M,75.9596,,%
oecd-emp-rate-upper-secondary,EL,Greece,2020,Y25T64,ISCED11A_35_45,M,74.6724,,%
oecd-emp-rate-upper-secondary,EL,Greece,2021,Y25T64,ISCED11A_35_45,M,78.1993,,%
oecd-emp-rate-upper-secondary,EL,Greece,2022,Y25T64,ISCED11A_35_45,M,82.8493,,%
oecd-emp-rate-upper-secondary,EL,Greece,2023,Y25T64,ISCED11A_35_45,M,83.243,,%
oecd-emp-rate-upper-secondary,EL,Greece,2024,Y25T64,ISCED11A_35_45,M,84.6804,,%
oecd-emp-rate-upper-secondary,EL,Greece,2025,Y25T64,ISCED11A_35_45,M,84.6538,,%
oecd-emp-rate-upper-secondary,ES,Spain,2014,Y25T64,ISCED11A_35_45,M,72.7966,,%
oecd-emp-rate-upper-secondary,ES,Spain,2015,Y25T64,ISCED11A_35_45,M,75.4447,,%
oecd-emp-rate-upper-secondary,ES,Spain,2016,Y25T64,ISCED11A_35_45,M,77.3184,,%
oecd-emp-rate-upper-secondary,ES,Spain,2017,Y25T64,ISCED11A_35_45,M,79.3775,,%
oecd-emp-rate-upper-secondary,ES,Spain,2018,Y25T64,ISCED11A_35_45,M,80.6895,,%
oecd-emp-rate-upper-secondary,ES,Spain,2019,Y25T64,ISCED11A_35_45,M,81.2668,,%
oecd-emp-rate-upper-secondary,ES,Spain,2020,Y25T64,ISCED11A_35_45,M,78.7655,,%
oecd-emp-rate-upper-secondary,ES,Spain,2021,Y25T64,ISCED11A_35_45,M,78.3342,,%
oecd-emp-rate-upper-secondary,ES,Spain,2022,Y25T64,ISCED11A_35_45,M,80.7594,,%
oecd-emp-rate-upper-secondary,ES,Spain,2023,Y25T64,ISCED11A_35_45,M,81.2218,,%
oecd-emp-rate-upper-secondary,ES,Spain,2024,Y25T64,ISCED11A_35_45,M,81.8126,,%
oecd-emp-rate-upper-secondary,ES,Spain,2025,Y25T64,ISCED11A_35_45,M,82.2801,,%
oecd-emp-rate-upper-secondary,FI,Finland,2014,Y25T64,ISCED11A_35_45,M,81.9611,,%
oecd-emp-rate-upper-secondary,FI,Finland,2015,Y25T64,ISCED11A_35_45,M,82.3405,,%
oecd-emp-rate-upper-secondary,FI,Finland,2016,Y25T64,ISCED11A_35_45,M,76.1017,,%
oecd-emp-rate-upper-secondary,FI,Finland,2017,Y25T64,ISCED11A_35_45,M,77.0154,,%
oecd-emp-rate-upper-secondary,FI,Finland,2018,Y25T64,ISCED11A_35_45,M,78.983,,%
oecd-emp-rate-upper-secondary,FI,Finland,2019,Y25T64,ISCED11A_35_45,M,79.4958,,%
oecd-emp-rate-upper-secondary,FI,Finland,2020,Y25T64,ISCED11A_35_45,M,78.6689,,%
oecd-emp-rate-upper-secondary,FI,Finland,2021,Y25T64,ISCED11A_35_45,M,79.5455,,%
oecd-emp-rate-upper-secondary,FI,Finland,2022,Y25T64,ISCED11A_35_45,M,80.6344,,%
oecd-emp-rate-upper-secondary,FI,Finland,2023,Y25T64,ISCED11A_35_45,M,79.9347,,%
oecd-emp-rate-upper-secondary,FI,Finland,2024,Y25T64,ISCED11A_35_45,M,78.9216,,%
oecd-emp-rate-upper-secondary,FI,Finland,2025,Y25T64,ISCED11A_35_45,M,79.4702,,%
oecd-emp-rate-upper-secondary,FR,France,2013,Y25T64,ISCED11A_35_45,M,76.1915,,%
oecd-emp-rate-upper-secondary,FR,France,2014,Y25T64,ISCED11A_35_45,M,75.6915,,%
oecd-emp-rate-upper-secondary,FR,France,2015,Y25T64,ISCED11A_35_45,M,75.5628,,%
oecd-emp-rate-upper-secondary,FR,France,2016,Y25T64,ISCED11A_35_45,M,76.062,,%
oecd-emp-rate-upper-secondary,FR,France,2017,Y25T64,ISCED11A_35_45,M,76.6192,,%
oecd-emp-rate-upper-secondary,FR,France,2018,Y25T64,ISCED11A_35_45,M,76.5961,,%
oecd-emp-rate-upper-secondary,FR,France,2019,Y25T64,ISCED11A_35_45,M,76.6911,,%
oecd-emp-rate-upper-secondary,FR,France,2020,Y25T64,ISCED11A_35_45,M,76.2733,,%
oecd-emp-rate-upper-secondary,FR,France,2021,Y25T64,ISCED11A_35_45,M,77.6231,,%
oecd-emp-rate-upper-secondary,FR,France,2022,Y25T64,ISCED11A_35_45,M,77.8119,,%
oecd-emp-rate-upper-secondary,FR,France,2023,Y25T64,ISCED11A_35_45,M,77.3582,,%
oecd-emp-rate-upper-secondary,FR,France,2024,Y25T64,ISCED11A_35_45,M,78.2304,,%
oecd-emp-rate-upper-secondary,FR,France,2025,Y25T64,ISCED11A_35_45,M,77.8331,,%
oecd-emp-rate-upper-secondary,HR,Croatia,2015,Y25T64,ISCED11A_35_45,M,68.6108,,%
oecd-emp-rate-upper-secondary,HR,Croatia,2016,Y25T64,ISCED11A_35_45,M,68.7412,,%
oecd-emp-rate-upper-secondary,HR,Croatia,2019,Y25T64,ISCED11A_35_45,M,74.7098,,%
oecd-emp-rate-upper-secondary,HR,Croatia,2023,Y25T64,ISCED11A_35_45,M,77.6025,,%
oecd-emp-rate-upper-secondary,HR,Croatia,2024,Y25T64,ISCED11A_35_45,M,79.6555,,%
oecd-emp-rate-upper-secondary,HR,Croatia,2025,Y25T64,ISCED11A_35_45,M,79.7107,,%
oecd-emp-rate-upper-secondary,HU,Hungary,2014,Y25T64,ISCED11A_35_45,M,77.9705,,%
oecd-emp-rate-upper-secondary,HU,Hungary,2015,Y25T64,ISCED11A_35_45,M,80.3297,,%
oecd-emp-rate-upper-secondary,HU,Hungary,2016,Y25T64,ISCED11A_35_45,M,81.4441,,%
oecd-emp-rate-upper-secondary,HU,Hungary,2017,Y25T64,ISCED11A_35_45,M,83.4609,,%
oecd-emp-rate-upper-secondary,HU,Hungary,2018,Y25T64,ISCED11A_35_45,M,84.3979,,%
oecd-emp-rate-upper-secondary,HU,Hungary,2019,Y25T64,ISCED11A_35_45,M,87.3809,,%
oecd-emp-rate-upper-secondary,HU,Hungary,2020,Y25T64,ISCED11A_35_45,M,87.1035,,%
oecd-emp-rate-upper-secondary,HU,Hungary,2021,Y25T64,ISCED11A_35_45,M,88.2894,,%
oecd-emp-rate-upper-secondary,HU,Hungary,2022,Y25T64,ISCED11A_35_45,M,89.6805,,%
oecd-emp-rate-upper-secondary,HU,Hungary,2023,Y25T64,ISCED11A_35_45,M,89.6244,,%
oecd-emp-rate-upper-secondary,HU,Hungary,2024,Y25T64,ISCED11A_35_45,M,89.122,,%
oecd-emp-rate-upper-secondary,HU,Hungary,2025,Y25T64,ISCED11A_35_45,M,89.8363,,%
oecd-emp-rate-upper-secondary,IE,Ireland,2014,Y25T64,ISCED11A_35_45,M,76.8766,,%
oecd-emp-rate-upper-secondary,IE,Ireland,2015,Y25T64,ISCED11A_35_45,M,78.6857,,%
oecd-emp-rate-upper-secondary,IE,Ireland,2017,Y25T64,ISCED11A_35_45,M,83.6235,,%
oecd-emp-rate-upper-secondary,IE,Ireland,2019,Y25T64,ISCED11A_35_45,M,86.4362,,%
oecd-emp-rate-upper-secondary,IE,Ireland,2020,Y25T64,ISCED11A_35_45,M,84.745,,%
oecd-emp-rate-upper-secondary,IE,Ireland,2022,Y25T64,ISCED11A_35_45,M,87.486,,%
oecd-emp-rate-upper-secondary,IE,Ireland,2023,Y25T64,ISCED11A_35_45,M,88.6706,,%
oecd-emp-rate-upper-secondary,IE,Ireland,2024,Y25T64,ISCED11A_35_45,M,88.1836,,%
oecd-emp-rate-upper-secondary,IE,Ireland,2025,Y25T64,ISCED11A_35_45,M,87.6221,,%
oecd-emp-rate-upper-secondary,IS,Iceland,2010,Y25T64,ISCED11A_35_45,M,87.293,,%
oecd-emp-rate-upper-secondary,IS,Iceland,2011,Y25T64,ISCED11A_35_45,M,87.8565,,%
oecd-emp-rate-upper-secondary,IS,Iceland,2012,Y25T64,ISCED11A_35_45,M,89.7237,,%
oecd-emp-rate-upper-secondary,IS,Iceland,2013,Y25T64,ISCED11A_35_45,M,89.6517,,%
oecd-emp-rate-upper-secondary,IS,Iceland,2014,Y25T64,ISCED11A_35_45,M,91.8064,,%
oecd-emp-rate-upper-secondary,IS,Iceland,2015,Y25T64,ISCED11A_35_45,M,92.949,,%
oecd-emp-rate-upper-secondary,IS,Iceland,2016,Y25T64,ISCED11A_35_45,M,92.8029,,%
oecd-emp-rate-upper-secondary,IS,Iceland,2017,Y25T64,ISCED11A_35_45,M,93.7465,,%
oecd-emp-rate-upper-secondary,IS,Iceland,2018,Y25T64,ISCED11A_35_45,M,91.9237,,%
oecd-emp-rate-upper-secondary,IS,Iceland,2019,Y25T64,ISCED11A_35_45,M,92.0346,,%
oecd-emp-rate-upper-secondary,IS,Iceland,2020,Y25T64,ISCED11A_35_45,M,88.2838,,%
oecd-emp-rate-upper-secondary,IS,Iceland,2021,Y25T64,ISCED11A_35_45,M,89.8219,,%
oecd-emp-rate-upper-secondary,IS,Iceland,2022,Y25T64,ISCED11A_35_45,M,92.814,,%
oecd-emp-rate-upper-secondary,IS,Iceland,2023,Y25T64,ISCED11A_35_45,M,91.3073,,%
oecd-emp-rate-upper-secondary,IT,Italy,2014,Y25T64,ISCED11A_35_45,M,80.1854,,%
oecd-emp-rate-upper-secondary,IT,Italy,2015,Y25T64,ISCED11A_35_45,M,80.9698,,%
oecd-emp-rate-upper-secondary,IT,Italy,2016,Y25T64,ISCED11A_35_45,M,81.7954,,%
oecd-emp-rate-upper-secondary,IT,Italy,2017,Y25T64,ISCED11A_35_45,M,82.1977,,%
oecd-emp-rate-upper-secondary,IT,Italy,2018,Y25T64,ISCED11A_35_45,M,82.1325,,%
oecd-emp-rate-upper-secondary,IT,Italy,2019,Y25T64,ISCED11A_35_45,M,82.73,,%
oecd-emp-rate-upper-secondary,IT,Italy,2020,Y25T64,ISCED11A_35_45,M,81.0863,,%
oecd-emp-rate-upper-secondary,IT,Italy,2021,Y25T64,ISCED11A_35_45,M,81.4029,,%
oecd-emp-rate-upper-secondary,IT,Italy,2022,Y25T64,ISCED11A_35_45,M,83.6789,,%
oecd-emp-rate-upper-secondary,IT,Italy,2023,Y25T64,ISCED11A_35_45,M,84.9567,,%
oecd-emp-rate-upper-secondary,IT,Italy,2024,Y25T64,ISCED11A_35_45,M,84.9927,,%
oecd-emp-rate-upper-secondary,IT,Italy,2025,Y25T64,ISCED11A_35_45,M,85.5644,,%
oecd-emp-rate-upper-secondary,LT,Lithuania,2014,Y25T64,ISCED11A_35_45,M,81.1878,,%
oecd-emp-rate-upper-secondary,LT,Lithuania,2015,Y25T64,ISCED11A_35_45,M,84.9833,,%
oecd-emp-rate-upper-secondary,LT,Lithuania,2016,Y25T64,ISCED11A_35_45,M,77.6648,,%
oecd-emp-rate-upper-secondary,LT,Lithuania,2017,Y25T64,ISCED11A_35_45,M,77.7021,,%
oecd-emp-rate-upper-secondary,LT,Lithuania,2018,Y25T64,ISCED11A_35_45,M,80.0448,,%
oecd-emp-rate-upper-secondary,LT,Lithuania,2019,Y25T64,ISCED11A_35_45,M,79.3726,,%
oecd-emp-rate-upper-secondary,LT,Lithuania,2020,Y25T64,ISCED11A_35_45,M,78.5046,,%
oecd-emp-rate-upper-secondary,LT,Lithuania,2021,Y25T64,ISCED11A_35_45,M,76.0289,,%
oecd-emp-rate-upper-secondary,LT,Lithuania,2022,Y25T64,ISCED11A_35_45,M,78.1807,,%
oecd-emp-rate-upper-secondary,LT,Lithuania,2023,Y25T64,ISCED11A_35_45,M,78.6209,,%
oecd-emp-rate-upper-secondary,LT,Lithuania,2024,Y25T64,ISCED11A_35_45,M,78.5466,,%
oecd-emp-rate-upper-secondary,LT,Lithuania,2025,Y25T64,ISCED11A_35_45,M,77.3735,,%
oecd-emp-rate-upper-secondary,LU,Luxembourg,2014,Y25T64,ISCED11A_35_45,M,91.8874,,%
oecd-emp-rate-upper-secondary,LU,Luxembourg,2015,Y25T64,ISCED11A_35_45,M,92.7602,,%
oecd-emp-rate-upper-secondary,LU,Luxembourg,2019,Y25T64,ISCED11A_35_45,M,76.5165,,%
oecd-emp-rate-upper-secondary,LU,Luxembourg,2020,Y25T64,ISCED11A_35_45,M,76.1094,,%
oecd-emp-rate-upper-secondary,LU,Luxembourg,2021,Y25T64,ISCED11A_35_45,M,77.7025,,%
oecd-emp-rate-upper-secondary,LU,Luxembourg,2022,Y25T64,ISCED11A_35_45,M,73.0719,,%
oecd-emp-rate-upper-secondary,LU,Luxembourg,2023,Y25T64,ISCED11A_35_45,M,74.7733,,%
oecd-emp-rate-upper-secondary,LU,Luxembourg,2024,Y25T64,ISCED11A_35_45,M,72.9807,,%
oecd-emp-rate-upper-secondary,LV,Latvia,2014,Y25T64,ISCED11A_35_45,M,77.4396,,%
oecd-emp-rate-upper-secondary,LV,Latvia,2015,Y25T64,ISCED11A_35_45,M,77.7218,,%
oecd-emp-rate-upper-secondary,LV,Latvia,2016,Y25T64,ISCED11A_35_45,M,77.7867,,%
oecd-emp-rate-upper-secondary,LV,Latvia,2017,Y25T64,ISCED11A_35_45,M,78.7508,,%
oecd-emp-rate-upper-secondary,LV,Latvia,2018,Y25T64,ISCED11A_35_45,M,81.0371,,%
oecd-emp-rate-upper-secondary,LV,Latvia,2019,Y25T64,ISCED11A_35_45,M,79.4741,,%
oecd-emp-rate-upper-secondary,LV,Latvia,2020,Y25T64,ISCED11A_35_45,M,80.2564,,%
oecd-emp-rate-upper-secondary,LV,Latvia,2021,Y25T64,ISCED11A_35_45,M,79.952,,%
oecd-emp-rate-upper-secondary,LV,Latvia,2022,Y25T64,ISCED11A_35_45,M,79.5016,,%
oecd-emp-rate-upper-secondary,LV,Latvia,2023,Y25T64,ISCED11A_35_45,M,78.9071,,%
oecd-emp-rate-upper-secondary,LV,Latvia,2024,Y25T64,ISCED11A_35_45,M,79.4165,,%
oecd-emp-rate-upper-secondary,LV,Latvia,2025,Y25T64,ISCED11A_35_45,M,81.1973,,%
oecd-emp-rate-upper-secondary,NL,Netherlands,2013,Y25T64,ISCED11A_35_45,M,83.7625,B,%
oecd-emp-rate-upper-secondary,NL,Netherlands,2014,Y25T64,ISCED11A_35_45,M,83.9783,,%
oecd-emp-rate-upper-secondary,NL,Netherlands,2015,Y25T64,ISCED11A_35_45,M,85.0199,,%
oecd-emp-rate-upper-secondary,NL,Netherlands,2016,Y25T64,ISCED11A_35_45,M,86.1115,,%
oecd-emp-rate-upper-secondary,NL,Netherlands,2017,Y25T64,ISCED11A_35_45,M,86.777,,%
oecd-emp-rate-upper-secondary,NL,Netherlands,2018,Y25T64,ISCED11A_35_45,M,88.0558,,%
oecd-emp-rate-upper-secondary,NL,Netherlands,2019,Y25T64,ISCED11A_35_45,M,88.9278,,%
oecd-emp-rate-upper-secondary,NL,Netherlands,2020,Y25T64,ISCED11A_35_45,M,88.9754,,%
oecd-emp-rate-upper-secondary,NL,Netherlands,2021,Y25T64,ISCED11A_35_45,M,89.1204,,%
oecd-emp-rate-upper-secondary,NL,Netherlands,2022,Y25T64,ISCED11A_35_45,M,90.1985,,%
oecd-emp-rate-upper-secondary,NL,Netherlands,2023,Y25T64,ISCED11A_35_45,M,90.6138,,%
oecd-emp-rate-upper-secondary,NL,Netherlands,2024,Y25T64,ISCED11A_35_45,M,90.13,,%
oecd-emp-rate-upper-secondary,NL,Netherlands,2025,Y25T64,ISCED11A_35_45,M,90.4518,,%
oecd-emp-rate-upper-secondary,NO,Norway,2014,Y25T64,ISCED11A_35_45,M,85.7269,,%
oecd-emp-rate-upper-secondary,NO,Norway,2015,Y25T64,ISCED11A_35_45,M,84.9621,,%
oecd-emp-rate-upper-secondary,NO,Norway,2016,Y25T64,ISCED11A_35_45,M,85.027,,%
oecd-emp-rate-upper-secondary,NO,Norway,2017,Y25T64,ISCED11A_35_45,M,85.0986,,%
oecd-emp-rate-upper-secondary,NO,Norway,2018,Y25T64,ISCED11A_35_45,M,86.0646,,%
oecd-emp-rate-upper-secondary,NO,Norway,2019,Y25T64,ISCED11A_35_45,M,86.5531,,%
oecd-emp-rate-upper-secondary,NO,Norway,2020,Y25T64,ISCED11A_35_45,M,85.5849,,%
oecd-emp-rate-upper-secondary,NO,Norway,2021,Y25T64,ISCED11A_35_45,M,86.8889,,%
oecd-emp-rate-upper-secondary,NO,Norway,2022,Y25T64,ISCED11A_35_45,M,88.9952,,%
oecd-emp-rate-upper-secondary,NO,Norway,2023,Y25T64,ISCED11A_35_45,M,87.5862,,%
oecd-emp-rate-upper-secondary,NO,Norway,2024,Y25T64,ISCED11A_35_45,M,88.1279,,%
oecd-emp-rate-upper-secondary,NO,Norway,2025,Y25T64,ISCED11A_35_45,M,86.6574,,%
oecd-emp-rate-upper-secondary,PL,Poland,2014,Y25T64,ISCED11A_35_45,M,74.7502,,%
oecd-emp-rate-upper-secondary,PL,Poland,2015,Y25T64,ISCED11A_35_45,M,75.6825,,%
oecd-emp-rate-upper-secondary,PL,Poland,2016,Y25T64,ISCED11A_35_45,M,77.0591,,%
oecd-emp-rate-upper-secondary,PL,Poland,2017,Y25T64,ISCED11A_35_45,M,78.3271,,%
oecd-emp-rate-upper-secondary,PL,Poland,2018,Y25T64,ISCED11A_35_45,M,79.4132,,%
oecd-emp-rate-upper-secondary,PL,Poland,2019,Y25T64,ISCED11A_35_45,M,80.3514,,%
oecd-emp-rate-upper-secondary,PL,Poland,2020,Y25T64,ISCED11A_35_45,M,81.6899,,%
oecd-emp-rate-upper-secondary,PL,Poland,2021,Y25T64,ISCED11A_35_45,M,83.0157,,%
oecd-emp-rate-upper-secondary,PL,Poland,2022,Y25T64,ISCED11A_35_45,M,83.8896,,%
oecd-emp-rate-upper-secondary,PL,Poland,2023,Y25T64,ISCED11A_35_45,M,83.8198,,%
oecd-emp-rate-upper-secondary,PL,Poland,2024,Y25T64,ISCED11A_35_45,M,84.1511,,%
oecd-emp-rate-upper-secondary,PL,Poland,2025,Y25T64,ISCED11A_35_45,M,84.4413,,%
oecd-emp-rate-upper-secondary,PT,Portugal,2014,Y25T64,ISCED11A_35_45,M,82.3209,,%
oecd-emp-rate-upper-secondary,PT,Portugal,2015,Y25T64,ISCED11A_35_45,M,82.4148,,%
oecd-emp-rate-upper-secondary,PT,Portugal,2016,Y25T64,ISCED11A_35_45,M,82.2786,,%
oecd-emp-rate-upper-secondary,PT,Portugal,2017,Y25T64,ISCED11A_35_45,M,85.6909,,%
oecd-emp-rate-upper-secondary,PT,Portugal,2018,Y25T64,ISCED11A_35_45,M,87.5159,,%
oecd-emp-rate-upper-secondary,PT,Portugal,2019,Y25T64,ISCED11A_35_45,M,88.7986,,%
oecd-emp-rate-upper-secondary,PT,Portugal,2020,Y25T64,ISCED11A_35_45,M,85.521,,%
oecd-emp-rate-upper-secondary,PT,Portugal,2021,Y25T64,ISCED11A_35_45,M,84.7426,,%
oecd-emp-rate-upper-secondary,PT,Portugal,2022,Y25T64,ISCED11A_35_45,M,89.4964,,%
oecd-emp-rate-upper-secondary,PT,Portugal,2023,Y25T64,ISCED11A_35_45,M,88.5667,,%
oecd-emp-rate-upper-secondary,PT,Portugal,2024,Y25T64,ISCED11A_35_45,M,91.1066,,%
oecd-emp-rate-upper-secondary,PT,Portugal,2025,Y25T64,ISCED11A_35_45,M,91.6461,,%
oecd-emp-rate-upper-secondary,RO,Romania,2015,Y25T64,ISCED11A_35_45,M,77.6865,B,%
oecd-emp-rate-upper-secondary,RO,Romania,2019,Y25T64,ISCED11A_35_45,M,83.7214,,%
oecd-emp-rate-upper-secondary,RO,Romania,2021,Y25T64,ISCED11A_35_45,M,81.8379,,%
oecd-emp-rate-upper-secondary,RO,Romania,2022,Y25T64,ISCED11A_35_45,M,82.381,,%
oecd-emp-rate-upper-secondary,RO,Romania,2023,Y25T64,ISCED11A_35_45,M,83.9783,,%
oecd-emp-rate-upper-secondary,RO,Romania,2024,Y25T64,ISCED11A_35_45,M,85.5364,,%
oecd-emp-rate-upper-secondary,RO,Romania,2025,Y25T64,ISCED11A_35_45,M,85.5465,,%
oecd-emp-rate-upper-secondary,SE,Sweden,2014,Y25T64,ISCED11A_35_45,M,88.5293,,%
oecd-emp-rate-upper-secondary,SE,Sweden,2015,Y25T64,ISCED11A_35_45,M,89.2495,,%
oecd-emp-rate-upper-secondary,SE,Sweden,2016,Y25T64,ISCED11A_35_45,M,89.4993,,%
oecd-emp-rate-upper-secondary,SE,Sweden,2017,Y25T64,ISCED11A_35_45,M,90.2428,,%
oecd-emp-rate-upper-secondary,SE,Sweden,2018,Y25T64,ISCED11A_35_45,M,91.2952,,%
oecd-emp-rate-upper-secondary,SE,Sweden,2019,Y25T64,ISCED11A_35_45,M,91.0685,,%
oecd-emp-rate-upper-secondary,SE,Sweden,2020,Y25T64,ISCED11A_35_45,M,89.894,,%
oecd-emp-rate-upper-secondary,SE,Sweden,2021,Y25T64,ISCED11A_35_45,M,89.2975,,%
oecd-emp-rate-upper-secondary,SE,Sweden,2022,Y25T64,ISCED11A_35_45,M,88.7573,,%
oecd-emp-rate-upper-secondary,SE,Sweden,2023,Y25T64,ISCED11A_35_45,M,88.0603,,%
oecd-emp-rate-upper-secondary,SE,Sweden,2024,Y25T64,ISCED11A_35_45,M,88.9833,,%
oecd-emp-rate-upper-secondary,SE,Sweden,2025,Y25T64,ISCED11A_35_45,M,89.1252,,%
oecd-emp-rate-upper-secondary,SI,Slovenia,2014,Y25T64,ISCED11A_35_45,M,86.2634,,%
oecd-emp-rate-upper-secondary,SI,Slovenia,2015,Y25T64,ISCED11A_35_45,M,85.2102,,%
oecd-emp-rate-upper-secondary,SI,Slovenia,2016,Y25T64,ISCED11A_35_45,M,74.9375,,%
oecd-emp-rate-upper-secondary,SI,Slovenia,2017,Y25T64,ISCED11A_35_45,M,71.3859,,%
oecd-emp-rate-upper-secondary,SI,Slovenia,2018,Y25T64,ISCED11A_35_45,M,79.3658,,%
oecd-emp-rate-upper-secondary,SI,Slovenia,2019,Y25T64,ISCED11A_35_45,M,80.5021,,%
oecd-emp-rate-upper-secondary,SI,Slovenia,2020,Y25T64,ISCED11A_35_45,M,80.0891,,%
oecd-emp-rate-upper-secondary,SI,Slovenia,2021,Y25T64,ISCED11A_35_45,M,80.19,,%
oecd-emp-rate-upper-secondary,SI,Slovenia,2022,Y25T64,ISCED11A_35_45,M,82.79,,%
oecd-emp-rate-upper-secondary,SI,Slovenia,2023,Y25T64,ISCED11A_35_45,M,82.2674,,%
oecd-emp-rate-upper-secondary,SI,Slovenia,2024,Y25T64,ISCED11A_35_45,M,82.3409,,%
oecd-emp-rate-upper-secondary,SI,Slovenia,2025,Y25T64,ISCED11A_35_45,M,82.0469,,%
oecd-emp-rate-upper-secondary,SK,Slovakia,2014,Y25T64,ISCED11A_35_45,M,78.0986,,%
oecd-emp-rate-upper-secondary,SK,Slovakia,2015,Y25T64,ISCED11A_35_45,M,79.3963,,%
oecd-emp-rate-upper-secondary,SK,Slovakia,2016,Y25T64,ISCED11A_35_45,M,80.7362,,%
oecd-emp-rate-upper-secondary,SK,Slovakia,2017,Y25T64,ISCED11A_35_45,M,81.0741,,%
oecd-emp-rate-upper-secondary,SK,Slovakia,2018,Y25T64,ISCED11A_35_45,M,82.6139,,%
oecd-emp-rate-upper-secondary,SK,Slovakia,2019,Y25T64,ISCED11A_35_45,M,83.4586,,%
oecd-emp-rate-upper-secondary,SK,Slovakia,2020,Y25T64,ISCED11A_35_45,M,82.3492,,%
oecd-emp-rate-upper-secondary,SK,Slovakia,2021,Y25T64,ISCED11A_35_45,M,83.3628,,%
oecd-emp-rate-upper-secondary,SK,Slovakia,2022,Y25T64,ISCED11A_35_45,M,84.3739,,%
oecd-emp-rate-upper-secondary,SK,Slovakia,2023,Y25T64,ISCED11A_35_45,M,84.4683,,%
oecd-emp-rate-upper-secondary,SK,Slovakia,2024,Y25T64,ISCED11A_35_45,M,86.0947,,%
oecd-emp-rate-upper-secondary,SK,Slovakia,2025,Y25T64,ISCED11A_35_45,M,86.0853,,%
oecd-emp-rate-upper-secondary,TR,Türkiye,2014,Y25T64,ISCED11A_35_45,M,83.0151,,%
oecd-emp-rate-upper-secondary,TR,Türkiye,2015,Y25T64,ISCED11A_35_45,M,83.4383,,%
oecd-emp-rate-upper-secondary,TR,Türkiye,2016,Y25T64,ISCED11A_35_45,M,83.5604,,%
oecd-emp-rate-upper-secondary,TR,Türkiye,2017,Y25T64,ISCED11A_35_45,M,83.5541,,%
oecd-emp-rate-upper-secondary,TR,Türkiye,2018,Y25T64,ISCED11A_35_45,M,84.5291,,%
oecd-emp-rate-upper-secondary,TR,Türkiye,2019,Y25T64,ISCED11A_35_45,M,81.7574,,%
oecd-emp-rate-upper-secondary,TR,Türkiye,2021,Y25T64,ISCED11A_35_45,M,81.1755,,%
oecd-emp-rate-upper-secondary,TR,Türkiye,2022,Y25T64,ISCED11A_35_45,M,82.8287,,%
oecd-emp-rate-upper-secondary,TR,Türkiye,2023,Y25T64,ISCED11A_35_45,M,82.6052,,%
oecd-emp-rate-upper-secondary,TR,Türkiye,2024,Y25T64,ISCED11A_35_45,M,83.3138,,%
oecd-emp-rate-upper-secondary,TR,Türkiye,2025,Y25T64,ISCED11A_35_45,M,81.6365,,%
oecd-emp-rate-upper-secondary,UK,United Kingdom,2014,Y25T64,ISCED11A_35_45,M,85.3065,,%
oecd-emp-rate-upper-secondary,UK,United Kingdom,2015,Y25T64,ISCED11A_35_45,M,86.1861,,%
oecd-emp-rate-upper-secondary,UK,United Kingdom,2016,Y25T64,ISCED11A_35_45,M,87.099,,%
oecd-emp-rate-upper-secondary,UK,United Kingdom,2017,Y25T64,ISCED11A_35_45,M,87.533,,%
oecd-emp-rate-upper-secondary,UK,United Kingdom,2018,Y25T64,ISCED11A_35_45,M,86.6511,,%
oecd-emp-rate-upper-secondary,UK,United Kingdom,2019,Y25T64,ISCED11A_35_45,M,86.9209,,%
oecd-emp-rate-upper-secondary,UK,United Kingdom,2020,Y25T64,ISCED11A_35_45,M,84.644,,%
oecd-emp-rate-upper-secondary,UK,United Kingdom,2021,Y25T64,ISCED11A_35_45,M,84.1268,,%
oecd-emp-rate-upper-secondary,UK,United Kingdom,2022,Y25T64,ISCED11A_35_45,M,84.097,,%
oecd-emp-rate-upper-secondary,UK,United Kingdom,2023,Y25T64,ISCED11A_35_45,M,83.5609,,%
oecd-emp-rate-upper-secondary,UK,United Kingdom,2024,Y25T64,ISCED11A_35_45,M,84.2007,,%
oecd-emp-rate-upper-secondary,UK,United Kingdom,2025,Y25T64,ISCED11A_35_45,M,81.7378,,%
oecd-emp-rate-upper-secondary,AT,Austria,2014,Y25T64,ISCED11A_35_45,_T,76.0015,,%
oecd-emp-rate-upper-secondary,AT,Austria,2015,Y25T64,ISCED11A_35_45,_T,76.0848,,%
oecd-emp-rate-upper-secondary,AT,Austria,2016,Y25T64,ISCED11A_35_45,_T,76.1931,,%
oecd-emp-rate-upper-secondary,AT,Austria,2017,Y25T64,ISCED11A_35_45,_T,76.9625,,%
oecd-emp-rate-upper-secondary,AT,Austria,2018,Y25T64,ISCED11A_35_45,_T,78.0061,,%
oecd-emp-rate-upper-secondary,AT,Austria,2019,Y25T64,ISCED11A_35_45,_T,78.4375,,%
oecd-emp-rate-upper-secondary,AT,Austria,2020,Y25T64,ISCED11A_35_45,_T,76.962,,%
oecd-emp-rate-upper-secondary,AT,Austria,2021,Y25T64,ISCED11A_35_45,_T,76.4882,,%
oecd-emp-rate-upper-secondary,AT,Austria,2022,Y25T64,ISCED11A_35_45,_T,78.2253,,%
oecd-emp-rate-upper-secondary,AT,Austria,2023,Y25T64,ISCED11A_35_45,_T,78.0796,,%
oecd-emp-rate-upper-secondary,AT,Austria,2024,Y25T64,ISCED11A_35_45,_T,78.403,,%
oecd-emp-rate-upper-secondary,AT,Austria,2025,Y25T64,ISCED11A_35_45,_T,77.8221,,%
oecd-emp-rate-upper-secondary,BE,Belgium,2014,Y25T64,ISCED11A_35_45,_T,74.6703,,%
oecd-emp-rate-upper-secondary,BE,Belgium,2015,Y25T64,ISCED11A_35_45,_T,74.1362,,%
oecd-emp-rate-upper-secondary,BE,Belgium,2016,Y25T64,ISCED11A_35_45,_T,75.2856,,%
oecd-emp-rate-upper-secondary,BE,Belgium,2017,Y25T64,ISCED11A_35_45,_T,75.1699,,%
oecd-emp-rate-upper-secondary,BE,Belgium,2018,Y25T64,ISCED11A_35_45,_T,75.8438,,%
oecd-emp-rate-upper-secondary,BE,Belgium,2019,Y25T64,ISCED11A_35_45,_T,76.8103,,%
oecd-emp-rate-upper-secondary,BE,Belgium,2020,Y25T64,ISCED11A_35_45,_T,76.188,,%
oecd-emp-rate-upper-secondary,BE,Belgium,2021,Y25T64,ISCED11A_35_45,_T,74.9608,,%
oecd-emp-rate-upper-secondary,BE,Belgium,2022,Y25T64,ISCED11A_35_45,_T,75.9422,,%
oecd-emp-rate-upper-secondary,BE,Belgium,2023,Y25T64,ISCED11A_35_45,_T,75.6231,,%
oecd-emp-rate-upper-secondary,BE,Belgium,2024,Y25T64,ISCED11A_35_45,_T,75.7733,,%
oecd-emp-rate-upper-secondary,BE,Belgium,2025,Y25T64,ISCED11A_35_45,_T,75.2688,,%
oecd-emp-rate-upper-secondary,BG,Bulgaria,2015,Y25T64,ISCED11A_35_45,_T,75.0438,,%
oecd-emp-rate-upper-secondary,BG,Bulgaria,2016,Y25T64,ISCED11A_35_45,_T,75.6064,,%
oecd-emp-rate-upper-secondary,BG,Bulgaria,2019,Y25T64,ISCED11A_35_45,_T,82.3584,,%
oecd-emp-rate-upper-secondary,BG,Bulgaria,2022,Y25T64,ISCED11A_35_45,_T,83.2818,,%
oecd-emp-rate-upper-secondary,BG,Bulgaria,2023,Y25T64,ISCED11A_35_45,_T,83.3487,,%
oecd-emp-rate-upper-secondary,BG,Bulgaria,2024,Y25T64,ISCED11A_35_45,_T,83.505,,%
oecd-emp-rate-upper-secondary,BG,Bulgaria,2025,Y25T64,ISCED11A_35_45,_T,83.9607,,%
oecd-emp-rate-upper-secondary,CH,Switzerland,2014,Y25T64,ISCED11A_35_45,_T,82.0209,,%
oecd-emp-rate-upper-secondary,CH,Switzerland,2015,Y25T64,ISCED11A_35_45,_T,82.7556,,%
oecd-emp-rate-upper-secondary,CH,Switzerland,2016,Y25T64,ISCED11A_35_45,_T,82.6094,,%
oecd-emp-rate-upper-secondary,CH,Switzerland,2017,Y25T64,ISCED11A_35_45,_T,82.372,,%
oecd-emp-rate-upper-secondary,CH,Switzerland,2018,Y25T64,ISCED11A_35_45,_T,82.662,,%
oecd-emp-rate-upper-secondary,CH,Switzerland,2019,Y25T64,ISCED11A_35_45,_T,83.2529,,%
oecd-emp-rate-upper-secondary,CH,Switzerland,2020,Y25T64,ISCED11A_35_45,_T,82.3377,,%
oecd-emp-rate-upper-secondary,CH,Switzerland,2021,Y25T64,ISCED11A_35_45,_T,82.4615,,%
oecd-emp-rate-upper-secondary,CH,Switzerland,2022,Y25T64,ISCED11A_35_45,_T,83.9114,,%
oecd-emp-rate-upper-secondary,CH,Switzerland,2023,Y25T64,ISCED11A_35_45,_T,84.3388,,%
oecd-emp-rate-upper-secondary,CH,Switzerland,2024,Y25T64,ISCED11A_35_45,_T,84.5975,,%
oecd-emp-rate-upper-secondary,CH,Switzerland,2025,Y25T64,ISCED11A_35_45,_T,84.0673,,%
oecd-emp-rate-upper-secondary,CZ,Czechia,2018,Y25T64,ISCED11A_35_45,_T,81.9254,,%
oecd-emp-rate-upper-secondary,CZ,Czechia,2019,Y25T64,ISCED11A_35_45,_T,82.1537,,%
oecd-emp-rate-upper-secondary,CZ,Czechia,2021,Y25T64,ISCED11A_35_45,_T,81.4967,,%
oecd-emp-rate-upper-secondary,CZ,Czechia,2022,Y25T64,ISCED11A_35_45,_T,83.1414,,%
oecd-emp-rate-upper-secondary,CZ,Czechia,2024,Y25T64,ISCED11A_35_45,_T,86.3049,,%
oecd-emp-rate-upper-secondary,DE,Germany,2014,Y25T64,ISCED11A_35_45,_T,80.5352,,%
oecd-emp-rate-upper-secondary,DE,Germany,2015,Y25T64,ISCED11A_35_45,_T,80.8428,,%
oecd-emp-rate-upper-secondary,DE,Germany,2016,Y25T64,ISCED11A_35_45,_T,81.978,,%
oecd-emp-rate-upper-secondary,DE,Germany,2017,Y25T64,ISCED11A_35_45,_T,82.6403,,%
oecd-emp-rate-upper-secondary,DE,Germany,2018,Y25T64,ISCED11A_35_45,_T,83.2952,,%
oecd-emp-rate-upper-secondary,DE,Germany,2019,Y25T64,ISCED11A_35_45,_T,83.7599,,%
oecd-emp-rate-upper-secondary,DE,Germany,2020,Y25T64,ISCED11A_35_45,_T,82.3624,,%
oecd-emp-rate-upper-secondary,DE,Germany,2021,Y25T64,ISCED11A_35_45,_T,82.6655,,%
oecd-emp-rate-upper-secondary,DE,Germany,2022,Y25T64,ISCED11A_35_45,_T,83.7874,,%
oecd-emp-rate-upper-secondary,DE,Germany,2023,Y25T64,ISCED11A_35_45,_T,84.3311,,%
oecd-emp-rate-upper-secondary,DE,Germany,2024,Y25T64,ISCED11A_35_45,_T,84.4831,,%
oecd-emp-rate-upper-secondary,DE,Germany,2025,Y25T64,ISCED11A_35_45,_T,84.2772,,%
oecd-emp-rate-upper-secondary,DK,Denmark,2010,Y25T64,ISCED11A_35_45,_T,78.0574,,%
oecd-emp-rate-upper-secondary,DK,Denmark,2011,Y25T64,ISCED11A_35_45,_T,78.442,,%
oecd-emp-rate-upper-secondary,DK,Denmark,2012,Y25T64,ISCED11A_35_45,_T,78.3509,,%
oecd-emp-rate-upper-secondary,DK,Denmark,2013,Y25T64,ISCED11A_35_45,_T,78.4753,,%
oecd-emp-rate-upper-secondary,DK,Denmark,2014,Y25T64,ISCED11A_35_45,_T,81.0806,,%
oecd-emp-rate-upper-secondary,DK,Denmark,2015,Y25T64,ISCED11A_35_45,_T,80.5073,,%
oecd-emp-rate-upper-secondary,DK,Denmark,2016,Y25T64,ISCED11A_35_45,_T,81.1191,,%
oecd-emp-rate-upper-secondary,DK,Denmark,2017,Y25T64,ISCED11A_35_45,_T,82.1684,,%
oecd-emp-rate-upper-secondary,DK,Denmark,2018,Y25T64,ISCED11A_35_45,_T,83.1398,,%
oecd-emp-rate-upper-secondary,DK,Denmark,2019,Y25T64,ISCED11A_35_45,_T,83.8534,,%
oecd-emp-rate-upper-secondary,DK,Denmark,2020,Y25T64,ISCED11A_35_45,_T,82.5083,,%
oecd-emp-rate-upper-secondary,DK,Denmark,2021,Y25T64,ISCED11A_35_45,_T,83.8802,,%
oecd-emp-rate-upper-secondary,DK,Denmark,2022,Y25T64,ISCED11A_35_45,_T,84.6788,,%
oecd-emp-rate-upper-secondary,DK,Denmark,2023,Y25T64,ISCED11A_35_45,_T,84.133,,%
oecd-emp-rate-upper-secondary,DK,Denmark,2024,Y25T64,ISCED11A_35_45,_T,83.8712,,%
oecd-emp-rate-upper-secondary,DK,Denmark,2025,Y25T64,ISCED11A_35_45,_T,83.7494,B,%
oecd-emp-rate-upper-secondary,EE,Estonia,2014,Y25T64,ISCED11A_35_45,_T,77.3804,,%
oecd-emp-rate-upper-secondary,EE,Estonia,2015,Y25T64,ISCED11A_35_45,_T,78.555,,%
oecd-emp-rate-upper-secondary,EE,Estonia,2016,Y25T64,ISCED11A_35_45,_T,77.3961,,%
oecd-emp-rate-upper-secondary,EE,Estonia,2017,Y25T64,ISCED11A_35_45,_T,79.8088,,%
oecd-emp-rate-upper-secondary,EE,Estonia,2018,Y25T64,ISCED11A_35_45,_T,80.6208,,%
oecd-emp-rate-upper-secondary,EE,Estonia,2019,Y25T64,ISCED11A_35_45,_T,80.607,,%
oecd-emp-rate-upper-secondary,EE,Estonia,2020,Y25T64,ISCED11A_35_45,_T,79.8041,,%
oecd-emp-rate-upper-secondary,EE,Estonia,2021,Y25T64,ISCED11A_35_45,_T,80.0188,,%
oecd-emp-rate-upper-secondary,EE,Estonia,2022,Y25T64,ISCED11A_35_45,_T,81.6617,,%
oecd-emp-rate-upper-secondary,EE,Estonia,2023,Y25T64,ISCED11A_35_45,_T,81.3625,,%
oecd-emp-rate-upper-secondary,EE,Estonia,2024,Y25T64,ISCED11A_35_45,_T,83.0303,,%
oecd-emp-rate-upper-secondary,EE,Estonia,2025,Y25T64,ISCED11A_35_45,_T,83.4325,,%
oecd-emp-rate-upper-secondary,EL,Greece,2010,Y25T64,ISCED11A_35_45,_T,73.0687,B,%
oecd-emp-rate-upper-secondary,EL,Greece,2011,Y25T64,ISCED11A_35_45,_T,66.8769,B,%
oecd-emp-rate-upper-secondary,EL,Greece,2012,Y25T64,ISCED11A_35_45,_T,61.5603,B,%
oecd-emp-rate-upper-secondary,EL,Greece,2013,Y25T64,ISCED11A_35_45,_T,57.3804,B,%
oecd-emp-rate-upper-secondary,EL,Greece,2014,Y25T64,ISCED11A_35_45,_T,58.2895,,%
oecd-emp-rate-upper-secondary,EL,Greece,2015,Y25T64,ISCED11A_35_45,_T,61.9316,,%
oecd-emp-rate-upper-secondary,EL,Greece,2016,Y25T64,ISCED11A_35_45,_T,62.4191,,%
oecd-emp-rate-upper-secondary,EL,Greece,2017,Y25T64,ISCED11A_35_45,_T,63.8477,,%
oecd-emp-rate-upper-secondary,EL,Greece,2018,Y25T64,ISCED11A_35_45,_T,65.3926,,%
oecd-emp-rate-upper-secondary,EL,Greece,2019,Y25T64,ISCED11A_35_45,_T,66.6622,,%
oecd-emp-rate-upper-secondary,EL,Greece,2020,Y25T64,ISCED11A_35_45,_T,66.4972,,%
oecd-emp-rate-upper-secondary,EL,Greece,2021,Y25T64,ISCED11A_35_45,_T,68.5459,,%
oecd-emp-rate-upper-secondary,EL,Greece,2022,Y25T64,ISCED11A_35_45,_T,72.7058,,%
oecd-emp-rate-upper-secondary,EL,Greece,2023,Y25T64,ISCED11A_35_45,_T,73.9018,,%
oecd-emp-rate-upper-secondary,EL,Greece,2024,Y25T64,ISCED11A_35_45,_T,75.4347,,%
oecd-emp-rate-upper-secondary,EL,Greece,2025,Y25T64,ISCED11A_35_45,_T,76.7264,,%
oecd-emp-rate-upper-secondary,ES,Spain,2014,Y25T64,ISCED11A_35_45,_T,65.8822,,%
oecd-emp-rate-upper-secondary,ES,Spain,2015,Y25T64,ISCED11A_35_45,_T,68.0707,,%
oecd-emp-rate-upper-secondary,ES,Spain,2016,Y25T64,ISCED11A_35_45,_T,69.7086,,%
oecd-emp-rate-upper-secondary,ES,Spain,2017,Y25T64,ISCED11A_35_45,_T,71.2457,,%
oecd-emp-rate-upper-secondary,ES,Spain,2018,Y25T64,ISCED11A_35_45,_T,73.0728,,%
oecd-emp-rate-upper-secondary,ES,Spain,2019,Y25T64,ISCED11A_35_45,_T,73.2156,,%
oecd-emp-rate-upper-secondary,ES,Spain,2020,Y25T64,ISCED11A_35_45,_T,71.2018,,%
oecd-emp-rate-upper-secondary,ES,Spain,2021,Y25T64,ISCED11A_35_45,_T,72.0152,,%
oecd-emp-rate-upper-secondary,ES,Spain,2022,Y25T64,ISCED11A_35_45,_T,73.785,,%
oecd-emp-rate-upper-secondary,ES,Spain,2023,Y25T64,ISCED11A_35_45,_T,74.9588,,%
oecd-emp-rate-upper-secondary,ES,Spain,2024,Y25T64,ISCED11A_35_45,_T,75.5251,,%
oecd-emp-rate-upper-secondary,ES,Spain,2025,Y25T64,ISCED11A_35_45,_T,76.286,,%
oecd-emp-rate-upper-secondary,FI,Finland,2014,Y25T64,ISCED11A_35_45,_T,78.4637,,%
oecd-emp-rate-upper-secondary,FI,Finland,2015,Y25T64,ISCED11A_35_45,_T,78.5226,,%
oecd-emp-rate-upper-secondary,FI,Finland,2016,Y25T64,ISCED11A_35_45,_T,73.513,,%
oecd-emp-rate-upper-secondary,FI,Finland,2017,Y25T64,ISCED11A_35_45,_T,74.2911,,%
oecd-emp-rate-upper-secondary,FI,Finland,2018,Y25T64,ISCED11A_35_45,_T,76.0338,,%
oecd-emp-rate-upper-secondary,FI,Finland,2019,Y25T64,ISCED11A_35_45,_T,77.1831,,%
oecd-emp-rate-upper-secondary,FI,Finland,2020,Y25T64,ISCED11A_35_45,_T,76.1813,,%
oecd-emp-rate-upper-secondary,FI,Finland,2021,Y25T64,ISCED11A_35_45,_T,77.5473,,%
oecd-emp-rate-upper-secondary,FI,Finland,2022,Y25T64,ISCED11A_35_45,_T,79.5392,,%
oecd-emp-rate-upper-secondary,FI,Finland,2023,Y25T64,ISCED11A_35_45,_T,78.9041,,%
oecd-emp-rate-upper-secondary,FI,Finland,2024,Y25T64,ISCED11A_35_45,_T,78.0399,,%
oecd-emp-rate-upper-secondary,FI,Finland,2025,Y25T64,ISCED11A_35_45,_T,77.6753,,%
oecd-emp-rate-upper-secondary,FR,France,2013,Y25T64,ISCED11A_35_45,_T,72.7601,,%
oecd-emp-rate-upper-secondary,FR,France,2014,Y25T64,ISCED11A_35_45,_T,72.3474,,%
oecd-emp-rate-upper-secondary,FR,France,2015,Y25T64,ISCED11A_35_45,_T,71.8692,,%
oecd-emp-rate-upper-secondary,FR,France,2016,Y25T64,ISCED11A_35_45,_T,72.6718,,%
oecd-emp-rate-upper-secondary,FR,France,2017,Y25T64,ISCED11A_35_45,_T,73.0142,,%
oecd-emp-rate-upper-secondary,FR,France,2018,Y25T64,ISCED11A_35_45,_T,73.2143,,%
oecd-emp-rate-upper-secondary,FR,France,2019,Y25T64,ISCED11A_35_45,_T,72.7324,,%
oecd-emp-rate-upper-secondary,FR,France,2020,Y25T64,ISCED11A_35_45,_T,72.338,,%
oecd-emp-rate-upper-secondary,FR,France,2021,Y25T64,ISCED11A_35_45,_T,74.3405,,%
oecd-emp-rate-upper-secondary,FR,France,2022,Y25T64,ISCED11A_35_45,_T,74.3696,,%
oecd-emp-rate-upper-secondary,FR,France,2023,Y25T64,ISCED11A_35_45,_T,74.3311,,%
oecd-emp-rate-upper-secondary,FR,France,2024,Y25T64,ISCED11A_35_45,_T,74.9266,,%
oecd-emp-rate-upper-secondary,FR,France,2025,Y25T64,ISCED11A_35_45,_T,75.2269,,%
oecd-emp-rate-upper-secondary,HR,Croatia,2015,Y25T64,ISCED11A_35_45,_T,64.3509,,%
oecd-emp-rate-upper-secondary,HR,Croatia,2016,Y25T64,ISCED11A_35_45,_T,64.0,,%
oecd-emp-rate-upper-secondary,HR,Croatia,2019,Y25T64,ISCED11A_35_45,_T,69.6193,,%
oecd-emp-rate-upper-secondary,HR,Croatia,2023,Y25T64,ISCED11A_35_45,_T,72.877,,%
oecd-emp-rate-upper-secondary,HR,Croatia,2024,Y25T64,ISCED11A_35_45,_T,75.715,,%
oecd-emp-rate-upper-secondary,HR,Croatia,2025,Y25T64,ISCED11A_35_45,_T,76.5783,,%
oecd-emp-rate-upper-secondary,HU,Hungary,2014,Y25T64,ISCED11A_35_45,_T,72.1965,,%
oecd-emp-rate-upper-secondary,HU,Hungary,2015,Y25T64,ISCED11A_35_45,_T,74.1288,,%
oecd-emp-rate-upper-secondary,HU,Hungary,2016,Y25T64,ISCED11A_35_45,_T,75.2606,,%
oecd-emp-rate-upper-secondary,HU,Hungary,2017,Y25T64,ISCED11A_35_45,_T,76.8866,,%
oecd-emp-rate-upper-secondary,HU,Hungary,2018,Y25T64,ISCED11A_35_45,_T,77.9588,,%
oecd-emp-rate-upper-secondary,HU,Hungary,2019,Y25T64,ISCED11A_35_45,_T,80.37,,%
oecd-emp-rate-upper-secondary,HU,Hungary,2020,Y25T64,ISCED11A_35_45,_T,80.0277,,%
oecd-emp-rate-upper-secondary,HU,Hungary,2021,Y25T64,ISCED11A_35_45,_T,83.189,,%
oecd-emp-rate-upper-secondary,HU,Hungary,2022,Y25T64,ISCED11A_35_45,_T,84.3804,,%
oecd-emp-rate-upper-secondary,HU,Hungary,2023,Y25T64,ISCED11A_35_45,_T,84.8309,,%
oecd-emp-rate-upper-secondary,HU,Hungary,2024,Y25T64,ISCED11A_35_45,_T,84.8622,,%
oecd-emp-rate-upper-secondary,HU,Hungary,2025,Y25T64,ISCED11A_35_45,_T,85.0906,,%
oecd-emp-rate-upper-secondary,IE,Ireland,2014,Y25T64,ISCED11A_35_45,_T,68.7114,,%
oecd-emp-rate-upper-secondary,IE,Ireland,2015,Y25T64,ISCED11A_35_45,_T,69.3905,,%
oecd-emp-rate-upper-secondary,IE,Ireland,2017,Y25T64,ISCED11A_35_45,_T,74.6378,,%
oecd-emp-rate-upper-secondary,IE,Ireland,2019,Y25T64,ISCED11A_35_45,_T,76.9368,,%
oecd-emp-rate-upper-secondary,IE,Ireland,2020,Y25T64,ISCED11A_35_45,_T,75.1427,,%
oecd-emp-rate-upper-secondary,IE,Ireland,2022,Y25T64,ISCED11A_35_45,_T,78.934,,%
oecd-emp-rate-upper-secondary,IE,Ireland,2023,Y25T64,ISCED11A_35_45,_T,80.2459,,%
oecd-emp-rate-upper-secondary,IE,Ireland,2024,Y25T64,ISCED11A_35_45,_T,80.8892,,%
oecd-emp-rate-upper-secondary,IE,Ireland,2025,Y25T64,ISCED11A_35_45,_T,80.3969,,%
oecd-emp-rate-upper-secondary,IS,Iceland,2010,Y25T64,ISCED11A_35_45,_T,85.3923,,%
oecd-emp-rate-upper-secondary,IS,Iceland,2011,Y25T64,ISCED11A_35_45,_T,86.5689,,%
oecd-emp-rate-upper-secondary,IS,Iceland,2012,Y25T64,ISCED11A_35_45,_T,87.552,,%
oecd-emp-rate-upper-secondary,IS,Iceland,2013,Y25T64,ISCED11A_35_45,_T,87.8317,,%
oecd-emp-rate-upper-secondary,IS,Iceland,2014,Y25T64,ISCED11A_35_45,_T,89.1367,,%
oecd-emp-rate-upper-secondary,IS,Iceland,2015,Y25T64,ISCED11A_35_45,_T,89.7597,,%
oecd-emp-rate-upper-secondary,IS,Iceland,2016,Y25T64,ISCED11A_35_45,_T,88.2561,,%
oecd-emp-rate-upper-secondary,IS,Iceland,2017,Y25T64,ISCED11A_35_45,_T,90.1636,,%
oecd-emp-rate-upper-secondary,IS,Iceland,2018,Y25T64,ISCED11A_35_45,_T,88.0938,,%
oecd-emp-rate-upper-secondary,IS,Iceland,2019,Y25T64,ISCED11A_35_45,_T,88.0488,,%
oecd-emp-rate-upper-secondary,IS,Iceland,2020,Y25T64,ISCED11A_35_45,_T,84.5838,,%
oecd-emp-rate-upper-secondary,IS,Iceland,2021,Y25T64,ISCED11A_35_45,_T,86.4559,,%
oecd-emp-rate-upper-secondary,IS,Iceland,2022,Y25T64,ISCED11A_35_45,_T,89.4333,,%
oecd-emp-rate-upper-secondary,IS,Iceland,2023,Y25T64,ISCED11A_35_45,_T,88.7787,,%
oecd-emp-rate-upper-secondary,IT,Italy,2014,Y25T64,ISCED11A_35_45,_T,72.1014,,%
oecd-emp-rate-upper-secondary,IT,Italy,2015,Y25T64,ISCED11A_35_45,_T,72.5821,,%
oecd-emp-rate-upper-secondary,IT,Italy,2016,Y25T64,ISCED11A_35_45,_T,73.0157,,%
oecd-emp-rate-upper-secondary,IT,Italy,2017,Y25T64,ISCED11A_35_45,_T,73.3509,,%
oecd-emp-rate-upper-secondary,IT,Italy,2018,Y25T64,ISCED11A_35_45,_T,73.4176,,%
oecd-emp-rate-upper-secondary,IT,Italy,2019,Y25T64,ISCED11A_35_45,_T,73.9275,,%
oecd-emp-rate-upper-secondary,IT,Italy,2020,Y25T64,ISCED11A_35_45,_T,72.1719,,%
oecd-emp-rate-upper-secondary,IT,Italy,2021,Y25T64,ISCED11A_35_45,_T,72.5132,,%
oecd-emp-rate-upper-secondary,IT,Italy,2022,Y25T64,ISCED11A_35_45,_T,74.6616,,%
oecd-emp-rate-upper-secondary,IT,Italy,2023,Y25T64,ISCED11A_35_45,_T,75.8877,,%
oecd-emp-rate-upper-secondary,IT,Italy,2024,Y25T64,ISCED11A_35_45,_T,76.3426,,%
oecd-emp-rate-upper-secondary,IT,Italy,2025,Y25T64,ISCED11A_35_45,_T,77.0712,,%
oecd-emp-rate-upper-secondary,LT,Lithuania,2014,Y25T64,ISCED11A_35_45,_T,76.5467,,%
oecd-emp-rate-upper-secondary,LT,Lithuania,2015,Y25T64,ISCED11A_35_45,_T,77.0163,,%
oecd-emp-rate-upper-secondary,LT,Lithuania,2016,Y25T64,ISCED11A_35_45,_T,75.3111,,%
oecd-emp-rate-upper-secondary,LT,Lithuania,2017,Y25T64,ISCED11A_35_45,_T,75.9258,,%
oecd-emp-rate-upper-secondary,LT,Lithuania,2018,Y25T64,ISCED11A_35_45,_T,77.2997,,%
oecd-emp-rate-upper-secondary,LT,Lithuania,2019,Y25T64,ISCED11A_35_45,_T,76.7506,,%
oecd-emp-rate-upper-secondary,LT,Lithuania,2020,Y25T64,ISCED11A_35_45,_T,74.6196,,%
oecd-emp-rate-upper-secondary,LT,Lithuania,2021,Y25T64,ISCED11A_35_45,_T,73.7292,,%
oecd-emp-rate-upper-secondary,LT,Lithuania,2022,Y25T64,ISCED11A_35_45,_T,76.0642,,%
oecd-emp-rate-upper-secondary,LT,Lithuania,2023,Y25T64,ISCED11A_35_45,_T,74.9716,,%
oecd-emp-rate-upper-secondary,LT,Lithuania,2024,Y25T64,ISCED11A_35_45,_T,74.343,,%
oecd-emp-rate-upper-secondary,LT,Lithuania,2025,Y25T64,ISCED11A_35_45,_T,76.0775,,%
oecd-emp-rate-upper-secondary,LU,Luxembourg,2014,Y25T64,ISCED11A_35_45,_T,88.1879,,%
oecd-emp-rate-upper-secondary,LU,Luxembourg,2015,Y25T64,ISCED11A_35_45,_T,86.7101,,%
oecd-emp-rate-upper-secondary,LU,Luxembourg,2019,Y25T64,ISCED11A_35_45,_T,73.1763,,%
oecd-emp-rate-upper-secondary,LU,Luxembourg,2020,Y25T64,ISCED11A_35_45,_T,73.1099,,%
oecd-emp-rate-upper-secondary,LU,Luxembourg,2021,Y25T64,ISCED11A_35_45,_T,72.2894,,%
oecd-emp-rate-upper-secondary,LU,Luxembourg,2022,Y25T64,ISCED11A_35_45,_T,68.6324,,%
oecd-emp-rate-upper-secondary,LU,Luxembourg,2023,Y25T64,ISCED11A_35_45,_T,69.9497,,%
oecd-emp-rate-upper-secondary,LU,Luxembourg,2024,Y25T64,ISCED11A_35_45,_T,71.0043,,%
oecd-emp-rate-upper-secondary,LV,Latvia,2014,Y25T64,ISCED11A_35_45,_T,74.1316,,%
oecd-emp-rate-upper-secondary,LV,Latvia,2015,Y25T64,ISCED11A_35_45,_T,74.1463,,%
oecd-emp-rate-upper-secondary,LV,Latvia,2016,Y25T64,ISCED11A_35_45,_T,73.8033,,%
oecd-emp-rate-upper-secondary,LV,Latvia,2017,Y25T64,ISCED11A_35_45,_T,74.7877,,%
oecd-emp-rate-upper-secondary,LV,Latvia,2018,Y25T64,ISCED11A_35_45,_T,77.3549,,%
oecd-emp-rate-upper-secondary,LV,Latvia,2019,Y25T64,ISCED11A_35_45,_T,76.5569,,%
oecd-emp-rate-upper-secondary,LV,Latvia,2020,Y25T64,ISCED11A_35_45,_T,76.9734,,%
oecd-emp-rate-upper-secondary,LV,Latvia,2021,Y25T64,ISCED11A_35_45,_T,76.1792,,%
oecd-emp-rate-upper-secondary,LV,Latvia,2022,Y25T64,ISCED11A_35_45,_T,77.157,,%
oecd-emp-rate-upper-secondary,LV,Latvia,2023,Y25T64,ISCED11A_35_45,_T,76.5878,,%
oecd-emp-rate-upper-secondary,LV,Latvia,2024,Y25T64,ISCED11A_35_45,_T,77.8258,,%
oecd-emp-rate-upper-secondary,LV,Latvia,2025,Y25T64,ISCED11A_35_45,_T,77.8669,,%
oecd-emp-rate-upper-secondary,NL,Netherlands,2013,Y25T64,ISCED11A_35_45,_T,78.5481,B,%
oecd-emp-rate-upper-secondary,NL,Netherlands,2014,Y25T64,ISCED11A_35_45,_T,78.8225,,%
oecd-emp-rate-upper-secondary,NL,Netherlands,2015,Y25T64,ISCED11A_35_45,_T,79.2309,,%
oecd-emp-rate-upper-secondary,NL,Netherlands,2016,Y25T64,ISCED11A_35_45,_T,80.7312,,%
oecd-emp-rate-upper-secondary,NL,Netherlands,2017,Y25T64,ISCED11A_35_45,_T,81.4926,,%
oecd-emp-rate-upper-secondary,NL,Netherlands,2018,Y25T64,ISCED11A_35_45,_T,82.5524,,%
oecd-emp-rate-upper-secondary,NL,Netherlands,2019,Y25T64,ISCED11A_35_45,_T,83.6895,,%
oecd-emp-rate-upper-secondary,NL,Netherlands,2020,Y25T64,ISCED11A_35_45,_T,83.7756,,%
oecd-emp-rate-upper-secondary,NL,Netherlands,2021,Y25T64,ISCED11A_35_45,_T,84.492,,%
oecd-emp-rate-upper-secondary,NL,Netherlands,2022,Y25T64,ISCED11A_35_45,_T,85.408,,%
oecd-emp-rate-upper-secondary,NL,Netherlands,2023,Y25T64,ISCED11A_35_45,_T,85.9165,,%
oecd-emp-rate-upper-secondary,NL,Netherlands,2024,Y25T64,ISCED11A_35_45,_T,85.2925,,%
oecd-emp-rate-upper-secondary,NL,Netherlands,2025,Y25T64,ISCED11A_35_45,_T,85.3001,,%
oecd-emp-rate-upper-secondary,NO,Norway,2014,Y25T64,ISCED11A_35_45,_T,82.683,,%
oecd-emp-rate-upper-secondary,NO,Norway,2015,Y25T64,ISCED11A_35_45,_T,81.9723,,%
oecd-emp-rate-upper-secondary,NO,Norway,2016,Y25T64,ISCED11A_35_45,_T,82.0136,,%
oecd-emp-rate-upper-secondary,NO,Norway,2017,Y25T64,ISCED11A_35_45,_T,81.895,,%
oecd-emp-rate-upper-secondary,NO,Norway,2018,Y25T64,ISCED11A_35_45,_T,83.4078,,%
oecd-emp-rate-upper-secondary,NO,Norway,2019,Y25T64,ISCED11A_35_45,_T,83.4358,,%
oecd-emp-rate-upper-secondary,NO,Norway,2020,Y25T64,ISCED11A_35_45,_T,82.858,,%
oecd-emp-rate-upper-secondary,NO,Norway,2021,Y25T64,ISCED11A_35_45,_T,84.1248,,%
oecd-emp-rate-upper-secondary,NO,Norway,2022,Y25T64,ISCED11A_35_45,_T,85.4885,,%
oecd-emp-rate-upper-secondary,NO,Norway,2023,Y25T64,ISCED11A_35_45,_T,84.4755,,%
oecd-emp-rate-upper-secondary,NO,Norway,2024,Y25T64,ISCED11A_35_45,_T,84.2179,,%
oecd-emp-rate-upper-secondary,NO,Norway,2025,Y25T64,ISCED11A_35_45,_T,82.1314,,%
oecd-emp-rate-upper-secondary,PL,Poland,2014,Y25T64,ISCED11A_35_45,_T,66.534,,%
oecd-emp-rate-upper-secondary,PL,Poland,2015,Y25T64,ISCED11A_35_45,_T,67.4427,,%
oecd-emp-rate-upper-secondary,PL,Poland,2016,Y25T64,ISCED11A_35_45,_T,68.6423,,%
oecd-emp-rate-upper-secondary,PL,Poland,2017,Y25T64,ISCED11A_35_45,_T,69.7588,,%
oecd-emp-rate-upper-secondary,PL,Poland,2018,Y25T64,ISCED11A_35_45,_T,70.3814,,%
oecd-emp-rate-upper-secondary,PL,Poland,2019,Y25T64,ISCED11A_35_45,_T,70.6907,,%
oecd-emp-rate-upper-secondary,PL,Poland,2020,Y25T64,ISCED11A_35_45,_T,71.6247,,%
oecd-emp-rate-upper-secondary,PL,Poland,2021,Y25T64,ISCED11A_35_45,_T,73.7593,,%
oecd-emp-rate-upper-secondary,PL,Poland,2022,Y25T64,ISCED11A_35_45,_T,75.0102,,%
oecd-emp-rate-upper-secondary,PL,Poland,2023,Y25T64,ISCED11A_35_45,_T,75.0729,,%
oecd-emp-rate-upper-secondary,PL,Poland,2024,Y25T64,ISCED11A_35_45,_T,75.1517,,%
oecd-emp-rate-upper-secondary,PL,Poland,2025,Y25T64,ISCED11A_35_45,_T,75.7424,,%
oecd-emp-rate-upper-secondary,PT,Portugal,2014,Y25T64,ISCED11A_35_45,_T,78.0065,,%
oecd-emp-rate-upper-secondary,PT,Portugal,2015,Y25T64,ISCED11A_35_45,_T,79.6015,,%
oecd-emp-rate-upper-secondary,PT,Portugal,2016,Y25T64,ISCED11A_35_45,_T,79.0694,,%
oecd-emp-rate-upper-secondary,PT,Portugal,2017,Y25T64,ISCED11A_35_45,_T,82.7137,,%
oecd-emp-rate-upper-secondary,PT,Portugal,2018,Y25T64,ISCED11A_35_45,_T,85.5345,,%
oecd-emp-rate-upper-secondary,PT,Portugal,2019,Y25T64,ISCED11A_35_45,_T,87.0264,,%
oecd-emp-rate-upper-secondary,PT,Portugal,2020,Y25T64,ISCED11A_35_45,_T,83.3463,,%
oecd-emp-rate-upper-secondary,PT,Portugal,2021,Y25T64,ISCED11A_35_45,_T,82.3856,,%
oecd-emp-rate-upper-secondary,PT,Portugal,2022,Y25T64,ISCED11A_35_45,_T,86.0916,,%
oecd-emp-rate-upper-secondary,PT,Portugal,2023,Y25T64,ISCED11A_35_45,_T,85.7839,,%
oecd-emp-rate-upper-secondary,PT,Portugal,2024,Y25T64,ISCED11A_35_45,_T,87.5604,,%
oecd-emp-rate-upper-secondary,PT,Portugal,2025,Y25T64,ISCED11A_35_45,_T,88.7826,,%
oecd-emp-rate-upper-secondary,RO,Romania,2015,Y25T64,ISCED11A_35_45,_T,70.8019,B,%
oecd-emp-rate-upper-secondary,RO,Romania,2019,Y25T64,ISCED11A_35_45,_T,75.6497,,%
oecd-emp-rate-upper-secondary,RO,Romania,2021,Y25T64,ISCED11A_35_45,_T,73.3911,,%
oecd-emp-rate-upper-secondary,RO,Romania,2022,Y25T64,ISCED11A_35_45,_T,74.6589,,%
oecd-emp-rate-upper-secondary,RO,Romania,2023,Y25T64,ISCED11A_35_45,_T,75.724,,%
oecd-emp-rate-upper-secondary,RO,Romania,2024,Y25T64,ISCED11A_35_45,_T,77.5296,,%
oecd-emp-rate-upper-secondary,RO,Romania,2025,Y25T64,ISCED11A_35_45,_T,77.3087,,%
oecd-emp-rate-upper-secondary,SE,Sweden,2014,Y25T64,ISCED11A_35_45,_T,86.3063,,%
oecd-emp-rate-upper-secondary,SE,Sweden,2015,Y25T64,ISCED11A_35_45,_T,87.0576,,%
oecd-emp-rate-upper-secondary,SE,Sweden,2016,Y25T64,ISCED11A_35_45,_T,87.4671,,%
oecd-emp-rate-upper-secondary,SE,Sweden,2017,Y25T64,ISCED11A_35_45,_T,88.4531,,%
oecd-emp-rate-upper-secondary,SE,Sweden,2018,Y25T64,ISCED11A_35_45,_T,89.1777,,%
oecd-emp-rate-upper-secondary,SE,Sweden,2019,Y25T64,ISCED11A_35_45,_T,88.8452,,%
oecd-emp-rate-upper-secondary,SE,Sweden,2020,Y25T64,ISCED11A_35_45,_T,87.5946,,%
oecd-emp-rate-upper-secondary,SE,Sweden,2021,Y25T64,ISCED11A_35_45,_T,86.2665,,%
oecd-emp-rate-upper-secondary,SE,Sweden,2022,Y25T64,ISCED11A_35_45,_T,85.6838,,%
oecd-emp-rate-upper-secondary,SE,Sweden,2023,Y25T64,ISCED11A_35_45,_T,85.7114,,%
oecd-emp-rate-upper-secondary,SE,Sweden,2024,Y25T64,ISCED11A_35_45,_T,86.8628,,%
oecd-emp-rate-upper-secondary,SE,Sweden,2025,Y25T64,ISCED11A_35_45,_T,86.4656,,%
oecd-emp-rate-upper-secondary,SI,Slovenia,2014,Y25T64,ISCED11A_35_45,_T,80.3274,,%
oecd-emp-rate-upper-secondary,SI,Slovenia,2015,Y25T64,ISCED11A_35_45,_T,81.0568,,%
oecd-emp-rate-upper-secondary,SI,Slovenia,2016,Y25T64,ISCED11A_35_45,_T,71.2571,,%
oecd-emp-rate-upper-secondary,SI,Slovenia,2017,Y25T64,ISCED11A_35_45,_T,69.8382,,%
oecd-emp-rate-upper-secondary,SI,Slovenia,2018,Y25T64,ISCED11A_35_45,_T,75.9964,,%
oecd-emp-rate-upper-secondary,SI,Slovenia,2019,Y25T64,ISCED11A_35_45,_T,76.6886,,%
oecd-emp-rate-upper-secondary,SI,Slovenia,2020,Y25T64,ISCED11A_35_45,_T,75.7048,,%
oecd-emp-rate-upper-secondary,SI,Slovenia,2021,Y25T64,ISCED11A_35_45,_T,75.2681,,%
oecd-emp-rate-upper-secondary,SI,Slovenia,2022,Y25T64,ISCED11A_35_45,_T,77.8438,,%
oecd-emp-rate-upper-secondary,SI,Slovenia,2023,Y25T64,ISCED11A_35_45,_T,78.1469,,%
oecd-emp-rate-upper-secondary,SI,Slovenia,2024,Y25T64,ISCED11A_35_45,_T,78.636,,%
oecd-emp-rate-upper-secondary,SI,Slovenia,2025,Y25T64,ISCED11A_35_45,_T,79.0871,,%
oecd-emp-rate-upper-secondary,SK,Slovakia,2014,Y25T64,ISCED11A_35_45,_T,71.3356,,%
oecd-emp-rate-upper-secondary,SK,Slovakia,2015,Y25T64,ISCED11A_35_45,_T,72.6919,,%
oecd-emp-rate-upper-secondary,SK,Slovakia,2016,Y25T64,ISCED11A_35_45,_T,74.3873,,%
oecd-emp-rate-upper-secondary,SK,Slovakia,2017,Y25T64,ISCED11A_35_45,_T,75.6009,,%
oecd-emp-rate-upper-secondary,SK,Slovakia,2018,Y25T64,ISCED11A_35_45,_T,77.1801,,%
oecd-emp-rate-upper-secondary,SK,Slovakia,2019,Y25T64,ISCED11A_35_45,_T,78.5186,,%
oecd-emp-rate-upper-secondary,SK,Slovakia,2020,Y25T64,ISCED11A_35_45,_T,77.2639,,%
oecd-emp-rate-upper-secondary,SK,Slovakia,2021,Y25T64,ISCED11A_35_45,_T,78.8815,,%
oecd-emp-rate-upper-secondary,SK,Slovakia,2022,Y25T64,ISCED11A_35_45,_T,80.5142,,%
oecd-emp-rate-upper-secondary,SK,Slovakia,2023,Y25T64,ISCED11A_35_45,_T,80.6264,,%
oecd-emp-rate-upper-secondary,SK,Slovakia,2024,Y25T64,ISCED11A_35_45,_T,81.589,,%
oecd-emp-rate-upper-secondary,SK,Slovakia,2025,Y25T64,ISCED11A_35_45,_T,81.1003,,%
oecd-emp-rate-upper-secondary,TR,Türkiye,2014,Y25T64,ISCED11A_35_45,_T,65.6994,,%
oecd-emp-rate-upper-secondary,TR,Türkiye,2015,Y25T64,ISCED11A_35_45,_T,66.5931,,%
oecd-emp-rate-upper-secondary,TR,Türkiye,2016,Y25T64,ISCED11A_35_45,_T,66.201,,%
oecd-emp-rate-upper-secondary,TR,Türkiye,2017,Y25T64,ISCED11A_35_45,_T,66.5592,,%
oecd-emp-rate-upper-secondary,TR,Türkiye,2018,Y25T64,ISCED11A_35_45,_T,67.3751,,%
oecd-emp-rate-upper-secondary,TR,Türkiye,2019,Y25T64,ISCED11A_35_45,_T,64.091,,%
oecd-emp-rate-upper-secondary,TR,Türkiye,2021,Y25T64,ISCED11A_35_45,_T,63.7161,,%
oecd-emp-rate-upper-secondary,TR,Türkiye,2022,Y25T64,ISCED11A_35_45,_T,66.2424,,%
oecd-emp-rate-upper-secondary,TR,Türkiye,2023,Y25T64,ISCED11A_35_45,_T,66.222,,%
oecd-emp-rate-upper-secondary,TR,Türkiye,2024,Y25T64,ISCED11A_35_45,_T,66.3148,,%
oecd-emp-rate-upper-secondary,TR,Türkiye,2025,Y25T64,ISCED11A_35_45,_T,64.8065,,%
oecd-emp-rate-upper-secondary,UK,United Kingdom,2014,Y25T64,ISCED11A_35_45,_T,80.6523,,%
oecd-emp-rate-upper-secondary,UK,United Kingdom,2015,Y25T64,ISCED11A_35_45,_T,81.6708,,%
oecd-emp-rate-upper-secondary,UK,United Kingdom,2016,Y25T64,ISCED11A_35_45,_T,82.8852,,%
oecd-emp-rate-upper-secondary,UK,United Kingdom,2017,Y25T64,ISCED11A_35_45,_T,82.9933,,%
oecd-emp-rate-upper-secondary,UK,United Kingdom,2018,Y25T64,ISCED11A_35_45,_T,81.8565,,%
oecd-emp-rate-upper-secondary,UK,United Kingdom,2019,Y25T64,ISCED11A_35_45,_T,84.0008,,%
oecd-emp-rate-upper-secondary,UK,United Kingdom,2020,Y25T64,ISCED11A_35_45,_T,82.2785,,%
oecd-emp-rate-upper-secondary,UK,United Kingdom,2021,Y25T64,ISCED11A_35_45,_T,81.9297,,%
oecd-emp-rate-upper-secondary,UK,United Kingdom,2022,Y25T64,ISCED11A_35_45,_T,81.3091,,%
oecd-emp-rate-upper-secondary,UK,United Kingdom,2023,Y25T64,ISCED11A_35_45,_T,80.1434,,%
oecd-emp-rate-upper-secondary,UK,United Kingdom,2024,Y25T64,ISCED11A_35_45,_T,80.9111,,%
oecd-emp-rate-upper-secondary,UK,United Kingdom,2025,Y25T64,ISCED11A_35_45,_T,77.7833,,%
oecd-emp-rate-upper-secondary,AT,Austria,2010,Y25T64,ISCED11A_3_4,F,71.5874,,%
oecd-emp-rate-upper-secondary,AT,Austria,2011,Y25T64,ISCED11A_3_4,F,71.3287,,%
oecd-emp-rate-upper-secondary,AT,Austria,2012,Y25T64,ISCED11A_3_4,F,71.7563,,%
oecd-emp-rate-upper-secondary,AT,Austria,2013,Y25T64,ISCED11A_3_4,F,72.3304,,%
oecd-emp-rate-upper-secondary,AT,Austria,2014,Y25T64,ISCED11A_3_4,F,71.5979,,%
oecd-emp-rate-upper-secondary,AT,Austria,2015,Y25T64,ISCED11A_3_4,F,72.009,,%
oecd-emp-rate-upper-secondary,AT,Austria,2016,Y25T64,ISCED11A_3_4,F,72.0275,,%
oecd-emp-rate-upper-secondary,AT,Austria,2017,Y25T64,ISCED11A_3_4,F,72.5202,,%
oecd-emp-rate-upper-secondary,AT,Austria,2018,Y25T64,ISCED11A_3_4,F,73.3886,,%
oecd-emp-rate-upper-secondary,AT,Austria,2019,Y25T64,ISCED11A_3_4,F,73.9542,,%
oecd-emp-rate-upper-secondary,AT,Austria,2020,Y25T64,ISCED11A_3_4,F,72.3182,,%
oecd-emp-rate-upper-secondary,AT,Austria,2021,Y25T64,ISCED11A_3_4,F,71.739,,%
oecd-emp-rate-upper-secondary,AT,Austria,2022,Y25T64,ISCED11A_3_4,F,74.5806,,%
oecd-emp-rate-upper-secondary,AT,Austria,2023,Y25T64,ISCED11A_3_4,F,74.54,,%
oecd-emp-rate-upper-secondary,AT,Austria,2024,Y25T64,ISCED11A_3_4,F,74.4656,,%
oecd-emp-rate-upper-secondary,AT,Austria,2025,Y25T64,ISCED11A_3_4,F,73.9611,,%
oecd-emp-rate-upper-secondary,BE,Belgium,2010,Y25T64,ISCED11A_3_4,F,66.7463,B,%
oecd-emp-rate-upper-secondary,BE,Belgium,2011,Y25T64,ISCED11A_3_4,F,66.6764,B,%
oecd-emp-rate-upper-secondary,BE,Belgium,2012,Y25T64,ISCED11A_3_4,F,66.5058,B,%
oecd-emp-rate-upper-secondary,BE,Belgium,2013,Y25T64,ISCED11A_3_4,F,67.1484,B,%
oecd-emp-rate-upper-secondary,BE,Belgium,2014,Y25T64,ISCED11A_3_4,F,66.8929,,%
oecd-emp-rate-upper-secondary,BE,Belgium,2015,Y25T64,ISCED11A_3_4,F,66.0344,,%
oecd-emp-rate-upper-secondary,BE,Belgium,2016,Y25T64,ISCED11A_3_4,F,65.5071,,%
oecd-emp-rate-upper-secondary,BE,Belgium,2017,Y25T64,ISCED11A_3_4,F,65.8923,,%
oecd-emp-rate-upper-secondary,BE,Belgium,2018,Y25T64,ISCED11A_3_4,F,67.478,,%
oecd-emp-rate-upper-secondary,BE,Belgium,2019,Y25T64,ISCED11A_3_4,F,68.1586,,%
oecd-emp-rate-upper-secondary,BE,Belgium,2020,Y25T64,ISCED11A_3_4,F,66.3654,,%
oecd-emp-rate-upper-secondary,BE,Belgium,2021,Y25T64,ISCED11A_3_4,F,65.8697,,%
oecd-emp-rate-upper-secondary,BE,Belgium,2022,Y25T64,ISCED11A_3_4,F,67.0349,,%
oecd-emp-rate-upper-secondary,BE,Belgium,2023,Y25T64,ISCED11A_3_4,F,66.7158,,%
oecd-emp-rate-upper-secondary,BE,Belgium,2024,Y25T64,ISCED11A_3_4,F,66.9742,,%
oecd-emp-rate-upper-secondary,BE,Belgium,2025,Y25T64,ISCED11A_3_4,F,66.2928,,%
oecd-emp-rate-upper-secondary,BG,Bulgaria,2015,Y25T64,ISCED11A_3_4,F,68.3928,,%
oecd-emp-rate-upper-secondary,BG,Bulgaria,2016,Y25T64,ISCED11A_3_4,F,68.369,,%
oecd-emp-rate-upper-secondary,BG,Bulgaria,2019,Y25T64,ISCED11A_3_4,F,75.5432,,%
oecd-emp-rate-upper-secondary,BG,Bulgaria,2022,Y25T64,ISCED11A_3_4,F,75.4189,,%
oecd-emp-rate-upper-secondary,BG,Bulgaria,2023,Y25T64,ISCED11A_3_4,F,75.9726,,%
oecd-emp-rate-upper-secondary,BG,Bulgaria,2024,Y25T64,ISCED11A_3_4,F,76.2295,,%
oecd-emp-rate-upper-secondary,BG,Bulgaria,2025,Y25T64,ISCED11A_3_4,F,76.0541,,%
oecd-emp-rate-upper-secondary,CH,Switzerland,2010,Y25T64,ISCED11A_3_4,F,73.9985,B,%
oecd-emp-rate-upper-secondary,CH,Switzerland,2011,Y25T64,ISCED11A_3_4,F,76.0235,B,%
oecd-emp-rate-upper-secondary,CH,Switzerland,2012,Y25T64,ISCED11A_3_4,F,76.1306,B,%
oecd-emp-rate-upper-secondary,CH,Switzerland,2013,Y25T64,ISCED11A_3_4,F,75.5623,B,%
oecd-emp-rate-upper-secondary,CH,Switzerland,2014,Y25T64,ISCED11A_3_4,F,76.4054,,%
oecd-emp-rate-upper-secondary,CH,Switzerland,2015,Y25T64,ISCED11A_3_4,F,77.171,,%
oecd-emp-rate-upper-secondary,CH,Switzerland,2016,Y25T64,ISCED11A_3_4,F,77.4688,,%
oecd-emp-rate-upper-secondary,CH,Switzerland,2017,Y25T64,ISCED11A_3_4,F,77.5406,,%
oecd-emp-rate-upper-secondary,CH,Switzerland,2018,Y25T64,ISCED11A_3_4,F,77.0059,,%
oecd-emp-rate-upper-secondary,CH,Switzerland,2019,Y25T64,ISCED11A_3_4,F,77.8261,,%
oecd-emp-rate-upper-secondary,CH,Switzerland,2020,Y25T64,ISCED11A_3_4,F,77.4399,,%
oecd-emp-rate-upper-secondary,CH,Switzerland,2021,Y25T64,ISCED11A_3_4,F,77.7706,,%
oecd-emp-rate-upper-secondary,CH,Switzerland,2022,Y25T64,ISCED11A_3_4,F,79.5276,,%
oecd-emp-rate-upper-secondary,CH,Switzerland,2023,Y25T64,ISCED11A_3_4,F,80.3627,,%
oecd-emp-rate-upper-secondary,CH,Switzerland,2024,Y25T64,ISCED11A_3_4,F,80.8086,,%
oecd-emp-rate-upper-secondary,CH,Switzerland,2025,Y25T64,ISCED11A_3_4,F,80.1502,,%
oecd-emp-rate-upper-secondary,CZ,Czechia,2010,Y25T64,ISCED11A_3_4,F,64.9737,B,%
oecd-emp-rate-upper-secondary,CZ,Czechia,2011,Y25T64,ISCED11A_3_4,F,66.2278,B,%
oecd-emp-rate-upper-secondary,CZ,Czechia,2012,Y25T64,ISCED11A_3_4,F,66.7668,B,%
oecd-emp-rate-upper-secondary,CZ,Czechia,2013,Y25T64,ISCED11A_3_4,F,67.8885,B,%
oecd-emp-rate-upper-secondary,CZ,Czechia,2014,Y25T64,ISCED11A_3_4,F,68.7331,,%
oecd-emp-rate-upper-secondary,CZ,Czechia,2015,Y25T64,ISCED11A_3_4,F,70.6977,,%
oecd-emp-rate-upper-secondary,CZ,Czechia,2016,Y25T64,ISCED11A_3_4,F,73.1244,,%
oecd-emp-rate-upper-secondary,CZ,Czechia,2017,Y25T64,ISCED11A_3_4,F,74.3766,,%
oecd-emp-rate-upper-secondary,CZ,Czechia,2018,Y25T64,ISCED11A_3_4,F,75.9081,,%
oecd-emp-rate-upper-secondary,CZ,Czechia,2019,Y25T64,ISCED11A_3_4,F,76.6,,%
oecd-emp-rate-upper-secondary,CZ,Czechia,2020,Y25T64,ISCED11A_3_4,F,76.208,,%
oecd-emp-rate-upper-secondary,CZ,Czechia,2021,Y25T64,ISCED11A_3_4,F,75.842,,%
oecd-emp-rate-upper-secondary,CZ,Czechia,2022,Y25T64,ISCED11A_3_4,F,77.4807,,%
oecd-emp-rate-upper-secondary,CZ,Czechia,2023,Y25T64,ISCED11A_3_4,F,78.7099,,%
oecd-emp-rate-upper-secondary,CZ,Czechia,2024,Y25T64,ISCED11A_3_4,F,79.9683,,%
oecd-emp-rate-upper-secondary,CZ,Czechia,2025,Y25T64,ISCED11A_3_4,F,81.7396,,%
oecd-emp-rate-upper-secondary,DE,Germany,2010,Y25T64,ISCED11A_3_4,F,71.8704,B,%
oecd-emp-rate-upper-secondary,DE,Germany,2011,Y25T64,ISCED11A_3_4,F,73.0689,B,%
oecd-emp-rate-upper-secondary,DE,Germany,2012,Y25T64,ISCED11A_3_4,F,73.6158,B,%
oecd-emp-rate-upper-secondary,DE,Germany,2013,Y25T64,ISCED11A_3_4,F,74.654,B,%
oecd-emp-rate-upper-secondary,DE,Germany,2014,Y25T64,ISCED11A_3_4,F,76.0037,,%
oecd-emp-rate-upper-secondary,DE,Germany,2015,Y25T64,ISCED11A_3_4,F,76.5262,,%
oecd-emp-rate-upper-secondary,DE,Germany,2016,Y25T64,ISCED11A_3_4,F,77.6904,,%
oecd-emp-rate-upper-secondary,DE,Germany,2017,Y25T64,ISCED11A_3_4,F,78.3131,,%
oecd-emp-rate-upper-secondary,DE,Germany,2018,Y25T64,ISCED11A_3_4,F,79.0224,,%
oecd-emp-rate-upper-secondary,DE,Germany,2019,Y25T64,ISCED11A_3_4,F,79.6555,,%
oecd-emp-rate-upper-secondary,DE,Germany,2020,Y25T64,ISCED11A_3_4,F,78.3463,,%
oecd-emp-rate-upper-secondary,DE,Germany,2021,Y25T64,ISCED11A_3_4,F,78.8674,,%
oecd-emp-rate-upper-secondary,DE,Germany,2022,Y25T64,ISCED11A_3_4,F,79.8675,,%
oecd-emp-rate-upper-secondary,DE,Germany,2023,Y25T64,ISCED11A_3_4,F,80.5263,,%
oecd-emp-rate-upper-secondary,DE,Germany,2024,Y25T64,ISCED11A_3_4,F,80.9198,,%
oecd-emp-rate-upper-secondary,DE,Germany,2025,Y25T64,ISCED11A_3_4,F,80.9504,,%
oecd-emp-rate-upper-secondary,DK,Denmark,2010,Y25T64,ISCED11A_3_4,F,75.3196,,%
oecd-emp-rate-upper-secondary,DK,Denmark,2011,Y25T64,ISCED11A_3_4,F,74.6126,,%
oecd-emp-rate-upper-secondary,DK,Denmark,2012,Y25T64,ISCED11A_3_4,F,73.9045,,%
oecd-emp-rate-upper-secondary,DK,Denmark,2013,Y25T64,ISCED11A_3_4,F,73.5639,,%
oecd-emp-rate-upper-secondary,DK,Denmark,2014,Y25T64,ISCED11A_3_4,F,75.0679,,%
oecd-emp-rate-upper-secondary,DK,Denmark,2015,Y25T64,ISCED11A_3_4,F,74.804,,%
oecd-emp-rate-upper-secondary,DK,Denmark,2016,Y25T64,ISCED11A_3_4,F,75.37,,%
oecd-emp-rate-upper-secondary,DK,Denmark,2017,Y25T64,ISCED11A_3_4,F,77.1349,,%
oecd-emp-rate-upper-secondary,DK,Denmark,2018,Y25T64,ISCED11A_3_4,F,77.2131,,%
oecd-emp-rate-upper-secondary,DK,Denmark,2019,Y25T64,ISCED11A_3_4,F,77.5411,,%
oecd-emp-rate-upper-secondary,DK,Denmark,2020,Y25T64,ISCED11A_3_4,F,75.434,,%
oecd-emp-rate-upper-secondary,DK,Denmark,2021,Y25T64,ISCED11A_3_4,F,76.778,,%
oecd-emp-rate-upper-secondary,DK,Denmark,2022,Y25T64,ISCED11A_3_4,F,79.0994,,%
oecd-emp-rate-upper-secondary,DK,Denmark,2023,Y25T64,ISCED11A_3_4,F,77.23,,%
oecd-emp-rate-upper-secondary,DK,Denmark,2024,Y25T64,ISCED11A_3_4,F,76.2311,,%
oecd-emp-rate-upper-secondary,DK,Denmark,2025,Y25T64,ISCED11A_3_4,F,76.508,B,%
oecd-emp-rate-upper-secondary,EE,Estonia,2010,Y25T64,ISCED11A_3_4,F,65.1087,,%
oecd-emp-rate-upper-secondary,EE,Estonia,2011,Y25T64,ISCED11A_3_4,F,69.307,,%
oecd-emp-rate-upper-secondary,EE,Estonia,2012,Y25T64,ISCED11A_3_4,F,68.8124,,%
oecd-emp-rate-upper-secondary,EE,Estonia,2013,Y25T64,ISCED11A_3_4,F,68.6919,,%
oecd-emp-rate-upper-secondary,EE,Estonia,2014,Y25T64,ISCED11A_3_4,F,68.3114,,%
oecd-emp-rate-upper-secondary,EE,Estonia,2015,Y25T64,ISCED11A_3_4,F,71.1185,,%
oecd-emp-rate-upper-secondary,EE,Estonia,2016,Y25T64,ISCED11A_3_4,F,70.8068,,%
oecd-emp-rate-upper-secondary,EE,Estonia,2017,Y25T64,ISCED11A_3_4,F,73.549,,%
oecd-emp-rate-upper-secondary,EE,Estonia,2018,Y25T64,ISCED11A_3_4,F,74.0086,,%
oecd-emp-rate-upper-secondary,EE,Estonia,2019,Y25T64,ISCED11A_3_4,F,74.8162,,%
oecd-emp-rate-upper-secondary,EE,Estonia,2020,Y25T64,ISCED11A_3_4,F,74.2119,,%
oecd-emp-rate-upper-secondary,EE,Estonia,2021,Y25T64,ISCED11A_3_4,F,75.5573,,%
oecd-emp-rate-upper-secondary,EE,Estonia,2022,Y25T64,ISCED11A_3_4,F,77.7338,,%
oecd-emp-rate-upper-secondary,EE,Estonia,2023,Y25T64,ISCED11A_3_4,F,77.9314,,%
oecd-emp-rate-upper-secondary,EE,Estonia,2024,Y25T64,ISCED11A_3_4,F,80.0213,,%
oecd-emp-rate-upper-secondary,EE,Estonia,2025,Y25T64,ISCED11A_3_4,F,80.2412,,%
oecd-emp-rate-upper-secondary,EL,Greece,2010,Y25T64,ISCED11A_3_4,F,53.6157,B,%
oecd-emp-rate-upper-secondary,EL,Greece,2011,Y25T64,ISCED11A_3_4,F,49.7294,B,%
oecd-emp-rate-upper-secondary,EL,Greece,2012,Y25T64,ISCED11A_3_4,F,45.8953,B,%
oecd-emp-rate-upper-secondary,EL,Greece,2013,Y25T64,ISCED11A_3_4,F,42.4886,B,%
oecd-emp-rate-upper-secondary,EL,Greece,2014,Y25T64,ISCED11A_3_4,F,42.8985,,%
oecd-emp-rate-upper-secondary,EL,Greece,2015,Y25T64,ISCED11A_3_4,F,44.634,,%
oecd-emp-rate-upper-secondary,EL,Greece,2016,Y25T64,ISCED11A_3_4,F,45.7846,,%
oecd-emp-rate-upper-secondary,EL,Greece,2017,Y25T64,ISCED11A_3_4,F,46.5453,,%
oecd-emp-rate-upper-secondary,EL,Greece,2018,Y25T64,ISCED11A_3_4,F,47.5334,,%
oecd-emp-rate-upper-secondary,EL,Greece,2019,Y25T64,ISCED11A_3_4,F,49.5807,,%
oecd-emp-rate-upper-secondary,EL,Greece,2020,Y25T64,ISCED11A_3_4,F,49.925,,%
oecd-emp-rate-upper-secondary,EL,Greece,2021,Y25T64,ISCED11A_3_4,F,49.8035,,%
oecd-emp-rate-upper-secondary,EL,Greece,2022,Y25T64,ISCED11A_3_4,F,52.1638,,%
oecd-emp-rate-upper-secondary,EL,Greece,2023,Y25T64,ISCED11A_3_4,F,53.7865,,%
oecd-emp-rate-upper-secondary,EL,Greece,2024,Y25T64,ISCED11A_3_4,F,56.1105,,%
oecd-emp-rate-upper-secondary,EL,Greece,2025,Y25T64,ISCED11A_3_4,F,59.6625,,%
oecd-emp-rate-upper-secondary,ES,Spain,2010,Y25T64,ISCED11A_3_4,F,62.4847,,%
oecd-emp-rate-upper-secondary,ES,Spain,2011,Y25T64,ISCED11A_3_4,F,61.3725,,%
oecd-emp-rate-upper-secondary,ES,Spain,2012,Y25T64,ISCED11A_3_4,F,60.8012,,%
oecd-emp-rate-upper-secondary,ES,Spain,2013,Y25T64,ISCED11A_3_4,F,59.1756,,%
oecd-emp-rate-upper-secondary,ES,Spain,2014,Y25T64,ISCED11A_3_4,F,60.1075,,%
oecd-emp-rate-upper-secondary,ES,Spain,2015,Y25T64,ISCED11A_3_4,F,61.2948,,%
oecd-emp-rate-upper-secondary,ES,Spain,2016,Y25T64,ISCED11A_3_4,F,62.5046,,%
oecd-emp-rate-upper-secondary,ES,Spain,2017,Y25T64,ISCED11A_3_4,F,63.3965,,%
oecd-emp-rate-upper-secondary,ES,Spain,2018,Y25T64,ISCED11A_3_4,F,64.3028,,%
oecd-emp-rate-upper-secondary,ES,Spain,2019,Y25T64,ISCED11A_3_4,F,65.1241,,%
oecd-emp-rate-upper-secondary,ES,Spain,2020,Y25T64,ISCED11A_3_4,F,62.3226,,%
oecd-emp-rate-upper-secondary,ES,Spain,2021,Y25T64,ISCED11A_3_4,F,64.1921,,%
oecd-emp-rate-upper-secondary,ES,Spain,2022,Y25T64,ISCED11A_3_4,F,65.3588,,%
oecd-emp-rate-upper-secondary,ES,Spain,2023,Y25T64,ISCED11A_3_4,F,67.1465,,%
oecd-emp-rate-upper-secondary,ES,Spain,2024,Y25T64,ISCED11A_3_4,F,68.2411,,%
oecd-emp-rate-upper-secondary,ES,Spain,2025,Y25T64,ISCED11A_3_4,F,69.2768,,%
oecd-emp-rate-upper-secondary,FI,Finland,2010,Y25T64,ISCED11A_3_4,F,71.6357,,%
oecd-emp-rate-upper-secondary,FI,Finland,2011,Y25T64,ISCED11A_3_4,F,71.616,,%
oecd-emp-rate-upper-secondary,FI,Finland,2012,Y25T64,ISCED11A_3_4,F,71.8069,,%
oecd-emp-rate-upper-secondary,FI,Finland,2013,Y25T64,ISCED11A_3_4,F,70.3529,,%
oecd-emp-rate-upper-secondary,FI,Finland,2014,Y25T64,ISCED11A_3_4,F,70.8963,,%
oecd-emp-rate-upper-secondary,FI,Finland,2015,Y25T64,ISCED11A_3_4,F,70.0226,,%
oecd-emp-rate-upper-secondary,FI,Finland,2016,Y25T64,ISCED11A_3_4,F,69.8905,,%
oecd-emp-rate-upper-secondary,FI,Finland,2017,Y25T64,ISCED11A_3_4,F,70.8955,,%
oecd-emp-rate-upper-secondary,FI,Finland,2018,Y25T64,ISCED11A_3_4,F,72.2117,,%
oecd-emp-rate-upper-secondary,FI,Finland,2019,Y25T64,ISCED11A_3_4,F,73.5675,,%
oecd-emp-rate-upper-secondary,FI,Finland,2020,Y25T64,ISCED11A_3_4,F,71.5667,,%
oecd-emp-rate-upper-secondary,FI,Finland,2021,Y25T64,ISCED11A_3_4,F,74.1135,,%
oecd-emp-rate-upper-secondary,FI,Finland,2022,Y25T64,ISCED11A_3_4,F,76.5324,,%
oecd-emp-rate-upper-secondary,FI,Finland,2023,Y25T64,ISCED11A_3_4,F,76.007,,%
oecd-emp-rate-upper-secondary,FI,Finland,2024,Y25T64,ISCED11A_3_4,F,74.8691,,%
oecd-emp-rate-upper-secondary,FI,Finland,2025,Y25T64,ISCED11A_3_4,F,72.8696,,%
oecd-emp-rate-upper-secondary,FR,France,2010,Y25T64,ISCED11A_3_4,F,69.7711,,%
oecd-emp-rate-upper-secondary,FR,France,2011,Y25T64,ISCED11A_3_4,F,68.9796,,%
oecd-emp-rate-upper-secondary,FR,France,2012,Y25T64,ISCED11A_3_4,F,69.2044,,%
oecd-emp-rate-upper-secondary,FR,France,2013,Y25T64,ISCED11A_3_4,F,69.504,,%
oecd-emp-rate-upper-secondary,FR,France,2014,Y25T64,ISCED11A_3_4,F,68.7956,,%
oecd-emp-rate-upper-secondary,FR,France,2015,Y25T64,ISCED11A_3_4,F,68.5825,,%
oecd-emp-rate-upper-secondary,FR,France,2016,Y25T64,ISCED11A_3_4,F,69.2107,,%
oecd-emp-rate-upper-secondary,FR,France,2017,Y25T64,ISCED11A_3_4,F,68.926,,%
oecd-emp-rate-upper-secondary,FR,France,2018,Y25T64,ISCED11A_3_4,F,69.5965,,%
oecd-emp-rate-upper-secondary,FR,France,2019,Y25T64,ISCED11A_3_4,F,68.9379,,%
oecd-emp-rate-upper-secondary,FR,France,2020,Y25T64,ISCED11A_3_4,F,68.1274,,%
oecd-emp-rate-upper-secondary,FR,France,2021,Y25T64,ISCED11A_3_4,F,70.4149,,%
oecd-emp-rate-upper-secondary,FR,France,2022,Y25T64,ISCED11A_3_4,F,70.2113,,%
oecd-emp-rate-upper-secondary,FR,France,2023,Y25T64,ISCED11A_3_4,F,70.5222,,%
oecd-emp-rate-upper-secondary,FR,France,2024,Y25T64,ISCED11A_3_4,F,70.9404,,%
oecd-emp-rate-upper-secondary,FR,France,2025,Y25T64,ISCED11A_3_4,F,71.5457,,%
oecd-emp-rate-upper-secondary,HR,Croatia,2015,Y25T64,ISCED11A_3_4,F,57.9972,,%
oecd-emp-rate-upper-secondary,HR,Croatia,2016,Y25T64,ISCED11A_3_4,F,58.0128,,%
oecd-emp-rate-upper-secondary,HR,Croatia,2019,Y25T64,ISCED11A_3_4,F,62.7265,,%
oecd-emp-rate-upper-secondary,HR,Croatia,2023,Y25T64,ISCED11A_3_4,F,67.1454,,%
oecd-emp-rate-upper-secondary,HR,Croatia,2024,Y25T64,ISCED11A_3_4,F,70.3761,,%
oecd-emp-rate-upper-secondary,HR,Croatia,2025,Y25T64,ISCED11A_3_4,F,71.9889,,%
oecd-emp-rate-upper-secondary,HU,Hungary,2010,Y25T64,ISCED11A_3_4,F,60.2197,,%
oecd-emp-rate-upper-secondary,HU,Hungary,2011,Y25T64,ISCED11A_3_4,F,60.0303,,%
oecd-emp-rate-upper-secondary,HU,Hungary,2012,Y25T64,ISCED11A_3_4,F,61.9754,,%
oecd-emp-rate-upper-secondary,HU,Hungary,2013,Y25T64,ISCED11A_3_4,F,62.135,,%
oecd-emp-rate-upper-secondary,HU,Hungary,2014,Y25T64,ISCED11A_3_4,F,64.552,,%
oecd-emp-rate-upper-secondary,HU,Hungary,2015,Y25T64,ISCED11A_3_4,F,66.0532,,%
oecd-emp-rate-upper-secondary,HU,Hungary,2016,Y25T64,ISCED11A_3_4,F,68.2357,,%
oecd-emp-rate-upper-secondary,HU,Hungary,2017,Y25T64,ISCED11A_3_4,F,69.2884,,%
oecd-emp-rate-upper-secondary,HU,Hungary,2018,Y25T64,ISCED11A_3_4,F,69.9258,,%
oecd-emp-rate-upper-secondary,HU,Hungary,2019,Y25T64,ISCED11A_3_4,F,71.1447,,%
oecd-emp-rate-upper-secondary,HU,Hungary,2020,Y25T64,ISCED11A_3_4,F,70.1259,,%
oecd-emp-rate-upper-secondary,HU,Hungary,2021,Y25T64,ISCED11A_3_4,F,75.8804,,%
oecd-emp-rate-upper-secondary,HU,Hungary,2022,Y25T64,ISCED11A_3_4,F,77.6884,,%
oecd-emp-rate-upper-secondary,HU,Hungary,2023,Y25T64,ISCED11A_3_4,F,78.5968,,%
oecd-emp-rate-upper-secondary,HU,Hungary,2024,Y25T64,ISCED11A_3_4,F,79.2981,,%
oecd-emp-rate-upper-secondary,HU,Hungary,2025,Y25T64,ISCED11A_3_4,F,78.9204,,%
oecd-emp-rate-upper-secondary,IE,Ireland,2010,Y25T64,ISCED11A_3_4,F,59.7106,B,%
oecd-emp-rate-upper-secondary,IE,Ireland,2011,Y25T64,ISCED11A_3_4,F,58.0475,B,%
oecd-emp-rate-upper-secondary,IE,Ireland,2012,Y25T64,ISCED11A_3_4,F,58.3045,B,%
oecd-emp-rate-upper-secondary,IE,Ireland,2013,Y25T64,ISCED11A_3_4,F,58.1785,B,%
oecd-emp-rate-upper-secondary,IE,Ireland,2014,Y25T64,ISCED11A_3_4,F,59.4539,,%
oecd-emp-rate-upper-secondary,IE,Ireland,2015,Y25T64,ISCED11A_3_4,F,59.8677,,%
oecd-emp-rate-upper-secondary,IE,Ireland,2016,Y25T64,ISCED11A_3_4,F,59.5982,,%
oecd-emp-rate-upper-secondary,IE,Ireland,2017,Y25T64,ISCED11A_3_4,F,62.471,,%
oecd-emp-rate-upper-secondary,IE,Ireland,2018,Y25T64,ISCED11A_3_4,F,64.1354,,%
oecd-emp-rate-upper-secondary,IE,Ireland,2019,Y25T64,ISCED11A_3_4,F,64.7884,,%
oecd-emp-rate-upper-secondary,IE,Ireland,2020,Y25T64,ISCED11A_3_4,F,61.2658,,%
oecd-emp-rate-upper-secondary,IE,Ireland,2021,Y25T64,ISCED11A_3_4,F,63.6323,,%
oecd-emp-rate-upper-secondary,IE,Ireland,2022,Y25T64,ISCED11A_3_4,F,66.0665,,%
oecd-emp-rate-upper-secondary,IE,Ireland,2023,Y25T64,ISCED11A_3_4,F,68.3215,,%
oecd-emp-rate-upper-secondary,IE,Ireland,2024,Y25T64,ISCED11A_3_4,F,68.6717,,%
oecd-emp-rate-upper-secondary,IE,Ireland,2025,Y25T64,ISCED11A_3_4,F,68.5787,,%
oecd-emp-rate-upper-secondary,IS,Iceland,2010,Y25T64,ISCED11A_3_4,F,76.9046,,%
oecd-emp-rate-upper-secondary,IS,Iceland,2011,Y25T64,ISCED11A_3_4,F,77.9985,,%
oecd-emp-rate-upper-secondary,IS,Iceland,2012,Y25T64,ISCED11A_3_4,F,78.2902,,%
oecd-emp-rate-upper-secondary,IS,Iceland,2013,Y25T64,ISCED11A_3_4,F,80.2639,,%
oecd-emp-rate-upper-secondary,IS,Iceland,2014,Y25T64,ISCED11A_3_4,F,79.7826,,%
oecd-emp-rate-upper-secondary,IS,Iceland,2015,Y25T64,ISCED11A_3_4,F,79.7949,,%
oecd-emp-rate-upper-secondary,IS,Iceland,2016,Y25T64,ISCED11A_3_4,F,79.8422,,%
oecd-emp-rate-upper-secondary,IS,Iceland,2017,Y25T64,ISCED11A_3_4,F,82.2249,,%
oecd-emp-rate-upper-secondary,IS,Iceland,2018,Y25T64,ISCED11A_3_4,F,77.7898,,%
oecd-emp-rate-upper-secondary,IS,Iceland,2019,Y25T64,ISCED11A_3_4,F,76.8057,,%
oecd-emp-rate-upper-secondary,IS,Iceland,2020,Y25T64,ISCED11A_3_4,F,74.6944,,%
oecd-emp-rate-upper-secondary,IS,Iceland,2021,Y25T64,ISCED11A_3_4,F,73.5874,,%
oecd-emp-rate-upper-secondary,IS,Iceland,2022,Y25T64,ISCED11A_3_4,F,78.4435,,%
oecd-emp-rate-upper-secondary,IS,Iceland,2023,Y25T64,ISCED11A_3_4,F,78.9944,,%
oecd-emp-rate-upper-secondary,IT,Italy,2010,Y25T64,ISCED11A_3_4,F,63.1181,B,%
oecd-emp-rate-upper-secondary,IT,Italy,2011,Y25T64,ISCED11A_3_4,F,62.6076,B,%
oecd-emp-rate-upper-secondary,IT,Italy,2012,Y25T64,ISCED11A_3_4,F,61.8435,B,%
oecd-emp-rate-upper-secondary,IT,Italy,2013,Y25T64,ISCED11A_3_4,F,60.3552,B,%
oecd-emp-rate-upper-secondary,IT,Italy,2014,Y25T64,ISCED11A_3_4,F,60.5886,,%
oecd-emp-rate-upper-secondary,IT,Italy,2015,Y25T64,ISCED11A_3_4,F,60.3529,,%
oecd-emp-rate-upper-secondary,IT,Italy,2016,Y25T64,ISCED11A_3_4,F,60.6333,,%
oecd-emp-rate-upper-secondary,IT,Italy,2017,Y25T64,ISCED11A_3_4,F,60.8355,,%
oecd-emp-rate-upper-secondary,IT,Italy,2018,Y25T64,ISCED11A_3_4,F,60.8457,,%
oecd-emp-rate-upper-secondary,IT,Italy,2019,Y25T64,ISCED11A_3_4,F,61.358,,%
oecd-emp-rate-upper-secondary,IT,Italy,2020,Y25T64,ISCED11A_3_4,F,59.6311,,%
oecd-emp-rate-upper-secondary,IT,Italy,2021,Y25T64,ISCED11A_3_4,F,60.1251,,%
oecd-emp-rate-upper-secondary,IT,Italy,2022,Y25T64,ISCED11A_3_4,F,61.7709,,%
oecd-emp-rate-upper-secondary,IT,Italy,2023,Y25T64,ISCED11A_3_4,F,62.4332,,%
oecd-emp-rate-upper-secondary,IT,Italy,2024,Y25T64,ISCED11A_3_4,F,63.4722,,%
oecd-emp-rate-upper-secondary,IT,Italy,2025,Y25T64,ISCED11A_3_4,F,63.9747,,%
oecd-emp-rate-upper-secondary,LT,Lithuania,2010,Y25T64,ISCED11A_3_4,F,61.9872,B,%
oecd-emp-rate-upper-secondary,LT,Lithuania,2011,Y25T64,ISCED11A_3_4,F,63.0413,B,%
oecd-emp-rate-upper-secondary,LT,Lithuania,2012,Y25T64,ISCED11A_3_4,F,63.5622,B,%
oecd-emp-rate-upper-secondary,LT,Lithuania,2013,Y25T64,ISCED11A_3_4,F,64.2724,B,%
oecd-emp-rate-upper-secondary,LT,Lithuania,2014,Y25T64,ISCED11A_3_4,F,66.4177,,%
oecd-emp-rate-upper-secondary,LT,Lithuania,2015,Y25T64,ISCED11A_3_4,F,67.6561,,%
oecd-emp-rate-upper-secondary,LT,Lithuania,2016,Y25T64,ISCED11A_3_4,F,68.8578,,%
oecd-emp-rate-upper-secondary,LT,Lithuania,2017,Y25T64,ISCED11A_3_4,F,69.9847,,%
oecd-emp-rate-upper-secondary,LT,Lithuania,2018,Y25T64,ISCED11A_3_4,F,70.9221,,%
oecd-emp-rate-upper-secondary,LT,Lithuania,2019,Y25T64,ISCED11A_3_4,F,70.9956,,%
oecd-emp-rate-upper-secondary,LT,Lithuania,2020,Y25T64,ISCED11A_3_4,F,68.4158,,%
oecd-emp-rate-upper-secondary,LT,Lithuania,2021,Y25T64,ISCED11A_3_4,F,70.2675,,%
oecd-emp-rate-upper-secondary,LT,Lithuania,2022,Y25T64,ISCED11A_3_4,F,71.934,,%
oecd-emp-rate-upper-secondary,LT,Lithuania,2023,Y25T64,ISCED11A_3_4,F,69.795,,%
oecd-emp-rate-upper-secondary,LT,Lithuania,2024,Y25T64,ISCED11A_3_4,F,69.6085,,%
oecd-emp-rate-upper-secondary,LT,Lithuania,2025,Y25T64,ISCED11A_3_4,F,72.2324,,%
oecd-emp-rate-upper-secondary,LU,Luxembourg,2010,Y25T64,ISCED11A_3_4,F,63.2035,B,%
oecd-emp-rate-upper-secondary,LU,Luxembourg,2011,Y25T64,ISCED11A_3_4,F,61.7626,B,%
oecd-emp-rate-upper-secondary,LU,Luxembourg,2012,Y25T64,ISCED11A_3_4,F,64.6145,B,%
oecd-emp-rate-upper-secondary,LU,Luxembourg,2013,Y25T64,ISCED11A_3_4,F,62.7623,B,%
oecd-emp-rate-upper-secondary,LU,Luxembourg,2014,Y25T64,ISCED11A_3_4,F,64.1828,,%
oecd-emp-rate-upper-secondary,LU,Luxembourg,2015,Y25T64,ISCED11A_3_4,F,65.8277,,%
oecd-emp-rate-upper-secondary,LU,Luxembourg,2016,Y25T64,ISCED11A_3_4,F,64.1441,,%
oecd-emp-rate-upper-secondary,LU,Luxembourg,2017,Y25T64,ISCED11A_3_4,F,72.6658,,%
oecd-emp-rate-upper-secondary,LU,Luxembourg,2018,Y25T64,ISCED11A_3_4,F,71.0968,,%
oecd-emp-rate-upper-secondary,LU,Luxembourg,2019,Y25T64,ISCED11A_3_4,F,70.8228,,%
oecd-emp-rate-upper-secondary,LU,Luxembourg,2020,Y25T64,ISCED11A_3_4,F,72.2933,,%
oecd-emp-rate-upper-secondary,LU,Luxembourg,2021,Y25T64,ISCED11A_3_4,F,66.4494,,%
oecd-emp-rate-upper-secondary,LU,Luxembourg,2022,Y25T64,ISCED11A_3_4,F,67.7602,,%
oecd-emp-rate-upper-secondary,LU,Luxembourg,2023,Y25T64,ISCED11A_3_4,F,68.9408,,%
oecd-emp-rate-upper-secondary,LU,Luxembourg,2024,Y25T64,ISCED11A_3_4,F,69.6133,,%
oecd-emp-rate-upper-secondary,LU,Luxembourg,2025,Y25T64,ISCED11A_3_4,F,68.1432,,%
oecd-emp-rate-upper-secondary,LV,Latvia,2010,Y25T64,ISCED11A_3_4,F,64.0999,,%
oecd-emp-rate-upper-secondary,LV,Latvia,2011,Y25T64,ISCED11A_3_4,F,63.5693,,%
oecd-emp-rate-upper-secondary,LV,Latvia,2012,Y25T64,ISCED11A_3_4,F,63.0592,,%
oecd-emp-rate-upper-secondary,LV,Latvia,2013,Y25T64,ISCED11A_3_4,F,65.778,,%
oecd-emp-rate-upper-secondary,LV,Latvia,2014,Y25T64,ISCED11A_3_4,F,66.9685,,%
oecd-emp-rate-upper-secondary,LV,Latvia,2015,Y25T64,ISCED11A_3_4,F,67.6711,,%
oecd-emp-rate-upper-secondary,LV,Latvia,2016,Y25T64,ISCED11A_3_4,F,66.809,,%
oecd-emp-rate-upper-secondary,LV,Latvia,2017,Y25T64,ISCED11A_3_4,F,68.4269,,%
oecd-emp-rate-upper-secondary,LV,Latvia,2018,Y25T64,ISCED11A_3_4,F,69.9669,,%
oecd-emp-rate-upper-secondary,LV,Latvia,2019,Y25T64,ISCED11A_3_4,F,70.7015,,%
oecd-emp-rate-upper-secondary,LV,Latvia,2020,Y25T64,ISCED11A_3_4,F,71.9557,,%
oecd-emp-rate-upper-secondary,LV,Latvia,2021,Y25T64,ISCED11A_3_4,F,68.2975,,%
oecd-emp-rate-upper-secondary,LV,Latvia,2022,Y25T64,ISCED11A_3_4,F,71.339,,%
oecd-emp-rate-upper-secondary,LV,Latvia,2023,Y25T64,ISCED11A_3_4,F,71.3444,,%
oecd-emp-rate-upper-secondary,LV,Latvia,2024,Y25T64,ISCED11A_3_4,F,72.1121,,%
oecd-emp-rate-upper-secondary,LV,Latvia,2025,Y25T64,ISCED11A_3_4,F,72.3446,,%
oecd-emp-rate-upper-secondary,NL,Netherlands,2010,Y25T64,ISCED11A_3_4,F,74.9862,B,%
oecd-emp-rate-upper-secondary,NL,Netherlands,2011,Y25T64,ISCED11A_3_4,F,75.0977,B,%
oecd-emp-rate-upper-secondary,NL,Netherlands,2012,Y25T64,ISCED11A_3_4,F,75.9254,B,%
oecd-emp-rate-upper-secondary,NL,Netherlands,2013,Y25T64,ISCED11A_3_4,F,72.7184,B,%
oecd-emp-rate-upper-secondary,NL,Netherlands,2014,Y25T64,ISCED11A_3_4,F,72.4242,,%
oecd-emp-rate-upper-secondary,NL,Netherlands,2015,Y25T64,ISCED11A_3_4,F,72.7406,,%
oecd-emp-rate-upper-secondary,NL,Netherlands,2016,Y25T64,ISCED11A_3_4,F,74.1022,,%
oecd-emp-rate-upper-secondary,NL,Netherlands,2017,Y25T64,ISCED11A_3_4,F,74.839,,%
oecd-emp-rate-upper-secondary,NL,Netherlands,2018,Y25T64,ISCED11A_3_4,F,75.949,,%
oecd-emp-rate-upper-secondary,NL,Netherlands,2019,Y25T64,ISCED11A_3_4,F,77.1368,,%
oecd-emp-rate-upper-secondary,NL,Netherlands,2020,Y25T64,ISCED11A_3_4,F,77.0928,,%
oecd-emp-rate-upper-secondary,NL,Netherlands,2021,Y25T64,ISCED11A_3_4,F,77.7698,,%
oecd-emp-rate-upper-secondary,NL,Netherlands,2022,Y25T64,ISCED11A_3_4,F,79.3538,,%
oecd-emp-rate-upper-secondary,NL,Netherlands,2023,Y25T64,ISCED11A_3_4,F,79.8586,,%
oecd-emp-rate-upper-secondary,NL,Netherlands,2024,Y25T64,ISCED11A_3_4,F,79.1145,,%
oecd-emp-rate-upper-secondary,NL,Netherlands,2025,Y25T64,ISCED11A_3_4,F,78.7333,,%
oecd-emp-rate-upper-secondary,NO,Norway,2010,Y25T64,ISCED11A_3_4,F,78.1803,,%
oecd-emp-rate-upper-secondary,NO,Norway,2011,Y25T64,ISCED11A_3_4,F,76.9324,,%
oecd-emp-rate-upper-secondary,NO,Norway,2012,Y25T64,ISCED11A_3_4,F,76.0721,,%
oecd-emp-rate-upper-secondary,NO,Norway,2013,Y25T64,ISCED11A_3_4,F,76.8824,,%
oecd-emp-rate-upper-secondary,NO,Norway,2014,Y25T64,ISCED11A_3_4,F,76.6542,,%
oecd-emp-rate-upper-secondary,NO,Norway,2015,Y25T64,ISCED11A_3_4,F,76.0135,,%
oecd-emp-rate-upper-secondary,NO,Norway,2016,Y25T64,ISCED11A_3_4,F,76.5432,,%
oecd-emp-rate-upper-secondary,NO,Norway,2017,Y25T64,ISCED11A_3_4,F,75.7384,,%
oecd-emp-rate-upper-secondary,NO,Norway,2018,Y25T64,ISCED11A_3_4,F,76.0276,,%
oecd-emp-rate-upper-secondary,NO,Norway,2019,Y25T64,ISCED11A_3_4,F,75.2392,,%
oecd-emp-rate-upper-secondary,NO,Norway,2020,Y25T64,ISCED11A_3_4,F,74.0378,,%
oecd-emp-rate-upper-secondary,NO,Norway,2021,Y25T64,ISCED11A_3_4,F,77.0335,,%
oecd-emp-rate-upper-secondary,NO,Norway,2022,Y25T64,ISCED11A_3_4,F,76.8293,,%
oecd-emp-rate-upper-secondary,NO,Norway,2023,Y25T64,ISCED11A_3_4,F,77.0531,,%
oecd-emp-rate-upper-secondary,NO,Norway,2024,Y25T64,ISCED11A_3_4,F,75.8537,,%
oecd-emp-rate-upper-secondary,NO,Norway,2025,Y25T64,ISCED11A_3_4,F,73.2151,,%
oecd-emp-rate-upper-secondary,PL,Poland,2010,Y25T64,ISCED11A_3_4,F,55.9786,B,%
oecd-emp-rate-upper-secondary,PL,Poland,2011,Y25T64,ISCED11A_3_4,F,55.8166,B,%
oecd-emp-rate-upper-secondary,PL,Poland,2012,Y25T64,ISCED11A_3_4,F,55.4278,B,%
oecd-emp-rate-upper-secondary,PL,Poland,2013,Y25T64,ISCED11A_3_4,F,55.0412,B,%
oecd-emp-rate-upper-secondary,PL,Poland,2014,Y25T64,ISCED11A_3_4,F,55.8805,,%
oecd-emp-rate-upper-secondary,PL,Poland,2015,Y25T64,ISCED11A_3_4,F,57.0431,,%
oecd-emp-rate-upper-secondary,PL,Poland,2016,Y25T64,ISCED11A_3_4,F,57.9071,,%
oecd-emp-rate-upper-secondary,PL,Poland,2017,Y25T64,ISCED11A_3_4,F,58.7253,,%
oecd-emp-rate-upper-secondary,PL,Poland,2018,Y25T64,ISCED11A_3_4,F,59.025,,%
oecd-emp-rate-upper-secondary,PL,Poland,2019,Y25T64,ISCED11A_3_4,F,58.4171,,%
oecd-emp-rate-upper-secondary,PL,Poland,2020,Y25T64,ISCED11A_3_4,F,58.8094,,%
oecd-emp-rate-upper-secondary,PL,Poland,2021,Y25T64,ISCED11A_3_4,F,62.1697,,%
oecd-emp-rate-upper-secondary,PL,Poland,2022,Y25T64,ISCED11A_3_4,F,64.0238,,%
oecd-emp-rate-upper-secondary,PL,Poland,2023,Y25T64,ISCED11A_3_4,F,64.3703,,%
oecd-emp-rate-upper-secondary,PL,Poland,2024,Y25T64,ISCED11A_3_4,F,64.1603,,%
oecd-emp-rate-upper-secondary,PL,Poland,2025,Y25T64,ISCED11A_3_4,F,65.332,,%
oecd-emp-rate-upper-secondary,PT,Portugal,2010,Y25T64,ISCED11A_3_4,F,76.3418,,%
oecd-emp-rate-upper-secondary,PT,Portugal,2011,Y25T64,ISCED11A_3_4,F,77.7374,,%
oecd-emp-rate-upper-secondary,PT,Portugal,2012,Y25T64,ISCED11A_3_4,F,74.3614,,%
oecd-emp-rate-upper-secondary,PT,Portugal,2013,Y25T64,ISCED11A_3_4,F,74.1398,,%
oecd-emp-rate-upper-secondary,PT,Portugal,2014,Y25T64,ISCED11A_3_4,F,74.1857,,%
oecd-emp-rate-upper-secondary,PT,Portugal,2015,Y25T64,ISCED11A_3_4,F,76.2736,,%
oecd-emp-rate-upper-secondary,PT,Portugal,2016,Y25T64,ISCED11A_3_4,F,76.8448,,%
oecd-emp-rate-upper-secondary,PT,Portugal,2017,Y25T64,ISCED11A_3_4,F,79.7204,,%
oecd-emp-rate-upper-secondary,PT,Portugal,2018,Y25T64,ISCED11A_3_4,F,81.7259,,%
oecd-emp-rate-upper-secondary,PT,Portugal,2019,Y25T64,ISCED11A_3_4,F,82.3982,,%
oecd-emp-rate-upper-secondary,PT,Portugal,2020,Y25T64,ISCED11A_3_4,F,79.0119,,%
oecd-emp-rate-upper-secondary,PT,Portugal,2021,Y25T64,ISCED11A_3_4,F,79.9751,,%
oecd-emp-rate-upper-secondary,PT,Portugal,2022,Y25T64,ISCED11A_3_4,F,82.0078,,%
oecd-emp-rate-upper-secondary,PT,Portugal,2023,Y25T64,ISCED11A_3_4,F,82.6012,,%
oecd-emp-rate-upper-secondary,PT,Portugal,2024,Y25T64,ISCED11A_3_4,F,82.6615,,%
oecd-emp-rate-upper-secondary,PT,Portugal,2025,Y25T64,ISCED11A_3_4,F,83.0985,,%
oecd-emp-rate-upper-secondary,RO,Romania,2015,Y25T64,ISCED11A_3_4,F,61.5039,B,%
oecd-emp-rate-upper-secondary,RO,Romania,2019,Y25T64,ISCED11A_3_4,F,65.5692,,%
oecd-emp-rate-upper-secondary,RO,Romania,2021,Y25T64,ISCED11A_3_4,F,63.02,,%
oecd-emp-rate-upper-secondary,RO,Romania,2022,Y25T64,ISCED11A_3_4,F,65.2564,,%
oecd-emp-rate-upper-secondary,RO,Romania,2023,Y25T64,ISCED11A_3_4,F,66.2507,,%
oecd-emp-rate-upper-secondary,RO,Romania,2024,Y25T64,ISCED11A_3_4,F,68.0097,,%
oecd-emp-rate-upper-secondary,RO,Romania,2025,Y25T64,ISCED11A_3_4,F,67.5875,,%
oecd-emp-rate-upper-secondary,SE,Sweden,2010,Y25T64,ISCED11A_3_4,F,76.9494,B,%
oecd-emp-rate-upper-secondary,SE,Sweden,2011,Y25T64,ISCED11A_3_4,F,79.7332,B,%
oecd-emp-rate-upper-secondary,SE,Sweden,2012,Y25T64,ISCED11A_3_4,F,78.5817,B,%
oecd-emp-rate-upper-secondary,SE,Sweden,2013,Y25T64,ISCED11A_3_4,F,79.0056,B,%
oecd-emp-rate-upper-secondary,SE,Sweden,2014,Y25T64,ISCED11A_3_4,F,81.4283,,%
oecd-emp-rate-upper-secondary,SE,Sweden,2015,Y25T64,ISCED11A_3_4,F,81.9299,,%
oecd-emp-rate-upper-secondary,SE,Sweden,2016,Y25T64,ISCED11A_3_4,F,82.2592,,%
oecd-emp-rate-upper-secondary,SE,Sweden,2017,Y25T64,ISCED11A_3_4,F,82.8522,,%
oecd-emp-rate-upper-secondary,SE,Sweden,2018,Y25T64,ISCED11A_3_4,F,83.0489,,%
oecd-emp-rate-upper-secondary,SE,Sweden,2019,Y25T64,ISCED11A_3_4,F,81.9715,,%
oecd-emp-rate-upper-secondary,SE,Sweden,2020,Y25T64,ISCED11A_3_4,F,81.3308,,%
oecd-emp-rate-upper-secondary,SE,Sweden,2021,Y25T64,ISCED11A_3_4,F,79.203,,%
oecd-emp-rate-upper-secondary,SE,Sweden,2022,Y25T64,ISCED11A_3_4,F,78.7859,,%
oecd-emp-rate-upper-secondary,SE,Sweden,2023,Y25T64,ISCED11A_3_4,F,79.8427,,%
oecd-emp-rate-upper-secondary,SE,Sweden,2024,Y25T64,ISCED11A_3_4,F,80.5093,,%
oecd-emp-rate-upper-secondary,SE,Sweden,2025,Y25T64,ISCED11A_3_4,F,78.9754,,%
oecd-emp-rate-upper-secondary,SI,Slovenia,2010,Y25T64,ISCED11A_3_4,F,68.9444,B,%
oecd-emp-rate-upper-secondary,SI,Slovenia,2011,Y25T64,ISCED11A_3_4,F,66.0464,B,%
oecd-emp-rate-upper-secondary,SI,Slovenia,2012,Y25T64,ISCED11A_3_4,F,65.7039,B,%
oecd-emp-rate-upper-secondary,SI,Slovenia,2013,Y25T64,ISCED11A_3_4,F,63.7596,B,%
oecd-emp-rate-upper-secondary,SI,Slovenia,2014,Y25T64,ISCED11A_3_4,F,64.0519,,%
oecd-emp-rate-upper-secondary,SI,Slovenia,2015,Y25T64,ISCED11A_3_4,F,63.3564,,%
oecd-emp-rate-upper-secondary,SI,Slovenia,2016,Y25T64,ISCED11A_3_4,F,65.6942,,%
oecd-emp-rate-upper-secondary,SI,Slovenia,2017,Y25T64,ISCED11A_3_4,F,68.2456,,%
oecd-emp-rate-upper-secondary,SI,Slovenia,2018,Y25T64,ISCED11A_3_4,F,71.1006,,%
oecd-emp-rate-upper-secondary,SI,Slovenia,2019,Y25T64,ISCED11A_3_4,F,71.2197,,%
oecd-emp-rate-upper-secondary,SI,Slovenia,2020,Y25T64,ISCED11A_3_4,F,69.3863,,%
oecd-emp-rate-upper-secondary,SI,Slovenia,2021,Y25T64,ISCED11A_3_4,F,68.1616,,%
oecd-emp-rate-upper-secondary,SI,Slovenia,2022,Y25T64,ISCED11A_3_4,F,70.3641,,%
oecd-emp-rate-upper-secondary,SI,Slovenia,2023,Y25T64,ISCED11A_3_4,F,72.4,,%
oecd-emp-rate-upper-secondary,SI,Slovenia,2024,Y25T64,ISCED11A_3_4,F,73.3852,,%
oecd-emp-rate-upper-secondary,SI,Slovenia,2025,Y25T64,ISCED11A_3_4,F,74.5964,,%
oecd-emp-rate-upper-secondary,SK,Slovakia,2010,Y25T64,ISCED11A_3_4,F,62.089,B,%
oecd-emp-rate-upper-secondary,SK,Slovakia,2011,Y25T64,ISCED11A_3_4,F,62.052,B,%
oecd-emp-rate-upper-secondary,SK,Slovakia,2012,Y25T64,ISCED11A_3_4,F,61.4207,B,%
oecd-emp-rate-upper-secondary,SK,Slovakia,2013,Y25T64,ISCED11A_3_4,F,62.1528,B,%
oecd-emp-rate-upper-secondary,SK,Slovakia,2014,Y25T64,ISCED11A_3_4,F,63.3794,,%
oecd-emp-rate-upper-secondary,SK,Slovakia,2015,Y25T64,ISCED11A_3_4,F,64.8549,,%
oecd-emp-rate-upper-secondary,SK,Slovakia,2016,Y25T64,ISCED11A_3_4,F,66.939,,%
oecd-emp-rate-upper-secondary,SK,Slovakia,2017,Y25T64,ISCED11A_3_4,F,68.9505,,%
oecd-emp-rate-upper-secondary,SK,Slovakia,2018,Y25T64,ISCED11A_3_4,F,70.3056,,%
oecd-emp-rate-upper-secondary,SK,Slovakia,2019,Y25T64,ISCED11A_3_4,F,72.2774,,%
oecd-emp-rate-upper-secondary,SK,Slovakia,2020,Y25T64,ISCED11A_3_4,F,70.4533,,%
oecd-emp-rate-upper-secondary,SK,Slovakia,2021,Y25T64,ISCED11A_3_4,F,73.44,,%
oecd-emp-rate-upper-secondary,SK,Slovakia,2022,Y25T64,ISCED11A_3_4,F,75.6653,,%
oecd-emp-rate-upper-secondary,SK,Slovakia,2023,Y25T64,ISCED11A_3_4,F,76.0489,,%
oecd-emp-rate-upper-secondary,SK,Slovakia,2024,Y25T64,ISCED11A_3_4,F,75.901,,%
oecd-emp-rate-upper-secondary,SK,Slovakia,2025,Y25T64,ISCED11A_3_4,F,75.1603,,%
oecd-emp-rate-upper-secondary,TR,Türkiye,2010,Y25T64,ISCED11A_3_4,F,28.6346,B,%
oecd-emp-rate-upper-secondary,TR,Türkiye,2011,Y25T64,ISCED11A_3_4,F,29.936,B,%
oecd-emp-rate-upper-secondary,TR,Türkiye,2012,Y25T64,ISCED11A_3_4,F,30.8438,B,%
oecd-emp-rate-upper-secondary,TR,Türkiye,2013,Y25T64,ISCED11A_3_4,F,31.0004,B,%
oecd-emp-rate-upper-secondary,TR,Türkiye,2014,Y25T64,ISCED11A_3_4,F,31.9925,,%
oecd-emp-rate-upper-secondary,TR,Türkiye,2015,Y25T64,ISCED11A_3_4,F,32.2438,,%
oecd-emp-rate-upper-secondary,TR,Türkiye,2016,Y25T64,ISCED11A_3_4,F,32.8859,,%
oecd-emp-rate-upper-secondary,TR,Türkiye,2017,Y25T64,ISCED11A_3_4,F,33.9776,,%
oecd-emp-rate-upper-secondary,TR,Türkiye,2018,Y25T64,ISCED11A_3_4,F,34.7955,,%
oecd-emp-rate-upper-secondary,TR,Türkiye,2019,Y25T64,ISCED11A_3_4,F,32.7602,,%
oecd-emp-rate-upper-secondary,TR,Türkiye,2021,Y25T64,ISCED11A_3_4,F,32.0349,,%
oecd-emp-rate-upper-secondary,TR,Türkiye,2022,Y25T64,ISCED11A_3_4,F,36.4343,,%
oecd-emp-rate-upper-secondary,TR,Türkiye,2023,Y25T64,ISCED11A_3_4,F,36.9009,,%
oecd-emp-rate-upper-secondary,TR,Türkiye,2024,Y25T64,ISCED11A_3_4,F,37.5209,,%
oecd-emp-rate-upper-secondary,TR,Türkiye,2025,Y25T64,ISCED11A_3_4,F,37.0867,,%
oecd-emp-rate-upper-secondary,UK,United Kingdom,2010,Y25T64,ISCED11A_3_4,F,72.8422,B,%
oecd-emp-rate-upper-secondary,UK,United Kingdom,2011,Y25T64,ISCED11A_3_4,F,72.9188,B,%
oecd-emp-rate-upper-secondary,UK,United Kingdom,2012,Y25T64,ISCED11A_3_4,F,72.9533,B,%
oecd-emp-rate-upper-secondary,UK,United Kingdom,2013,Y25T64,ISCED11A_3_4,F,72.5332,B,%
oecd-emp-rate-upper-secondary,UK,United Kingdom,2014,Y25T64,ISCED11A_3_4,F,74.0751,,%
oecd-emp-rate-upper-secondary,UK,United Kingdom,2015,Y25T64,ISCED11A_3_4,F,74.0463,,%
oecd-emp-rate-upper-secondary,UK,United Kingdom,2016,Y25T64,ISCED11A_3_4,F,74.1027,,%
oecd-emp-rate-upper-secondary,UK,United Kingdom,2017,Y25T64,ISCED11A_3_4,F,75.3043,,%
oecd-emp-rate-upper-secondary,UK,United Kingdom,2018,Y25T64,ISCED11A_3_4,F,75.3327,,%
oecd-emp-rate-upper-secondary,UK,United Kingdom,2019,Y25T64,ISCED11A_3_4,F,75.8191,,%
oecd-emp-rate-upper-secondary,UK,United Kingdom,2020,Y25T64,ISCED11A_3_4,F,75.7247,,%
oecd-emp-rate-upper-secondary,UK,United Kingdom,2021,Y25T64,ISCED11A_3_4,F,75.1568,,%
oecd-emp-rate-upper-secondary,UK,United Kingdom,2022,Y25T64,ISCED11A_3_4,F,74.115,,%
oecd-emp-rate-upper-secondary,UK,United Kingdom,2023,Y25T64,ISCED11A_3_4,F,73.4491,,%
oecd-emp-rate-upper-secondary,UK,United Kingdom,2024,Y25T64,ISCED11A_3_4,F,72.8171,,%
oecd-emp-rate-upper-secondary,UK,United Kingdom,2025,Y25T64,ISCED11A_3_4,F,73.4294,,%
oecd-emp-rate-upper-secondary,AT,Austria,2010,Y25T64,ISCED11A_3_4,M,79.7019,,%
oecd-emp-rate-upper-secondary,AT,Austria,2011,Y25T64,ISCED11A_3_4,M,79.5401,,%
oecd-emp-rate-upper-secondary,AT,Austria,2012,Y25T64,ISCED11A_3_4,M,79.6002,,%
oecd-emp-rate-upper-secondary,AT,Austria,2013,Y25T64,ISCED11A_3_4,M,79.7299,,%
oecd-emp-rate-upper-secondary,AT,Austria,2014,Y25T64,ISCED11A_3_4,M,79.8173,,%
oecd-emp-rate-upper-secondary,AT,Austria,2015,Y25T64,ISCED11A_3_4,M,79.1364,,%
oecd-emp-rate-upper-secondary,AT,Austria,2016,Y25T64,ISCED11A_3_4,M,79.3988,,%
oecd-emp-rate-upper-secondary,AT,Austria,2017,Y25T64,ISCED11A_3_4,M,80.36,,%
oecd-emp-rate-upper-secondary,AT,Austria,2018,Y25T64,ISCED11A_3_4,M,81.5058,,%
oecd-emp-rate-upper-secondary,AT,Austria,2019,Y25T64,ISCED11A_3_4,M,81.8183,,%
oecd-emp-rate-upper-secondary,AT,Austria,2020,Y25T64,ISCED11A_3_4,M,80.0709,,%
oecd-emp-rate-upper-secondary,AT,Austria,2021,Y25T64,ISCED11A_3_4,M,79.6256,,%
oecd-emp-rate-upper-secondary,AT,Austria,2022,Y25T64,ISCED11A_3_4,M,81.0203,,%
oecd-emp-rate-upper-secondary,AT,Austria,2023,Y25T64,ISCED11A_3_4,M,80.6589,,%
oecd-emp-rate-upper-secondary,AT,Austria,2024,Y25T64,ISCED11A_3_4,M,81.0839,,%
oecd-emp-rate-upper-secondary,AT,Austria,2025,Y25T64,ISCED11A_3_4,M,80.8832,,%
oecd-emp-rate-upper-secondary,BE,Belgium,2010,Y25T64,ISCED11A_3_4,M,81.572,B,%
oecd-emp-rate-upper-secondary,BE,Belgium,2011,Y25T64,ISCED11A_3_4,M,80.6775,B,%
oecd-emp-rate-upper-secondary,BE,Belgium,2012,Y25T64,ISCED11A_3_4,M,79.8147,B,%
oecd-emp-rate-upper-secondary,BE,Belgium,2013,Y25T64,ISCED11A_3_4,M,79.4363,B,%
oecd-emp-rate-upper-secondary,BE,Belgium,2014,Y25T64,ISCED11A_3_4,M,78.0959,,%
oecd-emp-rate-upper-secondary,BE,Belgium,2015,Y25T64,ISCED11A_3_4,M,77.6393,,%
oecd-emp-rate-upper-secondary,BE,Belgium,2016,Y25T64,ISCED11A_3_4,M,79.4868,,%
oecd-emp-rate-upper-secondary,BE,Belgium,2017,Y25T64,ISCED11A_3_4,M,79.756,,%
oecd-emp-rate-upper-secondary,BE,Belgium,2018,Y25T64,ISCED11A_3_4,M,79.8418,,%
oecd-emp-rate-upper-secondary,BE,Belgium,2019,Y25T64,ISCED11A_3_4,M,80.193,,%
oecd-emp-rate-upper-secondary,BE,Belgium,2020,Y25T64,ISCED11A_3_4,M,79.4135,,%
oecd-emp-rate-upper-secondary,BE,Belgium,2021,Y25T64,ISCED11A_3_4,M,78.4767,,%
oecd-emp-rate-upper-secondary,BE,Belgium,2022,Y25T64,ISCED11A_3_4,M,79.2968,,%
oecd-emp-rate-upper-secondary,BE,Belgium,2023,Y25T64,ISCED11A_3_4,M,79.0833,,%
oecd-emp-rate-upper-secondary,BE,Belgium,2024,Y25T64,ISCED11A_3_4,M,79.4022,,%
oecd-emp-rate-upper-secondary,BE,Belgium,2025,Y25T64,ISCED11A_3_4,M,78.6577,,%
oecd-emp-rate-upper-secondary,BG,Bulgaria,2015,Y25T64,ISCED11A_3_4,M,76.7823,,%
oecd-emp-rate-upper-secondary,BG,Bulgaria,2016,Y25T64,ISCED11A_3_4,M,77.6072,,%
oecd-emp-rate-upper-secondary,BG,Bulgaria,2019,Y25T64,ISCED11A_3_4,M,84.4445,,%
oecd-emp-rate-upper-secondary,BG,Bulgaria,2022,Y25T64,ISCED11A_3_4,M,84.812,,%
oecd-emp-rate-upper-secondary,BG,Bulgaria,2023,Y25T64,ISCED11A_3_4,M,84.442,,%
oecd-emp-rate-upper-secondary,BG,Bulgaria,2024,Y25T64,ISCED11A_3_4,M,84.5973,,%
oecd-emp-rate-upper-secondary,BG,Bulgaria,2025,Y25T64,ISCED11A_3_4,M,85.01,,%
oecd-emp-rate-upper-secondary,CH,Switzerland,2010,Y25T64,ISCED11A_3_4,M,86.2587,B,%
oecd-emp-rate-upper-secondary,CH,Switzerland,2011,Y25T64,ISCED11A_3_4,M,87.6438,B,%
oecd-emp-rate-upper-secondary,CH,Switzerland,2012,Y25T64,ISCED11A_3_4,M,87.0694,B,%
oecd-emp-rate-upper-secondary,CH,Switzerland,2013,Y25T64,ISCED11A_3_4,M,86.4683,B,%
oecd-emp-rate-upper-secondary,CH,Switzerland,2014,Y25T64,ISCED11A_3_4,M,86.4344,,%
oecd-emp-rate-upper-secondary,CH,Switzerland,2015,Y25T64,ISCED11A_3_4,M,87.2294,,%
oecd-emp-rate-upper-secondary,CH,Switzerland,2016,Y25T64,ISCED11A_3_4,M,86.8122,,%
oecd-emp-rate-upper-secondary,CH,Switzerland,2017,Y25T64,ISCED11A_3_4,M,86.7072,,%
oecd-emp-rate-upper-secondary,CH,Switzerland,2018,Y25T64,ISCED11A_3_4,M,86.9313,,%
oecd-emp-rate-upper-secondary,CH,Switzerland,2019,Y25T64,ISCED11A_3_4,M,86.8818,,%
oecd-emp-rate-upper-secondary,CH,Switzerland,2020,Y25T64,ISCED11A_3_4,M,85.3175,,%
oecd-emp-rate-upper-secondary,CH,Switzerland,2021,Y25T64,ISCED11A_3_4,M,85.5345,,%
oecd-emp-rate-upper-secondary,CH,Switzerland,2022,Y25T64,ISCED11A_3_4,M,86.8536,,%
oecd-emp-rate-upper-secondary,CH,Switzerland,2023,Y25T64,ISCED11A_3_4,M,87.3696,,%
oecd-emp-rate-upper-secondary,CH,Switzerland,2024,Y25T64,ISCED11A_3_4,M,86.8415,,%
oecd-emp-rate-upper-secondary,CH,Switzerland,2025,Y25T64,ISCED11A_3_4,M,86.1378,,%
oecd-emp-rate-upper-secondary,CZ,Czechia,2010,Y25T64,ISCED11A_3_4,M,83.2799,B,%
oecd-emp-rate-upper-secondary,CZ,Czechia,2011,Y25T64,ISCED11A_3_4,M,83.6032,B,%
oecd-emp-rate-upper-secondary,CZ,Czechia,2012,Y25T64,ISCED11A_3_4,M,84.2589,B,%
oecd-emp-rate-upper-secondary,CZ,Czechia,2013,Y25T64,ISCED11A_3_4,M,84.545,B,%
oecd-emp-rate-upper-secondary,CZ,Czechia,2014,Y25T64,ISCED11A_3_4,M,85.551,,%
oecd-emp-rate-upper-secondary,CZ,Czechia,2015,Y25T64,ISCED11A_3_4,M,86.3133,,%
oecd-emp-rate-upper-secondary,CZ,Czechia,2016,Y25T64,ISCED11A_3_4,M,87.5848,,%
oecd-emp-rate-upper-secondary,CZ,Czechia,2017,Y25T64,ISCED11A_3_4,M,89.2185,,%
oecd-emp-rate-upper-secondary,CZ,Czechia,2018,Y25T64,ISCED11A_3_4,M,90.2539,,%
oecd-emp-rate-upper-secondary,CZ,Czechia,2019,Y25T64,ISCED11A_3_4,M,90.5494,,%
oecd-emp-rate-upper-secondary,CZ,Czechia,2020,Y25T64,ISCED11A_3_4,M,89.9648,,%
oecd-emp-rate-upper-secondary,CZ,Czechia,2021,Y25T64,ISCED11A_3_4,M,89.9605,,%
oecd-emp-rate-upper-secondary,CZ,Czechia,2022,Y25T64,ISCED11A_3_4,M,91.3691,,%
oecd-emp-rate-upper-secondary,CZ,Czechia,2023,Y25T64,ISCED11A_3_4,M,91.2639,,%
oecd-emp-rate-upper-secondary,CZ,Czechia,2024,Y25T64,ISCED11A_3_4,M,91.5859,,%
oecd-emp-rate-upper-secondary,CZ,Czechia,2025,Y25T64,ISCED11A_3_4,M,91.6831,,%
oecd-emp-rate-upper-secondary,DE,Germany,2010,Y25T64,ISCED11A_3_4,M,80.8473,B,%
oecd-emp-rate-upper-secondary,DE,Germany,2011,Y25T64,ISCED11A_3_4,M,82.1319,B,%
oecd-emp-rate-upper-secondary,DE,Germany,2012,Y25T64,ISCED11A_3_4,M,82.7362,B,%
oecd-emp-rate-upper-secondary,DE,Germany,2013,Y25T64,ISCED11A_3_4,M,82.9713,B,%
oecd-emp-rate-upper-secondary,DE,Germany,2014,Y25T64,ISCED11A_3_4,M,83.5069,,%
oecd-emp-rate-upper-secondary,DE,Germany,2015,Y25T64,ISCED11A_3_4,M,83.4652,,%
oecd-emp-rate-upper-secondary,DE,Germany,2016,Y25T64,ISCED11A_3_4,M,84.3722,,%
oecd-emp-rate-upper-secondary,DE,Germany,2017,Y25T64,ISCED11A_3_4,M,85.0167,,%
oecd-emp-rate-upper-secondary,DE,Germany,2018,Y25T64,ISCED11A_3_4,M,85.6706,,%
oecd-emp-rate-upper-secondary,DE,Germany,2019,Y25T64,ISCED11A_3_4,M,86.0574,,%
oecd-emp-rate-upper-secondary,DE,Germany,2020,Y25T64,ISCED11A_3_4,M,84.4307,,%
oecd-emp-rate-upper-secondary,DE,Germany,2021,Y25T64,ISCED11A_3_4,M,84.5424,,%
oecd-emp-rate-upper-secondary,DE,Germany,2022,Y25T64,ISCED11A_3_4,M,85.7003,,%
oecd-emp-rate-upper-secondary,DE,Germany,2023,Y25T64,ISCED11A_3_4,M,86.3769,,%
oecd-emp-rate-upper-secondary,DE,Germany,2024,Y25T64,ISCED11A_3_4,M,86.3344,,%
oecd-emp-rate-upper-secondary,DE,Germany,2025,Y25T64,ISCED11A_3_4,M,85.8168,,%
oecd-emp-rate-upper-secondary,DK,Denmark,2010,Y25T64,ISCED11A_3_4,M,79.8843,,%
oecd-emp-rate-upper-secondary,DK,Denmark,2011,Y25T64,ISCED11A_3_4,M,80.7091,,%
oecd-emp-rate-upper-secondary,DK,Denmark,2012,Y25T64,ISCED11A_3_4,M,80.4424,,%
oecd-emp-rate-upper-secondary,DK,Denmark,2013,Y25T64,ISCED11A_3_4,M,81.409,,%
oecd-emp-rate-upper-secondary,DK,Denmark,2014,Y25T64,ISCED11A_3_4,M,83.0069,,%
oecd-emp-rate-upper-secondary,DK,Denmark,2015,Y25T64,ISCED11A_3_4,M,83.4301,,%
oecd-emp-rate-upper-secondary,DK,Denmark,2016,Y25T64,ISCED11A_3_4,M,83.7425,,%
oecd-emp-rate-upper-secondary,DK,Denmark,2017,Y25T64,ISCED11A_3_4,M,83.8046,,%
oecd-emp-rate-upper-secondary,DK,Denmark,2018,Y25T64,ISCED11A_3_4,M,85.2051,,%
oecd-emp-rate-upper-secondary,DK,Denmark,2019,Y25T64,ISCED11A_3_4,M,85.7861,,%
oecd-emp-rate-upper-secondary,DK,Denmark,2020,Y25T64,ISCED11A_3_4,M,85.247,,%
oecd-emp-rate-upper-secondary,DK,Denmark,2021,Y25T64,ISCED11A_3_4,M,85.9567,,%
oecd-emp-rate-upper-secondary,DK,Denmark,2022,Y25T64,ISCED11A_3_4,M,86.4112,,%
oecd-emp-rate-upper-secondary,DK,Denmark,2023,Y25T64,ISCED11A_3_4,M,85.9334,,%
oecd-emp-rate-upper-secondary,DK,Denmark,2024,Y25T64,ISCED11A_3_4,M,86.3663,,%
oecd-emp-rate-upper-secondary,DK,Denmark,2025,Y25T64,ISCED11A_3_4,M,85.8861,B,%
oecd-emp-rate-upper-secondary,EE,Estonia,2010,Y25T64,ISCED11A_3_4,M,71.9181,,%
oecd-emp-rate-upper-secondary,EE,Estonia,2011,Y25T64,ISCED11A_3_4,M,77.9954,,%
oecd-emp-rate-upper-secondary,EE,Estonia,2012,Y25T64,ISCED11A_3_4,M,79.0128,,%
oecd-emp-rate-upper-secondary,EE,Estonia,2013,Y25T64,ISCED11A_3_4,M,79.3795,,%
oecd-emp-rate-upper-secondary,EE,Estonia,2014,Y25T64,ISCED11A_3_4,M,81.221,,%
oecd-emp-rate-upper-secondary,EE,Estonia,2015,Y25T64,ISCED11A_3_4,M,82.8225,,%
oecd-emp-rate-upper-secondary,EE,Estonia,2016,Y25T64,ISCED11A_3_4,M,81.7794,,%
oecd-emp-rate-upper-secondary,EE,Estonia,2017,Y25T64,ISCED11A_3_4,M,82.9385,,%
oecd-emp-rate-upper-secondary,EE,Estonia,2018,Y25T64,ISCED11A_3_4,M,84.4305,,%
oecd-emp-rate-upper-secondary,EE,Estonia,2019,Y25T64,ISCED11A_3_4,M,84.9021,,%
oecd-emp-rate-upper-secondary,EE,Estonia,2020,Y25T64,ISCED11A_3_4,M,83.2272,,%
oecd-emp-rate-upper-secondary,EE,Estonia,2021,Y25T64,ISCED11A_3_4,M,82.0434,,%
oecd-emp-rate-upper-secondary,EE,Estonia,2022,Y25T64,ISCED11A_3_4,M,85.2219,,%
oecd-emp-rate-upper-secondary,EE,Estonia,2023,Y25T64,ISCED11A_3_4,M,83.876,,%
oecd-emp-rate-upper-secondary,EE,Estonia,2024,Y25T64,ISCED11A_3_4,M,83.3666,,%
oecd-emp-rate-upper-secondary,EE,Estonia,2025,Y25T64,ISCED11A_3_4,M,84.6317,,%
oecd-emp-rate-upper-secondary,EL,Greece,2010,Y25T64,ISCED11A_3_4,M,80.8381,B,%
oecd-emp-rate-upper-secondary,EL,Greece,2011,Y25T64,ISCED11A_3_4,M,75.8046,B,%
oecd-emp-rate-upper-secondary,EL,Greece,2012,Y25T64,ISCED11A_3_4,M,69.6288,B,%
oecd-emp-rate-upper-secondary,EL,Greece,2013,Y25T64,ISCED11A_3_4,M,66.8131,B,%
oecd-emp-rate-upper-secondary,EL,Greece,2014,Y25T64,ISCED11A_3_4,M,67.0582,,%
oecd-emp-rate-upper-secondary,EL,Greece,2015,Y25T64,ISCED11A_3_4,M,68.9088,,%
oecd-emp-rate-upper-secondary,EL,Greece,2016,Y25T64,ISCED11A_3_4,M,70.6684,,%
oecd-emp-rate-upper-secondary,EL,Greece,2017,Y25T64,ISCED11A_3_4,M,72.0675,,%
oecd-emp-rate-upper-secondary,EL,Greece,2018,Y25T64,ISCED11A_3_4,M,74.2218,,%
oecd-emp-rate-upper-secondary,EL,Greece,2019,Y25T64,ISCED11A_3_4,M,75.2499,,%
oecd-emp-rate-upper-secondary,EL,Greece,2020,Y25T64,ISCED11A_3_4,M,74.4044,,%
oecd-emp-rate-upper-secondary,EL,Greece,2021,Y25T64,ISCED11A_3_4,M,76.1904,,%
oecd-emp-rate-upper-secondary,EL,Greece,2022,Y25T64,ISCED11A_3_4,M,80.7395,,%
oecd-emp-rate-upper-secondary,EL,Greece,2023,Y25T64,ISCED11A_3_4,M,80.8415,,%
oecd-emp-rate-upper-secondary,EL,Greece,2024,Y25T64,ISCED11A_3_4,M,82.5424,,%
oecd-emp-rate-upper-secondary,EL,Greece,2025,Y25T64,ISCED11A_3_4,M,82.913,,%
oecd-emp-rate-upper-secondary,ES,Spain,2010,Y25T64,ISCED11A_3_4,M,75.8867,,%
oecd-emp-rate-upper-secondary,ES,Spain,2011,Y25T64,ISCED11A_3_4,M,74.3742,,%
oecd-emp-rate-upper-secondary,ES,Spain,2012,Y25T64,ISCED11A_3_4,M,71.8892,,%
oecd-emp-rate-upper-secondary,ES,Spain,2013,Y25T64,ISCED11A_3_4,M,69.932,,%
oecd-emp-rate-upper-secondary,ES,Spain,2014,Y25T64,ISCED11A_3_4,M,71.6242,,%
oecd-emp-rate-upper-secondary,ES,Spain,2015,Y25T64,ISCED11A_3_4,M,73.9315,,%
oecd-emp-rate-upper-secondary,ES,Spain,2016,Y25T64,ISCED11A_3_4,M,75.9236,,%
oecd-emp-rate-upper-secondary,ES,Spain,2017,Y25T64,ISCED11A_3_4,M,77.0151,,%
oecd-emp-rate-upper-secondary,ES,Spain,2018,Y25T64,ISCED11A_3_4,M,77.7665,,%
oecd-emp-rate-upper-secondary,ES,Spain,2019,Y25T64,ISCED11A_3_4,M,78.9231,,%
oecd-emp-rate-upper-secondary,ES,Spain,2020,Y25T64,ISCED11A_3_4,M,75.5888,,%
oecd-emp-rate-upper-secondary,ES,Spain,2021,Y25T64,ISCED11A_3_4,M,77.0962,,%
oecd-emp-rate-upper-secondary,ES,Spain,2022,Y25T64,ISCED11A_3_4,M,78.9871,,%
oecd-emp-rate-upper-secondary,ES,Spain,2023,Y25T64,ISCED11A_3_4,M,79.4111,,%
oecd-emp-rate-upper-secondary,ES,Spain,2024,Y25T64,ISCED11A_3_4,M,79.9108,,%
oecd-emp-rate-upper-secondary,ES,Spain,2025,Y25T64,ISCED11A_3_4,M,80.166,,%
oecd-emp-rate-upper-secondary,FI,Finland,2010,Y25T64,ISCED11A_3_4,M,76.1406,,%
oecd-emp-rate-upper-secondary,FI,Finland,2011,Y25T64,ISCED11A_3_4,M,77.3201,,%
oecd-emp-rate-upper-secondary,FI,Finland,2012,Y25T64,ISCED11A_3_4,M,76.937,,%
oecd-emp-rate-upper-secondary,FI,Finland,2013,Y25T64,ISCED11A_3_4,M,76.3026,,%
oecd-emp-rate-upper-secondary,FI,Finland,2014,Y25T64,ISCED11A_3_4,M,75.0423,,%
oecd-emp-rate-upper-secondary,FI,Finland,2015,Y25T64,ISCED11A_3_4,M,75.1258,,%
oecd-emp-rate-upper-secondary,FI,Finland,2016,Y25T64,ISCED11A_3_4,M,75.837,,%
oecd-emp-rate-upper-secondary,FI,Finland,2017,Y25T64,ISCED11A_3_4,M,76.5832,,%
oecd-emp-rate-upper-secondary,FI,Finland,2018,Y25T64,ISCED11A_3_4,M,78.3626,,%
oecd-emp-rate-upper-secondary,FI,Finland,2019,Y25T64,ISCED11A_3_4,M,78.9174,,%
oecd-emp-rate-upper-secondary,FI,Finland,2020,Y25T64,ISCED11A_3_4,M,78.0172,,%
oecd-emp-rate-upper-secondary,FI,Finland,2021,Y25T64,ISCED11A_3_4,M,78.8904,,%
oecd-emp-rate-upper-secondary,FI,Finland,2022,Y25T64,ISCED11A_3_4,M,80.0275,,%
oecd-emp-rate-upper-secondary,FI,Finland,2023,Y25T64,ISCED11A_3_4,M,79.5082,,%
oecd-emp-rate-upper-secondary,FI,Finland,2024,Y25T64,ISCED11A_3_4,M,78.3491,,%
oecd-emp-rate-upper-secondary,FI,Finland,2025,Y25T64,ISCED11A_3_4,M,78.1671,,%
oecd-emp-rate-upper-secondary,FR,France,2010,Y25T64,ISCED11A_3_4,M,78.5985,,%
oecd-emp-rate-upper-secondary,FR,France,2011,Y25T64,ISCED11A_3_4,M,78.0783,,%
oecd-emp-rate-upper-secondary,FR,France,2012,Y25T64,ISCED11A_3_4,M,77.5196,,%
oecd-emp-rate-upper-secondary,FR,France,2013,Y25T64,ISCED11A_3_4,M,76.8166,,%
oecd-emp-rate-upper-secondary,FR,France,2014,Y25T64,ISCED11A_3_4,M,76.3046,,%
oecd-emp-rate-upper-secondary,FR,France,2015,Y25T64,ISCED11A_3_4,M,76.2082,,%
oecd-emp-rate-upper-secondary,FR,France,2016,Y25T64,ISCED11A_3_4,M,76.2921,,%
oecd-emp-rate-upper-secondary,FR,France,2017,Y25T64,ISCED11A_3_4,M,76.7687,,%
oecd-emp-rate-upper-secondary,FR,France,2018,Y25T64,ISCED11A_3_4,M,77.0522,,%
oecd-emp-rate-upper-secondary,FR,France,2019,Y25T64,ISCED11A_3_4,M,77.1719,,%
oecd-emp-rate-upper-secondary,FR,France,2020,Y25T64,ISCED11A_3_4,M,76.5166,,%
oecd-emp-rate-upper-secondary,FR,France,2021,Y25T64,ISCED11A_3_4,M,77.8295,,%
oecd-emp-rate-upper-secondary,FR,France,2022,Y25T64,ISCED11A_3_4,M,77.888,,%
oecd-emp-rate-upper-secondary,FR,France,2023,Y25T64,ISCED11A_3_4,M,77.6265,,%
oecd-emp-rate-upper-secondary,FR,France,2024,Y25T64,ISCED11A_3_4,M,78.3228,,%
oecd-emp-rate-upper-secondary,FR,France,2025,Y25T64,ISCED11A_3_4,M,78.0959,,%
oecd-emp-rate-upper-secondary,HR,Croatia,2015,Y25T64,ISCED11A_3_4,M,68.3827,,%
oecd-emp-rate-upper-secondary,HR,Croatia,2016,Y25T64,ISCED11A_3_4,M,68.6567,,%
oecd-emp-rate-upper-secondary,HR,Croatia,2019,Y25T64,ISCED11A_3_4,M,74.4781,,%
oecd-emp-rate-upper-secondary,HR,Croatia,2023,Y25T64,ISCED11A_3_4,M,77.4584,,%
oecd-emp-rate-upper-secondary,HR,Croatia,2024,Y25T64,ISCED11A_3_4,M,79.6,,%
oecd-emp-rate-upper-secondary,HR,Croatia,2025,Y25T64,ISCED11A_3_4,M,79.7457,,%
oecd-emp-rate-upper-secondary,HU,Hungary,2010,Y25T64,ISCED11A_3_4,M,71.5119,,%
oecd-emp-rate-upper-secondary,HU,Hungary,2011,Y25T64,ISCED11A_3_4,M,71.8419,,%
oecd-emp-rate-upper-secondary,HU,Hungary,2012,Y25T64,ISCED11A_3_4,M,73.0849,,%
oecd-emp-rate-upper-secondary,HU,Hungary,2013,Y25T64,ISCED11A_3_4,M,74.993,,%
oecd-emp-rate-upper-secondary,HU,Hungary,2014,Y25T64,ISCED11A_3_4,M,78.1607,,%
oecd-emp-rate-upper-secondary,HU,Hungary,2015,Y25T64,ISCED11A_3_4,M,80.544,,%
oecd-emp-rate-upper-secondary,HU,Hungary,2016,Y25T64,ISCED11A_3_4,M,82.9165,,%
oecd-emp-rate-upper-secondary,HU,Hungary,2017,Y25T64,ISCED11A_3_4,M,84.8486,,%
oecd-emp-rate-upper-secondary,HU,Hungary,2018,Y25T64,ISCED11A_3_4,M,85.6494,,%
oecd-emp-rate-upper-secondary,HU,Hungary,2019,Y25T64,ISCED11A_3_4,M,87.3351,,%
oecd-emp-rate-upper-secondary,HU,Hungary,2020,Y25T64,ISCED11A_3_4,M,86.9913,,%
oecd-emp-rate-upper-secondary,HU,Hungary,2021,Y25T64,ISCED11A_3_4,M,88.0304,,%
oecd-emp-rate-upper-secondary,HU,Hungary,2022,Y25T64,ISCED11A_3_4,M,89.2829,,%
oecd-emp-rate-upper-secondary,HU,Hungary,2023,Y25T64,ISCED11A_3_4,M,89.3605,,%
oecd-emp-rate-upper-secondary,HU,Hungary,2024,Y25T64,ISCED11A_3_4,M,88.9972,,%
oecd-emp-rate-upper-secondary,HU,Hungary,2025,Y25T64,ISCED11A_3_4,M,89.5077,,%
oecd-emp-rate-upper-secondary,IE,Ireland,2010,Y25T64,ISCED11A_3_4,M,73.2163,B,%
oecd-emp-rate-upper-secondary,IE,Ireland,2011,Y25T64,ISCED11A_3_4,M,71.6816,B,%
oecd-emp-rate-upper-secondary,IE,Ireland,2012,Y25T64,ISCED11A_3_4,M,72.3166,B,%
oecd-emp-rate-upper-secondary,IE,Ireland,2013,Y25T64,ISCED11A_3_4,M,73.6254,B,%
oecd-emp-rate-upper-secondary,IE,Ireland,2014,Y25T64,ISCED11A_3_4,M,76.4445,,%
oecd-emp-rate-upper-secondary,IE,Ireland,2015,Y25T64,ISCED11A_3_4,M,77.807,,%
oecd-emp-rate-upper-secondary,IE,Ireland,2016,Y25T64,ISCED11A_3_4,M,78.3791,,%
oecd-emp-rate-upper-secondary,IE,Ireland,2017,Y25T64,ISCED11A_3_4,M,81.6027,,%
oecd-emp-rate-upper-secondary,IE,Ireland,2018,Y25T64,ISCED11A_3_4,M,83.0461,,%
oecd-emp-rate-upper-secondary,IE,Ireland,2019,Y25T64,ISCED11A_3_4,M,84.2636,,%
oecd-emp-rate-upper-secondary,IE,Ireland,2020,Y25T64,ISCED11A_3_4,M,81.9773,,%
oecd-emp-rate-upper-secondary,IE,Ireland,2021,Y25T64,ISCED11A_3_4,M,80.5901,,%
oecd-emp-rate-upper-secondary,IE,Ireland,2022,Y25T64,ISCED11A_3_4,M,84.797,,%
oecd-emp-rate-upper-secondary,IE,Ireland,2023,Y25T64,ISCED11A_3_4,M,85.5677,,%
oecd-emp-rate-upper-secondary,IE,Ireland,2024,Y25T64,ISCED11A_3_4,M,85.8745,,%
oecd-emp-rate-upper-secondary,IE,Ireland,2025,Y25T64,ISCED11A_3_4,M,85.5768,,%
oecd-emp-rate-upper-secondary,IS,Iceland,2010,Y25T64,ISCED11A_3_4,M,84.7071,,%
oecd-emp-rate-upper-secondary,IS,Iceland,2011,Y25T64,ISCED11A_3_4,M,85.297,,%
oecd-emp-rate-upper-secondary,IS,Iceland,2012,Y25T64,ISCED11A_3_4,M,87.4085,,%
oecd-emp-rate-upper-secondary,IS,Iceland,2013,Y25T64,ISCED11A_3_4,M,87.9169,,%
oecd-emp-rate-upper-secondary,IS,Iceland,2014,Y25T64,ISCED11A_3_4,M,88.4016,,%
oecd-emp-rate-upper-secondary,IS,Iceland,2015,Y25T64,ISCED11A_3_4,M,90.7588,,%
oecd-emp-rate-upper-secondary,IS,Iceland,2016,Y25T64,ISCED11A_3_4,M,90.9461,,%
oecd-emp-rate-upper-secondary,IS,Iceland,2017,Y25T64,ISCED11A_3_4,M,91.2759,,%
oecd-emp-rate-upper-secondary,IS,Iceland,2018,Y25T64,ISCED11A_3_4,M,89.884,,%
oecd-emp-rate-upper-secondary,IS,Iceland,2019,Y25T64,ISCED11A_3_4,M,89.6386,,%
oecd-emp-rate-upper-secondary,IS,Iceland,2020,Y25T64,ISCED11A_3_4,M,86.1731,,%
oecd-emp-rate-upper-secondary,IS,Iceland,2021,Y25T64,ISCED11A_3_4,M,88.3494,,%
oecd-emp-rate-upper-secondary,IS,Iceland,2022,Y25T64,ISCED11A_3_4,M,90.3028,,%
oecd-emp-rate-upper-secondary,IS,Iceland,2023,Y25T64,ISCED11A_3_4,M,90.9126,,%
oecd-emp-rate-upper-secondary,IT,Italy,2010,Y25T64,ISCED11A_3_4,M,81.8104,B,%
oecd-emp-rate-upper-secondary,IT,Italy,2011,Y25T64,ISCED11A_3_4,M,81.3067,B,%
oecd-emp-rate-upper-secondary,IT,Italy,2012,Y25T64,ISCED11A_3_4,M,80.3552,B,%
oecd-emp-rate-upper-secondary,IT,Italy,2013,Y25T64,ISCED11A_3_4,M,79.0369,B,%
oecd-emp-rate-upper-secondary,IT,Italy,2014,Y25T64,ISCED11A_3_4,M,79.0657,,%
oecd-emp-rate-upper-secondary,IT,Italy,2015,Y25T64,ISCED11A_3_4,M,79.9199,,%
oecd-emp-rate-upper-secondary,IT,Italy,2016,Y25T64,ISCED11A_3_4,M,80.6909,,%
oecd-emp-rate-upper-secondary,IT,Italy,2017,Y25T64,ISCED11A_3_4,M,80.9804,,%
oecd-emp-rate-upper-secondary,IT,Italy,2018,Y25T64,ISCED11A_3_4,M,80.772,,%
oecd-emp-rate-upper-secondary,IT,Italy,2019,Y25T64,ISCED11A_3_4,M,81.469,,%
oecd-emp-rate-upper-secondary,IT,Italy,2020,Y25T64,ISCED11A_3_4,M,79.8252,,%
oecd-emp-rate-upper-secondary,IT,Italy,2021,Y25T64,ISCED11A_3_4,M,80.409,,%
oecd-emp-rate-upper-secondary,IT,Italy,2022,Y25T64,ISCED11A_3_4,M,82.7594,,%
oecd-emp-rate-upper-secondary,IT,Italy,2023,Y25T64,ISCED11A_3_4,M,83.9871,,%
oecd-emp-rate-upper-secondary,IT,Italy,2024,Y25T64,ISCED11A_3_4,M,84.1789,,%
oecd-emp-rate-upper-secondary,IT,Italy,2025,Y25T64,ISCED11A_3_4,M,84.7859,,%
oecd-emp-rate-upper-secondary,LT,Lithuania,2010,Y25T64,ISCED11A_3_4,M,64.6698,B,%
oecd-emp-rate-upper-secondary,LT,Lithuania,2011,Y25T64,ISCED11A_3_4,M,68.8132,B,%
oecd-emp-rate-upper-secondary,LT,Lithuania,2012,Y25T64,ISCED11A_3_4,M,71.2449,B,%
oecd-emp-rate-upper-secondary,LT,Lithuania,2013,Y25T64,ISCED11A_3_4,M,72.1262,B,%
oecd-emp-rate-upper-secondary,LT,Lithuania,2014,Y25T64,ISCED11A_3_4,M,72.7909,,%
oecd-emp-rate-upper-secondary,LT,Lithuania,2015,Y25T64,ISCED11A_3_4,M,74.146,,%
oecd-emp-rate-upper-secondary,LT,Lithuania,2016,Y25T64,ISCED11A_3_4,M,75.9718,,%
oecd-emp-rate-upper-secondary,LT,Lithuania,2017,Y25T64,ISCED11A_3_4,M,76.5313,,%
oecd-emp-rate-upper-secondary,LT,Lithuania,2018,Y25T64,ISCED11A_3_4,M,78.8341,,%
oecd-emp-rate-upper-secondary,LT,Lithuania,2019,Y25T64,ISCED11A_3_4,M,77.9554,,%
oecd-emp-rate-upper-secondary,LT,Lithuania,2020,Y25T64,ISCED11A_3_4,M,77.1677,,%
oecd-emp-rate-upper-secondary,LT,Lithuania,2021,Y25T64,ISCED11A_3_4,M,76.5409,,%
oecd-emp-rate-upper-secondary,LT,Lithuania,2022,Y25T64,ISCED11A_3_4,M,78.8642,,%
oecd-emp-rate-upper-secondary,LT,Lithuania,2023,Y25T64,ISCED11A_3_4,M,78.3512,,%
oecd-emp-rate-upper-secondary,LT,Lithuania,2024,Y25T64,ISCED11A_3_4,M,78.2941,,%
oecd-emp-rate-upper-secondary,LT,Lithuania,2025,Y25T64,ISCED11A_3_4,M,76.3779,,%
oecd-emp-rate-upper-secondary,LU,Luxembourg,2010,Y25T64,ISCED11A_3_4,M,81.0941,B,%
oecd-emp-rate-upper-secondary,LU,Luxembourg,2011,Y25T64,ISCED11A_3_4,M,78.9559,B,%
oecd-emp-rate-upper-secondary,LU,Luxembourg,2012,Y25T64,ISCED11A_3_4,M,79.2648,B,%
oecd-emp-rate-upper-secondary,LU,Luxembourg,2013,Y25T64,ISCED11A_3_4,M,78.5752,B,%
oecd-emp-rate-upper-secondary,LU,Luxembourg,2014,Y25T64,ISCED11A_3_4,M,79.773,,%
oecd-emp-rate-upper-secondary,LU,Luxembourg,2015,Y25T64,ISCED11A_3_4,M,77.2919,,%
oecd-emp-rate-upper-secondary,LU,Luxembourg,2016,Y25T64,ISCED11A_3_4,M,76.2195,,%
oecd-emp-rate-upper-secondary,LU,Luxembourg,2017,Y25T64,ISCED11A_3_4,M,76.6659,,%
oecd-emp-rate-upper-secondary,LU,Luxembourg,2018,Y25T64,ISCED11A_3_4,M,77.6916,,%
oecd-emp-rate-upper-secondary,LU,Luxembourg,2019,Y25T64,ISCED11A_3_4,M,77.8354,,%
oecd-emp-rate-upper-secondary,LU,Luxembourg,2020,Y25T64,ISCED11A_3_4,M,77.0309,,%
oecd-emp-rate-upper-secondary,LU,Luxembourg,2021,Y25T64,ISCED11A_3_4,M,77.7025,,%
oecd-emp-rate-upper-secondary,LU,Luxembourg,2022,Y25T64,ISCED11A_3_4,M,77.6181,,%
oecd-emp-rate-upper-secondary,LU,Luxembourg,2023,Y25T64,ISCED11A_3_4,M,76.3892,,%
oecd-emp-rate-upper-secondary,LU,Luxembourg,2024,Y25T64,ISCED11A_3_4,M,76.7392,,%
oecd-emp-rate-upper-secondary,LU,Luxembourg,2025,Y25T64,ISCED11A_3_4,M,75.6898,,%
oecd-emp-rate-upper-secondary,LV,Latvia,2010,Y25T64,ISCED11A_3_4,M,66.0675,,%
oecd-emp-rate-upper-secondary,LV,Latvia,2011,Y25T64,ISCED11A_3_4,M,70.0215,,%
oecd-emp-rate-upper-secondary,LV,Latvia,2012,Y25T64,ISCED11A_3_4,M,70.5373,,%
oecd-emp-rate-upper-secondary,LV,Latvia,2013,Y25T64,ISCED11A_3_4,M,73.3947,,%
oecd-emp-rate-upper-secondary,LV,Latvia,2014,Y25T64,ISCED11A_3_4,M,75.4438,,%
oecd-emp-rate-upper-secondary,LV,Latvia,2015,Y25T64,ISCED11A_3_4,M,75.6037,,%
oecd-emp-rate-upper-secondary,LV,Latvia,2016,Y25T64,ISCED11A_3_4,M,75.0193,,%
oecd-emp-rate-upper-secondary,LV,Latvia,2017,Y25T64,ISCED11A_3_4,M,76.9729,,%
oecd-emp-rate-upper-secondary,LV,Latvia,2018,Y25T64,ISCED11A_3_4,M,79.7919,,%
oecd-emp-rate-upper-secondary,LV,Latvia,2019,Y25T64,ISCED11A_3_4,M,79.0837,,%
oecd-emp-rate-upper-secondary,LV,Latvia,2020,Y25T64,ISCED11A_3_4,M,78.651,,%
oecd-emp-rate-upper-secondary,LV,Latvia,2021,Y25T64,ISCED11A_3_4,M,77.6812,,%
oecd-emp-rate-upper-secondary,LV,Latvia,2022,Y25T64,ISCED11A_3_4,M,78.5488,,%
oecd-emp-rate-upper-secondary,LV,Latvia,2023,Y25T64,ISCED11A_3_4,M,78.9038,,%
oecd-emp-rate-upper-secondary,LV,Latvia,2024,Y25T64,ISCED11A_3_4,M,79.011,,%
oecd-emp-rate-upper-secondary,LV,Latvia,2025,Y25T64,ISCED11A_3_4,M,80.0144,,%
oecd-emp-rate-upper-secondary,NL,Netherlands,2010,Y25T64,ISCED11A_3_4,M,85.0276,B,%
oecd-emp-rate-upper-secondary,NL,Netherlands,2011,Y25T64,ISCED11A_3_4,M,85.0363,B,%
oecd-emp-rate-upper-secondary,NL,Netherlands,2012,Y25T64,ISCED11A_3_4,M,84.9568,B,%
oecd-emp-rate-upper-secondary,NL,Netherlands,2013,Y25T64,ISCED11A_3_4,M,83.3431,B,%
oecd-emp-rate-upper-secondary,NL,Netherlands,2014,Y25T64,ISCED11A_3_4,M,83.3565,,%
oecd-emp-rate-upper-secondary,NL,Netherlands,2015,Y25T64,ISCED11A_3_4,M,83.9487,,%
oecd-emp-rate-upper-secondary,NL,Netherlands,2016,Y25T64,ISCED11A_3_4,M,84.8518,,%
oecd-emp-rate-upper-secondary,NL,Netherlands,2017,Y25T64,ISCED11A_3_4,M,85.7345,,%
oecd-emp-rate-upper-secondary,NL,Netherlands,2018,Y25T64,ISCED11A_3_4,M,86.8549,,%
oecd-emp-rate-upper-secondary,NL,Netherlands,2019,Y25T64,ISCED11A_3_4,M,87.3926,,%
oecd-emp-rate-upper-secondary,NL,Netherlands,2020,Y25T64,ISCED11A_3_4,M,87.4416,,%
oecd-emp-rate-upper-secondary,NL,Netherlands,2021,Y25T64,ISCED11A_3_4,M,88.0191,,%
oecd-emp-rate-upper-secondary,NL,Netherlands,2022,Y25T64,ISCED11A_3_4,M,88.7297,,%
oecd-emp-rate-upper-secondary,NL,Netherlands,2023,Y25T64,ISCED11A_3_4,M,89.1956,,%
oecd-emp-rate-upper-secondary,NL,Netherlands,2024,Y25T64,ISCED11A_3_4,M,88.9268,,%
oecd-emp-rate-upper-secondary,NL,Netherlands,2025,Y25T64,ISCED11A_3_4,M,88.9969,,%
oecd-emp-rate-upper-secondary,NO,Norway,2010,Y25T64,ISCED11A_3_4,M,84.5061,,%
oecd-emp-rate-upper-secondary,NO,Norway,2011,Y25T64,ISCED11A_3_4,M,85.4167,,%
oecd-emp-rate-upper-secondary,NO,Norway,2012,Y25T64,ISCED11A_3_4,M,85.1806,,%
oecd-emp-rate-upper-secondary,NO,Norway,2013,Y25T64,ISCED11A_3_4,M,85.5369,,%
oecd-emp-rate-upper-secondary,NO,Norway,2014,Y25T64,ISCED11A_3_4,M,85.3087,,%
oecd-emp-rate-upper-secondary,NO,Norway,2015,Y25T64,ISCED11A_3_4,M,84.0039,,%
oecd-emp-rate-upper-secondary,NO,Norway,2016,Y25T64,ISCED11A_3_4,M,83.088,,%
oecd-emp-rate-upper-secondary,NO,Norway,2017,Y25T64,ISCED11A_3_4,M,82.7964,,%
oecd-emp-rate-upper-secondary,NO,Norway,2018,Y25T64,ISCED11A_3_4,M,84.48,,%
oecd-emp-rate-upper-secondary,NO,Norway,2019,Y25T64,ISCED11A_3_4,M,84.9654,,%
oecd-emp-rate-upper-secondary,NO,Norway,2020,Y25T64,ISCED11A_3_4,M,83.3889,,%
oecd-emp-rate-upper-secondary,NO,Norway,2021,Y25T64,ISCED11A_3_4,M,85.4922,,%
oecd-emp-rate-upper-secondary,NO,Norway,2022,Y25T64,ISCED11A_3_4,M,87.344,,%
oecd-emp-rate-upper-secondary,NO,Norway,2023,Y25T64,ISCED11A_3_4,M,85.8108,,%
oecd-emp-rate-upper-secondary,NO,Norway,2024,Y25T64,ISCED11A_3_4,M,86.0544,,%
oecd-emp-rate-upper-secondary,NO,Norway,2025,Y25T64,ISCED11A_3_4,M,83.9248,,%
oecd-emp-rate-upper-secondary,PL,Poland,2010,Y25T64,ISCED11A_3_4,M,74.0372,B,%
oecd-emp-rate-upper-secondary,PL,Poland,2011,Y25T64,ISCED11A_3_4,M,74.7109,B,%
oecd-emp-rate-upper-secondary,PL,Poland,2012,Y25T64,ISCED11A_3_4,M,74.3199,B,%
oecd-emp-rate-upper-secondary,PL,Poland,2013,Y25T64,ISCED11A_3_4,M,74.22,B,%
oecd-emp-rate-upper-secondary,PL,Poland,2014,Y25T64,ISCED11A_3_4,M,75.2828,,%
oecd-emp-rate-upper-secondary,PL,Poland,2015,Y25T64,ISCED11A_3_4,M,76.0755,,%
oecd-emp-rate-upper-secondary,PL,Poland,2016,Y25T64,ISCED11A_3_4,M,77.4514,,%
oecd-emp-rate-upper-secondary,PL,Poland,2017,Y25T64,ISCED11A_3_4,M,78.8708,,%
oecd-emp-rate-upper-secondary,PL,Poland,2018,Y25T64,ISCED11A_3_4,M,80.0208,,%
oecd-emp-rate-upper-secondary,PL,Poland,2019,Y25T64,ISCED11A_3_4,M,81.1094,,%
oecd-emp-rate-upper-secondary,PL,Poland,2020,Y25T64,ISCED11A_3_4,M,82.2075,,%
oecd-emp-rate-upper-secondary,PL,Poland,2021,Y25T64,ISCED11A_3_4,M,83.4613,,%
oecd-emp-rate-upper-secondary,PL,Poland,2022,Y25T64,ISCED11A_3_4,M,84.3194,,%
oecd-emp-rate-upper-secondary,PL,Poland,2023,Y25T64,ISCED11A_3_4,M,84.4268,,%
oecd-emp-rate-upper-secondary,PL,Poland,2024,Y25T64,ISCED11A_3_4,M,84.7027,,%
oecd-emp-rate-upper-secondary,PL,Poland,2025,Y25T64,ISCED11A_3_4,M,85.1313,,%
oecd-emp-rate-upper-secondary,PT,Portugal,2010,Y25T64,ISCED11A_3_4,M,83.6135,,%
oecd-emp-rate-upper-secondary,PT,Portugal,2011,Y25T64,ISCED11A_3_4,M,81.211,,%
oecd-emp-rate-upper-secondary,PT,Portugal,2012,Y25T64,ISCED11A_3_4,M,77.7877,,%
oecd-emp-rate-upper-secondary,PT,Portugal,2013,Y25T64,ISCED11A_3_4,M,77.9451,,%
oecd-emp-rate-upper-secondary,PT,Portugal,2014,Y25T64,ISCED11A_3_4,M,80.6318,,%
oecd-emp-rate-upper-secondary,PT,Portugal,2015,Y25T64,ISCED11A_3_4,M,80.6666,,%
oecd-emp-rate-upper-secondary,PT,Portugal,2016,Y25T64,ISCED11A_3_4,M,81.73,,%
oecd-emp-rate-upper-secondary,PT,Portugal,2017,Y25T64,ISCED11A_3_4,M,83.6843,,%
oecd-emp-rate-upper-secondary,PT,Portugal,2018,Y25T64,ISCED11A_3_4,M,85.5116,,%
oecd-emp-rate-upper-secondary,PT,Portugal,2019,Y25T64,ISCED11A_3_4,M,86.8069,,%
oecd-emp-rate-upper-secondary,PT,Portugal,2020,Y25T64,ISCED11A_3_4,M,83.9371,,%
oecd-emp-rate-upper-secondary,PT,Portugal,2021,Y25T64,ISCED11A_3_4,M,84.6411,,%
oecd-emp-rate-upper-secondary,PT,Portugal,2022,Y25T64,ISCED11A_3_4,M,87.1989,,%
oecd-emp-rate-upper-secondary,PT,Portugal,2023,Y25T64,ISCED11A_3_4,M,87.497,,%
oecd-emp-rate-upper-secondary,PT,Portugal,2024,Y25T64,ISCED11A_3_4,M,88.535,,%
oecd-emp-rate-upper-secondary,PT,Portugal,2025,Y25T64,ISCED11A_3_4,M,88.9992,,%
oecd-emp-rate-upper-secondary,RO,Romania,2015,Y25T64,ISCED11A_3_4,M,77.6523,B,%
oecd-emp-rate-upper-secondary,RO,Romania,2019,Y25T64,ISCED11A_3_4,M,83.9219,,%
oecd-emp-rate-upper-secondary,RO,Romania,2021,Y25T64,ISCED11A_3_4,M,82.1665,,%
oecd-emp-rate-upper-secondary,RO,Romania,2022,Y25T64,ISCED11A_3_4,M,82.8248,,%
oecd-emp-rate-upper-secondary,RO,Romania,2023,Y25T64,ISCED11A_3_4,M,84.3572,,%
oecd-emp-rate-upper-secondary,RO,Romania,2024,Y25T64,ISCED11A_3_4,M,85.6897,,%
oecd-emp-rate-upper-secondary,RO,Romania,2025,Y25T64,ISCED11A_3_4,M,85.6075,,%
oecd-emp-rate-upper-secondary,SE,Sweden,2010,Y25T64,ISCED11A_3_4,M,84.5973,B,%
oecd-emp-rate-upper-secondary,SE,Sweden,2011,Y25T64,ISCED11A_3_4,M,86.7066,B,%
oecd-emp-rate-upper-secondary,SE,Sweden,2012,Y25T64,ISCED11A_3_4,M,85.8854,B,%
oecd-emp-rate-upper-secondary,SE,Sweden,2013,Y25T64,ISCED11A_3_4,M,85.8801,B,%
oecd-emp-rate-upper-secondary,SE,Sweden,2014,Y25T64,ISCED11A_3_4,M,87.1037,,%
oecd-emp-rate-upper-secondary,SE,Sweden,2015,Y25T64,ISCED11A_3_4,M,87.3599,,%
oecd-emp-rate-upper-secondary,SE,Sweden,2016,Y25T64,ISCED11A_3_4,M,87.4753,,%
oecd-emp-rate-upper-secondary,SE,Sweden,2017,Y25T64,ISCED11A_3_4,M,88.3157,,%
oecd-emp-rate-upper-secondary,SE,Sweden,2018,Y25T64,ISCED11A_3_4,M,89.1964,,%
oecd-emp-rate-upper-secondary,SE,Sweden,2019,Y25T64,ISCED11A_3_4,M,88.1883,,%
oecd-emp-rate-upper-secondary,SE,Sweden,2020,Y25T64,ISCED11A_3_4,M,87.7114,,%
oecd-emp-rate-upper-secondary,SE,Sweden,2021,Y25T64,ISCED11A_3_4,M,86.7503,,%
oecd-emp-rate-upper-secondary,SE,Sweden,2022,Y25T64,ISCED11A_3_4,M,87.432,,%
oecd-emp-rate-upper-secondary,SE,Sweden,2023,Y25T64,ISCED11A_3_4,M,87.2514,,%
oecd-emp-rate-upper-secondary,SE,Sweden,2024,Y25T64,ISCED11A_3_4,M,86.7473,,%
oecd-emp-rate-upper-secondary,SE,Sweden,2025,Y25T64,ISCED11A_3_4,M,86.5633,,%
oecd-emp-rate-upper-secondary,SI,Slovenia,2010,Y25T64,ISCED11A_3_4,M,76.0788,B,%
oecd-emp-rate-upper-secondary,SI,Slovenia,2011,Y25T64,ISCED11A_3_4,M,74.0288,B,%
oecd-emp-rate-upper-secondary,SI,Slovenia,2012,Y25T64,ISCED11A_3_4,M,74.5051,B,%
oecd-emp-rate-upper-secondary,SI,Slovenia,2013,Y25T64,ISCED11A_3_4,M,73.9034,B,%
oecd-emp-rate-upper-secondary,SI,Slovenia,2014,Y25T64,ISCED11A_3_4,M,73.5156,,%
oecd-emp-rate-upper-secondary,SI,Slovenia,2015,Y25T64,ISCED11A_3_4,M,74.2059,,%
oecd-emp-rate-upper-secondary,SI,Slovenia,2016,Y25T64,ISCED11A_3_4,M,74.8608,,%
oecd-emp-rate-upper-secondary,SI,Slovenia,2017,Y25T64,ISCED11A_3_4,M,71.7059,,%
oecd-emp-rate-upper-secondary,SI,Slovenia,2018,Y25T64,ISCED11A_3_4,M,79.4023,,%
oecd-emp-rate-upper-secondary,SI,Slovenia,2019,Y25T64,ISCED11A_3_4,M,80.8665,,%
oecd-emp-rate-upper-secondary,SI,Slovenia,2020,Y25T64,ISCED11A_3_4,M,80.0953,,%
oecd-emp-rate-upper-secondary,SI,Slovenia,2021,Y25T64,ISCED11A_3_4,M,80.4957,,%
oecd-emp-rate-upper-secondary,SI,Slovenia,2022,Y25T64,ISCED11A_3_4,M,82.8198,,%
oecd-emp-rate-upper-secondary,SI,Slovenia,2023,Y25T64,ISCED11A_3_4,M,82.3848,,%
oecd-emp-rate-upper-secondary,SI,Slovenia,2024,Y25T64,ISCED11A_3_4,M,82.6193,,%
oecd-emp-rate-upper-secondary,SI,Slovenia,2025,Y25T64,ISCED11A_3_4,M,82.1774,,%
oecd-emp-rate-upper-secondary,SK,Slovakia,2010,Y25T64,ISCED11A_3_4,M,77.1787,B,%
oecd-emp-rate-upper-secondary,SK,Slovakia,2011,Y25T64,ISCED11A_3_4,M,77.4656,B,%
oecd-emp-rate-upper-secondary,SK,Slovakia,2012,Y25T64,ISCED11A_3_4,M,78.1945,B,%
oecd-emp-rate-upper-secondary,SK,Slovakia,2013,Y25T64,ISCED11A_3_4,M,76.9316,B,%
oecd-emp-rate-upper-secondary,SK,Slovakia,2014,Y25T64,ISCED11A_3_4,M,78.1129,,%
oecd-emp-rate-upper-secondary,SK,Slovakia,2015,Y25T64,ISCED11A_3_4,M,79.4914,,%
oecd-emp-rate-upper-secondary,SK,Slovakia,2016,Y25T64,ISCED11A_3_4,M,80.7761,,%
oecd-emp-rate-upper-secondary,SK,Slovakia,2017,Y25T64,ISCED11A_3_4,M,80.9429,,%
oecd-emp-rate-upper-secondary,SK,Slovakia,2018,Y25T64,ISCED11A_3_4,M,82.5611,,%
oecd-emp-rate-upper-secondary,SK,Slovakia,2019,Y25T64,ISCED11A_3_4,M,83.5987,,%
oecd-emp-rate-upper-secondary,SK,Slovakia,2020,Y25T64,ISCED11A_3_4,M,82.4,,%
oecd-emp-rate-upper-secondary,SK,Slovakia,2021,Y25T64,ISCED11A_3_4,M,83.2624,,%
oecd-emp-rate-upper-secondary,SK,Slovakia,2022,Y25T64,ISCED11A_3_4,M,84.3622,,%
oecd-emp-rate-upper-secondary,SK,Slovakia,2023,Y25T64,ISCED11A_3_4,M,84.5595,,%
oecd-emp-rate-upper-secondary,SK,Slovakia,2024,Y25T64,ISCED11A_3_4,M,86.2151,,%
oecd-emp-rate-upper-secondary,SK,Slovakia,2025,Y25T64,ISCED11A_3_4,M,86.0053,,%
oecd-emp-rate-upper-secondary,TR,Türkiye,2010,Y25T64,ISCED11A_3_4,M,79.4359,B,%
oecd-emp-rate-upper-secondary,TR,Türkiye,2011,Y25T64,ISCED11A_3_4,M,81.7305,B,%
oecd-emp-rate-upper-secondary,TR,Türkiye,2012,Y25T64,ISCED11A_3_4,M,81.1768,B,%
oecd-emp-rate-upper-secondary,TR,Türkiye,2013,Y25T64,ISCED11A_3_4,M,81.5407,B,%
oecd-emp-rate-upper-secondary,TR,Türkiye,2014,Y25T64,ISCED11A_3_4,M,81.1334,,%
oecd-emp-rate-upper-secondary,TR,Türkiye,2015,Y25T64,ISCED11A_3_4,M,81.3583,,%
oecd-emp-rate-upper-secondary,TR,Türkiye,2016,Y25T64,ISCED11A_3_4,M,80.9447,,%
oecd-emp-rate-upper-secondary,TR,Türkiye,2017,Y25T64,ISCED11A_3_4,M,81.5861,,%
oecd-emp-rate-upper-secondary,TR,Türkiye,2018,Y25T64,ISCED11A_3_4,M,82.0886,,%
oecd-emp-rate-upper-secondary,TR,Türkiye,2019,Y25T64,ISCED11A_3_4,M,78.9007,,%
oecd-emp-rate-upper-secondary,TR,Türkiye,2021,Y25T64,ISCED11A_3_4,M,78.5339,,%
oecd-emp-rate-upper-secondary,TR,Türkiye,2022,Y25T64,ISCED11A_3_4,M,80.7569,,%
oecd-emp-rate-upper-secondary,TR,Türkiye,2023,Y25T64,ISCED11A_3_4,M,80.644,,%
oecd-emp-rate-upper-secondary,TR,Türkiye,2024,Y25T64,ISCED11A_3_4,M,81.5161,,%
oecd-emp-rate-upper-secondary,TR,Türkiye,2025,Y25T64,ISCED11A_3_4,M,80.4242,,%
oecd-emp-rate-upper-secondary,UK,United Kingdom,2010,Y25T64,ISCED11A_3_4,M,82.7197,B,%
oecd-emp-rate-upper-secondary,UK,United Kingdom,2011,Y25T64,ISCED11A_3_4,M,82.8227,B,%
oecd-emp-rate-upper-secondary,UK,United Kingdom,2012,Y25T64,ISCED11A_3_4,M,84.0431,B,%
oecd-emp-rate-upper-secondary,UK,United Kingdom,2013,Y25T64,ISCED11A_3_4,M,84.2305,B,%
oecd-emp-rate-upper-secondary,UK,United Kingdom,2014,Y25T64,ISCED11A_3_4,M,85.2832,,%
oecd-emp-rate-upper-secondary,UK,United Kingdom,2015,Y25T64,ISCED11A_3_4,M,85.6166,,%
oecd-emp-rate-upper-secondary,UK,United Kingdom,2016,Y25T64,ISCED11A_3_4,M,85.9486,,%
oecd-emp-rate-upper-secondary,UK,United Kingdom,2017,Y25T64,ISCED11A_3_4,M,86.4229,,%
oecd-emp-rate-upper-secondary,UK,United Kingdom,2018,Y25T64,ISCED11A_3_4,M,86.6207,,%
oecd-emp-rate-upper-secondary,UK,United Kingdom,2019,Y25T64,ISCED11A_3_4,M,86.729,,%
oecd-emp-rate-upper-secondary,UK,United Kingdom,2020,Y25T64,ISCED11A_3_4,M,84.6868,,%
oecd-emp-rate-upper-secondary,UK,United Kingdom,2021,Y25T64,ISCED11A_3_4,M,83.7444,,%
oecd-emp-rate-upper-secondary,UK,United Kingdom,2022,Y25T64,ISCED11A_3_4,M,84.3151,,%
oecd-emp-rate-upper-secondary,UK,United Kingdom,2023,Y25T64,ISCED11A_3_4,M,83.6697,,%
oecd-emp-rate-upper-secondary,UK,United Kingdom,2024,Y25T64,ISCED11A_3_4,M,83.0736,,%
oecd-emp-rate-upper-secondary,UK,United Kingdom,2025,Y25T64,ISCED11A_3_4,M,82.7413,,%
oecd-emp-rate-upper-secondary,AT,Austria,2010,Y25T64,ISCED11A_3_4,_T,75.8571,,%
oecd-emp-rate-upper-secondary,AT,Austria,2011,Y25T64,ISCED11A_3_4,_T,75.6199,,%
oecd-emp-rate-upper-secondary,AT,Austria,2012,Y25T64,ISCED11A_3_4,_T,75.8547,,%
oecd-emp-rate-upper-secondary,AT,Austria,2013,Y25T64,ISCED11A_3_4,_T,76.202,,%
oecd-emp-rate-upper-secondary,AT,Austria,2014,Y25T64,ISCED11A_3_4,_T,75.9026,,%
oecd-emp-rate-upper-secondary,AT,Austria,2015,Y25T64,ISCED11A_3_4,_T,75.7311,,%
oecd-emp-rate-upper-secondary,AT,Austria,2016,Y25T64,ISCED11A_3_4,_T,75.9097,,%
oecd-emp-rate-upper-secondary,AT,Austria,2017,Y25T64,ISCED11A_3_4,_T,76.6419,,%
oecd-emp-rate-upper-secondary,AT,Austria,2018,Y25T64,ISCED11A_3_4,_T,77.6261,,%
oecd-emp-rate-upper-secondary,AT,Austria,2019,Y25T64,ISCED11A_3_4,_T,78.0671,,%
oecd-emp-rate-upper-secondary,AT,Austria,2020,Y25T64,ISCED11A_3_4,_T,76.3746,,%
oecd-emp-rate-upper-secondary,AT,Austria,2021,Y25T64,ISCED11A_3_4,_T,75.8722,,%
oecd-emp-rate-upper-secondary,AT,Austria,2022,Y25T64,ISCED11A_3_4,_T,77.9267,,%
oecd-emp-rate-upper-secondary,AT,Austria,2023,Y25T64,ISCED11A_3_4,_T,77.7553,,%
oecd-emp-rate-upper-secondary,AT,Austria,2024,Y25T64,ISCED11A_3_4,_T,77.9198,,%
oecd-emp-rate-upper-secondary,AT,Austria,2025,Y25T64,ISCED11A_3_4,_T,77.5919,,%
oecd-emp-rate-upper-secondary,BE,Belgium,2010,Y25T64,ISCED11A_3_4,_T,74.4909,B,%
oecd-emp-rate-upper-secondary,BE,Belgium,2011,Y25T64,ISCED11A_3_4,_T,74.002,B,%
oecd-emp-rate-upper-secondary,BE,Belgium,2012,Y25T64,ISCED11A_3_4,_T,73.4925,B,%
oecd-emp-rate-upper-secondary,BE,Belgium,2013,Y25T64,ISCED11A_3_4,_T,73.5902,B,%
oecd-emp-rate-upper-secondary,BE,Belgium,2014,Y25T64,ISCED11A_3_4,_T,72.7936,,%
oecd-emp-rate-upper-secondary,BE,Belgium,2015,Y25T64,ISCED11A_3_4,_T,72.1794,,%
oecd-emp-rate-upper-secondary,BE,Belgium,2016,Y25T64,ISCED11A_3_4,_T,72.9832,,%
oecd-emp-rate-upper-secondary,BE,Belgium,2017,Y25T64,ISCED11A_3_4,_T,73.3073,,%
oecd-emp-rate-upper-secondary,BE,Belgium,2018,Y25T64,ISCED11A_3_4,_T,74.1306,,%
oecd-emp-rate-upper-secondary,BE,Belgium,2019,Y25T64,ISCED11A_3_4,_T,74.5931,,%
oecd-emp-rate-upper-secondary,BE,Belgium,2020,Y25T64,ISCED11A_3_4,_T,73.4204,,%
oecd-emp-rate-upper-secondary,BE,Belgium,2021,Y25T64,ISCED11A_3_4,_T,72.7698,,%
oecd-emp-rate-upper-secondary,BE,Belgium,2022,Y25T64,ISCED11A_3_4,_T,73.7434,,%
oecd-emp-rate-upper-secondary,BE,Belgium,2023,Y25T64,ISCED11A_3_4,_T,73.4667,,%
oecd-emp-rate-upper-secondary,BE,Belgium,2024,Y25T64,ISCED11A_3_4,_T,73.6821,,%
oecd-emp-rate-upper-secondary,BE,Belgium,2025,Y25T64,ISCED11A_3_4,_T,73.1164,,%
oecd-emp-rate-upper-secondary,BG,Bulgaria,2015,Y25T64,ISCED11A_3_4,_T,73.033,,%
oecd-emp-rate-upper-secondary,BG,Bulgaria,2016,Y25T64,ISCED11A_3_4,_T,73.4828,,%
oecd-emp-rate-upper-secondary,BG,Bulgaria,2019,Y25T64,ISCED11A_3_4,_T,80.4866,,%
oecd-emp-rate-upper-secondary,BG,Bulgaria,2022,Y25T64,ISCED11A_3_4,_T,80.6814,,%
oecd-emp-rate-upper-secondary,BG,Bulgaria,2023,Y25T64,ISCED11A_3_4,_T,80.6893,,%
oecd-emp-rate-upper-secondary,BG,Bulgaria,2024,Y25T64,ISCED11A_3_4,_T,80.9445,,%
oecd-emp-rate-upper-secondary,BG,Bulgaria,2025,Y25T64,ISCED11A_3_4,_T,81.1497,,%
oecd-emp-rate-upper-secondary,CH,Switzerland,2010,Y25T64,ISCED11A_3_4,_T,79.7854,B,%
oecd-emp-rate-upper-secondary,CH,Switzerland,2011,Y25T64,ISCED11A_3_4,_T,81.5293,B,%
oecd-emp-rate-upper-secondary,CH,Switzerland,2012,Y25T64,ISCED11A_3_4,_T,81.2716,B,%
oecd-emp-rate-upper-secondary,CH,Switzerland,2013,Y25T64,ISCED11A_3_4,_T,80.6607,B,%
oecd-emp-rate-upper-secondary,CH,Switzerland,2014,Y25T64,ISCED11A_3_4,_T,81.0941,,%
oecd-emp-rate-upper-secondary,CH,Switzerland,2015,Y25T64,ISCED11A_3_4,_T,81.9209,,%
oecd-emp-rate-upper-secondary,CH,Switzerland,2016,Y25T64,ISCED11A_3_4,_T,81.8563,,%
oecd-emp-rate-upper-secondary,CH,Switzerland,2017,Y25T64,ISCED11A_3_4,_T,81.8321,,%
oecd-emp-rate-upper-secondary,CH,Switzerland,2018,Y25T64,ISCED11A_3_4,_T,81.6762,,%
oecd-emp-rate-upper-secondary,CH,Switzerland,2019,Y25T64,ISCED11A_3_4,_T,82.1071,,%
oecd-emp-rate-upper-secondary,CH,Switzerland,2020,Y25T64,ISCED11A_3_4,_T,81.2195,,%
oecd-emp-rate-upper-secondary,CH,Switzerland,2021,Y25T64,ISCED11A_3_4,_T,81.5168,,%
oecd-emp-rate-upper-secondary,CH,Switzerland,2022,Y25T64,ISCED11A_3_4,_T,83.1374,,%
oecd-emp-rate-upper-secondary,CH,Switzerland,2023,Y25T64,ISCED11A_3_4,_T,83.7672,,%
oecd-emp-rate-upper-secondary,CH,Switzerland,2024,Y25T64,ISCED11A_3_4,_T,83.7418,,%
oecd-emp-rate-upper-secondary,CH,Switzerland,2025,Y25T64,ISCED11A_3_4,_T,83.0755,,%
oecd-emp-rate-upper-secondary,CZ,Czechia,2010,Y25T64,ISCED11A_3_4,_T,74.4925,B,%
oecd-emp-rate-upper-secondary,CZ,Czechia,2011,Y25T64,ISCED11A_3_4,_T,75.2807,B,%
oecd-emp-rate-upper-secondary,CZ,Czechia,2012,Y25T64,ISCED11A_3_4,_T,75.9228,B,%
oecd-emp-rate-upper-secondary,CZ,Czechia,2013,Y25T64,ISCED11A_3_4,_T,76.5988,B,%
oecd-emp-rate-upper-secondary,CZ,Czechia,2014,Y25T64,ISCED11A_3_4,_T,77.5719,,%
oecd-emp-rate-upper-secondary,CZ,Czechia,2015,Y25T64,ISCED11A_3_4,_T,78.9454,,%
oecd-emp-rate-upper-secondary,CZ,Czechia,2016,Y25T64,ISCED11A_3_4,_T,80.7251,,%
oecd-emp-rate-upper-secondary,CZ,Czechia,2017,Y25T64,ISCED11A_3_4,_T,82.2159,,%
oecd-emp-rate-upper-secondary,CZ,Czechia,2018,Y25T64,ISCED11A_3_4,_T,83.5116,,%
oecd-emp-rate-upper-secondary,CZ,Czechia,2019,Y25T64,ISCED11A_3_4,_T,83.9949,,%
oecd-emp-rate-upper-secondary,CZ,Czechia,2020,Y25T64,ISCED11A_3_4,_T,83.5382,,%
oecd-emp-rate-upper-secondary,CZ,Czechia,2021,Y25T64,ISCED11A_3_4,_T,83.4383,,%
oecd-emp-rate-upper-secondary,CZ,Czechia,2022,Y25T64,ISCED11A_3_4,_T,84.9644,,%
oecd-emp-rate-upper-secondary,CZ,Czechia,2023,Y25T64,ISCED11A_3_4,_T,85.6447,,%
oecd-emp-rate-upper-secondary,CZ,Czechia,2024,Y25T64,ISCED11A_3_4,_T,86.2473,,%
oecd-emp-rate-upper-secondary,CZ,Czechia,2025,Y25T64,ISCED11A_3_4,_T,87.0313,,%
oecd-emp-rate-upper-secondary,DE,Germany,2010,Y25T64,ISCED11A_3_4,_T,76.3218,B,%
oecd-emp-rate-upper-secondary,DE,Germany,2011,Y25T64,ISCED11A_3_4,_T,77.5943,B,%
oecd-emp-rate-upper-secondary,DE,Germany,2012,Y25T64,ISCED11A_3_4,_T,78.1834,B,%
oecd-emp-rate-upper-secondary,DE,Germany,2013,Y25T64,ISCED11A_3_4,_T,78.8245,B,%
oecd-emp-rate-upper-secondary,DE,Germany,2014,Y25T64,ISCED11A_3_4,_T,79.6608,,%
oecd-emp-rate-upper-secondary,DE,Germany,2015,Y25T64,ISCED11A_3_4,_T,79.9152,,%
oecd-emp-rate-upper-secondary,DE,Germany,2016,Y25T64,ISCED11A_3_4,_T,80.9612,,%
oecd-emp-rate-upper-secondary,DE,Germany,2017,Y25T64,ISCED11A_3_4,_T,81.5972,,%
oecd-emp-rate-upper-secondary,DE,Germany,2018,Y25T64,ISCED11A_3_4,_T,82.2784,,%
oecd-emp-rate-upper-secondary,DE,Germany,2019,Y25T64,ISCED11A_3_4,_T,82.7853,,%
oecd-emp-rate-upper-secondary,DE,Germany,2020,Y25T64,ISCED11A_3_4,_T,81.3191,,%
oecd-emp-rate-upper-secondary,DE,Germany,2021,Y25T64,ISCED11A_3_4,_T,81.6105,,%
oecd-emp-rate-upper-secondary,DE,Germany,2022,Y25T64,ISCED11A_3_4,_T,82.6928,,%
oecd-emp-rate-upper-secondary,DE,Germany,2023,Y25T64,ISCED11A_3_4,_T,83.3567,,%
oecd-emp-rate-upper-secondary,DE,Germany,2024,Y25T64,ISCED11A_3_4,_T,83.549,,%
oecd-emp-rate-upper-secondary,DE,Germany,2025,Y25T64,ISCED11A_3_4,_T,83.3172,,%
oecd-emp-rate-upper-secondary,DK,Denmark,2010,Y25T64,ISCED11A_3_4,_T,77.8068,,%
oecd-emp-rate-upper-secondary,DK,Denmark,2011,Y25T64,ISCED11A_3_4,_T,77.9499,,%
oecd-emp-rate-upper-secondary,DK,Denmark,2012,Y25T64,ISCED11A_3_4,_T,77.5225,,%
oecd-emp-rate-upper-secondary,DK,Denmark,2013,Y25T64,ISCED11A_3_4,_T,77.8745,,%
oecd-emp-rate-upper-secondary,DK,Denmark,2014,Y25T64,ISCED11A_3_4,_T,79.3821,,%
oecd-emp-rate-upper-secondary,DK,Denmark,2015,Y25T64,ISCED11A_3_4,_T,79.5563,,%
oecd-emp-rate-upper-secondary,DK,Denmark,2016,Y25T64,ISCED11A_3_4,_T,79.909,,%
oecd-emp-rate-upper-secondary,DK,Denmark,2017,Y25T64,ISCED11A_3_4,_T,80.7673,,%
oecd-emp-rate-upper-secondary,DK,Denmark,2018,Y25T64,ISCED11A_3_4,_T,81.5611,,%
oecd-emp-rate-upper-secondary,DK,Denmark,2019,Y25T64,ISCED11A_3_4,_T,82.0514,,%
oecd-emp-rate-upper-secondary,DK,Denmark,2020,Y25T64,ISCED11A_3_4,_T,80.7463,,%
oecd-emp-rate-upper-secondary,DK,Denmark,2021,Y25T64,ISCED11A_3_4,_T,81.8508,,%
oecd-emp-rate-upper-secondary,DK,Denmark,2022,Y25T64,ISCED11A_3_4,_T,83.1686,,%
oecd-emp-rate-upper-secondary,DK,Denmark,2023,Y25T64,ISCED11A_3_4,_T,82.0392,,%
oecd-emp-rate-upper-secondary,DK,Denmark,2024,Y25T64,ISCED11A_3_4,_T,81.7995,,%
oecd-emp-rate-upper-secondary,DK,Denmark,2025,Y25T64,ISCED11A_3_4,_T,81.6519,B,%
oecd-emp-rate-upper-secondary,EE,Estonia,2010,Y25T64,ISCED11A_3_4,_T,68.7645,,%
oecd-emp-rate-upper-secondary,EE,Estonia,2011,Y25T64,ISCED11A_3_4,_T,74.0007,,%
oecd-emp-rate-upper-secondary,EE,Estonia,2012,Y25T64,ISCED11A_3_4,_T,74.3365,,%
oecd-emp-rate-upper-secondary,EE,Estonia,2013,Y25T64,ISCED11A_3_4,_T,74.4977,,%
oecd-emp-rate-upper-secondary,EE,Estonia,2014,Y25T64,ISCED11A_3_4,_T,75.2187,,%
oecd-emp-rate-upper-secondary,EE,Estonia,2015,Y25T64,ISCED11A_3_4,_T,77.6,,%
oecd-emp-rate-upper-secondary,EE,Estonia,2016,Y25T64,ISCED11A_3_4,_T,76.8569,,%
oecd-emp-rate-upper-secondary,EE,Estonia,2017,Y25T64,ISCED11A_3_4,_T,78.77,,%
oecd-emp-rate-upper-secondary,EE,Estonia,2018,Y25T64,ISCED11A_3_4,_T,79.9156,,%
oecd-emp-rate-upper-secondary,EE,Estonia,2019,Y25T64,ISCED11A_3_4,_T,80.6305,,%
oecd-emp-rate-upper-secondary,EE,Estonia,2020,Y25T64,ISCED11A_3_4,_T,79.3835,,%
oecd-emp-rate-upper-secondary,EE,Estonia,2021,Y25T64,ISCED11A_3_4,_T,79.3242,,%
oecd-emp-rate-upper-secondary,EE,Estonia,2022,Y25T64,ISCED11A_3_4,_T,82.1428,,%
oecd-emp-rate-upper-secondary,EE,Estonia,2023,Y25T64,ISCED11A_3_4,_T,81.3643,,%
oecd-emp-rate-upper-secondary,EE,Estonia,2024,Y25T64,ISCED11A_3_4,_T,81.9869,,%
oecd-emp-rate-upper-secondary,EE,Estonia,2025,Y25T64,ISCED11A_3_4,_T,82.8006,,%
oecd-emp-rate-upper-secondary,EL,Greece,2010,Y25T64,ISCED11A_3_4,_T,66.3849,B,%
oecd-emp-rate-upper-secondary,EL,Greece,2011,Y25T64,ISCED11A_3_4,_T,61.9922,B,%
oecd-emp-rate-upper-secondary,EL,Greece,2012,Y25T64,ISCED11A_3_4,_T,57.1226,B,%
oecd-emp-rate-upper-secondary,EL,Greece,2013,Y25T64,ISCED11A_3_4,_T,54.0661,B,%
oecd-emp-rate-upper-secondary,EL,Greece,2014,Y25T64,ISCED11A_3_4,_T,54.4988,,%
oecd-emp-rate-upper-secondary,EL,Greece,2015,Y25T64,ISCED11A_3_4,_T,56.4018,,%
oecd-emp-rate-upper-secondary,EL,Greece,2016,Y25T64,ISCED11A_3_4,_T,58.1128,,%
oecd-emp-rate-upper-secondary,EL,Greece,2017,Y25T64,ISCED11A_3_4,_T,59.3196,,%
oecd-emp-rate-upper-secondary,EL,Greece,2018,Y25T64,ISCED11A_3_4,_T,60.8705,,%
oecd-emp-rate-upper-secondary,EL,Greece,2019,Y25T64,ISCED11A_3_4,_T,62.336,,%
oecd-emp-rate-upper-secondary,EL,Greece,2020,Y25T64,ISCED11A_3_4,_T,62.1536,,%
oecd-emp-rate-upper-secondary,EL,Greece,2021,Y25T64,ISCED11A_3_4,_T,62.9883,,%
oecd-emp-rate-upper-secondary,EL,Greece,2022,Y25T64,ISCED11A_3_4,_T,66.6902,,%
oecd-emp-rate-upper-secondary,EL,Greece,2023,Y25T64,ISCED11A_3_4,_T,67.6994,,%
oecd-emp-rate-upper-secondary,EL,Greece,2024,Y25T64,ISCED11A_3_4,_T,69.8003,,%
oecd-emp-rate-upper-secondary,EL,Greece,2025,Y25T64,ISCED11A_3_4,_T,71.8447,,%
oecd-emp-rate-upper-secondary,ES,Spain,2010,Y25T64,ISCED11A_3_4,_T,69.3251,,%
oecd-emp-rate-upper-secondary,ES,Spain,2011,Y25T64,ISCED11A_3_4,_T,67.8988,,%
oecd-emp-rate-upper-secondary,ES,Spain,2012,Y25T64,ISCED11A_3_4,_T,66.3368,,%
oecd-emp-rate-upper-secondary,ES,Spain,2013,Y25T64,ISCED11A_3_4,_T,64.4818,,%
oecd-emp-rate-upper-secondary,ES,Spain,2014,Y25T64,ISCED11A_3_4,_T,65.8936,,%
oecd-emp-rate-upper-secondary,ES,Spain,2015,Y25T64,ISCED11A_3_4,_T,67.6987,,%
oecd-emp-rate-upper-secondary,ES,Spain,2016,Y25T64,ISCED11A_3_4,_T,69.2356,,%
oecd-emp-rate-upper-secondary,ES,Spain,2017,Y25T64,ISCED11A_3_4,_T,70.1874,,%
oecd-emp-rate-upper-secondary,ES,Spain,2018,Y25T64,ISCED11A_3_4,_T,70.9325,,%
oecd-emp-rate-upper-secondary,ES,Spain,2019,Y25T64,ISCED11A_3_4,_T,71.9232,,%
oecd-emp-rate-upper-secondary,ES,Spain,2020,Y25T64,ISCED11A_3_4,_T,68.8958,,%
oecd-emp-rate-upper-secondary,ES,Spain,2021,Y25T64,ISCED11A_3_4,_T,70.6129,,%
oecd-emp-rate-upper-secondary,ES,Spain,2022,Y25T64,ISCED11A_3_4,_T,72.2325,,%
oecd-emp-rate-upper-secondary,ES,Spain,2023,Y25T64,ISCED11A_3_4,_T,73.3187,,%
oecd-emp-rate-upper-secondary,ES,Spain,2024,Y25T64,ISCED11A_3_4,_T,74.0865,,%
oecd-emp-rate-upper-secondary,ES,Spain,2025,Y25T64,ISCED11A_3_4,_T,74.7297,,%
oecd-emp-rate-upper-secondary,FI,Finland,2010,Y25T64,ISCED11A_3_4,_T,74.0836,,%
oecd-emp-rate-upper-secondary,FI,Finland,2011,Y25T64,ISCED11A_3_4,_T,74.74,,%
oecd-emp-rate-upper-secondary,FI,Finland,2012,Y25T64,ISCED11A_3_4,_T,74.6162,,%
oecd-emp-rate-upper-secondary,FI,Finland,2013,Y25T64,ISCED11A_3_4,_T,73.6179,,%
oecd-emp-rate-upper-secondary,FI,Finland,2014,Y25T64,ISCED11A_3_4,_T,73.1739,,%
oecd-emp-rate-upper-secondary,FI,Finland,2015,Y25T64,ISCED11A_3_4,_T,72.8086,,%
oecd-emp-rate-upper-secondary,FI,Finland,2016,Y25T64,ISCED11A_3_4,_T,73.1984,,%
oecd-emp-rate-upper-secondary,FI,Finland,2017,Y25T64,ISCED11A_3_4,_T,74.0741,,%
oecd-emp-rate-upper-secondary,FI,Finland,2018,Y25T64,ISCED11A_3_4,_T,75.6801,,%
oecd-emp-rate-upper-secondary,FI,Finland,2019,Y25T64,ISCED11A_3_4,_T,76.5889,,%
oecd-emp-rate-upper-secondary,FI,Finland,2020,Y25T64,ISCED11A_3_4,_T,75.2679,,%
oecd-emp-rate-upper-secondary,FI,Finland,2021,Y25T64,ISCED11A_3_4,_T,76.8227,,%
oecd-emp-rate-upper-secondary,FI,Finland,2022,Y25T64,ISCED11A_3_4,_T,78.4888,,%
oecd-emp-rate-upper-secondary,FI,Finland,2023,Y25T64,ISCED11A_3_4,_T,77.9739,,%
oecd-emp-rate-upper-secondary,FI,Finland,2024,Y25T64,ISCED11A_3_4,_T,76.8293,,%
oecd-emp-rate-upper-secondary,FI,Finland,2025,Y25T64,ISCED11A_3_4,_T,75.8542,,%
oecd-emp-rate-upper-secondary,FR,France,2010,Y25T64,ISCED11A_3_4,_T,74.3993,,%
oecd-emp-rate-upper-secondary,FR,France,2011,Y25T64,ISCED11A_3_4,_T,73.7256,,%
oecd-emp-rate-upper-secondary,FR,France,2012,Y25T64,ISCED11A_3_4,_T,73.5351,,%
oecd-emp-rate-upper-secondary,FR,France,2013,Y25T64,ISCED11A_3_4,_T,73.3298,,%
oecd-emp-rate-upper-secondary,FR,France,2014,Y25T64,ISCED11A_3_4,_T,72.7491,,%
oecd-emp-rate-upper-secondary,FR,France,2015,Y25T64,ISCED11A_3_4,_T,72.5801,,%
oecd-emp-rate-upper-secondary,FR,France,2016,Y25T64,ISCED11A_3_4,_T,72.9043,,%
oecd-emp-rate-upper-secondary,FR,France,2017,Y25T64,ISCED11A_3_4,_T,73.0244,,%
oecd-emp-rate-upper-secondary,FR,France,2018,Y25T64,ISCED11A_3_4,_T,73.4866,,%
oecd-emp-rate-upper-secondary,FR,France,2019,Y25T64,ISCED11A_3_4,_T,73.1912,,%
oecd-emp-rate-upper-secondary,FR,France,2020,Y25T64,ISCED11A_3_4,_T,72.4723,,%
oecd-emp-rate-upper-secondary,FR,France,2021,Y25T64,ISCED11A_3_4,_T,74.2727,,%
oecd-emp-rate-upper-secondary,FR,France,2022,Y25T64,ISCED11A_3_4,_T,74.2232,,%
oecd-emp-rate-upper-secondary,FR,France,2023,Y25T64,ISCED11A_3_4,_T,74.2301,,%
oecd-emp-rate-upper-secondary,FR,France,2024,Y25T64,ISCED11A_3_4,_T,74.7829,,%
oecd-emp-rate-upper-secondary,FR,France,2025,Y25T64,ISCED11A_3_4,_T,74.9816,,%
oecd-emp-rate-upper-secondary,HR,Croatia,2015,Y25T64,ISCED11A_3_4,_T,63.636,,%
oecd-emp-rate-upper-secondary,HR,Croatia,2016,Y25T64,ISCED11A_3_4,_T,63.7766,,%
oecd-emp-rate-upper-secondary,HR,Croatia,2019,Y25T64,ISCED11A_3_4,_T,69.0983,,%
oecd-emp-rate-upper-secondary,HR,Croatia,2023,Y25T64,ISCED11A_3_4,_T,72.7422,,%
oecd-emp-rate-upper-secondary,HR,Croatia,2024,Y25T64,ISCED11A_3_4,_T,75.5101,,%
oecd-emp-rate-upper-secondary,HR,Croatia,2025,Y25T64,ISCED11A_3_4,_T,76.3302,,%
oecd-emp-rate-upper-secondary,HU,Hungary,2010,Y25T64,ISCED11A_3_4,_T,66.2223,,%
oecd-emp-rate-upper-secondary,HU,Hungary,2011,Y25T64,ISCED11A_3_4,_T,66.312,,%
oecd-emp-rate-upper-secondary,HU,Hungary,2012,Y25T64,ISCED11A_3_4,_T,67.8905,,%
oecd-emp-rate-upper-secondary,HU,Hungary,2013,Y25T64,ISCED11A_3_4,_T,68.9925,,%
oecd-emp-rate-upper-secondary,HU,Hungary,2014,Y25T64,ISCED11A_3_4,_T,71.7827,,%
oecd-emp-rate-upper-secondary,HU,Hungary,2015,Y25T64,ISCED11A_3_4,_T,73.7401,,%
oecd-emp-rate-upper-secondary,HU,Hungary,2016,Y25T64,ISCED11A_3_4,_T,76.0567,,%
oecd-emp-rate-upper-secondary,HU,Hungary,2017,Y25T64,ISCED11A_3_4,_T,77.5825,,%
oecd-emp-rate-upper-secondary,HU,Hungary,2018,Y25T64,ISCED11A_3_4,_T,78.3358,,%
oecd-emp-rate-upper-secondary,HU,Hungary,2019,Y25T64,ISCED11A_3_4,_T,79.9374,,%
oecd-emp-rate-upper-secondary,HU,Hungary,2020,Y25T64,ISCED11A_3_4,_T,79.2922,,%
oecd-emp-rate-upper-secondary,HU,Hungary,2021,Y25T64,ISCED11A_3_4,_T,82.4936,,%
oecd-emp-rate-upper-secondary,HU,Hungary,2022,Y25T64,ISCED11A_3_4,_T,83.9907,,%
oecd-emp-rate-upper-secondary,HU,Hungary,2023,Y25T64,ISCED11A_3_4,_T,84.4633,,%
oecd-emp-rate-upper-secondary,HU,Hungary,2024,Y25T64,ISCED11A_3_4,_T,84.6639,,%
oecd-emp-rate-upper-secondary,HU,Hungary,2025,Y25T64,ISCED11A_3_4,_T,84.7792,,%
oecd-emp-rate-upper-secondary,IE,Ireland,2010,Y25T64,ISCED11A_3_4,_T,66.4714,B,%
oecd-emp-rate-upper-secondary,IE,Ireland,2011,Y25T64,ISCED11A_3_4,_T,64.8678,B,%
oecd-emp-rate-upper-secondary,IE,Ireland,2012,Y25T64,ISCED11A_3_4,_T,65.3557,B,%
oecd-emp-rate-upper-secondary,IE,Ireland,2013,Y25T64,ISCED11A_3_4,_T,66.0065,B,%
oecd-emp-rate-upper-secondary,IE,Ireland,2014,Y25T64,ISCED11A_3_4,_T,67.9307,,%
oecd-emp-rate-upper-secondary,IE,Ireland,2015,Y25T64,ISCED11A_3_4,_T,68.9035,,%
oecd-emp-rate-upper-secondary,IE,Ireland,2016,Y25T64,ISCED11A_3_4,_T,69.2347,,%
oecd-emp-rate-upper-secondary,IE,Ireland,2017,Y25T64,ISCED11A_3_4,_T,71.9374,,%
oecd-emp-rate-upper-secondary,IE,Ireland,2018,Y25T64,ISCED11A_3_4,_T,73.6334,,%
oecd-emp-rate-upper-secondary,IE,Ireland,2019,Y25T64,ISCED11A_3_4,_T,74.6567,,%
oecd-emp-rate-upper-secondary,IE,Ireland,2020,Y25T64,ISCED11A_3_4,_T,71.7231,,%
oecd-emp-rate-upper-secondary,IE,Ireland,2021,Y25T64,ISCED11A_3_4,_T,72.2937,,%
oecd-emp-rate-upper-secondary,IE,Ireland,2022,Y25T64,ISCED11A_3_4,_T,75.6834,,%
oecd-emp-rate-upper-secondary,IE,Ireland,2023,Y25T64,ISCED11A_3_4,_T,77.1017,,%
oecd-emp-rate-upper-secondary,IE,Ireland,2024,Y25T64,ISCED11A_3_4,_T,77.54,,%
oecd-emp-rate-upper-secondary,IE,Ireland,2025,Y25T64,ISCED11A_3_4,_T,77.4541,,%
oecd-emp-rate-upper-secondary,IS,Iceland,2010,Y25T64,ISCED11A_3_4,_T,81.5997,,%
oecd-emp-rate-upper-secondary,IS,Iceland,2011,Y25T64,ISCED11A_3_4,_T,82.4943,,%
oecd-emp-rate-upper-secondary,IS,Iceland,2012,Y25T64,ISCED11A_3_4,_T,83.8915,,%
oecd-emp-rate-upper-secondary,IS,Iceland,2013,Y25T64,ISCED11A_3_4,_T,84.9977,,%
oecd-emp-rate-upper-secondary,IS,Iceland,2014,Y25T64,ISCED11A_3_4,_T,84.9653,,%
oecd-emp-rate-upper-secondary,IS,Iceland,2015,Y25T64,ISCED11A_3_4,_T,86.395,,%
oecd-emp-rate-upper-secondary,IS,Iceland,2016,Y25T64,ISCED11A_3_4,_T,86.4991,,%
oecd-emp-rate-upper-secondary,IS,Iceland,2017,Y25T64,ISCED11A_3_4,_T,87.7849,,%
oecd-emp-rate-upper-secondary,IS,Iceland,2018,Y25T64,ISCED11A_3_4,_T,85.2147,,%
oecd-emp-rate-upper-secondary,IS,Iceland,2019,Y25T64,ISCED11A_3_4,_T,84.5318,,%
oecd-emp-rate-upper-secondary,IS,Iceland,2020,Y25T64,ISCED11A_3_4,_T,81.4472,,%
oecd-emp-rate-upper-secondary,IS,Iceland,2021,Y25T64,ISCED11A_3_4,_T,82.3242,,%
oecd-emp-rate-upper-secondary,IS,Iceland,2022,Y25T64,ISCED11A_3_4,_T,85.6613,,%
oecd-emp-rate-upper-secondary,IS,Iceland,2023,Y25T64,ISCED11A_3_4,_T,86.4868,,%
oecd-emp-rate-upper-secondary,IT,Italy,2010,Y25T64,ISCED11A_3_4,_T,72.5578,B,%
oecd-emp-rate-upper-secondary,IT,Italy,2011,Y25T64,ISCED11A_3_4,_T,71.9464,B,%
oecd-emp-rate-upper-secondary,IT,Italy,2012,Y25T64,ISCED11A_3_4,_T,71.063,B,%
oecd-emp-rate-upper-secondary,IT,Italy,2013,Y25T64,ISCED11A_3_4,_T,69.6824,B,%
oecd-emp-rate-upper-secondary,IT,Italy,2014,Y25T64,ISCED11A_3_4,_T,69.7835,,%
oecd-emp-rate-upper-secondary,IT,Italy,2015,Y25T64,ISCED11A_3_4,_T,70.1085,,%
oecd-emp-rate-upper-secondary,IT,Italy,2016,Y25T64,ISCED11A_3_4,_T,70.637,,%
oecd-emp-rate-upper-secondary,IT,Italy,2017,Y25T64,ISCED11A_3_4,_T,70.9682,,%
oecd-emp-rate-upper-secondary,IT,Italy,2018,Y25T64,ISCED11A_3_4,_T,70.8756,,%
oecd-emp-rate-upper-secondary,IT,Italy,2019,Y25T64,ISCED11A_3_4,_T,71.4389,,%
oecd-emp-rate-upper-secondary,IT,Italy,2020,Y25T64,ISCED11A_3_4,_T,69.7685,,%
oecd-emp-rate-upper-secondary,IT,Italy,2021,Y25T64,ISCED11A_3_4,_T,70.3,,%
oecd-emp-rate-upper-secondary,IT,Italy,2022,Y25T64,ISCED11A_3_4,_T,72.3169,,%
oecd-emp-rate-upper-secondary,IT,Italy,2023,Y25T64,ISCED11A_3_4,_T,73.3346,,%
oecd-emp-rate-upper-secondary,IT,Italy,2024,Y25T64,ISCED11A_3_4,_T,73.9895,,%
oecd-emp-rate-upper-secondary,IT,Italy,2025,Y25T64,ISCED11A_3_4,_T,74.5802,,%
oecd-emp-rate-upper-secondary,LT,Lithuania,2010,Y25T64,ISCED11A_3_4,_T,63.3748,B,%
oecd-emp-rate-upper-secondary,LT,Lithuania,2011,Y25T64,ISCED11A_3_4,_T,66.0343,B,%
oecd-emp-rate-upper-secondary,LT,Lithuania,2012,Y25T64,ISCED11A_3_4,_T,67.5471,B,%
oecd-emp-rate-upper-secondary,LT,Lithuania,2013,Y25T64,ISCED11A_3_4,_T,68.3611,B,%
oecd-emp-rate-upper-secondary,LT,Lithuania,2014,Y25T64,ISCED11A_3_4,_T,69.6562,,%
oecd-emp-rate-upper-secondary,LT,Lithuania,2015,Y25T64,ISCED11A_3_4,_T,71.0031,,%
oecd-emp-rate-upper-secondary,LT,Lithuania,2016,Y25T64,ISCED11A_3_4,_T,72.5945,,%
oecd-emp-rate-upper-secondary,LT,Lithuania,2017,Y25T64,ISCED11A_3_4,_T,73.4413,,%
oecd-emp-rate-upper-secondary,LT,Lithuania,2018,Y25T64,ISCED11A_3_4,_T,75.1505,,%
oecd-emp-rate-upper-secondary,LT,Lithuania,2019,Y25T64,ISCED11A_3_4,_T,74.768,,%
oecd-emp-rate-upper-secondary,LT,Lithuania,2020,Y25T64,ISCED11A_3_4,_T,73.1668,,%
oecd-emp-rate-upper-secondary,LT,Lithuania,2021,Y25T64,ISCED11A_3_4,_T,73.6735,,%
oecd-emp-rate-upper-secondary,LT,Lithuania,2022,Y25T64,ISCED11A_3_4,_T,75.6746,,%
oecd-emp-rate-upper-secondary,LT,Lithuania,2023,Y25T64,ISCED11A_3_4,_T,74.5697,,%
oecd-emp-rate-upper-secondary,LT,Lithuania,2024,Y25T64,ISCED11A_3_4,_T,74.6123,,%
oecd-emp-rate-upper-secondary,LT,Lithuania,2025,Y25T64,ISCED11A_3_4,_T,74.6729,,%
oecd-emp-rate-upper-secondary,LU,Luxembourg,2010,Y25T64,ISCED11A_3_4,_T,72.1261,B,%
oecd-emp-rate-upper-secondary,LU,Luxembourg,2011,Y25T64,ISCED11A_3_4,_T,70.3707,B,%
oecd-emp-rate-upper-secondary,LU,Luxembourg,2012,Y25T64,ISCED11A_3_4,_T,71.8679,B,%
oecd-emp-rate-upper-secondary,LU,Luxembourg,2013,Y25T64,ISCED11A_3_4,_T,70.7713,B,%
oecd-emp-rate-upper-secondary,LU,Luxembourg,2014,Y25T64,ISCED11A_3_4,_T,72.1298,,%
oecd-emp-rate-upper-secondary,LU,Luxembourg,2015,Y25T64,ISCED11A_3_4,_T,71.8026,,%
oecd-emp-rate-upper-secondary,LU,Luxembourg,2016,Y25T64,ISCED11A_3_4,_T,70.5042,,%
oecd-emp-rate-upper-secondary,LU,Luxembourg,2017,Y25T64,ISCED11A_3_4,_T,74.7982,,%
oecd-emp-rate-upper-secondary,LU,Luxembourg,2018,Y25T64,ISCED11A_3_4,_T,74.5434,,%
oecd-emp-rate-upper-secondary,LU,Luxembourg,2019,Y25T64,ISCED11A_3_4,_T,74.7395,,%
oecd-emp-rate-upper-secondary,LU,Luxembourg,2020,Y25T64,ISCED11A_3_4,_T,74.868,,%
oecd-emp-rate-upper-secondary,LU,Luxembourg,2021,Y25T64,ISCED11A_3_4,_T,72.2894,,%
oecd-emp-rate-upper-secondary,LU,Luxembourg,2022,Y25T64,ISCED11A_3_4,_T,72.8934,,%
oecd-emp-rate-upper-secondary,LU,Luxembourg,2023,Y25T64,ISCED11A_3_4,_T,72.7874,,%
oecd-emp-rate-upper-secondary,LU,Luxembourg,2024,Y25T64,ISCED11A_3_4,_T,73.3931,,%
oecd-emp-rate-upper-secondary,LU,Luxembourg,2025,Y25T64,ISCED11A_3_4,_T,72.1206,,%
oecd-emp-rate-upper-secondary,LV,Latvia,2010,Y25T64,ISCED11A_3_4,_T,65.073,,%
oecd-emp-rate-upper-secondary,LV,Latvia,2011,Y25T64,ISCED11A_3_4,_T,66.8008,,%
oecd-emp-rate-upper-secondary,LV,Latvia,2012,Y25T64,ISCED11A_3_4,_T,66.8523,,%
oecd-emp-rate-upper-secondary,LV,Latvia,2013,Y25T64,ISCED11A_3_4,_T,69.6694,,%
oecd-emp-rate-upper-secondary,LV,Latvia,2014,Y25T64,ISCED11A_3_4,_T,71.2814,,%
oecd-emp-rate-upper-secondary,LV,Latvia,2015,Y25T64,ISCED11A_3_4,_T,71.8247,,%
oecd-emp-rate-upper-secondary,LV,Latvia,2016,Y25T64,ISCED11A_3_4,_T,71.1655,,%
oecd-emp-rate-upper-secondary,LV,Latvia,2017,Y25T64,ISCED11A_3_4,_T,72.8968,,%
oecd-emp-rate-upper-secondary,LV,Latvia,2018,Y25T64,ISCED11A_3_4,_T,75.1284,,%
oecd-emp-rate-upper-secondary,LV,Latvia,2019,Y25T64,ISCED11A_3_4,_T,75.1463,,%
oecd-emp-rate-upper-secondary,LV,Latvia,2020,Y25T64,ISCED11A_3_4,_T,75.5206,,%
oecd-emp-rate-upper-secondary,LV,Latvia,2021,Y25T64,ISCED11A_3_4,_T,73.3997,,%
oecd-emp-rate-upper-secondary,LV,Latvia,2022,Y25T64,ISCED11A_3_4,_T,75.2919,,%
oecd-emp-rate-upper-secondary,LV,Latvia,2023,Y25T64,ISCED11A_3_4,_T,75.4677,,%
oecd-emp-rate-upper-secondary,LV,Latvia,2024,Y25T64,ISCED11A_3_4,_T,75.9249,,%
oecd-emp-rate-upper-secondary,LV,Latvia,2025,Y25T64,ISCED11A_3_4,_T,76.5812,,%
oecd-emp-rate-upper-secondary,NL,Netherlands,2010,Y25T64,ISCED11A_3_4,_T,80.0,B,%
oecd-emp-rate-upper-secondary,NL,Netherlands,2011,Y25T64,ISCED11A_3_4,_T,80.067,B,%
oecd-emp-rate-upper-secondary,NL,Netherlands,2012,Y25T64,ISCED11A_3_4,_T,80.4593,B,%
oecd-emp-rate-upper-secondary,NL,Netherlands,2013,Y25T64,ISCED11A_3_4,_T,78.0793,B,%
oecd-emp-rate-upper-secondary,NL,Netherlands,2014,Y25T64,ISCED11A_3_4,_T,78.0165,,%
oecd-emp-rate-upper-secondary,NL,Netherlands,2015,Y25T64,ISCED11A_3_4,_T,78.4337,,%
oecd-emp-rate-upper-secondary,NL,Netherlands,2016,Y25T64,ISCED11A_3_4,_T,79.5756,,%
oecd-emp-rate-upper-secondary,NL,Netherlands,2017,Y25T64,ISCED11A_3_4,_T,80.4137,,%
oecd-emp-rate-upper-secondary,NL,Netherlands,2018,Y25T64,ISCED11A_3_4,_T,81.5513,,%
oecd-emp-rate-upper-secondary,NL,Netherlands,2019,Y25T64,ISCED11A_3_4,_T,82.3472,,%
oecd-emp-rate-upper-secondary,NL,Netherlands,2020,Y25T64,ISCED11A_3_4,_T,82.3656,,%
oecd-emp-rate-upper-secondary,NL,Netherlands,2021,Y25T64,ISCED11A_3_4,_T,82.93,,%
oecd-emp-rate-upper-secondary,NL,Netherlands,2022,Y25T64,ISCED11A_3_4,_T,84.0678,,%
oecd-emp-rate-upper-secondary,NL,Netherlands,2023,Y25T64,ISCED11A_3_4,_T,84.5628,,%
oecd-emp-rate-upper-secondary,NL,Netherlands,2024,Y25T64,ISCED11A_3_4,_T,84.1243,,%
oecd-emp-rate-upper-secondary,NL,Netherlands,2025,Y25T64,ISCED11A_3_4,_T,83.9608,,%
oecd-emp-rate-upper-secondary,NO,Norway,2010,Y25T64,ISCED11A_3_4,_T,81.7256,,%
oecd-emp-rate-upper-secondary,NO,Norway,2011,Y25T64,ISCED11A_3_4,_T,81.656,,%
oecd-emp-rate-upper-secondary,NO,Norway,2012,Y25T64,ISCED11A_3_4,_T,81.2173,,%
oecd-emp-rate-upper-secondary,NO,Norway,2013,Y25T64,ISCED11A_3_4,_T,81.7926,,%
oecd-emp-rate-upper-secondary,NO,Norway,2014,Y25T64,ISCED11A_3_4,_T,81.4801,,%
oecd-emp-rate-upper-secondary,NO,Norway,2015,Y25T64,ISCED11A_3_4,_T,80.5161,,%
oecd-emp-rate-upper-secondary,NO,Norway,2016,Y25T64,ISCED11A_3_4,_T,80.2442,,%
oecd-emp-rate-upper-secondary,NO,Norway,2017,Y25T64,ISCED11A_3_4,_T,79.6878,,%
oecd-emp-rate-upper-secondary,NO,Norway,2018,Y25T64,ISCED11A_3_4,_T,80.7717,,%
oecd-emp-rate-upper-secondary,NO,Norway,2019,Y25T64,ISCED11A_3_4,_T,80.7851,,%
oecd-emp-rate-upper-secondary,NO,Norway,2020,Y25T64,ISCED11A_3_4,_T,79.4529,,%
oecd-emp-rate-upper-secondary,NO,Norway,2021,Y25T64,ISCED11A_3_4,_T,81.9458,,%
oecd-emp-rate-upper-secondary,NO,Norway,2022,Y25T64,ISCED11A_3_4,_T,82.9042,,%
oecd-emp-rate-upper-secondary,NO,Norway,2023,Y25T64,ISCED11A_3_4,_T,82.2068,,%
oecd-emp-rate-upper-secondary,NO,Norway,2024,Y25T64,ISCED11A_3_4,_T,81.8637,,%
oecd-emp-rate-upper-secondary,NO,Norway,2025,Y25T64,ISCED11A_3_4,_T,79.4195,,%
oecd-emp-rate-upper-secondary,PL,Poland,2010,Y25T64,ISCED11A_3_4,_T,65.4315,B,%
oecd-emp-rate-upper-secondary,PL,Poland,2011,Y25T64,ISCED11A_3_4,_T,65.7507,B,%
oecd-emp-rate-upper-secondary,PL,Poland,2012,Y25T64,ISCED11A_3_4,_T,65.3891,B,%
oecd-emp-rate-upper-secondary,PL,Poland,2013,Y25T64,ISCED11A_3_4,_T,65.1904,B,%
oecd-emp-rate-upper-secondary,PL,Poland,2014,Y25T64,ISCED11A_3_4,_T,66.174,,%
oecd-emp-rate-upper-secondary,PL,Poland,2015,Y25T64,ISCED11A_3_4,_T,67.1996,,%
oecd-emp-rate-upper-secondary,PL,Poland,2016,Y25T64,ISCED11A_3_4,_T,68.4072,,%
oecd-emp-rate-upper-secondary,PL,Poland,2017,Y25T64,ISCED11A_3_4,_T,69.5918,,%
oecd-emp-rate-upper-secondary,PL,Poland,2018,Y25T64,ISCED11A_3_4,_T,70.3811,,%
oecd-emp-rate-upper-secondary,PL,Poland,2019,Y25T64,ISCED11A_3_4,_T,70.7044,,%
oecd-emp-rate-upper-secondary,PL,Poland,2020,Y25T64,ISCED11A_3_4,_T,71.5461,,%
oecd-emp-rate-upper-secondary,PL,Poland,2021,Y25T64,ISCED11A_3_4,_T,73.8029,,%
oecd-emp-rate-upper-secondary,PL,Poland,2022,Y25T64,ISCED11A_3_4,_T,75.1599,,%
oecd-emp-rate-upper-secondary,PL,Poland,2023,Y25T64,ISCED11A_3_4,_T,75.4839,,%
oecd-emp-rate-upper-secondary,PL,Poland,2024,Y25T64,ISCED11A_3_4,_T,75.5471,,%
oecd-emp-rate-upper-secondary,PL,Poland,2025,Y25T64,ISCED11A_3_4,_T,76.3629,,%
oecd-emp-rate-upper-secondary,PT,Portugal,2010,Y25T64,ISCED11A_3_4,_T,79.9039,,%
oecd-emp-rate-upper-secondary,PT,Portugal,2011,Y25T64,ISCED11A_3_4,_T,79.4256,,%
oecd-emp-rate-upper-secondary,PT,Portugal,2012,Y25T64,ISCED11A_3_4,_T,76.0036,,%
oecd-emp-rate-upper-secondary,PT,Portugal,2013,Y25T64,ISCED11A_3_4,_T,75.9909,,%
oecd-emp-rate-upper-secondary,PT,Portugal,2014,Y25T64,ISCED11A_3_4,_T,77.2795,,%
oecd-emp-rate-upper-secondary,PT,Portugal,2015,Y25T64,ISCED11A_3_4,_T,78.4423,,%
oecd-emp-rate-upper-secondary,PT,Portugal,2016,Y25T64,ISCED11A_3_4,_T,79.2454,,%
oecd-emp-rate-upper-secondary,PT,Portugal,2017,Y25T64,ISCED11A_3_4,_T,81.6399,,%
oecd-emp-rate-upper-secondary,PT,Portugal,2018,Y25T64,ISCED11A_3_4,_T,83.5625,,%
oecd-emp-rate-upper-secondary,PT,Portugal,2019,Y25T64,ISCED11A_3_4,_T,84.5404,,%
oecd-emp-rate-upper-secondary,PT,Portugal,2020,Y25T64,ISCED11A_3_4,_T,81.5061,,%
oecd-emp-rate-upper-secondary,PT,Portugal,2021,Y25T64,ISCED11A_3_4,_T,82.3463,,%
oecd-emp-rate-upper-secondary,PT,Portugal,2022,Y25T64,ISCED11A_3_4,_T,84.592,,%
oecd-emp-rate-upper-secondary,PT,Portugal,2023,Y25T64,ISCED11A_3_4,_T,85.01,,%
oecd-emp-rate-upper-secondary,PT,Portugal,2024,Y25T64,ISCED11A_3_4,_T,85.6064,,%
oecd-emp-rate-upper-secondary,PT,Portugal,2025,Y25T64,ISCED11A_3_4,_T,86.0775,,%
oecd-emp-rate-upper-secondary,RO,Romania,2015,Y25T64,ISCED11A_3_4,_T,70.2521,B,%
oecd-emp-rate-upper-secondary,RO,Romania,2019,Y25T64,ISCED11A_3_4,_T,75.4367,,%
oecd-emp-rate-upper-secondary,RO,Romania,2021,Y25T64,ISCED11A_3_4,_T,73.395,,%
oecd-emp-rate-upper-secondary,RO,Romania,2022,Y25T64,ISCED11A_3_4,_T,74.7595,,%
oecd-emp-rate-upper-secondary,RO,Romania,2023,Y25T64,ISCED11A_3_4,_T,75.9496,,%
oecd-emp-rate-upper-secondary,RO,Romania,2024,Y25T64,ISCED11A_3_4,_T,77.56,,%
oecd-emp-rate-upper-secondary,RO,Romania,2025,Y25T64,ISCED11A_3_4,_T,77.3218,,%
oecd-emp-rate-upper-secondary,SE,Sweden,2010,Y25T64,ISCED11A_3_4,_T,81.0795,B,%
oecd-emp-rate-upper-secondary,SE,Sweden,2011,Y25T64,ISCED11A_3_4,_T,83.5499,B,%
oecd-emp-rate-upper-secondary,SE,Sweden,2012,Y25T64,ISCED11A_3_4,_T,82.5777,B,%
oecd-emp-rate-upper-secondary,SE,Sweden,2013,Y25T64,ISCED11A_3_4,_T,82.7977,B,%
oecd-emp-rate-upper-secondary,SE,Sweden,2014,Y25T64,ISCED11A_3_4,_T,84.6701,,%
oecd-emp-rate-upper-secondary,SE,Sweden,2015,Y25T64,ISCED11A_3_4,_T,85.0564,,%
oecd-emp-rate-upper-secondary,SE,Sweden,2016,Y25T64,ISCED11A_3_4,_T,85.2862,,%
oecd-emp-rate-upper-secondary,SE,Sweden,2017,Y25T64,ISCED11A_3_4,_T,86.0193,,%
oecd-emp-rate-upper-secondary,SE,Sweden,2018,Y25T64,ISCED11A_3_4,_T,86.6124,,%
oecd-emp-rate-upper-secondary,SE,Sweden,2019,Y25T64,ISCED11A_3_4,_T,85.5863,,%
oecd-emp-rate-upper-secondary,SE,Sweden,2020,Y25T64,ISCED11A_3_4,_T,85.0818,,%
oecd-emp-rate-upper-secondary,SE,Sweden,2021,Y25T64,ISCED11A_3_4,_T,83.6756,,%
oecd-emp-rate-upper-secondary,SE,Sweden,2022,Y25T64,ISCED11A_3_4,_T,83.8805,,%
oecd-emp-rate-upper-secondary,SE,Sweden,2023,Y25T64,ISCED11A_3_4,_T,84.1565,,%
oecd-emp-rate-upper-secondary,SE,Sweden,2024,Y25T64,ISCED11A_3_4,_T,84.1611,,%
oecd-emp-rate-upper-secondary,SE,Sweden,2025,Y25T64,ISCED11A_3_4,_T,83.4322,,%
oecd-emp-rate-upper-secondary,SI,Slovenia,2010,Y25T64,ISCED11A_3_4,_T,72.9564,B,%
oecd-emp-rate-upper-secondary,SI,Slovenia,2011,Y25T64,ISCED11A_3_4,_T,70.5861,B,%
oecd-emp-rate-upper-secondary,SI,Slovenia,2012,Y25T64,ISCED11A_3_4,_T,70.6934,B,%
oecd-emp-rate-upper-secondary,SI,Slovenia,2013,Y25T64,ISCED11A_3_4,_T,69.4876,B,%
oecd-emp-rate-upper-secondary,SI,Slovenia,2014,Y25T64,ISCED11A_3_4,_T,69.4813,,%
oecd-emp-rate-upper-secondary,SI,Slovenia,2015,Y25T64,ISCED11A_3_4,_T,69.669,,%
oecd-emp-rate-upper-secondary,SI,Slovenia,2016,Y25T64,ISCED11A_3_4,_T,71.0452,,%
oecd-emp-rate-upper-secondary,SI,Slovenia,2017,Y25T64,ISCED11A_3_4,_T,70.0517,,%
oecd-emp-rate-upper-secondary,SI,Slovenia,2018,Y25T64,ISCED11A_3_4,_T,75.8773,,%
oecd-emp-rate-upper-secondary,SI,Slovenia,2019,Y25T64,ISCED11A_3_4,_T,76.8292,,%
oecd-emp-rate-upper-secondary,SI,Slovenia,2020,Y25T64,ISCED11A_3_4,_T,75.7054,,%
oecd-emp-rate-upper-secondary,SI,Slovenia,2021,Y25T64,ISCED11A_3_4,_T,75.4707,,%
oecd-emp-rate-upper-secondary,SI,Slovenia,2022,Y25T64,ISCED11A_3_4,_T,77.8205,,%
oecd-emp-rate-upper-secondary,SI,Slovenia,2023,Y25T64,ISCED11A_3_4,_T,78.3522,,%
oecd-emp-rate-upper-secondary,SI,Slovenia,2024,Y25T64,ISCED11A_3_4,_T,78.9341,,%
oecd-emp-rate-upper-secondary,SI,Slovenia,2025,Y25T64,ISCED11A_3_4,_T,79.1535,,%
oecd-emp-rate-upper-secondary,SK,Slovakia,2010,Y25T64,ISCED11A_3_4,_T,69.9398,B,%
oecd-emp-rate-upper-secondary,SK,Slovakia,2011,Y25T64,ISCED11A_3_4,_T,70.1347,B,%
oecd-emp-rate-upper-secondary,SK,Slovakia,2012,Y25T64,ISCED11A_3_4,_T,70.2524,B,%
oecd-emp-rate-upper-secondary,SK,Slovakia,2013,Y25T64,ISCED11A_3_4,_T,69.9174,B,%
oecd-emp-rate-upper-secondary,SK,Slovakia,2014,Y25T64,ISCED11A_3_4,_T,71.1107,,%
oecd-emp-rate-upper-secondary,SK,Slovakia,2015,Y25T64,ISCED11A_3_4,_T,72.6061,,%
oecd-emp-rate-upper-secondary,SK,Slovakia,2016,Y25T64,ISCED11A_3_4,_T,74.3016,,%
oecd-emp-rate-upper-secondary,SK,Slovakia,2017,Y25T64,ISCED11A_3_4,_T,75.3674,,%
oecd-emp-rate-upper-secondary,SK,Slovakia,2018,Y25T64,ISCED11A_3_4,_T,76.8754,,%
oecd-emp-rate-upper-secondary,SK,Slovakia,2019,Y25T64,ISCED11A_3_4,_T,78.3888,,%
oecd-emp-rate-upper-secondary,SK,Slovakia,2020,Y25T64,ISCED11A_3_4,_T,76.9627,,%
oecd-emp-rate-upper-secondary,SK,Slovakia,2021,Y25T64,ISCED11A_3_4,_T,78.8379,,%
oecd-emp-rate-upper-secondary,SK,Slovakia,2022,Y25T64,ISCED11A_3_4,_T,80.4424,,%
oecd-emp-rate-upper-secondary,SK,Slovakia,2023,Y25T64,ISCED11A_3_4,_T,80.6505,,%
oecd-emp-rate-upper-secondary,SK,Slovakia,2024,Y25T64,ISCED11A_3_4,_T,81.5302,,%
oecd-emp-rate-upper-secondary,SK,Slovakia,2025,Y25T64,ISCED11A_3_4,_T,81.1054,,%
oecd-emp-rate-upper-secondary,TR,Türkiye,2010,Y25T64,ISCED11A_3_4,_T,60.0,B,%
oecd-emp-rate-upper-secondary,TR,Türkiye,2011,Y25T64,ISCED11A_3_4,_T,61.7473,B,%
oecd-emp-rate-upper-secondary,TR,Türkiye,2012,Y25T64,ISCED11A_3_4,_T,61.7055,B,%
oecd-emp-rate-upper-secondary,TR,Türkiye,2013,Y25T64,ISCED11A_3_4,_T,61.6856,B,%
oecd-emp-rate-upper-secondary,TR,Türkiye,2014,Y25T64,ISCED11A_3_4,_T,61.8795,,%
oecd-emp-rate-upper-secondary,TR,Türkiye,2015,Y25T64,ISCED11A_3_4,_T,62.071,,%
oecd-emp-rate-upper-secondary,TR,Türkiye,2016,Y25T64,ISCED11A_3_4,_T,61.9161,,%
oecd-emp-rate-upper-secondary,TR,Türkiye,2017,Y25T64,ISCED11A_3_4,_T,62.5492,,%
oecd-emp-rate-upper-secondary,TR,Türkiye,2018,Y25T64,ISCED11A_3_4,_T,63.1489,,%
oecd-emp-rate-upper-secondary,TR,Türkiye,2019,Y25T64,ISCED11A_3_4,_T,60.0256,,%
oecd-emp-rate-upper-secondary,TR,Türkiye,2021,Y25T64,ISCED11A_3_4,_T,59.4733,,%
oecd-emp-rate-upper-secondary,TR,Türkiye,2022,Y25T64,ISCED11A_3_4,_T,62.471,,%
oecd-emp-rate-upper-secondary,TR,Türkiye,2023,Y25T64,ISCED11A_3_4,_T,62.386,,%
oecd-emp-rate-upper-secondary,TR,Türkiye,2024,Y25T64,ISCED11A_3_4,_T,63.0101,,%
oecd-emp-rate-upper-secondary,TR,Türkiye,2025,Y25T64,ISCED11A_3_4,_T,62.1664,,%
oecd-emp-rate-upper-secondary,UK,United Kingdom,2010,Y25T64,ISCED11A_3_4,_T,78.1499,B,%
oecd-emp-rate-upper-secondary,UK,United Kingdom,2011,Y25T64,ISCED11A_3_4,_T,78.2004,B,%
oecd-emp-rate-upper-secondary,UK,United Kingdom,2012,Y25T64,ISCED11A_3_4,_T,78.7882,B,%
oecd-emp-rate-upper-secondary,UK,United Kingdom,2013,Y25T64,ISCED11A_3_4,_T,78.7416,B,%
oecd-emp-rate-upper-secondary,UK,United Kingdom,2014,Y25T64,ISCED11A_3_4,_T,79.9775,,%
oecd-emp-rate-upper-secondary,UK,United Kingdom,2015,Y25T64,ISCED11A_3_4,_T,79.996,,%
oecd-emp-rate-upper-secondary,UK,United Kingdom,2016,Y25T64,ISCED11A_3_4,_T,80.0959,,%
oecd-emp-rate-upper-secondary,UK,United Kingdom,2017,Y25T64,ISCED11A_3_4,_T,81.0254,,%
oecd-emp-rate-upper-secondary,UK,United Kingdom,2018,Y25T64,ISCED11A_3_4,_T,81.0766,,%
oecd-emp-rate-upper-secondary,UK,United Kingdom,2019,Y25T64,ISCED11A_3_4,_T,81.3825,,%
oecd-emp-rate-upper-secondary,UK,United Kingdom,2020,Y25T64,ISCED11A_3_4,_T,80.3265,,%
oecd-emp-rate-upper-secondary,UK,United Kingdom,2021,Y25T64,ISCED11A_3_4,_T,79.4893,,%
oecd-emp-rate-upper-secondary,UK,United Kingdom,2022,Y25T64,ISCED11A_3_4,_T,79.2795,,%
oecd-emp-rate-upper-secondary,UK,United Kingdom,2023,Y25T64,ISCED11A_3_4,_T,78.5988,,%
oecd-emp-rate-upper-secondary,UK,United Kingdom,2024,Y25T64,ISCED11A_3_4,_T,78.0003,,%
oecd-emp-rate-upper-secondary,UK,United Kingdom,2025,Y25T64,ISCED11A_3_4,_T,78.165,,%
