"SECTORKAMER NAAM","HOOFDGROEP NAAM","LEERWEG","NIVEAU","WOONPROVINCIE","JAAR_2021","JAAR_2022","JAAR_2023","JAAR_2024","JAAR_2025"
"Bovensectoraal","Economie en administratie","BBL","3","Gelderland",-1,0,0,0,0
"Bovensectoraal","Economie en administratie","BBL","3","Overijssel",0,-1,0,0,0
"Bovensectoraal","Economie en administratie","BBL","4","Utrecht",-1,0,0,0,0
"Bovensectoraal","Economie en administratie","BOLVT","3","DUITSLAND",-1,-1,0,0,0
"Bovensectoraal","Economie en administratie","BOLVT","3","Flevoland",7,-1,0,0,0
"Bovensectoraal","Economie en administratie","BOLVT","3","Friesland",8,10,0,0,0
"Bovensectoraal","Economie en administratie","BOLVT","3","Gelderland",60,27,-1,0,0
"Bovensectoraal","Economie en administratie","BOLVT","3","Noord-Brabant",-1,-1,-1,0,0
"Bovensectoraal","Economie en administratie","BOLVT","3","Noord-Holland",40,23,6,0,0
"Bovensectoraal","Economie en administratie","BOLVT","3","ONBEKEND",-1,0,0,0,0
"Bovensectoraal","Economie en administratie","BOLVT","3","Overijssel",18,15,6,-1,0
"Bovensectoraal","Economie en administratie","BOLVT","3","Utrecht",28,27,5,0,0
"Bovensectoraal","Economie en administratie","BOLVT","3","Zuid-Holland",103,44,19,-1,0
"Bovensectoraal","Economie en administratie","BOLVT","4","BELGIE",0,-1,0,0,0
"Bovensectoraal","Economie en administratie","BOLVT","4","Flevoland",17,10,7,-1,0
"Bovensectoraal","Economie en administratie","BOLVT","4","Friesland",109,79,34,8,0
"Bovensectoraal","Economie en administratie","BOLVT","4","Gelderland",-1,0,0,0,0
"Bovensectoraal","Economie en administratie","BOLVT","4","Groningen",6,5,-1,0,0
"Bovensectoraal","Economie en administratie","BOLVT","4","Limburg",17,38,15,-1,0
"Bovensectoraal","Economie en administratie","BOLVT","4","Noord-Brabant",76,103,57,30,0
"Bovensectoraal","Economie en administratie","BOLVT","4","Noord-Holland",250,158,82,25,0
"Bovensectoraal","Economie en administratie","BOLVT","4","ONBEKEND",-1,-1,0,0,0
"Bovensectoraal","Economie en administratie","BOLVT","4","Overijssel",22,19,10,-1,0
"Bovensectoraal","Economie en administratie","BOLVT","4","Utrecht",15,6,6,-1,0
"Bovensectoraal","Economie en administratie","BOLVT","4","Zeeland",-1,-1,-1,0,0
"Bovensectoraal","Economie en administratie","BOLVT","4","Zuid-Holland",59,86,33,18,0
"Bovensectoraal","Economie en administratie","EX","3","Gelderland",0,-1,-1,0,0
"Bovensectoraal","Economie en administratie","EX","3","Noord-Brabant",0,0,-1,0,0
"Bovensectoraal","Economie en administratie","EX","3","Noord-Holland",0,0,-1,0,0
"Bovensectoraal","Economie en administratie","EX","3","Utrecht",-1,-1,-1,-1,0
"Bovensectoraal","Economie en administratie","EX","3","Zuid-Holland",0,-1,-1,0,0
"Bovensectoraal","Economie en administratie","EX","4","Friesland",0,0,-1,0,0
"Bovensectoraal","Economie en administratie","EX","4","Noord-Holland",0,0,0,-1,0
"Bovensectoraal","Economie en administratie","EX","4","Overijssel",0,0,-1,0,0
"Bovensectoraal","Horeca en bakkerij","BOLVT","2","Gelderland",-1,0,0,0,0
"Bovensectoraal","Horeca en bakkerij","BOLVT","2","Noord-Holland",-1,0,0,0,0
"Bovensectoraal","Horeca en bakkerij","BOLVT","2","Utrecht",5,-1,0,0,0
"Bovensectoraal","Media en vormgeving","BOLVT","4","Drenthe",9,9,9,5,0
"Bovensectoraal","Media en vormgeving","BOLVT","4","Flevoland",22,10,-1,0,0
"Bovensectoraal","Media en vormgeving","BOLVT","4","Friesland",0,-1,0,0,0
"Bovensectoraal","Media en vormgeving","BOLVT","4","Gelderland",12,10,9,5,0
"Bovensectoraal","Media en vormgeving","BOLVT","4","Groningen",0,-1,-1,-1,0
"Bovensectoraal","Media en vormgeving","BOLVT","4","Limburg",-1,0,0,0,0
"Bovensectoraal","Media en vormgeving","BOLVT","4","Noord-Brabant",7,-1,-1,0,0
"Bovensectoraal","Media en vormgeving","BOLVT","4","Noord-Holland",26,7,-1,-1,0
"Bovensectoraal","Media en vormgeving","BOLVT","4","Overijssel",38,39,35,15,0
"Bovensectoraal","Media en vormgeving","BOLVT","4","Utrecht",10,6,-1,-1,0
"Bovensectoraal","Media en vormgeving","BOLVT","4","Zeeland",-1,-1,0,0,0
"Bovensectoraal","Media en vormgeving","BOLVT","4","Zuid-Holland",36,31,28,12,0
"Bovensectoraal","Techniek en procesindustrie","BOLVT","4","DUITSLAND",0,0,-1,0,0
"Bovensectoraal","Techniek en procesindustrie","BOLVT","4","Gelderland",30,34,24,11,0
"Bovensectoraal","Techniek en procesindustrie","BOLVT","4","Limburg",78,49,28,11,0
"Bovensectoraal","Techniek en procesindustrie","BOLVT","4","Noord-Brabant",12,12,7,-1,0
"Bovensectoraal","Techniek en procesindustrie","BOLVT","4","ONBEKEND",-1,-1,0,0,0
"Bovensectoraal","Techniek en procesindustrie","BOLVT","4","Overijssel",41,54,35,15,0
"Bovensectoraal","Techniek en procesindustrie","EX","4","Limburg",0,0,0,-1,0
"Bovensectoraal","Toerisme en recreatie","BBL","3","Noord-Brabant",-1,0,0,0,0
"Bovensectoraal","Toerisme en recreatie","BBL","3","Zuid-Holland",0,-1,0,0,0
"Bovensectoraal","Toerisme en recreatie","BBL","4","Flevoland",0,-1,0,0,0
"Bovensectoraal","Toerisme en recreatie","BBL","4","Gelderland",0,-1,-1,0,0
"Bovensectoraal","Toerisme en recreatie","BBL","4","Limburg",0,-1,-1,0,0
"Bovensectoraal","Toerisme en recreatie","BBL","4","Noord-Brabant",0,-1,-1,-1,0
"Bovensectoraal","Toerisme en recreatie","BBL","4","Overijssel",0,-1,-1,0,0
"Bovensectoraal","Toerisme en recreatie","BBL","4","Utrecht",0,-1,-1,0,0
"Bovensectoraal","Toerisme en recreatie","BBL","4","Zuid-Holland",0,-1,-1,-1,0
"Bovensectoraal","Toerisme en recreatie","BOLVT","3","Noord-Brabant",-1,0,0,0,0
"Bovensectoraal","Toerisme en recreatie","BOLVT","4","Gelderland",-1,0,0,0,0
"Bovensectoraal","Toerisme en recreatie","BOLVT","4","Noord-Brabant",11,-1,0,0,0
"Bovensectoraal","Uiterlijke verzorging","BOLVT","3","Noord-Holland",-1,0,0,0,0
"Bovensectoraal","Veiligheid en sport","BBL","2","DUITSLAND",-1,-1,0,0,0
"Bovensectoraal","Veiligheid en sport","BBL","2","Drenthe",-1,-1,-1,0,0
"Bovensectoraal","Veiligheid en sport","BBL","2","Flevoland",5,6,-1,0,0
"Bovensectoraal","Veiligheid en sport","BBL","2","Friesland",-1,5,-1,0,0
"Bovensectoraal","Veiligheid en sport","BBL","2","Gelderland",20,21,6,0,0
"Bovensectoraal","Veiligheid en sport","BBL","2","Groningen",9,8,-1,0,0
"Bovensectoraal","Veiligheid en sport","BBL","2","Limburg",9,-1,5,0,0
"Bovensectoraal","Veiligheid en sport","BBL","2","Noord-Brabant",32,16,15,0,0
"Bovensectoraal","Veiligheid en sport","BBL","2","Noord-Holland",16,12,12,0,0
"Bovensectoraal","Veiligheid en sport","BBL","2","ONBEKEND",0,0,-1,0,0
"Bovensectoraal","Veiligheid en sport","BBL","2","Overijssel",13,7,-1,0,0
"Bovensectoraal","Veiligheid en sport","BBL","2","Utrecht",-1,-1,7,0,0
"Bovensectoraal","Veiligheid en sport","BBL","2","Zeeland",-1,-1,-1,0,0
"Bovensectoraal","Veiligheid en sport","BBL","2","Zuid-Holland",23,18,17,0,0
"Bovensectoraal","Veiligheid en sport","EX","2","Drenthe",-1,0,0,0,0
"Bovensectoraal","Veiligheid en sport","EX","2","Flevoland",0,0,-1,0,0
"Bovensectoraal","Veiligheid en sport","EX","2","Friesland",-1,0,0,0,0
"Bovensectoraal","Veiligheid en sport","EX","2","Gelderland",-1,-1,-1,0,0
"Bovensectoraal","Veiligheid en sport","EX","2","Groningen",-1,-1,0,0,0
"Bovensectoraal","Veiligheid en sport","EX","2","Limburg",-1,-1,0,0,0
"Bovensectoraal","Veiligheid en sport","EX","2","Noord-Brabant",0,0,0,-1,0
"Bovensectoraal","Veiligheid en sport","EX","2","Noord-Holland",-1,-1,-1,0,0
"Bovensectoraal","Veiligheid en sport","EX","2","Overijssel",0,-1,0,0,0
"Bovensectoraal","Veiligheid en sport","EX","2","Utrecht",0,0,-1,0,0
"Bovensectoraal","Veiligheid en sport","EX","2","Zuid-Holland",0,-1,-1,-1,0
"Bovensectoraal","Voedsel, natuur en leefomgeving","BOLVT","4","Gelderland",0,19,18,15,0
"Bovensectoraal","Voedsel, natuur en leefomgeving","BOLVT","4","Limburg",0,-1,-1,-1,0
"Bovensectoraal","Voedsel, natuur en leefomgeving","BOLVT","4","Noord-Brabant",0,7,7,7,0
"Bovensectoraal","Voedsel, natuur en leefomgeving","BOLVT","4","Utrecht",0,-1,0,0,0
"Bovensectoraal","Voedsel, natuur en leefomgeving","BOLVT","4","Zuid-Holland",0,-1,0,-1,0
"Bovensectoraal","Zorg en welzijn","BOLVT","3","DUITSLAND",-1,-1,-1,-1,0
"Bovensectoraal","Zorg en welzijn","BOLVT","3","Gelderland",-1,-1,-1,0,0
"Bovensectoraal","Zorg en welzijn","BOLVT","3","Noord-Holland",-1,-1,0,0,0
"Bovensectoraal","Zorg en welzijn","BOLVT","3","Overijssel",25,17,10,-1,0
"Bovensectoraal","Zorg en welzijn","BOLVT","3","Zuid-Holland",9,0,0,0,0
"Bovensectoraal","Zorg en welzijn","BOLVT","4","DUITSLAND",0,-1,-1,-1,0
"Bovensectoraal","Zorg en welzijn","BOLVT","4","Drenthe",14,17,15,5,0
"Bovensectoraal","Zorg en welzijn","BOLVT","4","Flevoland",0,0,-1,-1,0
"Bovensectoraal","Zorg en welzijn","BOLVT","4","Friesland",9,6,-1,-1,0
"Bovensectoraal","Zorg en welzijn","BOLVT","4","Gelderland",0,-1,-1,-1,0
"Bovensectoraal","Zorg en welzijn","BOLVT","4","Groningen",64,80,80,31,0
"Bovensectoraal","Zorg en welzijn","BOLVT","4","Limburg",11,19,12,5,0
"Bovensectoraal","Zorg en welzijn","BOLVT","4","Noord-Brabant",0,18,21,8,0
"Bovensectoraal","Zorg en welzijn","BOLVT","4","Noord-Holland",25,35,35,-1,0
"Bovensectoraal","Zorg en welzijn","BOLVT","4","ONBEKEND",-1,0,0,0,0
"Bovensectoraal","Zorg en welzijn","BOLVT","4","Utrecht",-1,-1,-1,0,0
"Bovensectoraal","Zorg en welzijn","BOLVT","4","Zuid-Holland",0,-1,7,0,0
"Entree","Entree","BBL","1","BELGIE",-1,-1,-1,-1,-1
"Entree","Entree","BBL","1","DUITSLAND",-1,-1,-1,0,-1
"Entree","Entree","BBL","1","Drenthe",59,73,81,80,82
"Entree","Entree","BBL","1","Flevoland",54,46,88,105,120
"Entree","Entree","BBL","1","Friesland",118,147,153,137,141
"Entree","Entree","BBL","1","Gelderland",314,340,371,422,418
"Entree","Entree","BBL","1","Groningen",149,144,135,128,169
"Entree","Entree","BBL","1","Limburg",104,107,115,104,121
"Entree","Entree","BBL","1","Noord-Brabant",392,464,539,520,624
"Entree","Entree","BBL","1","Noord-Holland",670,761,719,822,844
"Entree","Entree","BBL","1","ONBEKEND",52,65,39,60,12
"Entree","Entree","BBL","1","OVERIG BUITENLAND",0,0,8,-1,11
"Entree","Entree","BBL","1","Overijssel",189,203,199,195,231
"Entree","Entree","BBL","1","Utrecht",219,184,225,253,272
"Entree","Entree","BBL","1","Zeeland",74,91,155,210,182
"Entree","Entree","BBL","1","Zuid-Holland",722,761,939,1085,1007
"Entree","Entree","BOLVT","1","BELGIE",8,7,5,11,8
"Entree","Entree","BOLVT","1","DUITSLAND",7,-1,-1,10,6
"Entree","Entree","BOLVT","1","Drenthe",325,293,362,411,464
"Entree","Entree","BOLVT","1","Flevoland",374,378,384,483,618
"Entree","Entree","BOLVT","1","Friesland",729,727,804,876,1017
"Entree","Entree","BOLVT","1","Gelderland",1015,986,1116,1348,1532
"Entree","Entree","BOLVT","1","Groningen",463,391,441,525,666
"Entree","Entree","BOLVT","1","Limburg",635,590,598,734,809
"Entree","Entree","BOLVT","1","Noord-Brabant",1257,1143,1350,1608,1804
"Entree","Entree","BOLVT","1","Noord-Holland",1848,1690,2153,2512,2557
"Entree","Entree","BOLVT","1","ONBEKEND",74,67,26,21,23
"Entree","Entree","BOLVT","1","OVERIG BUITENLAND",9,9,10,20,18
"Entree","Entree","BOLVT","1","Overijssel",698,711,853,986,1091
"Entree","Entree","BOLVT","1","Utrecht",601,622,747,810,898
"Entree","Entree","BOLVT","1","Zeeland",196,249,245,299,313
"Entree","Entree","BOLVT","1","Zuid-Holland",2892,2895,3188,3701,4087
"Entree","Entree","EX","1","BELGIE",0,0,-1,0,0
"Entree","Entree","EX","1","DUITSLAND",0,0,0,-1,-1
"Entree","Entree","EX","1","Drenthe",70,53,89,81,147
"Entree","Entree","EX","1","Flevoland",170,132,142,139,158
"Entree","Entree","EX","1","Friesland",73,70,61,-1,9
"Entree","Entree","EX","1","Gelderland",211,240,248,252,217
"Entree","Entree","EX","1","Groningen",19,-1,11,17,28
"Entree","Entree","EX","1","Limburg",-1,-1,0,6,6
"Entree","Entree","EX","1","Noord-Brabant",299,256,328,363,358
"Entree","Entree","EX","1","Noord-Holland",374,429,390,411,421
"Entree","Entree","EX","1","ONBEKEND",16,23,-1,-1,-1
"Entree","Entree","EX","1","OVERIG BUITENLAND",-1,0,0,5,0
"Entree","Entree","EX","1","Overijssel",137,166,192,263,237
"Entree","Entree","EX","1","Utrecht",104,79,59,72,78
"Entree","Entree","EX","1","Zeeland",94,46,67,55,115
"Entree","Entree","EX","1","Zuid-Holland",197,222,131,216,208
"Handel","Afbouw, hout en onderhoud","BBL","2","Drenthe",-1,-1,-1,-1,5
"Handel","Afbouw, hout en onderhoud","BBL","2","Flevoland",-1,-1,-1,-1,-1
"Handel","Afbouw, hout en onderhoud","BBL","2","Friesland",-1,-1,-1,-1,-1
"Handel","Afbouw, hout en onderhoud","BBL","2","Gelderland",9,10,-1,6,9
"Handel","Afbouw, hout en onderhoud","BBL","2","Groningen",0,6,-1,5,13
"Handel","Afbouw, hout en onderhoud","BBL","2","Limburg",-1,-1,-1,0,-1
"Handel","Afbouw, hout en onderhoud","BBL","2","Noord-Brabant",14,12,9,12,12
"Handel","Afbouw, hout en onderhoud","BBL","2","Noord-Holland",-1,-1,8,11,9
"Handel","Afbouw, hout en onderhoud","BBL","2","ONBEKEND",-1,-1,0,0,0
"Handel","Afbouw, hout en onderhoud","BBL","2","Overijssel",13,15,13,10,9
"Handel","Afbouw, hout en onderhoud","BBL","2","Utrecht",6,13,16,8,14
"Handel","Afbouw, hout en onderhoud","BBL","2","Zeeland",0,-1,-1,-1,0
"Handel","Afbouw, hout en onderhoud","BBL","2","Zuid-Holland",8,12,18,8,10
"Handel","Afbouw, hout en onderhoud","BBL","3","Drenthe",-1,-1,-1,-1,-1
"Handel","Afbouw, hout en onderhoud","BBL","3","Flevoland",-1,-1,0,-1,-1
"Handel","Afbouw, hout en onderhoud","BBL","3","Friesland",-1,-1,-1,-1,-1
"Handel","Afbouw, hout en onderhoud","BBL","3","Gelderland",20,20,21,17,9
"Handel","Afbouw, hout en onderhoud","BBL","3","Groningen",-1,-1,0,0,-1
"Handel","Afbouw, hout en onderhoud","BBL","3","Limburg",-1,5,-1,-1,-1
"Handel","Afbouw, hout en onderhoud","BBL","3","Noord-Brabant",13,16,12,12,21
"Handel","Afbouw, hout en onderhoud","BBL","3","Noord-Holland",11,11,6,7,6
"Handel","Afbouw, hout en onderhoud","BBL","3","Overijssel",9,15,15,19,18
"Handel","Afbouw, hout en onderhoud","BBL","3","Utrecht",14,13,12,12,15
"Handel","Afbouw, hout en onderhoud","BBL","3","Zeeland",-1,-1,5,6,5
"Handel","Afbouw, hout en onderhoud","BBL","3","Zuid-Holland",19,23,19,23,18
"Handel","Afbouw, hout en onderhoud","EX","2","Drenthe",0,-1,0,0,0
"Handel","Afbouw, hout en onderhoud","EX","2","Gelderland",-1,0,-1,0,0
"Handel","Afbouw, hout en onderhoud","EX","2","Groningen",-1,0,0,0,0
"Handel","Afbouw, hout en onderhoud","EX","2","Limburg",0,0,0,-1,0
"Handel","Afbouw, hout en onderhoud","EX","2","Noord-Brabant",0,-1,-1,0,0
"Handel","Afbouw, hout en onderhoud","EX","2","Noord-Holland",0,-1,-1,0,0
"Handel","Afbouw, hout en onderhoud","EX","2","Overijssel",-1,-1,-1,-1,0
"Handel","Afbouw, hout en onderhoud","EX","2","Utrecht",0,0,0,-1,-1
"Handel","Afbouw, hout en onderhoud","EX","3","Drenthe",-1,0,0,0,0
"Handel","Afbouw, hout en onderhoud","EX","3","Limburg",0,0,0,0,-1
"Handel","Afbouw, hout en onderhoud","EX","3","Noord-Brabant",0,0,-1,0,-1
"Handel","Afbouw, hout en onderhoud","EX","3","Noord-Holland",0,0,0,0,-1
"Handel","Afbouw, hout en onderhoud","EX","3","OVERIG BUITENLAND",0,0,0,-1,0
"Handel","Afbouw, hout en onderhoud","EX","3","Utrecht",0,0,0,-1,-1
"Handel","Afbouw, hout en onderhoud","EX","3","Zuid-Holland",0,0,-1,0,0
"Handel","Economie en administratie","BBL","3","DUITSLAND",-1,-1,0,0,0
"Handel","Economie en administratie","BBL","3","Drenthe",18,8,11,10,13
"Handel","Economie en administratie","BBL","3","Flevoland",10,10,5,6,-1
"Handel","Economie en administratie","BBL","3","Friesland",14,10,9,16,17
"Handel","Economie en administratie","BBL","3","Gelderland",72,49,36,35,36
"Handel","Economie en administratie","BBL","3","Groningen",13,11,9,-1,-1
"Handel","Economie en administratie","BBL","3","Limburg",-1,0,-1,5,7
"Handel","Economie en administratie","BBL","3","Noord-Brabant",41,34,42,24,18
"Handel","Economie en administratie","BBL","3","Noord-Holland",9,-1,-1,0,-1
"Handel","Economie en administratie","BBL","3","ONBEKEND",-1,0,0,0,0
"Handel","Economie en administratie","BBL","3","Overijssel",65,63,58,62,56
"Handel","Economie en administratie","BBL","3","Utrecht",17,11,9,-1,0
"Handel","Economie en administratie","BBL","3","Zeeland",5,-1,5,-1,-1
"Handel","Economie en administratie","BBL","3","Zuid-Holland",37,17,39,42,16
"Handel","Economie en administratie","BBL","4","DUITSLAND",-1,-1,0,-1,0
"Handel","Economie en administratie","BBL","4","Drenthe",14,15,17,17,21
"Handel","Economie en administratie","BBL","4","Flevoland",20,22,22,15,23
"Handel","Economie en administratie","BBL","4","Friesland",30,32,29,29,22
"Handel","Economie en administratie","BBL","4","Gelderland",94,109,114,116,114
"Handel","Economie en administratie","BBL","4","Groningen",5,7,23,13,7
"Handel","Economie en administratie","BBL","4","Limburg",-1,-1,12,11,14
"Handel","Economie en administratie","BBL","4","Noord-Brabant",32,29,25,39,63
"Handel","Economie en administratie","BBL","4","Noord-Holland",13,10,14,7,7
"Handel","Economie en administratie","BBL","4","ONBEKEND",0,-1,0,0,0
"Handel","Economie en administratie","BBL","4","Overijssel",60,49,70,77,75
"Handel","Economie en administratie","BBL","4","Utrecht",33,36,27,29,25
"Handel","Economie en administratie","BBL","4","Zeeland",13,14,19,17,24
"Handel","Economie en administratie","BBL","4","Zuid-Holland",84,110,112,88,128
"Handel","Economie en administratie","BOLVT","3","BELGIE",-1,-1,0,0,0
"Handel","Economie en administratie","BOLVT","3","DUITSLAND",-1,-1,0,-1,-1
"Handel","Economie en administratie","BOLVT","3","Drenthe",25,17,16,11,25
"Handel","Economie en administratie","BOLVT","3","Flevoland",41,42,24,16,24
"Handel","Economie en administratie","BOLVT","3","Friesland",85,81,58,40,52
"Handel","Economie en administratie","BOLVT","3","Gelderland",97,66,44,29,36
"Handel","Economie en administratie","BOLVT","3","Groningen",42,27,20,9,20
"Handel","Economie en administratie","BOLVT","3","Limburg",71,44,42,47,40
"Handel","Economie en administratie","BOLVT","3","Noord-Brabant",184,126,103,76,62
"Handel","Economie en administratie","BOLVT","3","Noord-Holland",140,119,107,106,108
"Handel","Economie en administratie","BOLVT","3","ONBEKEND",0,-1,0,0,0
"Handel","Economie en administratie","BOLVT","3","OVERIG BUITENLAND",0,-1,0,-1,0
"Handel","Economie en administratie","BOLVT","3","Overijssel",120,97,68,66,82
"Handel","Economie en administratie","BOLVT","3","Utrecht",45,13,7,9,12
"Handel","Economie en administratie","BOLVT","3","Zeeland",41,29,28,30,24
"Handel","Economie en administratie","BOLVT","3","Zuid-Holland",135,112,114,92,81
"Handel","Economie en administratie","BOLVT","4","BELGIE",-1,10,10,15,12
"Handel","Economie en administratie","BOLVT","4","DUITSLAND",6,9,10,7,8
"Handel","Economie en administratie","BOLVT","4","Drenthe",279,291,284,291,299
"Handel","Economie en administratie","BOLVT","4","Flevoland",415,389,327,343,331
"Handel","Economie en administratie","BOLVT","4","Friesland",385,334,288,247,208
"Handel","Economie en administratie","BOLVT","4","Gelderland",1261,1187,1059,1032,1018
"Handel","Economie en administratie","BOLVT","4","Groningen",431,391,387,348,331
"Handel","Economie en administratie","BOLVT","4","Limburg",443,412,432,418,412
"Handel","Economie en administratie","BOLVT","4","Noord-Brabant",1874,1860,1754,1790,1806
"Handel","Economie en administratie","BOLVT","4","Noord-Holland",1259,1278,1182,1209,1154
"Handel","Economie en administratie","BOLVT","4","ONBEKEND",19,9,8,-1,-1
"Handel","Economie en administratie","BOLVT","4","OVERIG BUITENLAND",0,-1,7,0,-1
"Handel","Economie en administratie","BOLVT","4","Overijssel",1098,1052,1070,1000,879
"Handel","Economie en administratie","BOLVT","4","Utrecht",755,695,669,672,744
"Handel","Economie en administratie","BOLVT","4","Zeeland",182,169,173,176,164
"Handel","Economie en administratie","BOLVT","4","Zuid-Holland",2739,2616,2514,2436,2473
"Handel","Economie en administratie","EX","3","Drenthe",0,-1,0,-1,0
"Handel","Economie en administratie","EX","3","Flevoland",5,-1,-1,8,-1
"Handel","Economie en administratie","EX","3","Friesland",-1,-1,-1,-1,-1
"Handel","Economie en administratie","EX","3","Gelderland",8,8,7,12,14
"Handel","Economie en administratie","EX","3","Groningen",-1,-1,-1,0,-1
"Handel","Economie en administratie","EX","3","Limburg",-1,-1,6,-1,-1
"Handel","Economie en administratie","EX","3","Noord-Brabant",8,15,11,11,8
"Handel","Economie en administratie","EX","3","Noord-Holland",-1,5,-1,-1,-1
"Handel","Economie en administratie","EX","3","ONBEKEND",0,0,0,0,-1
"Handel","Economie en administratie","EX","3","OVERIG BUITENLAND",-1,0,0,0,0
"Handel","Economie en administratie","EX","3","Overijssel",6,9,7,5,7
"Handel","Economie en administratie","EX","3","Utrecht",5,-1,0,-1,-1
"Handel","Economie en administratie","EX","3","Zeeland",8,6,-1,7,5
"Handel","Economie en administratie","EX","3","Zuid-Holland",18,14,8,11,13
"Handel","Economie en administratie","EX","4","DUITSLAND",0,0,0,-1,-1
"Handel","Economie en administratie","EX","4","Drenthe",-1,6,12,9,-1
"Handel","Economie en administratie","EX","4","Flevoland",11,6,9,8,-1
"Handel","Economie en administratie","EX","4","Friesland",-1,8,7,5,-1
"Handel","Economie en administratie","EX","4","Gelderland",31,34,38,35,20
"Handel","Economie en administratie","EX","4","Groningen",7,5,16,-1,-1
"Handel","Economie en administratie","EX","4","Limburg",-1,6,6,10,12
"Handel","Economie en administratie","EX","4","Noord-Brabant",26,52,51,32,28
"Handel","Economie en administratie","EX","4","Noord-Holland",6,24,14,23,7
"Handel","Economie en administratie","EX","4","ONBEKEND",-1,-1,0,0,-1
"Handel","Economie en administratie","EX","4","Overijssel",27,41,31,23,20
"Handel","Economie en administratie","EX","4","Utrecht",38,30,24,19,7
"Handel","Economie en administratie","EX","4","Zeeland",-1,7,5,-1,7
"Handel","Economie en administratie","EX","4","Zuid-Holland",52,60,108,76,52
"Handel","Handel en ondernemerschap","BBL","2","BELGIE",0,0,-1,-1,0
"Handel","Handel en ondernemerschap","BBL","2","DUITSLAND",0,-1,-1,-1,0
"Handel","Handel en ondernemerschap","BBL","2","Drenthe",47,46,58,57,53
"Handel","Handel en ondernemerschap","BBL","2","Flevoland",48,49,44,52,49
"Handel","Handel en ondernemerschap","BBL","2","Friesland",47,53,64,87,75
"Handel","Handel en ondernemerschap","BBL","2","Gelderland",214,195,226,218,178
"Handel","Handel en ondernemerschap","BBL","2","Groningen",32,45,45,40,33
"Handel","Handel en ondernemerschap","BBL","2","Limburg",93,118,136,136,119
"Handel","Handel en ondernemerschap","BBL","2","Noord-Brabant",247,235,206,232,250
"Handel","Handel en ondernemerschap","BBL","2","Noord-Holland",197,200,214,212,174
"Handel","Handel en ondernemerschap","BBL","2","ONBEKEND",0,-1,-1,-1,-1
"Handel","Handel en ondernemerschap","BBL","2","Overijssel",133,124,121,107,108
"Handel","Handel en ondernemerschap","BBL","2","Utrecht",106,94,96,95,102
"Handel","Handel en ondernemerschap","BBL","2","Zeeland",64,66,64,59,48
"Handel","Handel en ondernemerschap","BBL","2","Zuid-Holland",253,252,245,243,255
"Handel","Handel en ondernemerschap","BBL","3","BELGIE",-1,-1,-1,-1,-1
"Handel","Handel en ondernemerschap","BBL","3","DUITSLAND",-1,-1,5,-1,-1
"Handel","Handel en ondernemerschap","BBL","3","Drenthe",136,142,132,122,95
"Handel","Handel en ondernemerschap","BBL","3","Flevoland",78,61,67,61,54
"Handel","Handel en ondernemerschap","BBL","3","Friesland",135,123,108,90,73
"Handel","Handel en ondernemerschap","BBL","3","Gelderland",411,384,325,317,252
"Handel","Handel en ondernemerschap","BBL","3","Groningen",98,99,88,65,52
"Handel","Handel en ondernemerschap","BBL","3","Limburg",156,192,194,194,160
"Handel","Handel en ondernemerschap","BBL","3","Noord-Brabant",360,391,304,284,258
"Handel","Handel en ondernemerschap","BBL","3","Noord-Holland",263,246,235,211,193
"Handel","Handel en ondernemerschap","BBL","3","ONBEKEND",7,6,0,0,0
"Handel","Handel en ondernemerschap","BBL","3","Overijssel",255,248,202,209,194
"Handel","Handel en ondernemerschap","BBL","3","Utrecht",134,115,104,97,92
"Handel","Handel en ondernemerschap","BBL","3","Zeeland",68,76,75,82,76
"Handel","Handel en ondernemerschap","BBL","3","Zuid-Holland",407,408,346,293,240
"Handel","Handel en ondernemerschap","BBL","4","BELGIE",-1,5,-1,7,6
"Handel","Handel en ondernemerschap","BBL","4","DUITSLAND",-1,-1,-1,5,9
"Handel","Handel en ondernemerschap","BBL","4","Drenthe",215,203,188,188,183
"Handel","Handel en ondernemerschap","BBL","4","Flevoland",162,134,126,148,119
"Handel","Handel en ondernemerschap","BBL","4","Friesland",321,285,293,270,265
"Handel","Handel en ondernemerschap","BBL","4","Gelderland",624,576,582,614,517
"Handel","Handel en ondernemerschap","BBL","4","Groningen",187,207,184,170,163
"Handel","Handel en ondernemerschap","BBL","4","Limburg",231,251,281,260,260
"Handel","Handel en ondernemerschap","BBL","4","Noord-Brabant",620,602,545,551,535
"Handel","Handel en ondernemerschap","BBL","4","Noord-Holland",609,597,617,585,543
"Handel","Handel en ondernemerschap","BBL","4","ONBEKEND",9,7,7,8,9
"Handel","Handel en ondernemerschap","BBL","4","OVERIG BUITENLAND",0,0,0,-1,18
"Handel","Handel en ondernemerschap","BBL","4","Overijssel",409,397,428,411,334
"Handel","Handel en ondernemerschap","BBL","4","Utrecht",287,249,232,225,211
"Handel","Handel en ondernemerschap","BBL","4","Zeeland",103,98,103,100,94
"Handel","Handel en ondernemerschap","BBL","4","Zuid-Holland",633,575,628,643,665
"Handel","Handel en ondernemerschap","BOLVT","2","BELGIE",-1,-1,-1,-1,-1
"Handel","Handel en ondernemerschap","BOLVT","2","DUITSLAND",-1,-1,-1,-1,-1
"Handel","Handel en ondernemerschap","BOLVT","2","Drenthe",105,85,88,88,90
"Handel","Handel en ondernemerschap","BOLVT","2","Flevoland",196,207,175,165,99
"Handel","Handel en ondernemerschap","BOLVT","2","Friesland",246,222,174,168,215
"Handel","Handel en ondernemerschap","BOLVT","2","Gelderland",386,355,325,298,277
"Handel","Handel en ondernemerschap","BOLVT","2","Groningen",107,79,78,82,74
"Handel","Handel en ondernemerschap","BOLVT","2","Limburg",250,198,179,188,179
"Handel","Handel en ondernemerschap","BOLVT","2","Noord-Brabant",476,430,371,335,371
"Handel","Handel en ondernemerschap","BOLVT","2","Noord-Holland",895,723,620,568,499
"Handel","Handel en ondernemerschap","BOLVT","2","ONBEKEND",16,13,5,-1,-1
"Handel","Handel en ondernemerschap","BOLVT","2","OVERIG BUITENLAND",-1,-1,-1,0,-1
"Handel","Handel en ondernemerschap","BOLVT","2","Overijssel",395,300,246,220,207
"Handel","Handel en ondernemerschap","BOLVT","2","Utrecht",162,115,128,93,103
"Handel","Handel en ondernemerschap","BOLVT","2","Zeeland",58,49,49,55,42
"Handel","Handel en ondernemerschap","BOLVT","2","Zuid-Holland",1276,1117,1037,963,938
"Handel","Handel en ondernemerschap","BOLVT","3","BELGIE",0,0,0,0,-1
"Handel","Handel en ondernemerschap","BOLVT","3","DUITSLAND",-1,10,-1,6,-1
"Handel","Handel en ondernemerschap","BOLVT","3","Drenthe",76,81,82,63,52
"Handel","Handel en ondernemerschap","BOLVT","3","Flevoland",80,54,43,24,27
"Handel","Handel en ondernemerschap","BOLVT","3","Friesland",173,127,108,111,88
"Handel","Handel en ondernemerschap","BOLVT","3","Gelderland",223,154,117,90,79
"Handel","Handel en ondernemerschap","BOLVT","3","Groningen",92,99,69,69,51
"Handel","Handel en ondernemerschap","BOLVT","3","Limburg",166,135,81,69,77
"Handel","Handel en ondernemerschap","BOLVT","3","Noord-Brabant",232,169,140,126,115
"Handel","Handel en ondernemerschap","BOLVT","3","Noord-Holland",643,465,327,231,209
"Handel","Handel en ondernemerschap","BOLVT","3","ONBEKEND",6,-1,-1,0,-1
"Handel","Handel en ondernemerschap","BOLVT","3","Overijssel",269,228,185,187,159
"Handel","Handel en ondernemerschap","BOLVT","3","Utrecht",84,60,34,16,23
"Handel","Handel en ondernemerschap","BOLVT","3","Zeeland",21,23,18,22,18
"Handel","Handel en ondernemerschap","BOLVT","3","Zuid-Holland",770,685,520,435,335
"Handel","Handel en ondernemerschap","BOLVT","4","BELGIE",9,23,18,15,10
"Handel","Handel en ondernemerschap","BOLVT","4","DUITSLAND",17,17,23,26,18
"Handel","Handel en ondernemerschap","BOLVT","4","Drenthe",547,548,512,513,502
"Handel","Handel en ondernemerschap","BOLVT","4","Flevoland",460,461,442,487,484
"Handel","Handel en ondernemerschap","BOLVT","4","Friesland",753,723,719,750,797
"Handel","Handel en ondernemerschap","BOLVT","4","Gelderland",1740,1592,1651,1771,1790
"Handel","Handel en ondernemerschap","BOLVT","4","Groningen",517,427,420,429,454
"Handel","Handel en ondernemerschap","BOLVT","4","Limburg",672,596,528,582,636
"Handel","Handel en ondernemerschap","BOLVT","4","Noord-Brabant",1951,1801,1851,2085,2194
"Handel","Handel en ondernemerschap","BOLVT","4","Noord-Holland",2446,2336,2282,2224,2228
"Handel","Handel en ondernemerschap","BOLVT","4","ONBEKEND",16,21,14,-1,10
"Handel","Handel en ondernemerschap","BOLVT","4","OVERIG BUITENLAND",-1,-1,-1,-1,-1
"Handel","Handel en ondernemerschap","BOLVT","4","Overijssel",1490,1398,1383,1460,1450
"Handel","Handel en ondernemerschap","BOLVT","4","Utrecht",722,683,663,716,713
"Handel","Handel en ondernemerschap","BOLVT","4","Zeeland",187,154,165,131,130
"Handel","Handel en ondernemerschap","BOLVT","4","Zuid-Holland",3016,2890,2868,2947,2927
"Handel","Handel en ondernemerschap","EX","2","DUITSLAND",0,0,-1,0,0
"Handel","Handel en ondernemerschap","EX","2","Drenthe",-1,-1,-1,5,-1
"Handel","Handel en ondernemerschap","EX","2","Flevoland",7,5,5,-1,-1
"Handel","Handel en ondernemerschap","EX","2","Friesland",11,-1,12,5,-1
"Handel","Handel en ondernemerschap","EX","2","Gelderland",30,20,19,15,16
"Handel","Handel en ondernemerschap","EX","2","Groningen",-1,0,-1,-1,-1
"Handel","Handel en ondernemerschap","EX","2","Limburg",9,-1,-1,-1,-1
"Handel","Handel en ondernemerschap","EX","2","Noord-Brabant",27,30,24,21,12
"Handel","Handel en ondernemerschap","EX","2","Noord-Holland",37,22,27,9,17
"Handel","Handel en ondernemerschap","EX","2","Overijssel",12,13,11,13,7
"Handel","Handel en ondernemerschap","EX","2","Utrecht",24,13,12,12,6
"Handel","Handel en ondernemerschap","EX","2","Zeeland",5,7,8,-1,5
"Handel","Handel en ondernemerschap","EX","2","Zuid-Holland",36,41,37,38,22
"Handel","Handel en ondernemerschap","EX","3","BELGIE",0,0,0,0,-1
"Handel","Handel en ondernemerschap","EX","3","Drenthe",10,-1,-1,-1,-1
"Handel","Handel en ondernemerschap","EX","3","Flevoland",8,9,-1,10,-1
"Handel","Handel en ondernemerschap","EX","3","Friesland",20,5,15,9,-1
"Handel","Handel en ondernemerschap","EX","3","Gelderland",30,27,27,12,26
"Handel","Handel en ondernemerschap","EX","3","Groningen",-1,-1,-1,-1,-1
"Handel","Handel en ondernemerschap","EX","3","Limburg",18,8,7,7,6
"Handel","Handel en ondernemerschap","EX","3","Noord-Brabant",55,20,19,21,16
"Handel","Handel en ondernemerschap","EX","3","Noord-Holland",51,34,35,22,17
"Handel","Handel en ondernemerschap","EX","3","Overijssel",16,17,17,7,-1
"Handel","Handel en ondernemerschap","EX","3","Utrecht",19,7,11,6,-1
"Handel","Handel en ondernemerschap","EX","3","Zeeland",14,5,-1,-1,-1
"Handel","Handel en ondernemerschap","EX","3","Zuid-Holland",51,33,46,28,10
"Handel","Handel en ondernemerschap","EX","4","BELGIE",0,0,0,0,-1
"Handel","Handel en ondernemerschap","EX","4","DUITSLAND",0,-1,0,-1,-1
"Handel","Handel en ondernemerschap","EX","4","Drenthe",9,20,21,22,21
"Handel","Handel en ondernemerschap","EX","4","Flevoland",10,18,18,12,11
"Handel","Handel en ondernemerschap","EX","4","Friesland",27,19,16,10,12
"Handel","Handel en ondernemerschap","EX","4","Gelderland",88,100,82,77,82
"Handel","Handel en ondernemerschap","EX","4","Groningen",18,11,-1,-1,-1
"Handel","Handel en ondernemerschap","EX","4","Limburg",22,16,11,20,13
"Handel","Handel en ondernemerschap","EX","4","Noord-Brabant",126,121,73,74,45
"Handel","Handel en ondernemerschap","EX","4","Noord-Holland",70,94,75,34,47
"Handel","Handel en ondernemerschap","EX","4","ONBEKEND",-1,5,0,0,0
"Handel","Handel en ondernemerschap","EX","4","OVERIG BUITENLAND",0,0,0,-1,-1
"Handel","Handel en ondernemerschap","EX","4","Overijssel",55,51,56,30,35
"Handel","Handel en ondernemerschap","EX","4","Utrecht",47,50,38,24,17
"Handel","Handel en ondernemerschap","EX","4","Zeeland",26,23,14,10,20
"Handel","Handel en ondernemerschap","EX","4","Zuid-Holland",91,86,94,80,70
"Ict en creatieve industrie","Informatie en communicatietechnologie","BBL","2","Drenthe",0,0,0,-1,-1
"Ict en creatieve industrie","Informatie en communicatietechnologie","BBL","2","Flevoland",-1,-1,0,0,0
"Ict en creatieve industrie","Informatie en communicatietechnologie","BBL","2","Friesland",-1,0,0,0,-1
"Ict en creatieve industrie","Informatie en communicatietechnologie","BBL","2","Gelderland",0,-1,-1,5,6
"Ict en creatieve industrie","Informatie en communicatietechnologie","BBL","2","Groningen",0,0,0,0,-1
"Ict en creatieve industrie","Informatie en communicatietechnologie","BBL","2","Noord-Brabant",0,0,0,-1,0
"Ict en creatieve industrie","Informatie en communicatietechnologie","BBL","2","Noord-Holland",0,0,0,-1,7
"Ict en creatieve industrie","Informatie en communicatietechnologie","BBL","2","Overijssel",12,11,12,10,10
"Ict en creatieve industrie","Informatie en communicatietechnologie","BBL","2","Zuid-Holland",0,0,0,0,-1
"Ict en creatieve industrie","Informatie en communicatietechnologie","BBL","3","BELGIE",0,-1,-1,0,0
"Ict en creatieve industrie","Informatie en communicatietechnologie","BBL","3","DUITSLAND",0,-1,0,0,0
"Ict en creatieve industrie","Informatie en communicatietechnologie","BBL","3","Drenthe",-1,-1,-1,0,-1
"Ict en creatieve industrie","Informatie en communicatietechnologie","BBL","3","Flevoland",7,6,5,-1,0
"Ict en creatieve industrie","Informatie en communicatietechnologie","BBL","3","Friesland",10,11,12,11,11
"Ict en creatieve industrie","Informatie en communicatietechnologie","BBL","3","Gelderland",14,24,26,26,23
"Ict en creatieve industrie","Informatie en communicatietechnologie","BBL","3","Groningen",0,0,0,0,-1
"Ict en creatieve industrie","Informatie en communicatietechnologie","BBL","3","Limburg",0,-1,6,-1,-1
"Ict en creatieve industrie","Informatie en communicatietechnologie","BBL","3","Noord-Brabant",13,16,21,19,16
"Ict en creatieve industrie","Informatie en communicatietechnologie","BBL","3","Noord-Holland",-1,6,15,16,14
"Ict en creatieve industrie","Informatie en communicatietechnologie","BBL","3","ONBEKEND",-1,0,0,0,-1
"Ict en creatieve industrie","Informatie en communicatietechnologie","BBL","3","Overijssel",34,37,40,42,37
"Ict en creatieve industrie","Informatie en communicatietechnologie","BBL","3","Utrecht",11,11,8,14,10
"Ict en creatieve industrie","Informatie en communicatietechnologie","BBL","3","Zeeland",-1,-1,-1,-1,-1
"Ict en creatieve industrie","Informatie en communicatietechnologie","BBL","3","Zuid-Holland",14,13,14,9,11
"Ict en creatieve industrie","Informatie en communicatietechnologie","BBL","4","BELGIE",-1,0,0,-1,0
"Ict en creatieve industrie","Informatie en communicatietechnologie","BBL","4","DUITSLAND",-1,-1,-1,-1,-1
"Ict en creatieve industrie","Informatie en communicatietechnologie","BBL","4","Drenthe",18,21,17,12,16
"Ict en creatieve industrie","Informatie en communicatietechnologie","BBL","4","Flevoland",48,46,42,30,28
"Ict en creatieve industrie","Informatie en communicatietechnologie","BBL","4","Friesland",35,45,52,50,52
"Ict en creatieve industrie","Informatie en communicatietechnologie","BBL","4","Gelderland",147,140,152,154,152
"Ict en creatieve industrie","Informatie en communicatietechnologie","BBL","4","Groningen",24,37,34,26,34
"Ict en creatieve industrie","Informatie en communicatietechnologie","BBL","4","Limburg",13,17,14,15,15
"Ict en creatieve industrie","Informatie en communicatietechnologie","BBL","4","Noord-Brabant",84,91,111,113,135
"Ict en creatieve industrie","Informatie en communicatietechnologie","BBL","4","Noord-Holland",105,114,94,89,69
"Ict en creatieve industrie","Informatie en communicatietechnologie","BBL","4","ONBEKEND",-1,-1,-1,0,0
"Ict en creatieve industrie","Informatie en communicatietechnologie","BBL","4","Overijssel",123,118,149,128,116
"Ict en creatieve industrie","Informatie en communicatietechnologie","BBL","4","Utrecht",72,70,74,54,51
"Ict en creatieve industrie","Informatie en communicatietechnologie","BBL","4","Zeeland",11,13,17,19,17
"Ict en creatieve industrie","Informatie en communicatietechnologie","BBL","4","Zuid-Holland",191,203,191,202,205
"Ict en creatieve industrie","Informatie en communicatietechnologie","BOLVT","2","BELGIE",-1,-1,-1,-1,-1
"Ict en creatieve industrie","Informatie en communicatietechnologie","BOLVT","2","DUITSLAND",-1,-1,-1,-1,-1
"Ict en creatieve industrie","Informatie en communicatietechnologie","BOLVT","2","Drenthe",112,98,79,85,70
"Ict en creatieve industrie","Informatie en communicatietechnologie","BOLVT","2","Flevoland",178,198,170,104,86
"Ict en creatieve industrie","Informatie en communicatietechnologie","BOLVT","2","Friesland",89,103,117,109,93
"Ict en creatieve industrie","Informatie en communicatietechnologie","BOLVT","2","Gelderland",228,201,182,201,201
"Ict en creatieve industrie","Informatie en communicatietechnologie","BOLVT","2","Groningen",137,103,120,110,104
"Ict en creatieve industrie","Informatie en communicatietechnologie","BOLVT","2","Limburg",162,141,152,143,124
"Ict en creatieve industrie","Informatie en communicatietechnologie","BOLVT","2","Noord-Brabant",371,371,379,420,445
"Ict en creatieve industrie","Informatie en communicatietechnologie","BOLVT","2","Noord-Holland",353,342,289,288,304
"Ict en creatieve industrie","Informatie en communicatietechnologie","BOLVT","2","ONBEKEND",8,-1,-1,-1,-1
"Ict en creatieve industrie","Informatie en communicatietechnologie","BOLVT","2","OVERIG BUITENLAND",-1,0,0,-1,-1
"Ict en creatieve industrie","Informatie en communicatietechnologie","BOLVT","2","Overijssel",186,158,163,167,178
"Ict en creatieve industrie","Informatie en communicatietechnologie","BOLVT","2","Utrecht",141,134,122,157,228
"Ict en creatieve industrie","Informatie en communicatietechnologie","BOLVT","2","Zeeland",55,50,59,64,65
"Ict en creatieve industrie","Informatie en communicatietechnologie","BOLVT","2","Zuid-Holland",412,420,422,414,408
"Ict en creatieve industrie","Informatie en communicatietechnologie","BOLVT","3","BELGIE",-1,-1,-1,-1,-1
"Ict en creatieve industrie","Informatie en communicatietechnologie","BOLVT","3","DUITSLAND",-1,-1,5,5,-1
"Ict en creatieve industrie","Informatie en communicatietechnologie","BOLVT","3","Drenthe",107,78,61,73,65
"Ict en creatieve industrie","Informatie en communicatietechnologie","BOLVT","3","Flevoland",133,106,106,109,109
"Ict en creatieve industrie","Informatie en communicatietechnologie","BOLVT","3","Friesland",129,108,84,84,76
"Ict en creatieve industrie","Informatie en communicatietechnologie","BOLVT","3","Gelderland",364,311,244,204,209
"Ict en creatieve industrie","Informatie en communicatietechnologie","BOLVT","3","Groningen",196,147,103,118,113
"Ict en creatieve industrie","Informatie en communicatietechnologie","BOLVT","3","Limburg",221,206,175,155,142
"Ict en creatieve industrie","Informatie en communicatietechnologie","BOLVT","3","Noord-Brabant",412,364,326,291,241
"Ict en creatieve industrie","Informatie en communicatietechnologie","BOLVT","3","Noord-Holland",437,349,310,294,527
"Ict en creatieve industrie","Informatie en communicatietechnologie","BOLVT","3","ONBEKEND",8,9,6,0,-1
"Ict en creatieve industrie","Informatie en communicatietechnologie","BOLVT","3","OVERIG BUITENLAND",-1,0,0,-1,-1
"Ict en creatieve industrie","Informatie en communicatietechnologie","BOLVT","3","Overijssel",196,209,168,138,128
"Ict en creatieve industrie","Informatie en communicatietechnologie","BOLVT","3","Utrecht",139,130,104,95,116
"Ict en creatieve industrie","Informatie en communicatietechnologie","BOLVT","3","Zeeland",57,75,48,41,13
"Ict en creatieve industrie","Informatie en communicatietechnologie","BOLVT","3","Zuid-Holland",586,556,425,352,356
"Ict en creatieve industrie","Informatie en communicatietechnologie","BOLVT","4","BELGIE",12,15,17,19,14
"Ict en creatieve industrie","Informatie en communicatietechnologie","BOLVT","4","DUITSLAND",15,15,17,26,25
"Ict en creatieve industrie","Informatie en communicatietechnologie","BOLVT","4","Drenthe",526,533,487,455,395
"Ict en creatieve industrie","Informatie en communicatietechnologie","BOLVT","4","Flevoland",773,753,706,667,614
"Ict en creatieve industrie","Informatie en communicatietechnologie","BOLVT","4","Friesland",675,625,576,590,492
"Ict en creatieve industrie","Informatie en communicatietechnologie","BOLVT","4","Gelderland",1895,1678,1654,1549,1479
"Ict en creatieve industrie","Informatie en communicatietechnologie","BOLVT","4","Groningen",605,584,540,518,451
"Ict en creatieve industrie","Informatie en communicatietechnologie","BOLVT","4","Limburg",948,880,860,784,732
"Ict en creatieve industrie","Informatie en communicatietechnologie","BOLVT","4","Noord-Brabant",2368,2211,2077,1963,1732
"Ict en creatieve industrie","Informatie en communicatietechnologie","BOLVT","4","Noord-Holland",2879,2878,2878,2785,2347
"Ict en creatieve industrie","Informatie en communicatietechnologie","BOLVT","4","ONBEKEND",19,19,10,10,7
"Ict en creatieve industrie","Informatie en communicatietechnologie","BOLVT","4","OVERIG BUITENLAND",-1,-1,-1,-1,-1
"Ict en creatieve industrie","Informatie en communicatietechnologie","BOLVT","4","Overijssel",1225,1207,1086,984,858
"Ict en creatieve industrie","Informatie en communicatietechnologie","BOLVT","4","Utrecht",1179,1130,1115,1083,1002
"Ict en creatieve industrie","Informatie en communicatietechnologie","BOLVT","4","Zeeland",264,248,251,230,237
"Ict en creatieve industrie","Informatie en communicatietechnologie","BOLVT","4","Zuid-Holland",3901,3688,3512,3461,3337
"Ict en creatieve industrie","Informatie en communicatietechnologie","EX","2","Drenthe",0,-1,0,-1,0
"Ict en creatieve industrie","Informatie en communicatietechnologie","EX","2","Flevoland",0,-1,0,0,0
"Ict en creatieve industrie","Informatie en communicatietechnologie","EX","2","Friesland",-1,0,0,0,-1
"Ict en creatieve industrie","Informatie en communicatietechnologie","EX","2","Gelderland",-1,-1,-1,-1,0
"Ict en creatieve industrie","Informatie en communicatietechnologie","EX","2","Groningen",-1,0,-1,0,0
"Ict en creatieve industrie","Informatie en communicatietechnologie","EX","2","Limburg",0,-1,-1,-1,0
"Ict en creatieve industrie","Informatie en communicatietechnologie","EX","2","Noord-Brabant",0,-1,-1,0,-1
"Ict en creatieve industrie","Informatie en communicatietechnologie","EX","2","Noord-Holland",6,-1,6,-1,-1
"Ict en creatieve industrie","Informatie en communicatietechnologie","EX","2","ONBEKEND",-1,0,0,0,0
"Ict en creatieve industrie","Informatie en communicatietechnologie","EX","2","Overijssel",-1,0,-1,-1,-1
"Ict en creatieve industrie","Informatie en communicatietechnologie","EX","2","Zeeland",101,84,0,-1,0
"Ict en creatieve industrie","Informatie en communicatietechnologie","EX","2","Zuid-Holland",6,-1,11,18,9
"Ict en creatieve industrie","Informatie en communicatietechnologie","EX","3","BELGIE",0,0,-1,-1,0
"Ict en creatieve industrie","Informatie en communicatietechnologie","EX","3","DUITSLAND",0,0,-1,0,0
"Ict en creatieve industrie","Informatie en communicatietechnologie","EX","3","Drenthe",-1,-1,-1,-1,-1
"Ict en creatieve industrie","Informatie en communicatietechnologie","EX","3","Flevoland",-1,-1,0,-1,0
"Ict en creatieve industrie","Informatie en communicatietechnologie","EX","3","Friesland",-1,-1,-1,-1,0
"Ict en creatieve industrie","Informatie en communicatietechnologie","EX","3","Gelderland",9,6,9,6,-1
"Ict en creatieve industrie","Informatie en communicatietechnologie","EX","3","Groningen",0,-1,7,-1,0
"Ict en creatieve industrie","Informatie en communicatietechnologie","EX","3","Limburg",-1,5,5,-1,-1
"Ict en creatieve industrie","Informatie en communicatietechnologie","EX","3","Noord-Brabant",-1,-1,-1,-1,6
"Ict en creatieve industrie","Informatie en communicatietechnologie","EX","3","Noord-Holland",16,10,22,11,14
"Ict en creatieve industrie","Informatie en communicatietechnologie","EX","3","ONBEKEND",0,0,-1,-1,0
"Ict en creatieve industrie","Informatie en communicatietechnologie","EX","3","Overijssel",6,0,-1,-1,-1
"Ict en creatieve industrie","Informatie en communicatietechnologie","EX","3","Utrecht",0,-1,8,6,10
"Ict en creatieve industrie","Informatie en communicatietechnologie","EX","3","Zeeland",0,0,-1,0,0
"Ict en creatieve industrie","Informatie en communicatietechnologie","EX","3","Zuid-Holland",6,10,12,22,13
"Ict en creatieve industrie","Informatie en communicatietechnologie","EX","4","Drenthe",-1,7,9,-1,5
"Ict en creatieve industrie","Informatie en communicatietechnologie","EX","4","Flevoland",9,6,10,10,-1
"Ict en creatieve industrie","Informatie en communicatietechnologie","EX","4","Friesland",6,6,6,-1,-1
"Ict en creatieve industrie","Informatie en communicatietechnologie","EX","4","Gelderland",27,30,21,18,13
"Ict en creatieve industrie","Informatie en communicatietechnologie","EX","4","Groningen",-1,7,11,11,9
"Ict en creatieve industrie","Informatie en communicatietechnologie","EX","4","Limburg",28,16,9,9,6
"Ict en creatieve industrie","Informatie en communicatietechnologie","EX","4","Noord-Brabant",10,10,11,11,7
"Ict en creatieve industrie","Informatie en communicatietechnologie","EX","4","Noord-Holland",29,26,24,27,23
"Ict en creatieve industrie","Informatie en communicatietechnologie","EX","4","ONBEKEND",0,0,0,0,-1
"Ict en creatieve industrie","Informatie en communicatietechnologie","EX","4","Overijssel",15,30,26,9,15
"Ict en creatieve industrie","Informatie en communicatietechnologie","EX","4","Utrecht",10,23,7,14,10
"Ict en creatieve industrie","Informatie en communicatietechnologie","EX","4","Zeeland",-1,0,9,0,-1
"Ict en creatieve industrie","Informatie en communicatietechnologie","EX","4","Zuid-Holland",48,56,78,62,48
"Ict en creatieve industrie","Media en vormgeving","BBL","2","Drenthe",0,-1,-1,0,0
"Ict en creatieve industrie","Media en vormgeving","BBL","2","Flevoland",-1,0,0,0,0
"Ict en creatieve industrie","Media en vormgeving","BBL","2","Friesland",-1,-1,-1,0,0
"Ict en creatieve industrie","Media en vormgeving","BBL","2","Gelderland",-1,5,-1,6,8
"Ict en creatieve industrie","Media en vormgeving","BBL","2","Groningen",-1,-1,0,0,0
"Ict en creatieve industrie","Media en vormgeving","BBL","2","Limburg",-1,0,0,0,0
"Ict en creatieve industrie","Media en vormgeving","BBL","2","Noord-Brabant",5,7,5,-1,-1
"Ict en creatieve industrie","Media en vormgeving","BBL","2","Noord-Holland",5,-1,-1,-1,-1
"Ict en creatieve industrie","Media en vormgeving","BBL","2","Utrecht",-1,-1,-1,6,-1
"Ict en creatieve industrie","Media en vormgeving","BBL","2","Zeeland",-1,-1,-1,-1,-1
"Ict en creatieve industrie","Media en vormgeving","BBL","2","Zuid-Holland",17,22,17,22,16
"Ict en creatieve industrie","Media en vormgeving","BBL","3","Drenthe",0,-1,0,0,0
"Ict en creatieve industrie","Media en vormgeving","BBL","3","Flevoland",-1,-1,-1,0,0
"Ict en creatieve industrie","Media en vormgeving","BBL","3","Friesland",-1,0,0,0,0
"Ict en creatieve industrie","Media en vormgeving","BBL","3","Gelderland",10,15,7,-1,-1
"Ict en creatieve industrie","Media en vormgeving","BBL","3","Groningen",-1,0,0,0,0
"Ict en creatieve industrie","Media en vormgeving","BBL","3","Limburg",-1,-1,-1,-1,0
"Ict en creatieve industrie","Media en vormgeving","BBL","3","Noord-Brabant",13,5,6,-1,7
"Ict en creatieve industrie","Media en vormgeving","BBL","3","Noord-Holland",7,12,11,8,5
"Ict en creatieve industrie","Media en vormgeving","BBL","3","Overijssel",-1,6,5,-1,-1
"Ict en creatieve industrie","Media en vormgeving","BBL","3","Utrecht",-1,-1,0,-1,-1
"Ict en creatieve industrie","Media en vormgeving","BBL","3","Zeeland",0,-1,-1,-1,-1
"Ict en creatieve industrie","Media en vormgeving","BBL","3","Zuid-Holland",6,7,-1,5,5
"Ict en creatieve industrie","Media en vormgeving","BBL","4","BELGIE",0,0,0,-1,0
"Ict en creatieve industrie","Media en vormgeving","BBL","4","Drenthe",-1,0,0,0,0
"Ict en creatieve industrie","Media en vormgeving","BBL","4","Flevoland",0,-1,-1,0,-1
"Ict en creatieve industrie","Media en vormgeving","BBL","4","Friesland",-1,-1,-1,0,0
"Ict en creatieve industrie","Media en vormgeving","BBL","4","Gelderland",-1,-1,-1,5,10
"Ict en creatieve industrie","Media en vormgeving","BBL","4","Groningen",-1,0,0,0,-1
"Ict en creatieve industrie","Media en vormgeving","BBL","4","Noord-Brabant",8,7,6,6,15
"Ict en creatieve industrie","Media en vormgeving","BBL","4","Noord-Holland",-1,0,-1,7,13
"Ict en creatieve industrie","Media en vormgeving","BBL","4","Overijssel",-1,-1,-1,-1,-1
"Ict en creatieve industrie","Media en vormgeving","BBL","4","Utrecht",0,0,-1,8,-1
"Ict en creatieve industrie","Media en vormgeving","BBL","4","Zeeland",-1,-1,-1,5,-1
"Ict en creatieve industrie","Media en vormgeving","BBL","4","Zuid-Holland",0,-1,24,29,21
"Ict en creatieve industrie","Media en vormgeving","BOLVT","2","BELGIE",0,0,-1,-1,0
"Ict en creatieve industrie","Media en vormgeving","BOLVT","2","DUITSLAND",-1,-1,0,-1,0
"Ict en creatieve industrie","Media en vormgeving","BOLVT","2","Drenthe",15,20,19,15,20
"Ict en creatieve industrie","Media en vormgeving","BOLVT","2","Flevoland",30,25,28,20,20
"Ict en creatieve industrie","Media en vormgeving","BOLVT","2","Friesland",78,82,95,101,86
"Ict en creatieve industrie","Media en vormgeving","BOLVT","2","Gelderland",250,212,196,214,242
"Ict en creatieve industrie","Media en vormgeving","BOLVT","2","Groningen",20,19,15,16,21
"Ict en creatieve industrie","Media en vormgeving","BOLVT","2","Limburg",44,33,39,42,47
"Ict en creatieve industrie","Media en vormgeving","BOLVT","2","Noord-Brabant",157,133,138,145,139
"Ict en creatieve industrie","Media en vormgeving","BOLVT","2","Noord-Holland",217,207,199,180,188
"Ict en creatieve industrie","Media en vormgeving","BOLVT","2","ONBEKEND",-1,0,-1,-1,-1
"Ict en creatieve industrie","Media en vormgeving","BOLVT","2","OVERIG BUITENLAND",0,-1,-1,-1,0
"Ict en creatieve industrie","Media en vormgeving","BOLVT","2","Overijssel",116,125,113,110,104
"Ict en creatieve industrie","Media en vormgeving","BOLVT","2","Utrecht",134,117,117,134,126
"Ict en creatieve industrie","Media en vormgeving","BOLVT","2","Zeeland",19,14,10,10,5
"Ict en creatieve industrie","Media en vormgeving","BOLVT","2","Zuid-Holland",234,231,228,245,246
"Ict en creatieve industrie","Media en vormgeving","BOLVT","3","BELGIE",0,0,-1,0,-1
"Ict en creatieve industrie","Media en vormgeving","BOLVT","3","DUITSLAND",6,-1,-1,-1,-1
"Ict en creatieve industrie","Media en vormgeving","BOLVT","3","Drenthe",49,47,59,53,53
"Ict en creatieve industrie","Media en vormgeving","BOLVT","3","Flevoland",62,51,55,61,51
"Ict en creatieve industrie","Media en vormgeving","BOLVT","3","Friesland",78,67,50,48,52
"Ict en creatieve industrie","Media en vormgeving","BOLVT","3","Gelderland",207,179,158,164,156
"Ict en creatieve industrie","Media en vormgeving","BOLVT","3","Groningen",57,56,52,37,27
"Ict en creatieve industrie","Media en vormgeving","BOLVT","3","Limburg",63,55,62,61,66
"Ict en creatieve industrie","Media en vormgeving","BOLVT","3","Noord-Brabant",95,105,98,151,133
"Ict en creatieve industrie","Media en vormgeving","BOLVT","3","Noord-Holland",273,239,221,197,166
"Ict en creatieve industrie","Media en vormgeving","BOLVT","3","ONBEKEND",0,-1,-1,-1,-1
"Ict en creatieve industrie","Media en vormgeving","BOLVT","3","Overijssel",182,189,218,188,198
"Ict en creatieve industrie","Media en vormgeving","BOLVT","3","Utrecht",77,87,88,97,90
"Ict en creatieve industrie","Media en vormgeving","BOLVT","3","Zeeland",17,12,12,18,18
"Ict en creatieve industrie","Media en vormgeving","BOLVT","3","Zuid-Holland",201,224,246,264,280
"Ict en creatieve industrie","Media en vormgeving","BOLVT","4","BELGIE",13,18,19,19,22
"Ict en creatieve industrie","Media en vormgeving","BOLVT","4","DUITSLAND",19,17,16,12,19
"Ict en creatieve industrie","Media en vormgeving","BOLVT","4","Drenthe",525,531,529,499,479
"Ict en creatieve industrie","Media en vormgeving","BOLVT","4","Flevoland",663,646,592,569,558
"Ict en creatieve industrie","Media en vormgeving","BOLVT","4","Friesland",901,892,841,835,803
"Ict en creatieve industrie","Media en vormgeving","BOLVT","4","Gelderland",2798,2595,2597,2537,2436
"Ict en creatieve industrie","Media en vormgeving","BOLVT","4","Groningen",621,618,656,578,603
"Ict en creatieve industrie","Media en vormgeving","BOLVT","4","Limburg",939,914,904,902,899
"Ict en creatieve industrie","Media en vormgeving","BOLVT","4","Noord-Brabant",3748,3613,3395,3385,3419
"Ict en creatieve industrie","Media en vormgeving","BOLVT","4","Noord-Holland",3039,2887,2820,2690,2667
"Ict en creatieve industrie","Media en vormgeving","BOLVT","4","ONBEKEND",12,14,8,-1,7
"Ict en creatieve industrie","Media en vormgeving","BOLVT","4","OVERIG BUITENLAND",-1,0,-1,-1,-1
"Ict en creatieve industrie","Media en vormgeving","BOLVT","4","Overijssel",1641,1486,1440,1456,1463
"Ict en creatieve industrie","Media en vormgeving","BOLVT","4","Utrecht",2047,1904,1928,1828,1845
"Ict en creatieve industrie","Media en vormgeving","BOLVT","4","Zeeland",296,281,286,267,262
"Ict en creatieve industrie","Media en vormgeving","BOLVT","4","Zuid-Holland",3516,3511,3395,3395,3285
"Ict en creatieve industrie","Media en vormgeving","EX","2","Drenthe",0,-1,-1,0,0
"Ict en creatieve industrie","Media en vormgeving","EX","2","Flevoland",-1,-1,-1,0,-1
"Ict en creatieve industrie","Media en vormgeving","EX","2","Friesland",0,0,0,-1,-1
"Ict en creatieve industrie","Media en vormgeving","EX","2","Gelderland",-1,-1,-1,-1,-1
"Ict en creatieve industrie","Media en vormgeving","EX","2","Limburg",0,-1,-1,-1,0
"Ict en creatieve industrie","Media en vormgeving","EX","2","Noord-Brabant",-1,0,-1,0,0
"Ict en creatieve industrie","Media en vormgeving","EX","2","Noord-Holland",-1,-1,0,-1,-1
"Ict en creatieve industrie","Media en vormgeving","EX","2","ONBEKEND",-1,0,0,0,0
"Ict en creatieve industrie","Media en vormgeving","EX","2","OVERIG BUITENLAND",0,0,0,-1,-1
"Ict en creatieve industrie","Media en vormgeving","EX","2","Overijssel",0,-1,0,-1,-1
"Ict en creatieve industrie","Media en vormgeving","EX","2","Utrecht",0,-1,0,0,0
"Ict en creatieve industrie","Media en vormgeving","EX","2","Zuid-Holland",-1,0,-1,-1,0
"Ict en creatieve industrie","Media en vormgeving","EX","3","Drenthe",-1,-1,0,0,-1
"Ict en creatieve industrie","Media en vormgeving","EX","3","Flevoland",0,0,0,0,-1
"Ict en creatieve industrie","Media en vormgeving","EX","3","Friesland",0,0,0,-1,-1
"Ict en creatieve industrie","Media en vormgeving","EX","3","Gelderland",-1,-1,-1,-1,-1
"Ict en creatieve industrie","Media en vormgeving","EX","3","Groningen",0,0,-1,-1,0
"Ict en creatieve industrie","Media en vormgeving","EX","3","Limburg",0,-1,0,0,0
"Ict en creatieve industrie","Media en vormgeving","EX","3","Noord-Brabant",-1,-1,0,-1,5
"Ict en creatieve industrie","Media en vormgeving","EX","3","Noord-Holland",-1,-1,-1,-1,5
"Ict en creatieve industrie","Media en vormgeving","EX","3","Overijssel",-1,-1,-1,-1,0
"Ict en creatieve industrie","Media en vormgeving","EX","3","Utrecht",-1,0,-1,-1,-1
"Ict en creatieve industrie","Media en vormgeving","EX","3","Zeeland",-1,-1,-1,-1,-1
"Ict en creatieve industrie","Media en vormgeving","EX","3","Zuid-Holland",-1,0,0,-1,-1
"Ict en creatieve industrie","Media en vormgeving","EX","4","Drenthe",5,-1,-1,6,-1
"Ict en creatieve industrie","Media en vormgeving","EX","4","Flevoland",0,10,8,6,-1
"Ict en creatieve industrie","Media en vormgeving","EX","4","Friesland",5,-1,8,8,-1
"Ict en creatieve industrie","Media en vormgeving","EX","4","Gelderland",9,6,6,6,15
"Ict en creatieve industrie","Media en vormgeving","EX","4","Groningen",6,9,14,-1,6
"Ict en creatieve industrie","Media en vormgeving","EX","4","Limburg",-1,-1,0,-1,-1
"Ict en creatieve industrie","Media en vormgeving","EX","4","Noord-Brabant",-1,11,9,6,8
"Ict en creatieve industrie","Media en vormgeving","EX","4","Noord-Holland",-1,10,7,-1,8
"Ict en creatieve industrie","Media en vormgeving","EX","4","Overijssel",9,17,-1,9,8
"Ict en creatieve industrie","Media en vormgeving","EX","4","Utrecht",-1,8,-1,5,-1
"Ict en creatieve industrie","Media en vormgeving","EX","4","Zeeland",0,-1,-1,0,-1
"Ict en creatieve industrie","Media en vormgeving","EX","4","Zuid-Holland",-1,-1,-1,9,7
"Ict en creatieve industrie","Uiterlijke verzorging","BOLVT","4","BELGIE",0,0,-1,-1,-1
"Ict en creatieve industrie","Uiterlijke verzorging","BOLVT","4","DUITSLAND",-1,-1,-1,0,0
"Ict en creatieve industrie","Uiterlijke verzorging","BOLVT","4","Drenthe",-1,0,0,0,-1
"Ict en creatieve industrie","Uiterlijke verzorging","BOLVT","4","Flevoland",-1,-1,-1,-1,-1
"Ict en creatieve industrie","Uiterlijke verzorging","BOLVT","4","Friesland",0,-1,0,-1,0
"Ict en creatieve industrie","Uiterlijke verzorging","BOLVT","4","Gelderland",67,56,55,55,59
"Ict en creatieve industrie","Uiterlijke verzorging","BOLVT","4","Limburg",-1,6,5,-1,5
"Ict en creatieve industrie","Uiterlijke verzorging","BOLVT","4","Noord-Brabant",14,14,12,11,12
"Ict en creatieve industrie","Uiterlijke verzorging","BOLVT","4","Noord-Holland",61,52,49,49,57
"Ict en creatieve industrie","Uiterlijke verzorging","BOLVT","4","Overijssel",-1,-1,5,8,7
"Ict en creatieve industrie","Uiterlijke verzorging","BOLVT","4","Utrecht",24,15,19,21,15
"Ict en creatieve industrie","Uiterlijke verzorging","BOLVT","4","Zeeland",0,0,0,-1,-1
"Ict en creatieve industrie","Uiterlijke verzorging","BOLVT","4","Zuid-Holland",15,12,14,12,12
"Ict en creatieve industrie","Uiterlijke verzorging","EX","4","Gelderland",0,-1,0,0,0
"Ict en creatieve industrie","Uiterlijke verzorging","EX","4","Zuid-Holland",0,-1,0,0,0
"Ict en creatieve industrie","Zorg en welzijn","BOLVT","4","BELGIE",7,8,7,10,7
"Ict en creatieve industrie","Zorg en welzijn","BOLVT","4","DUITSLAND",-1,-1,-1,-1,-1
"Ict en creatieve industrie","Zorg en welzijn","BOLVT","4","Drenthe",64,68,82,88,95
"Ict en creatieve industrie","Zorg en welzijn","BOLVT","4","Flevoland",93,87,73,81,89
"Ict en creatieve industrie","Zorg en welzijn","BOLVT","4","Friesland",164,143,143,175,168
"Ict en creatieve industrie","Zorg en welzijn","BOLVT","4","Gelderland",341,322,361,376,379
"Ict en creatieve industrie","Zorg en welzijn","BOLVT","4","Groningen",138,117,117,123,136
"Ict en creatieve industrie","Zorg en welzijn","BOLVT","4","Limburg",129,123,127,136,142
"Ict en creatieve industrie","Zorg en welzijn","BOLVT","4","Noord-Brabant",310,348,375,372,384
"Ict en creatieve industrie","Zorg en welzijn","BOLVT","4","Noord-Holland",557,541,536,551,564
"Ict en creatieve industrie","Zorg en welzijn","BOLVT","4","ONBEKEND",7,-1,-1,0,0
"Ict en creatieve industrie","Zorg en welzijn","BOLVT","4","OVERIG BUITENLAND",0,-1,0,0,0
"Ict en creatieve industrie","Zorg en welzijn","BOLVT","4","Overijssel",198,175,191,201,196
"Ict en creatieve industrie","Zorg en welzijn","BOLVT","4","Utrecht",221,197,198,221,235
"Ict en creatieve industrie","Zorg en welzijn","BOLVT","4","Zeeland",11,8,7,6,-1
"Ict en creatieve industrie","Zorg en welzijn","BOLVT","4","Zuid-Holland",406,360,377,405,429
"Ict en creatieve industrie","Zorg en welzijn","EX","4","Drenthe",0,-1,-1,-1,-1
"Ict en creatieve industrie","Zorg en welzijn","EX","4","Friesland",0,0,-1,-1,-1
"Ict en creatieve industrie","Zorg en welzijn","EX","4","Gelderland",-1,0,0,-1,-1
"Ict en creatieve industrie","Zorg en welzijn","EX","4","Groningen",-1,-1,0,0,0
"Ict en creatieve industrie","Zorg en welzijn","EX","4","Limburg",-1,0,-1,0,-1
"Ict en creatieve industrie","Zorg en welzijn","EX","4","Noord-Brabant",-1,-1,-1,-1,-1
"Ict en creatieve industrie","Zorg en welzijn","EX","4","Noord-Holland",-1,0,-1,0,0
"Ict en creatieve industrie","Zorg en welzijn","EX","4","Overijssel",-1,-1,0,0,-1
"Ict en creatieve industrie","Zorg en welzijn","EX","4","Utrecht",-1,0,-1,-1,5
"Ict en creatieve industrie","Zorg en welzijn","EX","4","Zuid-Holland",-1,-1,5,-1,0
"Mobiliteit, transport, logistiek en maritiem","Mobiliteit en voertuigen","BBL","2","BELGIE",0,0,0,0,-1
"Mobiliteit, transport, logistiek en maritiem","Mobiliteit en voertuigen","BBL","2","DUITSLAND",-1,-1,-1,-1,-1
"Mobiliteit, transport, logistiek en maritiem","Mobiliteit en voertuigen","BBL","2","Drenthe",76,69,67,73,82
"Mobiliteit, transport, logistiek en maritiem","Mobiliteit en voertuigen","BBL","2","Flevoland",69,59,59,80,80
"Mobiliteit, transport, logistiek en maritiem","Mobiliteit en voertuigen","BBL","2","Friesland",91,112,89,103,99
"Mobiliteit, transport, logistiek en maritiem","Mobiliteit en voertuigen","BBL","2","Gelderland",391,382,432,482,488
"Mobiliteit, transport, logistiek en maritiem","Mobiliteit en voertuigen","BBL","2","Groningen",59,63,56,53,59
"Mobiliteit, transport, logistiek en maritiem","Mobiliteit en voertuigen","BBL","2","Limburg",97,100,105,104,100
"Mobiliteit, transport, logistiek en maritiem","Mobiliteit en voertuigen","BBL","2","Noord-Brabant",369,404,439,487,449
"Mobiliteit, transport, logistiek en maritiem","Mobiliteit en voertuigen","BBL","2","Noord-Holland",385,381,384,414,428
"Mobiliteit, transport, logistiek en maritiem","Mobiliteit en voertuigen","BBL","2","ONBEKEND",6,5,-1,5,6
"Mobiliteit, transport, logistiek en maritiem","Mobiliteit en voertuigen","BBL","2","Overijssel",172,182,199,211,228
"Mobiliteit, transport, logistiek en maritiem","Mobiliteit en voertuigen","BBL","2","Utrecht",234,233,211,235,260
"Mobiliteit, transport, logistiek en maritiem","Mobiliteit en voertuigen","BBL","2","Zeeland",94,105,95,101,94
"Mobiliteit, transport, logistiek en maritiem","Mobiliteit en voertuigen","BBL","2","Zuid-Holland",572,462,485,534,575
"Mobiliteit, transport, logistiek en maritiem","Mobiliteit en voertuigen","BBL","3","BELGIE",-1,-1,7,7,11
"Mobiliteit, transport, logistiek en maritiem","Mobiliteit en voertuigen","BBL","3","DUITSLAND",6,6,10,12,8
"Mobiliteit, transport, logistiek en maritiem","Mobiliteit en voertuigen","BBL","3","Drenthe",146,156,184,181,220
"Mobiliteit, transport, logistiek en maritiem","Mobiliteit en voertuigen","BBL","3","Flevoland",126,137,135,149,157
"Mobiliteit, transport, logistiek en maritiem","Mobiliteit en voertuigen","BBL","3","Friesland",286,284,283,280,280
"Mobiliteit, transport, logistiek en maritiem","Mobiliteit en voertuigen","BBL","3","Gelderland",714,713,753,852,870
"Mobiliteit, transport, logistiek en maritiem","Mobiliteit en voertuigen","BBL","3","Groningen",119,114,148,157,184
"Mobiliteit, transport, logistiek en maritiem","Mobiliteit en voertuigen","BBL","3","Limburg",230,248,283,295,311
"Mobiliteit, transport, logistiek en maritiem","Mobiliteit en voertuigen","BBL","3","Noord-Brabant",788,801,803,876,956
"Mobiliteit, transport, logistiek en maritiem","Mobiliteit en voertuigen","BBL","3","Noord-Holland",597,605,634,648,709
"Mobiliteit, transport, logistiek en maritiem","Mobiliteit en voertuigen","BBL","3","ONBEKEND",7,9,8,12,15
"Mobiliteit, transport, logistiek en maritiem","Mobiliteit en voertuigen","BBL","3","Overijssel",434,475,510,541,553
"Mobiliteit, transport, logistiek en maritiem","Mobiliteit en voertuigen","BBL","3","Utrecht",408,408,399,356,377
"Mobiliteit, transport, logistiek en maritiem","Mobiliteit en voertuigen","BBL","3","Zeeland",188,182,201,212,211
"Mobiliteit, transport, logistiek en maritiem","Mobiliteit en voertuigen","BBL","3","Zuid-Holland",923,954,963,1021,1078
"Mobiliteit, transport, logistiek en maritiem","Mobiliteit en voertuigen","BBL","4","BELGIE",-1,0,-1,-1,5
"Mobiliteit, transport, logistiek en maritiem","Mobiliteit en voertuigen","BBL","4","DUITSLAND",-1,-1,-1,-1,-1
"Mobiliteit, transport, logistiek en maritiem","Mobiliteit en voertuigen","BBL","4","Drenthe",53,54,40,43,45
"Mobiliteit, transport, logistiek en maritiem","Mobiliteit en voertuigen","BBL","4","Flevoland",33,36,34,33,40
"Mobiliteit, transport, logistiek en maritiem","Mobiliteit en voertuigen","BBL","4","Friesland",60,77,88,95,109
"Mobiliteit, transport, logistiek en maritiem","Mobiliteit en voertuigen","BBL","4","Gelderland",325,340,359,364,440
"Mobiliteit, transport, logistiek en maritiem","Mobiliteit en voertuigen","BBL","4","Groningen",53,85,82,63,52
"Mobiliteit, transport, logistiek en maritiem","Mobiliteit en voertuigen","BBL","4","Limburg",100,90,82,86,70
"Mobiliteit, transport, logistiek en maritiem","Mobiliteit en voertuigen","BBL","4","Noord-Brabant",322,285,330,334,371
"Mobiliteit, transport, logistiek en maritiem","Mobiliteit en voertuigen","BBL","4","Noord-Holland",169,162,184,189,217
"Mobiliteit, transport, logistiek en maritiem","Mobiliteit en voertuigen","BBL","4","ONBEKEND",5,6,-1,-1,-1
"Mobiliteit, transport, logistiek en maritiem","Mobiliteit en voertuigen","BBL","4","Overijssel",156,144,125,142,172
"Mobiliteit, transport, logistiek en maritiem","Mobiliteit en voertuigen","BBL","4","Utrecht",103,99,162,205,267
"Mobiliteit, transport, logistiek en maritiem","Mobiliteit en voertuigen","BBL","4","Zeeland",69,58,79,84,74
"Mobiliteit, transport, logistiek en maritiem","Mobiliteit en voertuigen","BBL","4","Zuid-Holland",178,246,301,359,477
"Mobiliteit, transport, logistiek en maritiem","Mobiliteit en voertuigen","BOLVT","2","DUITSLAND",5,-1,-1,-1,7
"Mobiliteit, transport, logistiek en maritiem","Mobiliteit en voertuigen","BOLVT","2","Drenthe",125,108,90,95,98
"Mobiliteit, transport, logistiek en maritiem","Mobiliteit en voertuigen","BOLVT","2","Flevoland",70,63,55,54,85
"Mobiliteit, transport, logistiek en maritiem","Mobiliteit en voertuigen","BOLVT","2","Friesland",116,69,55,74,103
"Mobiliteit, transport, logistiek en maritiem","Mobiliteit en voertuigen","BOLVT","2","Gelderland",283,232,193,221,251
"Mobiliteit, transport, logistiek en maritiem","Mobiliteit en voertuigen","BOLVT","2","Groningen",108,77,73,70,68
"Mobiliteit, transport, logistiek en maritiem","Mobiliteit en voertuigen","BOLVT","2","Limburg",141,123,111,115,125
"Mobiliteit, transport, logistiek en maritiem","Mobiliteit en voertuigen","BOLVT","2","Noord-Brabant",212,165,130,157,195
"Mobiliteit, transport, logistiek en maritiem","Mobiliteit en voertuigen","BOLVT","2","Noord-Holland",318,258,240,227,265
"Mobiliteit, transport, logistiek en maritiem","Mobiliteit en voertuigen","BOLVT","2","ONBEKEND",-1,-1,-1,-1,-1
"Mobiliteit, transport, logistiek en maritiem","Mobiliteit en voertuigen","BOLVT","2","OVERIG BUITENLAND",0,0,-1,-1,0
"Mobiliteit, transport, logistiek en maritiem","Mobiliteit en voertuigen","BOLVT","2","Overijssel",145,109,120,124,115
"Mobiliteit, transport, logistiek en maritiem","Mobiliteit en voertuigen","BOLVT","2","Utrecht",109,79,71,82,76
"Mobiliteit, transport, logistiek en maritiem","Mobiliteit en voertuigen","BOLVT","2","Zeeland",5,6,-1,-1,0
"Mobiliteit, transport, logistiek en maritiem","Mobiliteit en voertuigen","BOLVT","2","Zuid-Holland",491,370,272,290,320
"Mobiliteit, transport, logistiek en maritiem","Mobiliteit en voertuigen","BOLVT","3","BELGIE",0,-1,0,-1,0
"Mobiliteit, transport, logistiek en maritiem","Mobiliteit en voertuigen","BOLVT","3","DUITSLAND",5,0,0,-1,-1
"Mobiliteit, transport, logistiek en maritiem","Mobiliteit en voertuigen","BOLVT","3","Drenthe",117,113,79,74,77
"Mobiliteit, transport, logistiek en maritiem","Mobiliteit en voertuigen","BOLVT","3","Flevoland",87,59,60,45,55
"Mobiliteit, transport, logistiek en maritiem","Mobiliteit en voertuigen","BOLVT","3","Friesland",176,124,129,117,139
"Mobiliteit, transport, logistiek en maritiem","Mobiliteit en voertuigen","BOLVT","3","Gelderland",289,264,237,254,244
"Mobiliteit, transport, logistiek en maritiem","Mobiliteit en voertuigen","BOLVT","3","Groningen",108,112,104,112,123
"Mobiliteit, transport, logistiek en maritiem","Mobiliteit en voertuigen","BOLVT","3","Limburg",179,165,126,120,137
"Mobiliteit, transport, logistiek en maritiem","Mobiliteit en voertuigen","BOLVT","3","Noord-Brabant",299,283,234,252,224
"Mobiliteit, transport, logistiek en maritiem","Mobiliteit en voertuigen","BOLVT","3","Noord-Holland",231,215,177,156,205
"Mobiliteit, transport, logistiek en maritiem","Mobiliteit en voertuigen","BOLVT","3","ONBEKEND",-1,0,-1,-1,-1
"Mobiliteit, transport, logistiek en maritiem","Mobiliteit en voertuigen","BOLVT","3","Overijssel",199,197,150,171,175
"Mobiliteit, transport, logistiek en maritiem","Mobiliteit en voertuigen","BOLVT","3","Utrecht",120,101,64,54,49
"Mobiliteit, transport, logistiek en maritiem","Mobiliteit en voertuigen","BOLVT","3","Zeeland",22,29,12,20,21
"Mobiliteit, transport, logistiek en maritiem","Mobiliteit en voertuigen","BOLVT","3","Zuid-Holland",266,220,163,189,216
"Mobiliteit, transport, logistiek en maritiem","Mobiliteit en voertuigen","BOLVT","4","BELGIE",-1,-1,-1,5,-1
"Mobiliteit, transport, logistiek en maritiem","Mobiliteit en voertuigen","BOLVT","4","DUITSLAND",-1,9,6,7,5
"Mobiliteit, transport, logistiek en maritiem","Mobiliteit en voertuigen","BOLVT","4","Drenthe",211,175,157,157,141
"Mobiliteit, transport, logistiek en maritiem","Mobiliteit en voertuigen","BOLVT","4","Flevoland",46,41,50,45,58
"Mobiliteit, transport, logistiek en maritiem","Mobiliteit en voertuigen","BOLVT","4","Friesland",77,76,66,93,112
"Mobiliteit, transport, logistiek en maritiem","Mobiliteit en voertuigen","BOLVT","4","Gelderland",551,481,479,520,556
"Mobiliteit, transport, logistiek en maritiem","Mobiliteit en voertuigen","BOLVT","4","Groningen",164,129,116,135,150
"Mobiliteit, transport, logistiek en maritiem","Mobiliteit en voertuigen","BOLVT","4","Limburg",219,203,206,204,190
"Mobiliteit, transport, logistiek en maritiem","Mobiliteit en voertuigen","BOLVT","4","Noord-Brabant",540,512,476,509,549
"Mobiliteit, transport, logistiek en maritiem","Mobiliteit en voertuigen","BOLVT","4","Noord-Holland",152,172,200,231,232
"Mobiliteit, transport, logistiek en maritiem","Mobiliteit en voertuigen","BOLVT","4","ONBEKEND",-1,-1,-1,0,-1
"Mobiliteit, transport, logistiek en maritiem","Mobiliteit en voertuigen","BOLVT","4","Overijssel",340,330,286,275,257
"Mobiliteit, transport, logistiek en maritiem","Mobiliteit en voertuigen","BOLVT","4","Utrecht",173,174,169,181,157
"Mobiliteit, transport, logistiek en maritiem","Mobiliteit en voertuigen","BOLVT","4","Zeeland",38,38,42,34,34
"Mobiliteit, transport, logistiek en maritiem","Mobiliteit en voertuigen","BOLVT","4","Zuid-Holland",380,305,310,354,366
"Mobiliteit, transport, logistiek en maritiem","Mobiliteit en voertuigen","EX","2","DUITSLAND",-1,0,0,0,0
"Mobiliteit, transport, logistiek en maritiem","Mobiliteit en voertuigen","EX","2","Drenthe",-1,5,-1,-1,-1
"Mobiliteit, transport, logistiek en maritiem","Mobiliteit en voertuigen","EX","2","Flevoland",-1,7,-1,-1,-1
"Mobiliteit, transport, logistiek en maritiem","Mobiliteit en voertuigen","EX","2","Friesland",-1,0,-1,0,0
"Mobiliteit, transport, logistiek en maritiem","Mobiliteit en voertuigen","EX","2","Gelderland",14,9,11,7,6
"Mobiliteit, transport, logistiek en maritiem","Mobiliteit en voertuigen","EX","2","Groningen",-1,-1,0,0,0
"Mobiliteit, transport, logistiek en maritiem","Mobiliteit en voertuigen","EX","2","Limburg",-1,0,-1,-1,0
"Mobiliteit, transport, logistiek en maritiem","Mobiliteit en voertuigen","EX","2","Noord-Brabant",15,9,6,-1,7
"Mobiliteit, transport, logistiek en maritiem","Mobiliteit en voertuigen","EX","2","Noord-Holland",9,28,25,34,19
"Mobiliteit, transport, logistiek en maritiem","Mobiliteit en voertuigen","EX","2","Overijssel",23,13,8,-1,-1
"Mobiliteit, transport, logistiek en maritiem","Mobiliteit en voertuigen","EX","2","Utrecht",13,12,12,18,8
"Mobiliteit, transport, logistiek en maritiem","Mobiliteit en voertuigen","EX","2","Zeeland",8,-1,-1,-1,0
"Mobiliteit, transport, logistiek en maritiem","Mobiliteit en voertuigen","EX","2","Zuid-Holland",22,20,26,20,8
"Mobiliteit, transport, logistiek en maritiem","Mobiliteit en voertuigen","EX","3","BELGIE",0,0,0,-1,0
"Mobiliteit, transport, logistiek en maritiem","Mobiliteit en voertuigen","EX","3","DUITSLAND",-1,-1,0,-1,0
"Mobiliteit, transport, logistiek en maritiem","Mobiliteit en voertuigen","EX","3","Drenthe",7,15,6,10,8
"Mobiliteit, transport, logistiek en maritiem","Mobiliteit en voertuigen","EX","3","Flevoland",5,6,5,7,-1
"Mobiliteit, transport, logistiek en maritiem","Mobiliteit en voertuigen","EX","3","Friesland",-1,-1,0,5,0
"Mobiliteit, transport, logistiek en maritiem","Mobiliteit en voertuigen","EX","3","Gelderland",35,37,38,26,32
"Mobiliteit, transport, logistiek en maritiem","Mobiliteit en voertuigen","EX","3","Groningen",-1,-1,-1,0,0
"Mobiliteit, transport, logistiek en maritiem","Mobiliteit en voertuigen","EX","3","Limburg",15,7,7,14,9
"Mobiliteit, transport, logistiek en maritiem","Mobiliteit en voertuigen","EX","3","Noord-Brabant",24,17,10,29,25
"Mobiliteit, transport, logistiek en maritiem","Mobiliteit en voertuigen","EX","3","Noord-Holland",41,46,51,55,50
"Mobiliteit, transport, logistiek en maritiem","Mobiliteit en voertuigen","EX","3","ONBEKEND",0,-1,0,0,0
"Mobiliteit, transport, logistiek en maritiem","Mobiliteit en voertuigen","EX","3","Overijssel",59,33,24,23,9
"Mobiliteit, transport, logistiek en maritiem","Mobiliteit en voertuigen","EX","3","Utrecht",33,34,26,24,19
"Mobiliteit, transport, logistiek en maritiem","Mobiliteit en voertuigen","EX","3","Zeeland",22,15,14,12,-1
"Mobiliteit, transport, logistiek en maritiem","Mobiliteit en voertuigen","EX","3","Zuid-Holland",61,67,56,28,28
"Mobiliteit, transport, logistiek en maritiem","Mobiliteit en voertuigen","EX","4","BELGIE",0,0,0,0,-1
"Mobiliteit, transport, logistiek en maritiem","Mobiliteit en voertuigen","EX","4","Drenthe",-1,-1,-1,-1,0
"Mobiliteit, transport, logistiek en maritiem","Mobiliteit en voertuigen","EX","4","Flevoland",0,-1,-1,0,0
"Mobiliteit, transport, logistiek en maritiem","Mobiliteit en voertuigen","EX","4","Friesland",-1,0,-1,0,0
"Mobiliteit, transport, logistiek en maritiem","Mobiliteit en voertuigen","EX","4","Gelderland",11,10,-1,13,7
"Mobiliteit, transport, logistiek en maritiem","Mobiliteit en voertuigen","EX","4","Limburg",-1,0,0,-1,-1
"Mobiliteit, transport, logistiek en maritiem","Mobiliteit en voertuigen","EX","4","Noord-Brabant",14,10,-1,10,14
"Mobiliteit, transport, logistiek en maritiem","Mobiliteit en voertuigen","EX","4","Noord-Holland",14,19,14,21,26
"Mobiliteit, transport, logistiek en maritiem","Mobiliteit en voertuigen","EX","4","Overijssel",11,5,5,7,6
"Mobiliteit, transport, logistiek en maritiem","Mobiliteit en voertuigen","EX","4","Utrecht",9,-1,-1,-1,-1
"Mobiliteit, transport, logistiek en maritiem","Mobiliteit en voertuigen","EX","4","Zeeland",-1,0,-1,5,0
"Mobiliteit, transport, logistiek en maritiem","Mobiliteit en voertuigen","EX","4","Zuid-Holland",17,21,14,-1,7
"Mobiliteit, transport, logistiek en maritiem","Techniek en procesindustrie","BBL","2","Drenthe",-1,0,0,0,0
"Mobiliteit, transport, logistiek en maritiem","Techniek en procesindustrie","BBL","2","Flevoland",0,0,0,-1,0
"Mobiliteit, transport, logistiek en maritiem","Techniek en procesindustrie","BBL","2","Friesland",-1,5,0,0,0
"Mobiliteit, transport, logistiek en maritiem","Techniek en procesindustrie","BBL","2","Gelderland",-1,-1,-1,-1,0
"Mobiliteit, transport, logistiek en maritiem","Techniek en procesindustrie","BBL","2","Noord-Brabant",-1,0,0,0,0
"Mobiliteit, transport, logistiek en maritiem","Techniek en procesindustrie","BBL","2","Overijssel",-1,-1,-1,-1,0
"Mobiliteit, transport, logistiek en maritiem","Techniek en procesindustrie","BBL","2","Utrecht",-1,0,0,0,0
"Mobiliteit, transport, logistiek en maritiem","Techniek en procesindustrie","BBL","2","Zuid-Holland",-1,0,0,0,0
"Mobiliteit, transport, logistiek en maritiem","Techniek en procesindustrie","BBL","3","Drenthe",-1,-1,0,0,0
"Mobiliteit, transport, logistiek en maritiem","Techniek en procesindustrie","BBL","3","Flevoland",-1,-1,0,0,0
"Mobiliteit, transport, logistiek en maritiem","Techniek en procesindustrie","BBL","3","Friesland",-1,-1,-1,-1,0
"Mobiliteit, transport, logistiek en maritiem","Techniek en procesindustrie","BBL","3","Gelderland",5,-1,-1,-1,0
"Mobiliteit, transport, logistiek en maritiem","Techniek en procesindustrie","BBL","3","Overijssel",-1,-1,5,-1,0
"Mobiliteit, transport, logistiek en maritiem","Techniek en procesindustrie","BBL","3","Zuid-Holland",-1,0,0,0,0
"Mobiliteit, transport, logistiek en maritiem","Techniek en procesindustrie","EX","2","Drenthe",-1,0,-1,5,-1
"Mobiliteit, transport, logistiek en maritiem","Techniek en procesindustrie","EX","2","Flevoland",-1,-1,0,0,0
"Mobiliteit, transport, logistiek en maritiem","Techniek en procesindustrie","EX","2","Friesland",-1,-1,0,0,-1
"Mobiliteit, transport, logistiek en maritiem","Techniek en procesindustrie","EX","2","Gelderland",-1,-1,-1,-1,-1
"Mobiliteit, transport, logistiek en maritiem","Techniek en procesindustrie","EX","2","ONBEKEND",-1,0,0,0,0
"Mobiliteit, transport, logistiek en maritiem","Techniek en procesindustrie","EX","2","Overijssel",-1,-1,6,11,8
"Mobiliteit, transport, logistiek en maritiem","Techniek en procesindustrie","EX","2","Utrecht",0,0,0,-1,-1
"Mobiliteit, transport, logistiek en maritiem","Techniek en procesindustrie","EX","2","Zuid-Holland",0,-1,0,0,0
"Mobiliteit, transport, logistiek en maritiem","Techniek en procesindustrie","EX","3","Flevoland",0,-1,0,0,0
"Mobiliteit, transport, logistiek en maritiem","Techniek en procesindustrie","EX","3","Gelderland",-1,-1,0,0,-1
"Mobiliteit, transport, logistiek en maritiem","Techniek en procesindustrie","EX","3","Overijssel",-1,0,0,0,-1
"Mobiliteit, transport, logistiek en maritiem","Transport, scheepvaart en logistiek","BBL","2","BELGIE",-1,0,0,-1,7
"Mobiliteit, transport, logistiek en maritiem","Transport, scheepvaart en logistiek","BBL","2","DUITSLAND",0,-1,-1,0,-1
"Mobiliteit, transport, logistiek en maritiem","Transport, scheepvaart en logistiek","BBL","2","Drenthe",199,202,199,186,164
"Mobiliteit, transport, logistiek en maritiem","Transport, scheepvaart en logistiek","BBL","2","Flevoland",131,119,101,112,89
"Mobiliteit, transport, logistiek en maritiem","Transport, scheepvaart en logistiek","BBL","2","Friesland",177,211,203,225,250
"Mobiliteit, transport, logistiek en maritiem","Transport, scheepvaart en logistiek","BBL","2","Gelderland",499,443,411,424,450
"Mobiliteit, transport, logistiek en maritiem","Transport, scheepvaart en logistiek","BBL","2","Groningen",154,182,200,216,174
"Mobiliteit, transport, logistiek en maritiem","Transport, scheepvaart en logistiek","BBL","2","Limburg",159,159,160,144,146
"Mobiliteit, transport, logistiek en maritiem","Transport, scheepvaart en logistiek","BBL","2","Noord-Brabant",521,431,407,393,404
"Mobiliteit, transport, logistiek en maritiem","Transport, scheepvaart en logistiek","BBL","2","Noord-Holland",385,354,373,354,312
"Mobiliteit, transport, logistiek en maritiem","Transport, scheepvaart en logistiek","BBL","2","ONBEKEND",-1,5,8,-1,6
"Mobiliteit, transport, logistiek en maritiem","Transport, scheepvaart en logistiek","BBL","2","OVERIG BUITENLAND",0,0,-1,0,0
"Mobiliteit, transport, logistiek en maritiem","Transport, scheepvaart en logistiek","BBL","2","Overijssel",375,371,350,280,303
"Mobiliteit, transport, logistiek en maritiem","Transport, scheepvaart en logistiek","BBL","2","Utrecht",168,158,129,126,125
"Mobiliteit, transport, logistiek en maritiem","Transport, scheepvaart en logistiek","BBL","2","Zeeland",132,140,130,99,114
"Mobiliteit, transport, logistiek en maritiem","Transport, scheepvaart en logistiek","BBL","2","Zuid-Holland",674,667,623,625,653
"Mobiliteit, transport, logistiek en maritiem","Transport, scheepvaart en logistiek","BBL","3","BELGIE",-1,-1,6,15,30
"Mobiliteit, transport, logistiek en maritiem","Transport, scheepvaart en logistiek","BBL","3","DUITSLAND",-1,-1,-1,-1,-1
"Mobiliteit, transport, logistiek en maritiem","Transport, scheepvaart en logistiek","BBL","3","Drenthe",58,65,58,50,54
"Mobiliteit, transport, logistiek en maritiem","Transport, scheepvaart en logistiek","BBL","3","Flevoland",117,91,89,96,87
"Mobiliteit, transport, logistiek en maritiem","Transport, scheepvaart en logistiek","BBL","3","Friesland",223,207,196,204,216
"Mobiliteit, transport, logistiek en maritiem","Transport, scheepvaart en logistiek","BBL","3","Gelderland",249,210,192,182,191
"Mobiliteit, transport, logistiek en maritiem","Transport, scheepvaart en logistiek","BBL","3","Groningen",79,79,61,40,47
"Mobiliteit, transport, logistiek en maritiem","Transport, scheepvaart en logistiek","BBL","3","Limburg",118,98,100,94,64
"Mobiliteit, transport, logistiek en maritiem","Transport, scheepvaart en logistiek","BBL","3","Noord-Brabant",316,301,293,276,209
"Mobiliteit, transport, logistiek en maritiem","Transport, scheepvaart en logistiek","BBL","3","Noord-Holland",380,368,402,396,316
"Mobiliteit, transport, logistiek en maritiem","Transport, scheepvaart en logistiek","BBL","3","ONBEKEND",5,6,-1,5,-1
"Mobiliteit, transport, logistiek en maritiem","Transport, scheepvaart en logistiek","BBL","3","OVERIG BUITENLAND",0,0,0,-1,0
"Mobiliteit, transport, logistiek en maritiem","Transport, scheepvaart en logistiek","BBL","3","Overijssel",193,178,130,117,128
"Mobiliteit, transport, logistiek en maritiem","Transport, scheepvaart en logistiek","BBL","3","Utrecht",75,61,55,54,67
"Mobiliteit, transport, logistiek en maritiem","Transport, scheepvaart en logistiek","BBL","3","Zeeland",157,123,133,150,137
"Mobiliteit, transport, logistiek en maritiem","Transport, scheepvaart en logistiek","BBL","3","Zuid-Holland",676,630,619,598,582
"Mobiliteit, transport, logistiek en maritiem","Transport, scheepvaart en logistiek","BBL","4","BELGIE",0,0,-1,-1,6
"Mobiliteit, transport, logistiek en maritiem","Transport, scheepvaart en logistiek","BBL","4","DUITSLAND",-1,-1,-1,-1,-1
"Mobiliteit, transport, logistiek en maritiem","Transport, scheepvaart en logistiek","BBL","4","Drenthe",52,46,42,49,41
"Mobiliteit, transport, logistiek en maritiem","Transport, scheepvaart en logistiek","BBL","4","Flevoland",23,38,38,39,44
"Mobiliteit, transport, logistiek en maritiem","Transport, scheepvaart en logistiek","BBL","4","Friesland",31,34,40,42,39
"Mobiliteit, transport, logistiek en maritiem","Transport, scheepvaart en logistiek","BBL","4","Gelderland",105,162,159,145,120
"Mobiliteit, transport, logistiek en maritiem","Transport, scheepvaart en logistiek","BBL","4","Groningen",8,11,30,36,38
"Mobiliteit, transport, logistiek en maritiem","Transport, scheepvaart en logistiek","BBL","4","Limburg",71,91,82,78,85
"Mobiliteit, transport, logistiek en maritiem","Transport, scheepvaart en logistiek","BBL","4","Noord-Brabant",154,156,165,153,152
"Mobiliteit, transport, logistiek en maritiem","Transport, scheepvaart en logistiek","BBL","4","Noord-Holland",218,223,230,214,185
"Mobiliteit, transport, logistiek en maritiem","Transport, scheepvaart en logistiek","BBL","4","ONBEKEND",7,-1,-1,0,-1
"Mobiliteit, transport, logistiek en maritiem","Transport, scheepvaart en logistiek","BBL","4","OVERIG BUITENLAND",0,0,0,0,-1
"Mobiliteit, transport, logistiek en maritiem","Transport, scheepvaart en logistiek","BBL","4","Overijssel",210,195,194,161,156
"Mobiliteit, transport, logistiek en maritiem","Transport, scheepvaart en logistiek","BBL","4","Utrecht",33,32,31,39,31
"Mobiliteit, transport, logistiek en maritiem","Transport, scheepvaart en logistiek","BBL","4","Zeeland",22,27,24,28,25
"Mobiliteit, transport, logistiek en maritiem","Transport, scheepvaart en logistiek","BBL","4","Zuid-Holland",309,320,308,293,289
"Mobiliteit, transport, logistiek en maritiem","Transport, scheepvaart en logistiek","BOLVT","2","BELGIE",-1,0,0,-1,-1
"Mobiliteit, transport, logistiek en maritiem","Transport, scheepvaart en logistiek","BOLVT","2","DUITSLAND",0,0,0,0,-1
"Mobiliteit, transport, logistiek en maritiem","Transport, scheepvaart en logistiek","BOLVT","2","Drenthe",52,35,32,33,50
"Mobiliteit, transport, logistiek en maritiem","Transport, scheepvaart en logistiek","BOLVT","2","Flevoland",43,46,35,22,35
"Mobiliteit, transport, logistiek en maritiem","Transport, scheepvaart en logistiek","BOLVT","2","Friesland",101,86,88,101,113
"Mobiliteit, transport, logistiek en maritiem","Transport, scheepvaart en logistiek","BOLVT","2","Gelderland",96,78,67,64,54
"Mobiliteit, transport, logistiek en maritiem","Transport, scheepvaart en logistiek","BOLVT","2","Groningen",66,79,66,62,77
"Mobiliteit, transport, logistiek en maritiem","Transport, scheepvaart en logistiek","BOLVT","2","Limburg",114,73,70,52,71
"Mobiliteit, transport, logistiek en maritiem","Transport, scheepvaart en logistiek","BOLVT","2","Noord-Brabant",64,66,68,68,63
"Mobiliteit, transport, logistiek en maritiem","Transport, scheepvaart en logistiek","BOLVT","2","Noord-Holland",194,184,162,163,150
"Mobiliteit, transport, logistiek en maritiem","Transport, scheepvaart en logistiek","BOLVT","2","ONBEKEND",10,5,5,-1,-1
"Mobiliteit, transport, logistiek en maritiem","Transport, scheepvaart en logistiek","BOLVT","2","OVERIG BUITENLAND",-1,-1,-1,0,-1
"Mobiliteit, transport, logistiek en maritiem","Transport, scheepvaart en logistiek","BOLVT","2","Overijssel",101,63,47,39,43
"Mobiliteit, transport, logistiek en maritiem","Transport, scheepvaart en logistiek","BOLVT","2","Utrecht",34,23,20,21,14
"Mobiliteit, transport, logistiek en maritiem","Transport, scheepvaart en logistiek","BOLVT","2","Zeeland",37,28,30,36,32
"Mobiliteit, transport, logistiek en maritiem","Transport, scheepvaart en logistiek","BOLVT","2","Zuid-Holland",622,471,389,348,386
"Mobiliteit, transport, logistiek en maritiem","Transport, scheepvaart en logistiek","BOLVT","3","BELGIE",0,-1,-1,0,0
"Mobiliteit, transport, logistiek en maritiem","Transport, scheepvaart en logistiek","BOLVT","3","DUITSLAND",0,-1,-1,0,-1
"Mobiliteit, transport, logistiek en maritiem","Transport, scheepvaart en logistiek","BOLVT","3","Drenthe",51,44,29,28,30
"Mobiliteit, transport, logistiek en maritiem","Transport, scheepvaart en logistiek","BOLVT","3","Flevoland",66,66,49,40,46
"Mobiliteit, transport, logistiek en maritiem","Transport, scheepvaart en logistiek","BOLVT","3","Friesland",127,119,90,74,79
"Mobiliteit, transport, logistiek en maritiem","Transport, scheepvaart en logistiek","BOLVT","3","Gelderland",93,81,67,67,59
"Mobiliteit, transport, logistiek en maritiem","Transport, scheepvaart en logistiek","BOLVT","3","Groningen",92,68,59,56,38
"Mobiliteit, transport, logistiek en maritiem","Transport, scheepvaart en logistiek","BOLVT","3","Limburg",48,31,14,20,18
"Mobiliteit, transport, logistiek en maritiem","Transport, scheepvaart en logistiek","BOLVT","3","Noord-Brabant",50,47,44,38,41
"Mobiliteit, transport, logistiek en maritiem","Transport, scheepvaart en logistiek","BOLVT","3","Noord-Holland",189,169,138,109,97
"Mobiliteit, transport, logistiek en maritiem","Transport, scheepvaart en logistiek","BOLVT","3","ONBEKEND",-1,-1,0,-1,-1
"Mobiliteit, transport, logistiek en maritiem","Transport, scheepvaart en logistiek","BOLVT","3","OVERIG BUITENLAND",-1,-1,-1,-1,-1
"Mobiliteit, transport, logistiek en maritiem","Transport, scheepvaart en logistiek","BOLVT","3","Overijssel",50,41,32,35,37
"Mobiliteit, transport, logistiek en maritiem","Transport, scheepvaart en logistiek","BOLVT","3","Utrecht",26,18,18,25,26
"Mobiliteit, transport, logistiek en maritiem","Transport, scheepvaart en logistiek","BOLVT","3","Zeeland",59,56,54,55,53
"Mobiliteit, transport, logistiek en maritiem","Transport, scheepvaart en logistiek","BOLVT","3","Zuid-Holland",500,409,345,301,268
"Mobiliteit, transport, logistiek en maritiem","Transport, scheepvaart en logistiek","BOLVT","4","BELGIE",13,9,11,8,13
"Mobiliteit, transport, logistiek en maritiem","Transport, scheepvaart en logistiek","BOLVT","4","DUITSLAND",5,-1,-1,7,6
"Mobiliteit, transport, logistiek en maritiem","Transport, scheepvaart en logistiek","BOLVT","4","Drenthe",183,157,151,167,176
"Mobiliteit, transport, logistiek en maritiem","Transport, scheepvaart en logistiek","BOLVT","4","Flevoland",258,227,227,234,246
"Mobiliteit, transport, logistiek en maritiem","Transport, scheepvaart en logistiek","BOLVT","4","Friesland",232,239,257,265,256
"Mobiliteit, transport, logistiek en maritiem","Transport, scheepvaart en logistiek","BOLVT","4","Gelderland",563,493,470,503,538
"Mobiliteit, transport, logistiek en maritiem","Transport, scheepvaart en logistiek","BOLVT","4","Groningen",260,226,207,192,199
"Mobiliteit, transport, logistiek en maritiem","Transport, scheepvaart en logistiek","BOLVT","4","Limburg",357,270,225,244,212
"Mobiliteit, transport, logistiek en maritiem","Transport, scheepvaart en logistiek","BOLVT","4","Noord-Brabant",712,617,571,529,563
"Mobiliteit, transport, logistiek en maritiem","Transport, scheepvaart en logistiek","BOLVT","4","Noord-Holland",1224,1115,1052,1062,1102
"Mobiliteit, transport, logistiek en maritiem","Transport, scheepvaart en logistiek","BOLVT","4","ONBEKEND",8,-1,-1,-1,5
"Mobiliteit, transport, logistiek en maritiem","Transport, scheepvaart en logistiek","BOLVT","4","OVERIG BUITENLAND",-1,-1,7,-1,-1
"Mobiliteit, transport, logistiek en maritiem","Transport, scheepvaart en logistiek","BOLVT","4","Overijssel",427,398,374,361,357
"Mobiliteit, transport, logistiek en maritiem","Transport, scheepvaart en logistiek","BOLVT","4","Utrecht",373,315,309,293,275
"Mobiliteit, transport, logistiek en maritiem","Transport, scheepvaart en logistiek","BOLVT","4","Zeeland",321,260,229,206,203
"Mobiliteit, transport, logistiek en maritiem","Transport, scheepvaart en logistiek","BOLVT","4","Zuid-Holland",2574,2250,2015,1923,1917
"Mobiliteit, transport, logistiek en maritiem","Transport, scheepvaart en logistiek","EX","2","Drenthe",31,30,24,10,17
"Mobiliteit, transport, logistiek en maritiem","Transport, scheepvaart en logistiek","EX","2","Flevoland",26,14,20,13,11
"Mobiliteit, transport, logistiek en maritiem","Transport, scheepvaart en logistiek","EX","2","Friesland",18,19,18,22,6
"Mobiliteit, transport, logistiek en maritiem","Transport, scheepvaart en logistiek","EX","2","Gelderland",90,53,50,43,39
"Mobiliteit, transport, logistiek en maritiem","Transport, scheepvaart en logistiek","EX","2","Groningen",38,26,43,23,35
"Mobiliteit, transport, logistiek en maritiem","Transport, scheepvaart en logistiek","EX","2","Limburg",11,19,13,26,25
"Mobiliteit, transport, logistiek en maritiem","Transport, scheepvaart en logistiek","EX","2","Noord-Brabant",54,44,55,63,55
"Mobiliteit, transport, logistiek en maritiem","Transport, scheepvaart en logistiek","EX","2","Noord-Holland",29,17,13,29,20
"Mobiliteit, transport, logistiek en maritiem","Transport, scheepvaart en logistiek","EX","2","ONBEKEND",0,-1,0,-1,-1
"Mobiliteit, transport, logistiek en maritiem","Transport, scheepvaart en logistiek","EX","2","OVERIG BUITENLAND",0,0,-1,-1,-1
"Mobiliteit, transport, logistiek en maritiem","Transport, scheepvaart en logistiek","EX","2","Overijssel",74,62,53,77,43
"Mobiliteit, transport, logistiek en maritiem","Transport, scheepvaart en logistiek","EX","2","Utrecht",11,17,15,13,14
"Mobiliteit, transport, logistiek en maritiem","Transport, scheepvaart en logistiek","EX","2","Zeeland",13,24,18,9,11
"Mobiliteit, transport, logistiek en maritiem","Transport, scheepvaart en logistiek","EX","2","Zuid-Holland",75,94,70,35,38
"Mobiliteit, transport, logistiek en maritiem","Transport, scheepvaart en logistiek","EX","3","BELGIE",-1,-1,-1,-1,-1
"Mobiliteit, transport, logistiek en maritiem","Transport, scheepvaart en logistiek","EX","3","DUITSLAND",0,0,0,-1,0
"Mobiliteit, transport, logistiek en maritiem","Transport, scheepvaart en logistiek","EX","3","Drenthe",-1,-1,7,-1,-1
"Mobiliteit, transport, logistiek en maritiem","Transport, scheepvaart en logistiek","EX","3","Flevoland",20,7,18,8,13
"Mobiliteit, transport, logistiek en maritiem","Transport, scheepvaart en logistiek","EX","3","Friesland",6,13,8,10,9
"Mobiliteit, transport, logistiek en maritiem","Transport, scheepvaart en logistiek","EX","3","Gelderland",18,16,16,7,-1
"Mobiliteit, transport, logistiek en maritiem","Transport, scheepvaart en logistiek","EX","3","Groningen",-1,-1,0,-1,-1
"Mobiliteit, transport, logistiek en maritiem","Transport, scheepvaart en logistiek","EX","3","Limburg",21,18,17,12,11
"Mobiliteit, transport, logistiek en maritiem","Transport, scheepvaart en logistiek","EX","3","Noord-Brabant",12,12,21,21,12
"Mobiliteit, transport, logistiek en maritiem","Transport, scheepvaart en logistiek","EX","3","Noord-Holland",33,17,17,14,32
"Mobiliteit, transport, logistiek en maritiem","Transport, scheepvaart en logistiek","EX","3","ONBEKEND",-1,-1,-1,0,0
"Mobiliteit, transport, logistiek en maritiem","Transport, scheepvaart en logistiek","EX","3","OVERIG BUITENLAND",-1,-1,0,0,-1
"Mobiliteit, transport, logistiek en maritiem","Transport, scheepvaart en logistiek","EX","3","Overijssel",9,10,5,22,5
"Mobiliteit, transport, logistiek en maritiem","Transport, scheepvaart en logistiek","EX","3","Utrecht",9,-1,-1,-1,-1
"Mobiliteit, transport, logistiek en maritiem","Transport, scheepvaart en logistiek","EX","3","Zeeland",8,16,17,13,12
"Mobiliteit, transport, logistiek en maritiem","Transport, scheepvaart en logistiek","EX","3","Zuid-Holland",59,76,52,23,49
"Mobiliteit, transport, logistiek en maritiem","Transport, scheepvaart en logistiek","EX","4","BELGIE",0,-1,0,0,0
"Mobiliteit, transport, logistiek en maritiem","Transport, scheepvaart en logistiek","EX","4","Drenthe",10,10,-1,-1,5
"Mobiliteit, transport, logistiek en maritiem","Transport, scheepvaart en logistiek","EX","4","Flevoland",13,12,7,10,10
"Mobiliteit, transport, logistiek en maritiem","Transport, scheepvaart en logistiek","EX","4","Friesland",-1,12,7,-1,10
"Mobiliteit, transport, logistiek en maritiem","Transport, scheepvaart en logistiek","EX","4","Gelderland",14,26,18,16,19
"Mobiliteit, transport, logistiek en maritiem","Transport, scheepvaart en logistiek","EX","4","Groningen",0,-1,0,-1,-1
"Mobiliteit, transport, logistiek en maritiem","Transport, scheepvaart en logistiek","EX","4","Limburg",9,18,11,16,17
"Mobiliteit, transport, logistiek en maritiem","Transport, scheepvaart en logistiek","EX","4","Noord-Brabant",22,23,10,16,9
"Mobiliteit, transport, logistiek en maritiem","Transport, scheepvaart en logistiek","EX","4","Noord-Holland",40,69,92,112,90
"Mobiliteit, transport, logistiek en maritiem","Transport, scheepvaart en logistiek","EX","4","ONBEKEND",-1,-1,0,0,0
"Mobiliteit, transport, logistiek en maritiem","Transport, scheepvaart en logistiek","EX","4","OVERIG BUITENLAND",0,0,0,-1,0
"Mobiliteit, transport, logistiek en maritiem","Transport, scheepvaart en logistiek","EX","4","Overijssel",11,14,13,15,15
"Mobiliteit, transport, logistiek en maritiem","Transport, scheepvaart en logistiek","EX","4","Utrecht",10,25,22,17,16
"Mobiliteit, transport, logistiek en maritiem","Transport, scheepvaart en logistiek","EX","4","Zeeland",-1,9,5,-1,-1
"Mobiliteit, transport, logistiek en maritiem","Transport, scheepvaart en logistiek","EX","4","Zuid-Holland",48,104,97,62,80
"Specialistisch vakmanschap","Ambacht, laboratorium en gezondheidstechniek","BBL","2","Friesland",0,0,0,0,-1
"Specialistisch vakmanschap","Ambacht, laboratorium en gezondheidstechniek","BBL","2","Gelderland",-1,-1,-1,-1,-1
"Specialistisch vakmanschap","Ambacht, laboratorium en gezondheidstechniek","BBL","2","Limburg",0,0,0,0,-1
"Specialistisch vakmanschap","Ambacht, laboratorium en gezondheidstechniek","BBL","2","Noord-Brabant",-1,-1,-1,-1,-1
"Specialistisch vakmanschap","Ambacht, laboratorium en gezondheidstechniek","BBL","2","Noord-Holland",-1,-1,-1,-1,-1
"Specialistisch vakmanschap","Ambacht, laboratorium en gezondheidstechniek","BBL","2","Overijssel",-1,-1,-1,-1,-1
"Specialistisch vakmanschap","Ambacht, laboratorium en gezondheidstechniek","BBL","2","Utrecht",-1,-1,-1,-1,-1
"Specialistisch vakmanschap","Ambacht, laboratorium en gezondheidstechniek","BBL","2","Zeeland",-1,-1,-1,-1,0
"Specialistisch vakmanschap","Ambacht, laboratorium en gezondheidstechniek","BBL","2","Zuid-Holland",0,0,0,0,-1
"Specialistisch vakmanschap","Ambacht, laboratorium en gezondheidstechniek","BBL","3","BELGIE",-1,0,-1,-1,6
"Specialistisch vakmanschap","Ambacht, laboratorium en gezondheidstechniek","BBL","3","Drenthe",-1,6,7,8,5
"Specialistisch vakmanschap","Ambacht, laboratorium en gezondheidstechniek","BBL","3","Flevoland",15,13,9,11,9
"Specialistisch vakmanschap","Ambacht, laboratorium en gezondheidstechniek","BBL","3","Friesland",10,10,10,9,9
"Specialistisch vakmanschap","Ambacht, laboratorium en gezondheidstechniek","BBL","3","Gelderland",29,29,26,27,27
"Specialistisch vakmanschap","Ambacht, laboratorium en gezondheidstechniek","BBL","3","Groningen",10,14,8,5,7
"Specialistisch vakmanschap","Ambacht, laboratorium en gezondheidstechniek","BBL","3","Limburg",19,20,22,24,21
"Specialistisch vakmanschap","Ambacht, laboratorium en gezondheidstechniek","BBL","3","Noord-Brabant",26,33,35,42,39
"Specialistisch vakmanschap","Ambacht, laboratorium en gezondheidstechniek","BBL","3","Noord-Holland",37,32,31,39,37
"Specialistisch vakmanschap","Ambacht, laboratorium en gezondheidstechniek","BBL","3","ONBEKEND",-1,-1,-1,-1,0
"Specialistisch vakmanschap","Ambacht, laboratorium en gezondheidstechniek","BBL","3","Overijssel",19,19,26,25,16
"Specialistisch vakmanschap","Ambacht, laboratorium en gezondheidstechniek","BBL","3","Utrecht",21,22,24,18,19
"Specialistisch vakmanschap","Ambacht, laboratorium en gezondheidstechniek","BBL","3","Zeeland",-1,-1,6,9,8
"Specialistisch vakmanschap","Ambacht, laboratorium en gezondheidstechniek","BBL","3","Zuid-Holland",59,54,63,62,57
"Specialistisch vakmanschap","Ambacht, laboratorium en gezondheidstechniek","BBL","4","BELGIE",-1,-1,-1,-1,6
"Specialistisch vakmanschap","Ambacht, laboratorium en gezondheidstechniek","BBL","4","DUITSLAND",-1,0,0,0,-1
"Specialistisch vakmanschap","Ambacht, laboratorium en gezondheidstechniek","BBL","4","Drenthe",40,46,60,43,46
"Specialistisch vakmanschap","Ambacht, laboratorium en gezondheidstechniek","BBL","4","Flevoland",46,48,41,47,48
"Specialistisch vakmanschap","Ambacht, laboratorium en gezondheidstechniek","BBL","4","Friesland",40,42,57,59,60
"Specialistisch vakmanschap","Ambacht, laboratorium en gezondheidstechniek","BBL","4","Gelderland",135,162,165,191,213
"Specialistisch vakmanschap","Ambacht, laboratorium en gezondheidstechniek","BBL","4","Groningen",44,43,48,51,59
"Specialistisch vakmanschap","Ambacht, laboratorium en gezondheidstechniek","BBL","4","Limburg",116,108,90,91,89
"Specialistisch vakmanschap","Ambacht, laboratorium en gezondheidstechniek","BBL","4","Noord-Brabant",152,165,171,184,197
"Specialistisch vakmanschap","Ambacht, laboratorium en gezondheidstechniek","BBL","4","Noord-Holland",166,154,144,160,175
"Specialistisch vakmanschap","Ambacht, laboratorium en gezondheidstechniek","BBL","4","ONBEKEND",8,-1,-1,-1,-1
"Specialistisch vakmanschap","Ambacht, laboratorium en gezondheidstechniek","BBL","4","Overijssel",76,83,96,102,109
"Specialistisch vakmanschap","Ambacht, laboratorium en gezondheidstechniek","BBL","4","Utrecht",65,65,74,80,82
"Specialistisch vakmanschap","Ambacht, laboratorium en gezondheidstechniek","BBL","4","Zeeland",19,29,30,27,28
"Specialistisch vakmanschap","Ambacht, laboratorium en gezondheidstechniek","BBL","4","Zuid-Holland",208,217,236,234,257
"Specialistisch vakmanschap","Ambacht, laboratorium en gezondheidstechniek","BOLVT","2","Friesland",0,-1,0,0,0
"Specialistisch vakmanschap","Ambacht, laboratorium en gezondheidstechniek","BOLVT","2","Gelderland",-1,0,0,0,0
"Specialistisch vakmanschap","Ambacht, laboratorium en gezondheidstechniek","BOLVT","2","Noord-Brabant",8,-1,0,-1,-1
"Specialistisch vakmanschap","Ambacht, laboratorium en gezondheidstechniek","BOLVT","2","Noord-Holland",-1,0,0,-1,0
"Specialistisch vakmanschap","Ambacht, laboratorium en gezondheidstechniek","BOLVT","2","Utrecht",-1,0,0,-1,-1
"Specialistisch vakmanschap","Ambacht, laboratorium en gezondheidstechniek","BOLVT","2","Zuid-Holland",24,20,30,31,46
"Specialistisch vakmanschap","Ambacht, laboratorium en gezondheidstechniek","BOLVT","3","BELGIE",0,0,0,0,-1
"Specialistisch vakmanschap","Ambacht, laboratorium en gezondheidstechniek","BOLVT","3","Flevoland",-1,-1,-1,0,0
"Specialistisch vakmanschap","Ambacht, laboratorium en gezondheidstechniek","BOLVT","3","Friesland",0,-1,0,0,-1
"Specialistisch vakmanschap","Ambacht, laboratorium en gezondheidstechniek","BOLVT","3","Gelderland",6,9,-1,5,7
"Specialistisch vakmanschap","Ambacht, laboratorium en gezondheidstechniek","BOLVT","3","Limburg",0,0,0,-1,-1
"Specialistisch vakmanschap","Ambacht, laboratorium en gezondheidstechniek","BOLVT","3","Noord-Brabant",12,11,9,-1,10
"Specialistisch vakmanschap","Ambacht, laboratorium en gezondheidstechniek","BOLVT","3","Noord-Holland",18,14,5,7,12
"Specialistisch vakmanschap","Ambacht, laboratorium en gezondheidstechniek","BOLVT","3","ONBEKEND",0,0,0,-1,0
"Specialistisch vakmanschap","Ambacht, laboratorium en gezondheidstechniek","BOLVT","3","Overijssel",-1,0,0,5,5
"Specialistisch vakmanschap","Ambacht, laboratorium en gezondheidstechniek","BOLVT","3","Utrecht",6,13,11,13,18
"Specialistisch vakmanschap","Ambacht, laboratorium en gezondheidstechniek","BOLVT","3","Zeeland",0,-1,0,0,0
"Specialistisch vakmanschap","Ambacht, laboratorium en gezondheidstechniek","BOLVT","3","Zuid-Holland",99,103,90,91,71
"Specialistisch vakmanschap","Ambacht, laboratorium en gezondheidstechniek","BOLVT","4","BELGIE",0,-1,-1,-1,-1
"Specialistisch vakmanschap","Ambacht, laboratorium en gezondheidstechniek","BOLVT","4","DUITSLAND",-1,-1,-1,-1,-1
"Specialistisch vakmanschap","Ambacht, laboratorium en gezondheidstechniek","BOLVT","4","Drenthe",56,46,46,41,42
"Specialistisch vakmanschap","Ambacht, laboratorium en gezondheidstechniek","BOLVT","4","Flevoland",29,40,45,39,39
"Specialistisch vakmanschap","Ambacht, laboratorium en gezondheidstechniek","BOLVT","4","Friesland",84,97,100,92,102
"Specialistisch vakmanschap","Ambacht, laboratorium en gezondheidstechniek","BOLVT","4","Gelderland",162,158,149,168,141
"Specialistisch vakmanschap","Ambacht, laboratorium en gezondheidstechniek","BOLVT","4","Groningen",66,70,57,63,60
"Specialistisch vakmanschap","Ambacht, laboratorium en gezondheidstechniek","BOLVT","4","Limburg",64,68,71,64,50
"Specialistisch vakmanschap","Ambacht, laboratorium en gezondheidstechniek","BOLVT","4","Noord-Brabant",306,303,303,305,319
"Specialistisch vakmanschap","Ambacht, laboratorium en gezondheidstechniek","BOLVT","4","Noord-Holland",155,154,156,161,178
"Specialistisch vakmanschap","Ambacht, laboratorium en gezondheidstechniek","BOLVT","4","ONBEKEND",-1,-1,-1,-1,0
"Specialistisch vakmanschap","Ambacht, laboratorium en gezondheidstechniek","BOLVT","4","Overijssel",140,119,129,136,142
"Specialistisch vakmanschap","Ambacht, laboratorium en gezondheidstechniek","BOLVT","4","Utrecht",140,119,121,137,123
"Specialistisch vakmanschap","Ambacht, laboratorium en gezondheidstechniek","BOLVT","4","Zeeland",8,12,12,5,9
"Specialistisch vakmanschap","Ambacht, laboratorium en gezondheidstechniek","BOLVT","4","Zuid-Holland",355,342,329,327,397
"Specialistisch vakmanschap","Ambacht, laboratorium en gezondheidstechniek","EX","2","Zuid-Holland",0,-1,0,-1,0
"Specialistisch vakmanschap","Ambacht, laboratorium en gezondheidstechniek","EX","3","Flevoland",0,-1,0,0,-1
"Specialistisch vakmanschap","Ambacht, laboratorium en gezondheidstechniek","EX","3","Noord-Brabant",0,0,0,-1,0
"Specialistisch vakmanschap","Ambacht, laboratorium en gezondheidstechniek","EX","3","Noord-Holland",0,-1,-1,-1,-1
"Specialistisch vakmanschap","Ambacht, laboratorium en gezondheidstechniek","EX","3","Overijssel",0,0,0,0,-1
"Specialistisch vakmanschap","Ambacht, laboratorium en gezondheidstechniek","EX","3","Utrecht",0,0,0,0,-1
"Specialistisch vakmanschap","Ambacht, laboratorium en gezondheidstechniek","EX","3","Zuid-Holland",0,-1,-1,0,-1
"Specialistisch vakmanschap","Ambacht, laboratorium en gezondheidstechniek","EX","4","DUITSLAND",-1,0,0,0,0
"Specialistisch vakmanschap","Ambacht, laboratorium en gezondheidstechniek","EX","4","Drenthe",-1,-1,-1,-1,0
"Specialistisch vakmanschap","Ambacht, laboratorium en gezondheidstechniek","EX","4","Flevoland",-1,-1,0,0,-1
"Specialistisch vakmanschap","Ambacht, laboratorium en gezondheidstechniek","EX","4","Friesland",-1,-1,0,0,0
"Specialistisch vakmanschap","Ambacht, laboratorium en gezondheidstechniek","EX","4","Gelderland",7,-1,6,-1,-1
"Specialistisch vakmanschap","Ambacht, laboratorium en gezondheidstechniek","EX","4","Groningen",-1,-1,5,-1,0
"Specialistisch vakmanschap","Ambacht, laboratorium en gezondheidstechniek","EX","4","Limburg",8,-1,-1,0,0
"Specialistisch vakmanschap","Ambacht, laboratorium en gezondheidstechniek","EX","4","Noord-Brabant",16,6,6,-1,-1
"Specialistisch vakmanschap","Ambacht, laboratorium en gezondheidstechniek","EX","4","Noord-Holland",-1,-1,-1,-1,-1
"Specialistisch vakmanschap","Ambacht, laboratorium en gezondheidstechniek","EX","4","ONBEKEND",-1,0,-1,0,0
"Specialistisch vakmanschap","Ambacht, laboratorium en gezondheidstechniek","EX","4","Overijssel",-1,-1,-1,-1,-1
"Specialistisch vakmanschap","Ambacht, laboratorium en gezondheidstechniek","EX","4","Utrecht",-1,-1,-1,6,-1
"Specialistisch vakmanschap","Ambacht, laboratorium en gezondheidstechniek","EX","4","Zeeland",-1,0,0,0,0
"Specialistisch vakmanschap","Ambacht, laboratorium en gezondheidstechniek","EX","4","Zuid-Holland",-1,7,12,15,10
"Techniek en gebouwde omgeving","Afbouw, hout en onderhoud","BBL","2","BELGIE",0,-1,-1,-1,-1
"Techniek en gebouwde omgeving","Afbouw, hout en onderhoud","BBL","2","DUITSLAND",0,-1,-1,-1,0
"Techniek en gebouwde omgeving","Afbouw, hout en onderhoud","BBL","2","Drenthe",74,82,91,90,95
"Techniek en gebouwde omgeving","Afbouw, hout en onderhoud","BBL","2","Flevoland",68,64,60,61,66
"Techniek en gebouwde omgeving","Afbouw, hout en onderhoud","BBL","2","Friesland",111,125,101,103,112
"Techniek en gebouwde omgeving","Afbouw, hout en onderhoud","BBL","2","Gelderland",315,321,317,313,319
"Techniek en gebouwde omgeving","Afbouw, hout en onderhoud","BBL","2","Groningen",69,78,70,63,57
"Techniek en gebouwde omgeving","Afbouw, hout en onderhoud","BBL","2","Limburg",42,52,52,60,62
"Techniek en gebouwde omgeving","Afbouw, hout en onderhoud","BBL","2","Noord-Brabant",466,481,443,396,440
"Techniek en gebouwde omgeving","Afbouw, hout en onderhoud","BBL","2","Noord-Holland",377,353,305,321,344
"Techniek en gebouwde omgeving","Afbouw, hout en onderhoud","BBL","2","ONBEKEND",-1,10,5,-1,-1
"Techniek en gebouwde omgeving","Afbouw, hout en onderhoud","BBL","2","OVERIG BUITENLAND",0,0,0,0,-1
"Techniek en gebouwde omgeving","Afbouw, hout en onderhoud","BBL","2","Overijssel",270,269,277,258,258
"Techniek en gebouwde omgeving","Afbouw, hout en onderhoud","BBL","2","Utrecht",167,148,161,152,187
"Techniek en gebouwde omgeving","Afbouw, hout en onderhoud","BBL","2","Zeeland",29,39,41,42,59
"Techniek en gebouwde omgeving","Afbouw, hout en onderhoud","BBL","2","Zuid-Holland",300,337,346,343,360
"Techniek en gebouwde omgeving","Afbouw, hout en onderhoud","BBL","3","BELGIE",0,0,-1,-1,-1
"Techniek en gebouwde omgeving","Afbouw, hout en onderhoud","BBL","3","DUITSLAND",-1,-1,-1,-1,0
"Techniek en gebouwde omgeving","Afbouw, hout en onderhoud","BBL","3","Drenthe",41,52,34,28,32
"Techniek en gebouwde omgeving","Afbouw, hout en onderhoud","BBL","3","Flevoland",32,22,28,33,33
"Techniek en gebouwde omgeving","Afbouw, hout en onderhoud","BBL","3","Friesland",46,74,72,69,85
"Techniek en gebouwde omgeving","Afbouw, hout en onderhoud","BBL","3","Gelderland",282,275,248,249,260
"Techniek en gebouwde omgeving","Afbouw, hout en onderhoud","BBL","3","Groningen",18,23,24,36,40
"Techniek en gebouwde omgeving","Afbouw, hout en onderhoud","BBL","3","Limburg",68,72,81,73,80
"Techniek en gebouwde omgeving","Afbouw, hout en onderhoud","BBL","3","Noord-Brabant",390,470,444,452,384
"Techniek en gebouwde omgeving","Afbouw, hout en onderhoud","BBL","3","Noord-Holland",232,213,197,171,166
"Techniek en gebouwde omgeving","Afbouw, hout en onderhoud","BBL","3","ONBEKEND",-1,-1,0,-1,-1
"Techniek en gebouwde omgeving","Afbouw, hout en onderhoud","BBL","3","Overijssel",183,215,229,246,243
"Techniek en gebouwde omgeving","Afbouw, hout en onderhoud","BBL","3","Utrecht",169,188,162,148,133
"Techniek en gebouwde omgeving","Afbouw, hout en onderhoud","BBL","3","Zeeland",25,35,43,38,35
"Techniek en gebouwde omgeving","Afbouw, hout en onderhoud","BBL","3","Zuid-Holland",291,328,291,330,293
"Techniek en gebouwde omgeving","Afbouw, hout en onderhoud","BBL","4","Drenthe",7,9,12,11,10
"Techniek en gebouwde omgeving","Afbouw, hout en onderhoud","BBL","4","Flevoland",5,8,-1,-1,-1
"Techniek en gebouwde omgeving","Afbouw, hout en onderhoud","BBL","4","Friesland",7,10,11,-1,-1
"Techniek en gebouwde omgeving","Afbouw, hout en onderhoud","BBL","4","Gelderland",41,41,44,49,46
"Techniek en gebouwde omgeving","Afbouw, hout en onderhoud","BBL","4","Groningen",-1,5,6,7,10
"Techniek en gebouwde omgeving","Afbouw, hout en onderhoud","BBL","4","Limburg",10,14,13,11,10
"Techniek en gebouwde omgeving","Afbouw, hout en onderhoud","BBL","4","Noord-Brabant",58,65,61,51,46
"Techniek en gebouwde omgeving","Afbouw, hout en onderhoud","BBL","4","Noord-Holland",12,28,32,36,33
"Techniek en gebouwde omgeving","Afbouw, hout en onderhoud","BBL","4","ONBEKEND",-1,-1,0,0,0
"Techniek en gebouwde omgeving","Afbouw, hout en onderhoud","BBL","4","Overijssel",14,18,24,30,33
"Techniek en gebouwde omgeving","Afbouw, hout en onderhoud","BBL","4","Utrecht",14,15,11,21,27
"Techniek en gebouwde omgeving","Afbouw, hout en onderhoud","BBL","4","Zeeland",-1,7,9,6,5
"Techniek en gebouwde omgeving","Afbouw, hout en onderhoud","BBL","4","Zuid-Holland",29,48,60,43,36
"Techniek en gebouwde omgeving","Afbouw, hout en onderhoud","BOLVT","2","BELGIE",0,0,0,-1,-1
"Techniek en gebouwde omgeving","Afbouw, hout en onderhoud","BOLVT","2","DUITSLAND",-1,-1,-1,-1,0
"Techniek en gebouwde omgeving","Afbouw, hout en onderhoud","BOLVT","2","Drenthe",19,28,20,15,11
"Techniek en gebouwde omgeving","Afbouw, hout en onderhoud","BOLVT","2","Flevoland",25,29,19,24,13
"Techniek en gebouwde omgeving","Afbouw, hout en onderhoud","BOLVT","2","Friesland",52,49,31,36,23
"Techniek en gebouwde omgeving","Afbouw, hout en onderhoud","BOLVT","2","Gelderland",125,125,124,114,129
"Techniek en gebouwde omgeving","Afbouw, hout en onderhoud","BOLVT","2","Groningen",37,32,18,13,18
"Techniek en gebouwde omgeving","Afbouw, hout en onderhoud","BOLVT","2","Limburg",64,44,52,58,60
"Techniek en gebouwde omgeving","Afbouw, hout en onderhoud","BOLVT","2","Noord-Brabant",174,144,124,123,110
"Techniek en gebouwde omgeving","Afbouw, hout en onderhoud","BOLVT","2","Noord-Holland",148,119,100,100,102
"Techniek en gebouwde omgeving","Afbouw, hout en onderhoud","BOLVT","2","ONBEKEND",-1,-1,0,0,-1
"Techniek en gebouwde omgeving","Afbouw, hout en onderhoud","BOLVT","2","OVERIG BUITENLAND",0,0,-1,-1,0
"Techniek en gebouwde omgeving","Afbouw, hout en onderhoud","BOLVT","2","Overijssel",33,27,23,21,27
"Techniek en gebouwde omgeving","Afbouw, hout en onderhoud","BOLVT","2","Utrecht",93,62,43,41,49
"Techniek en gebouwde omgeving","Afbouw, hout en onderhoud","BOLVT","2","Zeeland",38,18,16,21,18
"Techniek en gebouwde omgeving","Afbouw, hout en onderhoud","BOLVT","2","Zuid-Holland",236,224,204,182,188
"Techniek en gebouwde omgeving","Afbouw, hout en onderhoud","BOLVT","3","DUITSLAND",-1,-1,-1,-1,-1
"Techniek en gebouwde omgeving","Afbouw, hout en onderhoud","BOLVT","3","Drenthe",36,25,19,11,13
"Techniek en gebouwde omgeving","Afbouw, hout en onderhoud","BOLVT","3","Flevoland",24,25,27,21,25
"Techniek en gebouwde omgeving","Afbouw, hout en onderhoud","BOLVT","3","Friesland",87,80,90,84,98
"Techniek en gebouwde omgeving","Afbouw, hout en onderhoud","BOLVT","3","Gelderland",170,141,137,143,146
"Techniek en gebouwde omgeving","Afbouw, hout en onderhoud","BOLVT","3","Groningen",26,24,13,6,5
"Techniek en gebouwde omgeving","Afbouw, hout en onderhoud","BOLVT","3","Limburg",107,93,107,104,139
"Techniek en gebouwde omgeving","Afbouw, hout en onderhoud","BOLVT","3","Noord-Brabant",229,227,244,255,259
"Techniek en gebouwde omgeving","Afbouw, hout en onderhoud","BOLVT","3","Noord-Holland",269,220,152,167,167
"Techniek en gebouwde omgeving","Afbouw, hout en onderhoud","BOLVT","3","ONBEKEND",-1,-1,0,0,0
"Techniek en gebouwde omgeving","Afbouw, hout en onderhoud","BOLVT","3","Overijssel",42,35,44,48,53
"Techniek en gebouwde omgeving","Afbouw, hout en onderhoud","BOLVT","3","Utrecht",83,83,82,95,114
"Techniek en gebouwde omgeving","Afbouw, hout en onderhoud","BOLVT","3","Zeeland",19,17,15,13,6
"Techniek en gebouwde omgeving","Afbouw, hout en onderhoud","BOLVT","3","Zuid-Holland",334,279,321,308,261
"Techniek en gebouwde omgeving","Afbouw, hout en onderhoud","BOLVT","4","DUITSLAND",0,0,-1,0,-1
"Techniek en gebouwde omgeving","Afbouw, hout en onderhoud","BOLVT","4","Drenthe",21,30,33,36,25
"Techniek en gebouwde omgeving","Afbouw, hout en onderhoud","BOLVT","4","Flevoland",43,48,40,45,40
"Techniek en gebouwde omgeving","Afbouw, hout en onderhoud","BOLVT","4","Friesland",18,17,12,14,16
"Techniek en gebouwde omgeving","Afbouw, hout en onderhoud","BOLVT","4","Gelderland",158,155,165,174,146
"Techniek en gebouwde omgeving","Afbouw, hout en onderhoud","BOLVT","4","Groningen",5,5,-1,5,-1
"Techniek en gebouwde omgeving","Afbouw, hout en onderhoud","BOLVT","4","Limburg",36,33,36,33,31
"Techniek en gebouwde omgeving","Afbouw, hout en onderhoud","BOLVT","4","Noord-Brabant",236,246,246,236,231
"Techniek en gebouwde omgeving","Afbouw, hout en onderhoud","BOLVT","4","Noord-Holland",438,418,409,389,380
"Techniek en gebouwde omgeving","Afbouw, hout en onderhoud","BOLVT","4","ONBEKEND",0,-1,0,0,0
"Techniek en gebouwde omgeving","Afbouw, hout en onderhoud","BOLVT","4","OVERIG BUITENLAND",0,0,0,-1,0
"Techniek en gebouwde omgeving","Afbouw, hout en onderhoud","BOLVT","4","Overijssel",146,172,175,186,197
"Techniek en gebouwde omgeving","Afbouw, hout en onderhoud","BOLVT","4","Utrecht",220,227,217,249,264
"Techniek en gebouwde omgeving","Afbouw, hout en onderhoud","BOLVT","4","Zeeland",18,12,9,19,16
"Techniek en gebouwde omgeving","Afbouw, hout en onderhoud","BOLVT","4","Zuid-Holland",515,488,479,488,481
"Techniek en gebouwde omgeving","Afbouw, hout en onderhoud","EX","2","BELGIE",0,0,-1,0,-1
"Techniek en gebouwde omgeving","Afbouw, hout en onderhoud","EX","2","Drenthe",-1,-1,-1,-1,0
"Techniek en gebouwde omgeving","Afbouw, hout en onderhoud","EX","2","Flevoland",6,-1,6,-1,-1
"Techniek en gebouwde omgeving","Afbouw, hout en onderhoud","EX","2","Friesland",-1,-1,-1,0,0
"Techniek en gebouwde omgeving","Afbouw, hout en onderhoud","EX","2","Gelderland",10,5,19,9,-1
"Techniek en gebouwde omgeving","Afbouw, hout en onderhoud","EX","2","Groningen",-1,0,-1,-1,5
"Techniek en gebouwde omgeving","Afbouw, hout en onderhoud","EX","2","Limburg",-1,7,0,-1,5
"Techniek en gebouwde omgeving","Afbouw, hout en onderhoud","EX","2","Noord-Brabant",11,11,17,16,12
"Techniek en gebouwde omgeving","Afbouw, hout en onderhoud","EX","2","Noord-Holland",-1,12,14,5,10
"Techniek en gebouwde omgeving","Afbouw, hout en onderhoud","EX","2","OVERIG BUITENLAND",0,0,-1,0,0
"Techniek en gebouwde omgeving","Afbouw, hout en onderhoud","EX","2","Overijssel",15,13,20,14,14
"Techniek en gebouwde omgeving","Afbouw, hout en onderhoud","EX","2","Utrecht",10,10,13,8,5
"Techniek en gebouwde omgeving","Afbouw, hout en onderhoud","EX","2","Zeeland",0,-1,0,0,0
"Techniek en gebouwde omgeving","Afbouw, hout en onderhoud","EX","2","Zuid-Holland",6,11,9,14,-1
"Techniek en gebouwde omgeving","Afbouw, hout en onderhoud","EX","3","Drenthe",-1,-1,-1,5,-1
"Techniek en gebouwde omgeving","Afbouw, hout en onderhoud","EX","3","Flevoland",0,-1,-1,0,0
"Techniek en gebouwde omgeving","Afbouw, hout en onderhoud","EX","3","Friesland",-1,-1,-1,-1,-1
"Techniek en gebouwde omgeving","Afbouw, hout en onderhoud","EX","3","Gelderland",-1,19,9,14,14
"Techniek en gebouwde omgeving","Afbouw, hout en onderhoud","EX","3","Groningen",-1,0,6,-1,5
"Techniek en gebouwde omgeving","Afbouw, hout en onderhoud","EX","3","Limburg",5,-1,8,8,-1
"Techniek en gebouwde omgeving","Afbouw, hout en onderhoud","EX","3","Noord-Brabant",19,13,28,15,12
"Techniek en gebouwde omgeving","Afbouw, hout en onderhoud","EX","3","Noord-Holland",5,22,15,18,9
"Techniek en gebouwde omgeving","Afbouw, hout en onderhoud","EX","3","Overijssel",14,13,29,12,21
"Techniek en gebouwde omgeving","Afbouw, hout en onderhoud","EX","3","Utrecht",-1,9,7,11,-1
"Techniek en gebouwde omgeving","Afbouw, hout en onderhoud","EX","3","Zeeland",-1,0,0,-1,0
"Techniek en gebouwde omgeving","Afbouw, hout en onderhoud","EX","3","Zuid-Holland",9,16,12,12,6
"Techniek en gebouwde omgeving","Afbouw, hout en onderhoud","EX","4","Drenthe",0,-1,-1,6,-1
"Techniek en gebouwde omgeving","Afbouw, hout en onderhoud","EX","4","Flevoland",0,0,0,-1,0
"Techniek en gebouwde omgeving","Afbouw, hout en onderhoud","EX","4","Friesland",-1,-1,0,-1,0
"Techniek en gebouwde omgeving","Afbouw, hout en onderhoud","EX","4","Gelderland",0,0,-1,0,-1
"Techniek en gebouwde omgeving","Afbouw, hout en onderhoud","EX","4","Groningen",0,0,0,-1,-1
"Techniek en gebouwde omgeving","Afbouw, hout en onderhoud","EX","4","Limburg",6,-1,-1,-1,0
"Techniek en gebouwde omgeving","Afbouw, hout en onderhoud","EX","4","Noord-Brabant",6,-1,-1,-1,-1
"Techniek en gebouwde omgeving","Afbouw, hout en onderhoud","EX","4","Noord-Holland",-1,5,-1,-1,5
"Techniek en gebouwde omgeving","Afbouw, hout en onderhoud","EX","4","Overijssel",-1,-1,0,-1,-1
"Techniek en gebouwde omgeving","Afbouw, hout en onderhoud","EX","4","Utrecht",-1,-1,0,-1,0
"Techniek en gebouwde omgeving","Afbouw, hout en onderhoud","EX","4","Zuid-Holland",-1,8,5,5,6
"Techniek en gebouwde omgeving","Ambacht, laboratorium en gezondheidstechniek","BBL","3","Friesland",-1,-1,-1,5,-1
"Techniek en gebouwde omgeving","Ambacht, laboratorium en gezondheidstechniek","BBL","3","Gelderland",-1,-1,-1,-1,-1
"Techniek en gebouwde omgeving","Ambacht, laboratorium en gezondheidstechniek","BBL","3","Limburg",-1,0,0,0,-1
"Techniek en gebouwde omgeving","Ambacht, laboratorium en gezondheidstechniek","BBL","3","Noord-Brabant",-1,-1,-1,-1,-1
"Techniek en gebouwde omgeving","Ambacht, laboratorium en gezondheidstechniek","BBL","3","Noord-Holland",0,-1,0,0,-1
"Techniek en gebouwde omgeving","Ambacht, laboratorium en gezondheidstechniek","BBL","3","Overijssel",-1,-1,-1,0,0
"Techniek en gebouwde omgeving","Ambacht, laboratorium en gezondheidstechniek","BBL","3","Zeeland",-1,0,0,0,0
"Techniek en gebouwde omgeving","Ambacht, laboratorium en gezondheidstechniek","BBL","3","Zuid-Holland",-1,-1,-1,-1,-1
"Techniek en gebouwde omgeving","Ambacht, laboratorium en gezondheidstechniek","BBL","4","Drenthe",0,-1,-1,-1,-1
"Techniek en gebouwde omgeving","Ambacht, laboratorium en gezondheidstechniek","BBL","4","Flevoland",0,-1,-1,0,0
"Techniek en gebouwde omgeving","Ambacht, laboratorium en gezondheidstechniek","BBL","4","Friesland",5,7,-1,-1,5
"Techniek en gebouwde omgeving","Ambacht, laboratorium en gezondheidstechniek","BBL","4","Gelderland",5,5,11,13,9
"Techniek en gebouwde omgeving","Ambacht, laboratorium en gezondheidstechniek","BBL","4","Groningen",0,-1,7,-1,6
"Techniek en gebouwde omgeving","Ambacht, laboratorium en gezondheidstechniek","BBL","4","Limburg",-1,-1,-1,-1,-1
"Techniek en gebouwde omgeving","Ambacht, laboratorium en gezondheidstechniek","BBL","4","Noord-Brabant",8,5,8,8,5
"Techniek en gebouwde omgeving","Ambacht, laboratorium en gezondheidstechniek","BBL","4","Noord-Holland",-1,-1,-1,-1,-1
"Techniek en gebouwde omgeving","Ambacht, laboratorium en gezondheidstechniek","BBL","4","ONBEKEND",0,-1,-1,0,0
"Techniek en gebouwde omgeving","Ambacht, laboratorium en gezondheidstechniek","BBL","4","Overijssel",-1,-1,-1,0,0
"Techniek en gebouwde omgeving","Ambacht, laboratorium en gezondheidstechniek","BBL","4","Utrecht",5,-1,-1,-1,-1
"Techniek en gebouwde omgeving","Ambacht, laboratorium en gezondheidstechniek","BBL","4","Zeeland",0,0,-1,-1,-1
"Techniek en gebouwde omgeving","Ambacht, laboratorium en gezondheidstechniek","BBL","4","Zuid-Holland",22,25,18,13,9
"Techniek en gebouwde omgeving","Ambacht, laboratorium en gezondheidstechniek","BOLVT","3","BELGIE",0,-1,0,-1,-1
"Techniek en gebouwde omgeving","Ambacht, laboratorium en gezondheidstechniek","BOLVT","3","DUITSLAND",-1,0,0,0,0
"Techniek en gebouwde omgeving","Ambacht, laboratorium en gezondheidstechniek","BOLVT","3","Drenthe",24,23,26,19,14
"Techniek en gebouwde omgeving","Ambacht, laboratorium en gezondheidstechniek","BOLVT","3","Flevoland",8,10,10,9,7
"Techniek en gebouwde omgeving","Ambacht, laboratorium en gezondheidstechniek","BOLVT","3","Friesland",32,25,23,20,34
"Techniek en gebouwde omgeving","Ambacht, laboratorium en gezondheidstechniek","BOLVT","3","Gelderland",78,66,64,88,76
"Techniek en gebouwde omgeving","Ambacht, laboratorium en gezondheidstechniek","BOLVT","3","Groningen",28,38,38,41,36
"Techniek en gebouwde omgeving","Ambacht, laboratorium en gezondheidstechniek","BOLVT","3","Limburg",48,51,55,58,54
"Techniek en gebouwde omgeving","Ambacht, laboratorium en gezondheidstechniek","BOLVT","3","Noord-Brabant",49,52,50,64,58
"Techniek en gebouwde omgeving","Ambacht, laboratorium en gezondheidstechniek","BOLVT","3","Noord-Holland",100,101,93,96,107
"Techniek en gebouwde omgeving","Ambacht, laboratorium en gezondheidstechniek","BOLVT","3","ONBEKEND",-1,0,0,0,0
"Techniek en gebouwde omgeving","Ambacht, laboratorium en gezondheidstechniek","BOLVT","3","OVERIG BUITENLAND",0,0,0,0,-1
"Techniek en gebouwde omgeving","Ambacht, laboratorium en gezondheidstechniek","BOLVT","3","Overijssel",56,47,62,53,47
"Techniek en gebouwde omgeving","Ambacht, laboratorium en gezondheidstechniek","BOLVT","3","Utrecht",45,39,37,34,33
"Techniek en gebouwde omgeving","Ambacht, laboratorium en gezondheidstechniek","BOLVT","3","Zeeland",23,14,18,21,19
"Techniek en gebouwde omgeving","Ambacht, laboratorium en gezondheidstechniek","BOLVT","3","Zuid-Holland",104,83,90,100,107
"Techniek en gebouwde omgeving","Ambacht, laboratorium en gezondheidstechniek","BOLVT","4","BELGIE",-1,-1,-1,7,7
"Techniek en gebouwde omgeving","Ambacht, laboratorium en gezondheidstechniek","BOLVT","4","DUITSLAND",-1,-1,-1,-1,5
"Techniek en gebouwde omgeving","Ambacht, laboratorium en gezondheidstechniek","BOLVT","4","Drenthe",153,130,115,104,98
"Techniek en gebouwde omgeving","Ambacht, laboratorium en gezondheidstechniek","BOLVT","4","Flevoland",56,43,42,43,41
"Techniek en gebouwde omgeving","Ambacht, laboratorium en gezondheidstechniek","BOLVT","4","Friesland",193,170,153,139,121
"Techniek en gebouwde omgeving","Ambacht, laboratorium en gezondheidstechniek","BOLVT","4","Gelderland",419,379,338,279,271
"Techniek en gebouwde omgeving","Ambacht, laboratorium en gezondheidstechniek","BOLVT","4","Groningen",193,203,184,164,152
"Techniek en gebouwde omgeving","Ambacht, laboratorium en gezondheidstechniek","BOLVT","4","Limburg",269,236,212,172,167
"Techniek en gebouwde omgeving","Ambacht, laboratorium en gezondheidstechniek","BOLVT","4","Noord-Brabant",604,542,516,479,469
"Techniek en gebouwde omgeving","Ambacht, laboratorium en gezondheidstechniek","BOLVT","4","Noord-Holland",481,434,408,371,343
"Techniek en gebouwde omgeving","Ambacht, laboratorium en gezondheidstechniek","BOLVT","4","ONBEKEND",-1,-1,-1,-1,-1
"Techniek en gebouwde omgeving","Ambacht, laboratorium en gezondheidstechniek","BOLVT","4","OVERIG BUITENLAND",0,0,0,-1,-1
"Techniek en gebouwde omgeving","Ambacht, laboratorium en gezondheidstechniek","BOLVT","4","Overijssel",231,223,191,171,158
"Techniek en gebouwde omgeving","Ambacht, laboratorium en gezondheidstechniek","BOLVT","4","Utrecht",244,209,186,168,156
"Techniek en gebouwde omgeving","Ambacht, laboratorium en gezondheidstechniek","BOLVT","4","Zeeland",96,82,62,59,61
"Techniek en gebouwde omgeving","Ambacht, laboratorium en gezondheidstechniek","BOLVT","4","Zuid-Holland",913,793,693,675,643
"Techniek en gebouwde omgeving","Ambacht, laboratorium en gezondheidstechniek","EX","3","Drenthe",0,0,0,-1,0
"Techniek en gebouwde omgeving","Ambacht, laboratorium en gezondheidstechniek","EX","3","Gelderland",0,0,0,-1,0
"Techniek en gebouwde omgeving","Ambacht, laboratorium en gezondheidstechniek","EX","3","Noord-Brabant",0,0,-1,-1,0
"Techniek en gebouwde omgeving","Ambacht, laboratorium en gezondheidstechniek","EX","3","Noord-Holland",0,0,0,0,-1
"Techniek en gebouwde omgeving","Ambacht, laboratorium en gezondheidstechniek","EX","3","Overijssel",0,0,0,-1,0
"Techniek en gebouwde omgeving","Ambacht, laboratorium en gezondheidstechniek","EX","3","Zeeland",0,0,0,-1,0
"Techniek en gebouwde omgeving","Ambacht, laboratorium en gezondheidstechniek","EX","3","Zuid-Holland",-1,0,0,-1,0
"Techniek en gebouwde omgeving","Ambacht, laboratorium en gezondheidstechniek","EX","4","Gelderland",-1,-1,-1,0,0
"Techniek en gebouwde omgeving","Ambacht, laboratorium en gezondheidstechniek","EX","4","Noord-Brabant",0,-1,0,0,0
"Techniek en gebouwde omgeving","Ambacht, laboratorium en gezondheidstechniek","EX","4","Noord-Holland",-1,0,0,-1,0
"Techniek en gebouwde omgeving","Ambacht, laboratorium en gezondheidstechniek","EX","4","Utrecht",0,-1,-1,-1,0
"Techniek en gebouwde omgeving","Ambacht, laboratorium en gezondheidstechniek","EX","4","Zeeland",0,-1,0,0,0
"Techniek en gebouwde omgeving","Ambacht, laboratorium en gezondheidstechniek","EX","4","Zuid-Holland",-1,0,-1,-1,0
"Techniek en gebouwde omgeving","Bouw en infra","BBL","2","BELGIE",0,-1,-1,-1,-1
"Techniek en gebouwde omgeving","Bouw en infra","BBL","2","DUITSLAND",-1,-1,-1,6,5
"Techniek en gebouwde omgeving","Bouw en infra","BBL","2","Drenthe",159,211,201,209,207
"Techniek en gebouwde omgeving","Bouw en infra","BBL","2","Flevoland",96,98,100,99,115
"Techniek en gebouwde omgeving","Bouw en infra","BBL","2","Friesland",125,138,120,121,135
"Techniek en gebouwde omgeving","Bouw en infra","BBL","2","Gelderland",701,680,672,748,819
"Techniek en gebouwde omgeving","Bouw en infra","BBL","2","Groningen",185,208,231,207,219
"Techniek en gebouwde omgeving","Bouw en infra","BBL","2","Limburg",114,109,94,107,121
"Techniek en gebouwde omgeving","Bouw en infra","BBL","2","Noord-Brabant",664,686,671,757,866
"Techniek en gebouwde omgeving","Bouw en infra","BBL","2","Noord-Holland",587,599,578,588,643
"Techniek en gebouwde omgeving","Bouw en infra","BBL","2","ONBEKEND",8,8,8,9,9
"Techniek en gebouwde omgeving","Bouw en infra","BBL","2","OVERIG BUITENLAND",0,0,0,-1,0
"Techniek en gebouwde omgeving","Bouw en infra","BBL","2","Overijssel",384,461,480,479,505
"Techniek en gebouwde omgeving","Bouw en infra","BBL","2","Utrecht",288,269,282,319,366
"Techniek en gebouwde omgeving","Bouw en infra","BBL","2","Zeeland",121,141,138,152,151
"Techniek en gebouwde omgeving","Bouw en infra","BBL","2","Zuid-Holland",779,837,857,871,892
"Techniek en gebouwde omgeving","Bouw en infra","BBL","3","BELGIE",0,-1,-1,-1,-1
"Techniek en gebouwde omgeving","Bouw en infra","BBL","3","DUITSLAND",0,-1,0,-1,6
"Techniek en gebouwde omgeving","Bouw en infra","BBL","3","Drenthe",150,124,81,95,100
"Techniek en gebouwde omgeving","Bouw en infra","BBL","3","Flevoland",52,56,50,39,46
"Techniek en gebouwde omgeving","Bouw en infra","BBL","3","Friesland",225,261,258,248,261
"Techniek en gebouwde omgeving","Bouw en infra","BBL","3","Gelderland",556,578,599,578,586
"Techniek en gebouwde omgeving","Bouw en infra","BBL","3","Groningen",118,119,92,117,140
"Techniek en gebouwde omgeving","Bouw en infra","BBL","3","Limburg",99,124,107,102,116
"Techniek en gebouwde omgeving","Bouw en infra","BBL","3","Noord-Brabant",506,542,609,532,542
"Techniek en gebouwde omgeving","Bouw en infra","BBL","3","Noord-Holland",504,531,518,541,492
"Techniek en gebouwde omgeving","Bouw en infra","BBL","3","ONBEKEND",-1,-1,-1,-1,6
"Techniek en gebouwde omgeving","Bouw en infra","BBL","3","Overijssel",427,426,486,479,494
"Techniek en gebouwde omgeving","Bouw en infra","BBL","3","Utrecht",273,295,301,215,197
"Techniek en gebouwde omgeving","Bouw en infra","BBL","3","Zeeland",95,103,113,98,105
"Techniek en gebouwde omgeving","Bouw en infra","BBL","3","Zuid-Holland",462,477,440,470,504
"Techniek en gebouwde omgeving","Bouw en infra","BBL","4","DUITSLAND",0,0,-1,-1,-1
"Techniek en gebouwde omgeving","Bouw en infra","BBL","4","Drenthe",46,44,42,36,25
"Techniek en gebouwde omgeving","Bouw en infra","BBL","4","Flevoland",12,14,19,22,18
"Techniek en gebouwde omgeving","Bouw en infra","BBL","4","Friesland",69,58,37,33,41
"Techniek en gebouwde omgeving","Bouw en infra","BBL","4","Gelderland",122,127,120,140,140
"Techniek en gebouwde omgeving","Bouw en infra","BBL","4","Groningen",28,26,23,25,26
"Techniek en gebouwde omgeving","Bouw en infra","BBL","4","Limburg",39,36,37,41,39
"Techniek en gebouwde omgeving","Bouw en infra","BBL","4","Noord-Brabant",150,134,137,150,175
"Techniek en gebouwde omgeving","Bouw en infra","BBL","4","Noord-Holland",159,133,160,149,162
"Techniek en gebouwde omgeving","Bouw en infra","BBL","4","ONBEKEND",-1,-1,0,-1,-1
"Techniek en gebouwde omgeving","Bouw en infra","BBL","4","Overijssel",89,94,98,98,124
"Techniek en gebouwde omgeving","Bouw en infra","BBL","4","Utrecht",85,70,65,50,72
"Techniek en gebouwde omgeving","Bouw en infra","BBL","4","Zeeland",14,11,12,15,15
"Techniek en gebouwde omgeving","Bouw en infra","BBL","4","Zuid-Holland",173,192,192,179,186
"Techniek en gebouwde omgeving","Bouw en infra","BOLVT","2","DUITSLAND",-1,0,0,-1,-1
"Techniek en gebouwde omgeving","Bouw en infra","BOLVT","2","Drenthe",23,28,33,39,45
"Techniek en gebouwde omgeving","Bouw en infra","BOLVT","2","Flevoland",27,50,52,48,23
"Techniek en gebouwde omgeving","Bouw en infra","BOLVT","2","Friesland",64,72,79,96,80
"Techniek en gebouwde omgeving","Bouw en infra","BOLVT","2","Gelderland",130,148,164,191,192
"Techniek en gebouwde omgeving","Bouw en infra","BOLVT","2","Groningen",53,49,69,71,74
"Techniek en gebouwde omgeving","Bouw en infra","BOLVT","2","Limburg",97,105,126,141,144
"Techniek en gebouwde omgeving","Bouw en infra","BOLVT","2","Noord-Brabant",121,124,172,178,172
"Techniek en gebouwde omgeving","Bouw en infra","BOLVT","2","Noord-Holland",62,61,56,46,88
"Techniek en gebouwde omgeving","Bouw en infra","BOLVT","2","OVERIG BUITENLAND",-1,0,0,-1,0
"Techniek en gebouwde omgeving","Bouw en infra","BOLVT","2","Overijssel",26,35,27,32,47
"Techniek en gebouwde omgeving","Bouw en infra","BOLVT","2","Utrecht",6,-1,-1,7,7
"Techniek en gebouwde omgeving","Bouw en infra","BOLVT","2","Zeeland",45,28,34,14,27
"Techniek en gebouwde omgeving","Bouw en infra","BOLVT","2","Zuid-Holland",125,152,139,151,165
"Techniek en gebouwde omgeving","Bouw en infra","BOLVT","3","BELGIE",0,0,0,0,-1
"Techniek en gebouwde omgeving","Bouw en infra","BOLVT","3","DUITSLAND",0,-1,-1,0,-1
"Techniek en gebouwde omgeving","Bouw en infra","BOLVT","3","Drenthe",33,26,14,13,7
"Techniek en gebouwde omgeving","Bouw en infra","BOLVT","3","Flevoland",11,11,12,9,13
"Techniek en gebouwde omgeving","Bouw en infra","BOLVT","3","Friesland",98,119,140,143,136
"Techniek en gebouwde omgeving","Bouw en infra","BOLVT","3","Gelderland",146,143,167,171,163
"Techniek en gebouwde omgeving","Bouw en infra","BOLVT","3","Groningen",37,35,28,19,9
"Techniek en gebouwde omgeving","Bouw en infra","BOLVT","3","Limburg",54,50,51,51,36
"Techniek en gebouwde omgeving","Bouw en infra","BOLVT","3","Noord-Brabant",106,122,67,51,46
"Techniek en gebouwde omgeving","Bouw en infra","BOLVT","3","Noord-Holland",35,40,63,71,81
"Techniek en gebouwde omgeving","Bouw en infra","BOLVT","3","Overijssel",95,80,69,73,78
"Techniek en gebouwde omgeving","Bouw en infra","BOLVT","3","Utrecht",25,19,10,19,25
"Techniek en gebouwde omgeving","Bouw en infra","BOLVT","3","Zeeland",-1,5,-1,-1,-1
"Techniek en gebouwde omgeving","Bouw en infra","BOLVT","3","Zuid-Holland",33,32,23,18,23
"Techniek en gebouwde omgeving","Bouw en infra","BOLVT","4","BELGIE",6,-1,-1,-1,7
"Techniek en gebouwde omgeving","Bouw en infra","BOLVT","4","DUITSLAND",-1,-1,-1,-1,-1
"Techniek en gebouwde omgeving","Bouw en infra","BOLVT","4","Drenthe",214,192,164,174,153
"Techniek en gebouwde omgeving","Bouw en infra","BOLVT","4","Flevoland",119,108,109,102,119
"Techniek en gebouwde omgeving","Bouw en infra","BOLVT","4","Friesland",297,249,231,212,190
"Techniek en gebouwde omgeving","Bouw en infra","BOLVT","4","Gelderland",789,747,738,678,690
"Techniek en gebouwde omgeving","Bouw en infra","BOLVT","4","Groningen",205,176,151,149,131
"Techniek en gebouwde omgeving","Bouw en infra","BOLVT","4","Limburg",247,249,224,217,220
"Techniek en gebouwde omgeving","Bouw en infra","BOLVT","4","Noord-Brabant",906,865,879,872,814
"Techniek en gebouwde omgeving","Bouw en infra","BOLVT","4","Noord-Holland",692,648,613,550,503
"Techniek en gebouwde omgeving","Bouw en infra","BOLVT","4","ONBEKEND",-1,5,-1,0,-1
"Techniek en gebouwde omgeving","Bouw en infra","BOLVT","4","OVERIG BUITENLAND",0,-1,-1,-1,-1
"Techniek en gebouwde omgeving","Bouw en infra","BOLVT","4","Overijssel",516,480,429,415,417
"Techniek en gebouwde omgeving","Bouw en infra","BOLVT","4","Utrecht",502,472,473,462,477
"Techniek en gebouwde omgeving","Bouw en infra","BOLVT","4","Zeeland",129,117,91,101,99
"Techniek en gebouwde omgeving","Bouw en infra","BOLVT","4","Zuid-Holland",893,836,766,711,749
"Techniek en gebouwde omgeving","Bouw en infra","EX","2","Drenthe",7,5,14,-1,7
"Techniek en gebouwde omgeving","Bouw en infra","EX","2","Flevoland",0,-1,-1,-1,0
"Techniek en gebouwde omgeving","Bouw en infra","EX","2","Friesland",-1,-1,6,-1,-1
"Techniek en gebouwde omgeving","Bouw en infra","EX","2","Gelderland",7,7,16,6,9
"Techniek en gebouwde omgeving","Bouw en infra","EX","2","Groningen",7,8,7,6,-1
"Techniek en gebouwde omgeving","Bouw en infra","EX","2","Limburg",-1,-1,-1,-1,0
"Techniek en gebouwde omgeving","Bouw en infra","EX","2","Noord-Brabant",6,11,10,6,9
"Techniek en gebouwde omgeving","Bouw en infra","EX","2","Noord-Holland",-1,6,-1,9,7
"Techniek en gebouwde omgeving","Bouw en infra","EX","2","ONBEKEND",-1,0,0,0,0
"Techniek en gebouwde omgeving","Bouw en infra","EX","2","Overijssel",11,8,12,7,11
"Techniek en gebouwde omgeving","Bouw en infra","EX","2","Utrecht",-1,-1,-1,5,-1
"Techniek en gebouwde omgeving","Bouw en infra","EX","2","Zeeland",-1,0,0,0,0
"Techniek en gebouwde omgeving","Bouw en infra","EX","2","Zuid-Holland",6,5,-1,-1,-1
"Techniek en gebouwde omgeving","Bouw en infra","EX","3","BELGIE",0,0,-1,0,0
"Techniek en gebouwde omgeving","Bouw en infra","EX","3","Drenthe",5,-1,-1,7,5
"Techniek en gebouwde omgeving","Bouw en infra","EX","3","Flevoland",-1,-1,0,-1,-1
"Techniek en gebouwde omgeving","Bouw en infra","EX","3","Friesland",6,-1,12,10,-1
"Techniek en gebouwde omgeving","Bouw en infra","EX","3","Gelderland",16,6,5,5,-1
"Techniek en gebouwde omgeving","Bouw en infra","EX","3","Groningen",0,-1,-1,-1,7
"Techniek en gebouwde omgeving","Bouw en infra","EX","3","Limburg",0,0,0,0,-1
"Techniek en gebouwde omgeving","Bouw en infra","EX","3","Noord-Brabant",5,12,-1,8,10
"Techniek en gebouwde omgeving","Bouw en infra","EX","3","Noord-Holland",-1,-1,9,-1,16
"Techniek en gebouwde omgeving","Bouw en infra","EX","3","Overijssel",23,14,22,11,11
"Techniek en gebouwde omgeving","Bouw en infra","EX","3","Utrecht",-1,7,8,9,8
"Techniek en gebouwde omgeving","Bouw en infra","EX","3","Zeeland",0,0,-1,0,0
"Techniek en gebouwde omgeving","Bouw en infra","EX","3","Zuid-Holland",-1,-1,-1,-1,6
"Techniek en gebouwde omgeving","Bouw en infra","EX","4","Drenthe",-1,-1,-1,-1,-1
"Techniek en gebouwde omgeving","Bouw en infra","EX","4","Friesland",-1,5,-1,6,-1
"Techniek en gebouwde omgeving","Bouw en infra","EX","4","Gelderland",5,11,5,-1,-1
"Techniek en gebouwde omgeving","Bouw en infra","EX","4","Groningen",0,0,5,0,-1
"Techniek en gebouwde omgeving","Bouw en infra","EX","4","Limburg",-1,0,-1,0,-1
"Techniek en gebouwde omgeving","Bouw en infra","EX","4","Noord-Brabant",-1,7,7,-1,-1
"Techniek en gebouwde omgeving","Bouw en infra","EX","4","Noord-Holland",-1,-1,5,-1,-1
"Techniek en gebouwde omgeving","Bouw en infra","EX","4","Overijssel",10,10,5,-1,7
"Techniek en gebouwde omgeving","Bouw en infra","EX","4","Utrecht",7,-1,-1,0,8
"Techniek en gebouwde omgeving","Bouw en infra","EX","4","Zeeland",-1,-1,0,0,0
"Techniek en gebouwde omgeving","Bouw en infra","EX","4","Zuid-Holland",-1,5,13,-1,-1
"Techniek en gebouwde omgeving","Techniek en procesindustrie","BBL","2","BELGIE",-1,6,9,12,15
"Techniek en gebouwde omgeving","Techniek en procesindustrie","BBL","2","DUITSLAND",13,18,11,10,8
"Techniek en gebouwde omgeving","Techniek en procesindustrie","BBL","2","Drenthe",240,263,256,281,246
"Techniek en gebouwde omgeving","Techniek en procesindustrie","BBL","2","Flevoland",215,205,207,216,249
"Techniek en gebouwde omgeving","Techniek en procesindustrie","BBL","2","Friesland",179,168,192,189,203
"Techniek en gebouwde omgeving","Techniek en procesindustrie","BBL","2","Gelderland",833,811,904,923,910
"Techniek en gebouwde omgeving","Techniek en procesindustrie","BBL","2","Groningen",215,221,232,232,185
"Techniek en gebouwde omgeving","Techniek en procesindustrie","BBL","2","Limburg",222,280,250,242,199
"Techniek en gebouwde omgeving","Techniek en procesindustrie","BBL","2","Noord-Brabant",905,923,898,882,863
"Techniek en gebouwde omgeving","Techniek en procesindustrie","BBL","2","Noord-Holland",1177,1211,1193,1175,1289
"Techniek en gebouwde omgeving","Techniek en procesindustrie","BBL","2","ONBEKEND",28,38,31,25,19
"Techniek en gebouwde omgeving","Techniek en procesindustrie","BBL","2","OVERIG BUITENLAND",-1,0,6,-1,-1
"Techniek en gebouwde omgeving","Techniek en procesindustrie","BBL","2","Overijssel",689,711,692,683,675
"Techniek en gebouwde omgeving","Techniek en procesindustrie","BBL","2","Utrecht",423,471,532,556,643
"Techniek en gebouwde omgeving","Techniek en procesindustrie","BBL","2","Zeeland",173,196,189,183,169
"Techniek en gebouwde omgeving","Techniek en procesindustrie","BBL","2","Zuid-Holland",1097,1106,1123,1208,1253
"Techniek en gebouwde omgeving","Techniek en procesindustrie","BBL","3","BELGIE",29,29,32,46,62
"Techniek en gebouwde omgeving","Techniek en procesindustrie","BBL","3","DUITSLAND",16,18,22,24,28
"Techniek en gebouwde omgeving","Techniek en procesindustrie","BBL","3","Drenthe",460,528,511,535,484
"Techniek en gebouwde omgeving","Techniek en procesindustrie","BBL","3","Flevoland",273,281,314,340,316
"Techniek en gebouwde omgeving","Techniek en procesindustrie","BBL","3","Friesland",509,506,454,458,450
"Techniek en gebouwde omgeving","Techniek en procesindustrie","BBL","3","Gelderland",1639,1718,1669,1640,1672
"Techniek en gebouwde omgeving","Techniek en procesindustrie","BBL","3","Groningen",461,463,494,498,545
"Techniek en gebouwde omgeving","Techniek en procesindustrie","BBL","3","Limburg",850,927,876,846,843
"Techniek en gebouwde omgeving","Techniek en procesindustrie","BBL","3","Noord-Brabant",2592,2672,2750,2696,2817
"Techniek en gebouwde omgeving","Techniek en procesindustrie","BBL","3","Noord-Holland",1688,1665,1743,1838,1907
"Techniek en gebouwde omgeving","Techniek en procesindustrie","BBL","3","ONBEKEND",59,71,59,48,52
"Techniek en gebouwde omgeving","Techniek en procesindustrie","BBL","3","OVERIG BUITENLAND",0,0,-1,-1,-1
"Techniek en gebouwde omgeving","Techniek en procesindustrie","BBL","3","Overijssel",1151,1223,1296,1320,1317
"Techniek en gebouwde omgeving","Techniek en procesindustrie","BBL","3","Utrecht",670,704,692,666,622
"Techniek en gebouwde omgeving","Techniek en procesindustrie","BBL","3","Zeeland",486,485,531,569,546
"Techniek en gebouwde omgeving","Techniek en procesindustrie","BBL","3","Zuid-Holland",1938,1985,2113,2265,2312
"Techniek en gebouwde omgeving","Techniek en procesindustrie","BBL","4","BELGIE",5,7,12,15,20
"Techniek en gebouwde omgeving","Techniek en procesindustrie","BBL","4","DUITSLAND",10,6,5,10,10
"Techniek en gebouwde omgeving","Techniek en procesindustrie","BBL","4","Drenthe",179,186,227,253,229
"Techniek en gebouwde omgeving","Techniek en procesindustrie","BBL","4","Flevoland",100,105,105,111,108
"Techniek en gebouwde omgeving","Techniek en procesindustrie","BBL","4","Friesland",192,198,200,184,201
"Techniek en gebouwde omgeving","Techniek en procesindustrie","BBL","4","Gelderland",533,540,561,596,551
"Techniek en gebouwde omgeving","Techniek en procesindustrie","BBL","4","Groningen",241,262,294,286,286
"Techniek en gebouwde omgeving","Techniek en procesindustrie","BBL","4","Limburg",346,384,382,398,391
"Techniek en gebouwde omgeving","Techniek en procesindustrie","BBL","4","Noord-Brabant",786,801,801,766,746
"Techniek en gebouwde omgeving","Techniek en procesindustrie","BBL","4","Noord-Holland",728,791,799,754,722
"Techniek en gebouwde omgeving","Techniek en procesindustrie","BBL","4","ONBEKEND",18,32,25,15,9
"Techniek en gebouwde omgeving","Techniek en procesindustrie","BBL","4","Overijssel",430,435,436,409,442
"Techniek en gebouwde omgeving","Techniek en procesindustrie","BBL","4","Utrecht",184,196,222,259,259
"Techniek en gebouwde omgeving","Techniek en procesindustrie","BBL","4","Zeeland",179,137,154,158,175
"Techniek en gebouwde omgeving","Techniek en procesindustrie","BBL","4","Zuid-Holland",655,660,745,739,754
"Techniek en gebouwde omgeving","Techniek en procesindustrie","BOLVT","2","BELGIE",-1,-1,0,-1,-1
"Techniek en gebouwde omgeving","Techniek en procesindustrie","BOLVT","2","DUITSLAND",-1,-1,-1,-1,-1
"Techniek en gebouwde omgeving","Techniek en procesindustrie","BOLVT","2","Drenthe",106,67,72,84,95
"Techniek en gebouwde omgeving","Techniek en procesindustrie","BOLVT","2","Flevoland",99,105,117,157,164
"Techniek en gebouwde omgeving","Techniek en procesindustrie","BOLVT","2","Friesland",182,146,118,137,135
"Techniek en gebouwde omgeving","Techniek en procesindustrie","BOLVT","2","Gelderland",335,307,319,382,356
"Techniek en gebouwde omgeving","Techniek en procesindustrie","BOLVT","2","Groningen",119,114,122,138,136
"Techniek en gebouwde omgeving","Techniek en procesindustrie","BOLVT","2","Limburg",155,143,164,148,161
"Techniek en gebouwde omgeving","Techniek en procesindustrie","BOLVT","2","Noord-Brabant",83,91,81,120,156
"Techniek en gebouwde omgeving","Techniek en procesindustrie","BOLVT","2","Noord-Holland",369,377,376,368,399
"Techniek en gebouwde omgeving","Techniek en procesindustrie","BOLVT","2","ONBEKEND",5,5,-1,-1,-1
"Techniek en gebouwde omgeving","Techniek en procesindustrie","BOLVT","2","OVERIG BUITENLAND",-1,0,0,0,0
"Techniek en gebouwde omgeving","Techniek en procesindustrie","BOLVT","2","Overijssel",137,137,116,144,151
"Techniek en gebouwde omgeving","Techniek en procesindustrie","BOLVT","2","Utrecht",110,92,97,138,138
"Techniek en gebouwde omgeving","Techniek en procesindustrie","BOLVT","2","Zeeland",5,6,-1,-1,-1
"Techniek en gebouwde omgeving","Techniek en procesindustrie","BOLVT","2","Zuid-Holland",713,600,529,638,772
"Techniek en gebouwde omgeving","Techniek en procesindustrie","BOLVT","3","BELGIE",0,-1,-1,-1,-1
"Techniek en gebouwde omgeving","Techniek en procesindustrie","BOLVT","3","DUITSLAND",5,-1,-1,6,-1
"Techniek en gebouwde omgeving","Techniek en procesindustrie","BOLVT","3","Drenthe",131,121,101,102,111
"Techniek en gebouwde omgeving","Techniek en procesindustrie","BOLVT","3","Flevoland",86,77,72,99,128
"Techniek en gebouwde omgeving","Techniek en procesindustrie","BOLVT","3","Friesland",244,217,202,200,235
"Techniek en gebouwde omgeving","Techniek en procesindustrie","BOLVT","3","Gelderland",277,233,234,231,231
"Techniek en gebouwde omgeving","Techniek en procesindustrie","BOLVT","3","Groningen",122,111,103,95,100
"Techniek en gebouwde omgeving","Techniek en procesindustrie","BOLVT","3","Limburg",241,198,234,228,220
"Techniek en gebouwde omgeving","Techniek en procesindustrie","BOLVT","3","Noord-Brabant",312,271,277,276,252
"Techniek en gebouwde omgeving","Techniek en procesindustrie","BOLVT","3","Noord-Holland",222,162,147,152,191
"Techniek en gebouwde omgeving","Techniek en procesindustrie","BOLVT","3","ONBEKEND",9,5,-1,-1,-1
"Techniek en gebouwde omgeving","Techniek en procesindustrie","BOLVT","3","OVERIG BUITENLAND",0,0,-1,-1,0
"Techniek en gebouwde omgeving","Techniek en procesindustrie","BOLVT","3","Overijssel",166,158,154,167,161
"Techniek en gebouwde omgeving","Techniek en procesindustrie","BOLVT","3","Utrecht",86,80,63,69,72
"Techniek en gebouwde omgeving","Techniek en procesindustrie","BOLVT","3","Zeeland",20,15,33,25,14
"Techniek en gebouwde omgeving","Techniek en procesindustrie","BOLVT","3","Zuid-Holland",788,711,710,674,748
"Techniek en gebouwde omgeving","Techniek en procesindustrie","BOLVT","4","BELGIE",11,10,14,15,15
"Techniek en gebouwde omgeving","Techniek en procesindustrie","BOLVT","4","DUITSLAND",15,12,10,-1,11
"Techniek en gebouwde omgeving","Techniek en procesindustrie","BOLVT","4","Drenthe",460,445,403,408,403
"Techniek en gebouwde omgeving","Techniek en procesindustrie","BOLVT","4","Flevoland",357,326,320,314,283
"Techniek en gebouwde omgeving","Techniek en procesindustrie","BOLVT","4","Friesland",573,519,483,465,463
"Techniek en gebouwde omgeving","Techniek en procesindustrie","BOLVT","4","Gelderland",1379,1245,1090,984,913
"Techniek en gebouwde omgeving","Techniek en procesindustrie","BOLVT","4","Groningen",586,518,482,505,455
"Techniek en gebouwde omgeving","Techniek en procesindustrie","BOLVT","4","Limburg",786,706,664,597,567
"Techniek en gebouwde omgeving","Techniek en procesindustrie","BOLVT","4","Noord-Brabant",1766,1542,1414,1321,1321
"Techniek en gebouwde omgeving","Techniek en procesindustrie","BOLVT","4","Noord-Holland",1291,1234,1173,1118,1088
"Techniek en gebouwde omgeving","Techniek en procesindustrie","BOLVT","4","ONBEKEND",15,9,6,-1,-1
"Techniek en gebouwde omgeving","Techniek en procesindustrie","BOLVT","4","OVERIG BUITENLAND",0,-1,0,-1,0
"Techniek en gebouwde omgeving","Techniek en procesindustrie","BOLVT","4","Overijssel",1030,903,779,754,690
"Techniek en gebouwde omgeving","Techniek en procesindustrie","BOLVT","4","Utrecht",532,483,439,415,403
"Techniek en gebouwde omgeving","Techniek en procesindustrie","BOLVT","4","Zeeland",396,365,318,330,324
"Techniek en gebouwde omgeving","Techniek en procesindustrie","BOLVT","4","Zuid-Holland",2621,2268,2071,1974,2105
"Techniek en gebouwde omgeving","Techniek en procesindustrie","EX","2","BELGIE",0,0,0,-1,0
"Techniek en gebouwde omgeving","Techniek en procesindustrie","EX","2","Drenthe",6,-1,9,7,-1
"Techniek en gebouwde omgeving","Techniek en procesindustrie","EX","2","Flevoland",5,-1,-1,-1,-1
"Techniek en gebouwde omgeving","Techniek en procesindustrie","EX","2","Friesland",6,5,8,9,7
"Techniek en gebouwde omgeving","Techniek en procesindustrie","EX","2","Gelderland",24,15,8,22,26
"Techniek en gebouwde omgeving","Techniek en procesindustrie","EX","2","Groningen",9,-1,5,11,8
"Techniek en gebouwde omgeving","Techniek en procesindustrie","EX","2","Limburg",8,6,7,12,9
"Techniek en gebouwde omgeving","Techniek en procesindustrie","EX","2","Noord-Brabant",40,35,36,29,20
"Techniek en gebouwde omgeving","Techniek en procesindustrie","EX","2","Noord-Holland",13,28,20,36,44
"Techniek en gebouwde omgeving","Techniek en procesindustrie","EX","2","ONBEKEND",-1,-1,0,0,0
"Techniek en gebouwde omgeving","Techniek en procesindustrie","EX","2","Overijssel",15,17,33,16,10
"Techniek en gebouwde omgeving","Techniek en procesindustrie","EX","2","Utrecht",16,-1,-1,9,-1
"Techniek en gebouwde omgeving","Techniek en procesindustrie","EX","2","Zeeland",7,0,-1,-1,-1
"Techniek en gebouwde omgeving","Techniek en procesindustrie","EX","2","Zuid-Holland",17,31,33,29,12
"Techniek en gebouwde omgeving","Techniek en procesindustrie","EX","3","BELGIE",0,-1,-1,-1,-1
"Techniek en gebouwde omgeving","Techniek en procesindustrie","EX","3","DUITSLAND",0,0,0,-1,0
"Techniek en gebouwde omgeving","Techniek en procesindustrie","EX","3","Drenthe",7,5,9,11,11
"Techniek en gebouwde omgeving","Techniek en procesindustrie","EX","3","Flevoland",6,9,10,6,6
"Techniek en gebouwde omgeving","Techniek en procesindustrie","EX","3","Friesland",15,14,21,26,13
"Techniek en gebouwde omgeving","Techniek en procesindustrie","EX","3","Gelderland",54,37,52,49,36
"Techniek en gebouwde omgeving","Techniek en procesindustrie","EX","3","Groningen",12,9,9,13,-1
"Techniek en gebouwde omgeving","Techniek en procesindustrie","EX","3","Limburg",23,22,24,18,25
"Techniek en gebouwde omgeving","Techniek en procesindustrie","EX","3","Noord-Brabant",97,52,65,43,37
"Techniek en gebouwde omgeving","Techniek en procesindustrie","EX","3","Noord-Holland",11,35,21,24,30
"Techniek en gebouwde omgeving","Techniek en procesindustrie","EX","3","ONBEKEND",-1,5,-1,-1,-1
"Techniek en gebouwde omgeving","Techniek en procesindustrie","EX","3","Overijssel",19,20,30,41,19
"Techniek en gebouwde omgeving","Techniek en procesindustrie","EX","3","Utrecht",16,5,7,9,16
"Techniek en gebouwde omgeving","Techniek en procesindustrie","EX","3","Zeeland",14,16,7,19,7
"Techniek en gebouwde omgeving","Techniek en procesindustrie","EX","3","Zuid-Holland",32,49,35,19,26
"Techniek en gebouwde omgeving","Techniek en procesindustrie","EX","4","BELGIE",-1,0,0,0,0
"Techniek en gebouwde omgeving","Techniek en procesindustrie","EX","4","DUITSLAND",0,0,-1,-1,0
"Techniek en gebouwde omgeving","Techniek en procesindustrie","EX","4","Drenthe",24,8,14,10,9
"Techniek en gebouwde omgeving","Techniek en procesindustrie","EX","4","Flevoland",5,-1,5,6,-1
"Techniek en gebouwde omgeving","Techniek en procesindustrie","EX","4","Friesland",5,10,7,-1,9
"Techniek en gebouwde omgeving","Techniek en procesindustrie","EX","4","Gelderland",24,33,29,10,11
"Techniek en gebouwde omgeving","Techniek en procesindustrie","EX","4","Groningen",14,9,6,-1,-1
"Techniek en gebouwde omgeving","Techniek en procesindustrie","EX","4","Limburg",15,8,13,11,7
"Techniek en gebouwde omgeving","Techniek en procesindustrie","EX","4","Noord-Brabant",33,21,27,36,41
"Techniek en gebouwde omgeving","Techniek en procesindustrie","EX","4","Noord-Holland",11,31,39,27,29
"Techniek en gebouwde omgeving","Techniek en procesindustrie","EX","4","ONBEKEND",-1,-1,-1,-1,0
"Techniek en gebouwde omgeving","Techniek en procesindustrie","EX","4","Overijssel",20,27,26,25,14
"Techniek en gebouwde omgeving","Techniek en procesindustrie","EX","4","Utrecht",16,24,15,6,-1
"Techniek en gebouwde omgeving","Techniek en procesindustrie","EX","4","Zeeland",5,-1,5,-1,-1
"Techniek en gebouwde omgeving","Techniek en procesindustrie","EX","4","Zuid-Holland",25,39,25,21,14
"Voedsel, groen en gastvrijheid","Afbouw, hout en onderhoud","BBL","2","Noord-Holland",0,-1,0,0,0
"Voedsel, groen en gastvrijheid","Afbouw, hout en onderhoud","BBL","2","Overijssel",0,-1,0,0,0
"Voedsel, groen en gastvrijheid","Afbouw, hout en onderhoud","BBL","2","Zuid-Holland",0,-1,0,0,0
"Voedsel, groen en gastvrijheid","Afbouw, hout en onderhoud","BBL","3","Friesland",0,-1,-1,0,0
"Voedsel, groen en gastvrijheid","Afbouw, hout en onderhoud","BBL","3","Gelderland",0,-1,-1,0,0
"Voedsel, groen en gastvrijheid","Afbouw, hout en onderhoud","BBL","3","Noord-Brabant",0,-1,-1,0,0
"Voedsel, groen en gastvrijheid","Afbouw, hout en onderhoud","BBL","3","Noord-Holland",0,8,7,0,0
"Voedsel, groen en gastvrijheid","Horeca en bakkerij","BBL","2","BELGIE",-1,0,0,-1,-1
"Voedsel, groen en gastvrijheid","Horeca en bakkerij","BBL","2","DUITSLAND",-1,-1,-1,-1,9
"Voedsel, groen en gastvrijheid","Horeca en bakkerij","BBL","2","Drenthe",69,92,102,76,66
"Voedsel, groen en gastvrijheid","Horeca en bakkerij","BBL","2","Flevoland",43,58,55,51,49
"Voedsel, groen en gastvrijheid","Horeca en bakkerij","BBL","2","Friesland",86,97,126,124,122
"Voedsel, groen en gastvrijheid","Horeca en bakkerij","BBL","2","Gelderland",327,306,324,288,282
"Voedsel, groen en gastvrijheid","Horeca en bakkerij","BBL","2","Groningen",68,85,78,75,78
"Voedsel, groen en gastvrijheid","Horeca en bakkerij","BBL","2","Limburg",75,93,105,109,96
"Voedsel, groen en gastvrijheid","Horeca en bakkerij","BBL","2","Noord-Brabant",229,226,244,254,275
"Voedsel, groen en gastvrijheid","Horeca en bakkerij","BBL","2","Noord-Holland",452,434,426,424,423
"Voedsel, groen en gastvrijheid","Horeca en bakkerij","BBL","2","ONBEKEND",9,5,-1,-1,-1
"Voedsel, groen en gastvrijheid","Horeca en bakkerij","BBL","2","OVERIG BUITENLAND",0,0,-1,0,0
"Voedsel, groen en gastvrijheid","Horeca en bakkerij","BBL","2","Overijssel",135,123,150,168,161
"Voedsel, groen en gastvrijheid","Horeca en bakkerij","BBL","2","Utrecht",136,163,188,186,181
"Voedsel, groen en gastvrijheid","Horeca en bakkerij","BBL","2","Zeeland",49,59,67,63,55
"Voedsel, groen en gastvrijheid","Horeca en bakkerij","BBL","2","Zuid-Holland",337,369,405,377,389
"Voedsel, groen en gastvrijheid","Horeca en bakkerij","BBL","3","BELGIE",6,-1,-1,5,5
"Voedsel, groen en gastvrijheid","Horeca en bakkerij","BBL","3","DUITSLAND",-1,-1,-1,5,6
"Voedsel, groen en gastvrijheid","Horeca en bakkerij","BBL","3","Drenthe",157,157,160,138,130
"Voedsel, groen en gastvrijheid","Horeca en bakkerij","BBL","3","Flevoland",103,100,125,101,104
"Voedsel, groen en gastvrijheid","Horeca en bakkerij","BBL","3","Friesland",195,205,192,162,151
"Voedsel, groen en gastvrijheid","Horeca en bakkerij","BBL","3","Gelderland",433,480,485,509,527
"Voedsel, groen en gastvrijheid","Horeca en bakkerij","BBL","3","Groningen",129,145,138,129,103
"Voedsel, groen en gastvrijheid","Horeca en bakkerij","BBL","3","Limburg",187,214,219,226,200
"Voedsel, groen en gastvrijheid","Horeca en bakkerij","BBL","3","Noord-Brabant",592,675,612,630,617
"Voedsel, groen en gastvrijheid","Horeca en bakkerij","BBL","3","Noord-Holland",700,647,600,544,461
"Voedsel, groen en gastvrijheid","Horeca en bakkerij","BBL","3","ONBEKEND",13,11,0,7,-1
"Voedsel, groen en gastvrijheid","Horeca en bakkerij","BBL","3","OVERIG BUITENLAND",0,-1,-1,0,0
"Voedsel, groen en gastvrijheid","Horeca en bakkerij","BBL","3","Overijssel",330,336,350,359,376
"Voedsel, groen en gastvrijheid","Horeca en bakkerij","BBL","3","Utrecht",218,184,228,238,250
"Voedsel, groen en gastvrijheid","Horeca en bakkerij","BBL","3","Zeeland",86,83,107,105,87
"Voedsel, groen en gastvrijheid","Horeca en bakkerij","BBL","3","Zuid-Holland",537,562,548,538,514
"Voedsel, groen en gastvrijheid","Horeca en bakkerij","BBL","4","BELGIE",0,0,-1,-1,0
"Voedsel, groen en gastvrijheid","Horeca en bakkerij","BBL","4","DUITSLAND",-1,0,-1,-1,0
"Voedsel, groen en gastvrijheid","Horeca en bakkerij","BBL","4","Drenthe",43,52,53,61,61
"Voedsel, groen en gastvrijheid","Horeca en bakkerij","BBL","4","Flevoland",44,44,47,47,59
"Voedsel, groen en gastvrijheid","Horeca en bakkerij","BBL","4","Friesland",69,73,74,96,107
"Voedsel, groen en gastvrijheid","Horeca en bakkerij","BBL","4","Gelderland",149,161,162,156,124
"Voedsel, groen en gastvrijheid","Horeca en bakkerij","BBL","4","Groningen",43,57,56,61,58
"Voedsel, groen en gastvrijheid","Horeca en bakkerij","BBL","4","Limburg",79,80,70,56,60
"Voedsel, groen en gastvrijheid","Horeca en bakkerij","BBL","4","Noord-Brabant",215,197,176,194,200
"Voedsel, groen en gastvrijheid","Horeca en bakkerij","BBL","4","Noord-Holland",270,290,356,465,514
"Voedsel, groen en gastvrijheid","Horeca en bakkerij","BBL","4","ONBEKEND",-1,7,-1,-1,0
"Voedsel, groen en gastvrijheid","Horeca en bakkerij","BBL","4","Overijssel",75,80,99,104,104
"Voedsel, groen en gastvrijheid","Horeca en bakkerij","BBL","4","Utrecht",105,142,146,167,154
"Voedsel, groen en gastvrijheid","Horeca en bakkerij","BBL","4","Zeeland",32,29,36,54,54
"Voedsel, groen en gastvrijheid","Horeca en bakkerij","BBL","4","Zuid-Holland",340,351,333,349,392
"Voedsel, groen en gastvrijheid","Horeca en bakkerij","BOLVT","2","BELGIE",-1,-1,-1,-1,-1
"Voedsel, groen en gastvrijheid","Horeca en bakkerij","BOLVT","2","DUITSLAND",-1,-1,-1,-1,-1
"Voedsel, groen en gastvrijheid","Horeca en bakkerij","BOLVT","2","Drenthe",88,80,100,99,99
"Voedsel, groen en gastvrijheid","Horeca en bakkerij","BOLVT","2","Flevoland",88,64,67,92,91
"Voedsel, groen en gastvrijheid","Horeca en bakkerij","BOLVT","2","Friesland",156,120,111,110,130
"Voedsel, groen en gastvrijheid","Horeca en bakkerij","BOLVT","2","Gelderland",350,270,236,250,265
"Voedsel, groen en gastvrijheid","Horeca en bakkerij","BOLVT","2","Groningen",81,68,65,71,56
"Voedsel, groen en gastvrijheid","Horeca en bakkerij","BOLVT","2","Limburg",194,152,134,166,207
"Voedsel, groen en gastvrijheid","Horeca en bakkerij","BOLVT","2","Noord-Brabant",428,325,321,333,371
"Voedsel, groen en gastvrijheid","Horeca en bakkerij","BOLVT","2","Noord-Holland",410,366,320,258,297
"Voedsel, groen en gastvrijheid","Horeca en bakkerij","BOLVT","2","ONBEKEND",-1,6,-1,-1,5
"Voedsel, groen en gastvrijheid","Horeca en bakkerij","BOLVT","2","OVERIG BUITENLAND",0,0,-1,0,0
"Voedsel, groen en gastvrijheid","Horeca en bakkerij","BOLVT","2","Overijssel",138,103,90,92,95
"Voedsel, groen en gastvrijheid","Horeca en bakkerij","BOLVT","2","Utrecht",126,121,113,111,126
"Voedsel, groen en gastvrijheid","Horeca en bakkerij","BOLVT","2","Zeeland",73,51,44,72,80
"Voedsel, groen en gastvrijheid","Horeca en bakkerij","BOLVT","2","Zuid-Holland",654,544,494,522,542
"Voedsel, groen en gastvrijheid","Horeca en bakkerij","BOLVT","3","BELGIE",-1,-1,-1,7,6
"Voedsel, groen en gastvrijheid","Horeca en bakkerij","BOLVT","3","DUITSLAND",-1,-1,5,-1,-1
"Voedsel, groen en gastvrijheid","Horeca en bakkerij","BOLVT","3","Drenthe",119,101,70,96,90
"Voedsel, groen en gastvrijheid","Horeca en bakkerij","BOLVT","3","Flevoland",69,65,72,75,85
"Voedsel, groen en gastvrijheid","Horeca en bakkerij","BOLVT","3","Friesland",214,210,169,161,164
"Voedsel, groen en gastvrijheid","Horeca en bakkerij","BOLVT","3","Gelderland",374,356,391,393,430
"Voedsel, groen en gastvrijheid","Horeca en bakkerij","BOLVT","3","Groningen",95,82,74,79,82
"Voedsel, groen en gastvrijheid","Horeca en bakkerij","BOLVT","3","Limburg",283,258,258,267,306
"Voedsel, groen en gastvrijheid","Horeca en bakkerij","BOLVT","3","Noord-Brabant",585,486,465,475,482
"Voedsel, groen en gastvrijheid","Horeca en bakkerij","BOLVT","3","Noord-Holland",335,288,264,220,225
"Voedsel, groen en gastvrijheid","Horeca en bakkerij","BOLVT","3","ONBEKEND",5,5,-1,-1,-1
"Voedsel, groen en gastvrijheid","Horeca en bakkerij","BOLVT","3","OVERIG BUITENLAND",0,0,-1,0,0
"Voedsel, groen en gastvrijheid","Horeca en bakkerij","BOLVT","3","Overijssel",162,149,138,135,117
"Voedsel, groen en gastvrijheid","Horeca en bakkerij","BOLVT","3","Utrecht",92,103,101,91,102
"Voedsel, groen en gastvrijheid","Horeca en bakkerij","BOLVT","3","Zeeland",146,124,110,114,110
"Voedsel, groen en gastvrijheid","Horeca en bakkerij","BOLVT","3","Zuid-Holland",894,757,727,727,709
"Voedsel, groen en gastvrijheid","Horeca en bakkerij","BOLVT","4","BELGIE",9,8,12,14,10
"Voedsel, groen en gastvrijheid","Horeca en bakkerij","BOLVT","4","DUITSLAND",5,8,8,11,10
"Voedsel, groen en gastvrijheid","Horeca en bakkerij","BOLVT","4","Drenthe",311,296,300,302,295
"Voedsel, groen en gastvrijheid","Horeca en bakkerij","BOLVT","4","Flevoland",238,214,209,187,166
"Voedsel, groen en gastvrijheid","Horeca en bakkerij","BOLVT","4","Friesland",349,397,395,391,339
"Voedsel, groen en gastvrijheid","Horeca en bakkerij","BOLVT","4","Gelderland",1009,1020,1030,1024,993
"Voedsel, groen en gastvrijheid","Horeca en bakkerij","BOLVT","4","Groningen",293,306,269,272,244
"Voedsel, groen en gastvrijheid","Horeca en bakkerij","BOLVT","4","Limburg",341,328,315,367,380
"Voedsel, groen en gastvrijheid","Horeca en bakkerij","BOLVT","4","Noord-Brabant",1322,1280,1318,1364,1358
"Voedsel, groen en gastvrijheid","Horeca en bakkerij","BOLVT","4","Noord-Holland",1642,1564,1494,1553,1542
"Voedsel, groen en gastvrijheid","Horeca en bakkerij","BOLVT","4","ONBEKEND",8,15,-1,-1,-1
"Voedsel, groen en gastvrijheid","Horeca en bakkerij","BOLVT","4","OVERIG BUITENLAND",0,-1,9,6,5
"Voedsel, groen en gastvrijheid","Horeca en bakkerij","BOLVT","4","Overijssel",608,561,594,616,629
"Voedsel, groen en gastvrijheid","Horeca en bakkerij","BOLVT","4","Utrecht",717,716,753,824,862
"Voedsel, groen en gastvrijheid","Horeca en bakkerij","BOLVT","4","Zeeland",161,160,158,141,119
"Voedsel, groen en gastvrijheid","Horeca en bakkerij","BOLVT","4","Zuid-Holland",1929,1904,1797,1829,1965
"Voedsel, groen en gastvrijheid","Horeca en bakkerij","EX","2","Drenthe",-1,0,-1,-1,-1
"Voedsel, groen en gastvrijheid","Horeca en bakkerij","EX","2","Flevoland",-1,-1,-1,-1,6
"Voedsel, groen en gastvrijheid","Horeca en bakkerij","EX","2","Friesland",9,-1,8,5,6
"Voedsel, groen en gastvrijheid","Horeca en bakkerij","EX","2","Gelderland",12,18,21,22,21
"Voedsel, groen en gastvrijheid","Horeca en bakkerij","EX","2","Groningen",0,-1,-1,-1,-1
"Voedsel, groen en gastvrijheid","Horeca en bakkerij","EX","2","Limburg",-1,0,6,-1,-1
"Voedsel, groen en gastvrijheid","Horeca en bakkerij","EX","2","Noord-Brabant",6,14,16,16,13
"Voedsel, groen en gastvrijheid","Horeca en bakkerij","EX","2","Noord-Holland",20,12,8,13,30
"Voedsel, groen en gastvrijheid","Horeca en bakkerij","EX","2","ONBEKEND",-1,0,0,0,0
"Voedsel, groen en gastvrijheid","Horeca en bakkerij","EX","2","OVERIG BUITENLAND",-1,0,0,0,0
"Voedsel, groen en gastvrijheid","Horeca en bakkerij","EX","2","Overijssel",7,7,9,7,6
"Voedsel, groen en gastvrijheid","Horeca en bakkerij","EX","2","Utrecht",5,-1,-1,7,9
"Voedsel, groen en gastvrijheid","Horeca en bakkerij","EX","2","Zeeland",-1,-1,-1,-1,6
"Voedsel, groen en gastvrijheid","Horeca en bakkerij","EX","2","Zuid-Holland",15,15,13,11,17
"Voedsel, groen en gastvrijheid","Horeca en bakkerij","EX","3","BELGIE",0,-1,0,0,0
"Voedsel, groen en gastvrijheid","Horeca en bakkerij","EX","3","Drenthe",-1,-1,-1,0,8
"Voedsel, groen en gastvrijheid","Horeca en bakkerij","EX","3","Flevoland",5,-1,-1,5,-1
"Voedsel, groen en gastvrijheid","Horeca en bakkerij","EX","3","Friesland",5,7,8,11,5
"Voedsel, groen en gastvrijheid","Horeca en bakkerij","EX","3","Gelderland",19,23,31,20,22
"Voedsel, groen en gastvrijheid","Horeca en bakkerij","EX","3","Groningen",-1,-1,0,0,-1
"Voedsel, groen en gastvrijheid","Horeca en bakkerij","EX","3","Limburg",-1,10,8,8,-1
"Voedsel, groen en gastvrijheid","Horeca en bakkerij","EX","3","Noord-Brabant",25,23,23,23,19
"Voedsel, groen en gastvrijheid","Horeca en bakkerij","EX","3","Noord-Holland",28,17,20,29,25
"Voedsel, groen en gastvrijheid","Horeca en bakkerij","EX","3","ONBEKEND",0,-1,-1,0,0
"Voedsel, groen en gastvrijheid","Horeca en bakkerij","EX","3","OVERIG BUITENLAND",0,-1,-1,-1,0
"Voedsel, groen en gastvrijheid","Horeca en bakkerij","EX","3","Overijssel",12,13,15,13,13
"Voedsel, groen en gastvrijheid","Horeca en bakkerij","EX","3","Utrecht",7,-1,6,9,-1
"Voedsel, groen en gastvrijheid","Horeca en bakkerij","EX","3","Zeeland",7,-1,-1,5,-1
"Voedsel, groen en gastvrijheid","Horeca en bakkerij","EX","3","Zuid-Holland",14,25,15,13,13
"Voedsel, groen en gastvrijheid","Horeca en bakkerij","EX","4","BELGIE",-1,0,0,-1,-1
"Voedsel, groen en gastvrijheid","Horeca en bakkerij","EX","4","Drenthe",-1,10,-1,-1,5
"Voedsel, groen en gastvrijheid","Horeca en bakkerij","EX","4","Flevoland",6,12,-1,8,-1
"Voedsel, groen en gastvrijheid","Horeca en bakkerij","EX","4","Friesland",8,15,8,15,17
"Voedsel, groen en gastvrijheid","Horeca en bakkerij","EX","4","Gelderland",17,28,15,19,19
"Voedsel, groen en gastvrijheid","Horeca en bakkerij","EX","4","Groningen",-1,-1,-1,-1,-1
"Voedsel, groen en gastvrijheid","Horeca en bakkerij","EX","4","Limburg",15,5,10,-1,0
"Voedsel, groen en gastvrijheid","Horeca en bakkerij","EX","4","Noord-Brabant",16,18,8,16,8
"Voedsel, groen en gastvrijheid","Horeca en bakkerij","EX","4","Noord-Holland",28,34,31,23,25
"Voedsel, groen en gastvrijheid","Horeca en bakkerij","EX","4","OVERIG BUITENLAND",0,0,-1,0,0
"Voedsel, groen en gastvrijheid","Horeca en bakkerij","EX","4","Overijssel",20,25,16,22,10
"Voedsel, groen en gastvrijheid","Horeca en bakkerij","EX","4","Utrecht",13,14,11,10,15
"Voedsel, groen en gastvrijheid","Horeca en bakkerij","EX","4","Zeeland",5,9,6,8,10
"Voedsel, groen en gastvrijheid","Horeca en bakkerij","EX","4","Zuid-Holland",28,36,33,35,37
"Voedsel, groen en gastvrijheid","Toerisme en recreatie","BBL","3","Drenthe",0,0,-1,0,-1
"Voedsel, groen en gastvrijheid","Toerisme en recreatie","BBL","3","Flevoland",0,-1,0,-1,-1
"Voedsel, groen en gastvrijheid","Toerisme en recreatie","BBL","3","Gelderland",-1,8,7,6,7
"Voedsel, groen en gastvrijheid","Toerisme en recreatie","BBL","3","Groningen",0,0,-1,0,0
"Voedsel, groen en gastvrijheid","Toerisme en recreatie","BBL","3","Limburg",7,6,-1,12,15
"Voedsel, groen en gastvrijheid","Toerisme en recreatie","BBL","3","Noord-Brabant",16,42,29,11,12
"Voedsel, groen en gastvrijheid","Toerisme en recreatie","BBL","3","Noord-Holland",14,19,29,19,13
"Voedsel, groen en gastvrijheid","Toerisme en recreatie","BBL","3","ONBEKEND",0,-1,0,0,0
"Voedsel, groen en gastvrijheid","Toerisme en recreatie","BBL","3","Overijssel",0,5,7,-1,0
"Voedsel, groen en gastvrijheid","Toerisme en recreatie","BBL","3","Utrecht",-1,-1,-1,-1,-1
"Voedsel, groen en gastvrijheid","Toerisme en recreatie","BBL","3","Zeeland",-1,0,5,5,6
"Voedsel, groen en gastvrijheid","Toerisme en recreatie","BBL","3","Zuid-Holland",-1,-1,-1,6,10
"Voedsel, groen en gastvrijheid","Toerisme en recreatie","BBL","4","Drenthe",0,0,0,0,-1
"Voedsel, groen en gastvrijheid","Toerisme en recreatie","BBL","4","Flevoland",0,0,0,-1,-1
"Voedsel, groen en gastvrijheid","Toerisme en recreatie","BBL","4","Gelderland",0,0,6,7,-1
"Voedsel, groen en gastvrijheid","Toerisme en recreatie","BBL","4","Limburg",0,0,0,0,-1
"Voedsel, groen en gastvrijheid","Toerisme en recreatie","BBL","4","Noord-Brabant",0,-1,-1,6,-1
"Voedsel, groen en gastvrijheid","Toerisme en recreatie","BBL","4","Noord-Holland",0,-1,-1,-1,-1
"Voedsel, groen en gastvrijheid","Toerisme en recreatie","BBL","4","Overijssel",0,0,0,-1,0
"Voedsel, groen en gastvrijheid","Toerisme en recreatie","BBL","4","Utrecht",0,0,0,-1,-1
"Voedsel, groen en gastvrijheid","Toerisme en recreatie","BBL","4","Zeeland",-1,5,11,14,14
"Voedsel, groen en gastvrijheid","Toerisme en recreatie","BBL","4","Zuid-Holland",0,0,-1,5,6
"Voedsel, groen en gastvrijheid","Toerisme en recreatie","BOLVT","3","BELGIE",-1,5,-1,-1,-1
"Voedsel, groen en gastvrijheid","Toerisme en recreatie","BOLVT","3","DUITSLAND",-1,0,0,0,-1
"Voedsel, groen en gastvrijheid","Toerisme en recreatie","BOLVT","3","Drenthe",47,51,43,59,56
"Voedsel, groen en gastvrijheid","Toerisme en recreatie","BOLVT","3","Flevoland",63,40,38,37,33
"Voedsel, groen en gastvrijheid","Toerisme en recreatie","BOLVT","3","Friesland",112,117,102,90,83
"Voedsel, groen en gastvrijheid","Toerisme en recreatie","BOLVT","3","Gelderland",203,207,197,174,186
"Voedsel, groen en gastvrijheid","Toerisme en recreatie","BOLVT","3","Groningen",52,51,65,38,48
"Voedsel, groen en gastvrijheid","Toerisme en recreatie","BOLVT","3","Limburg",124,103,95,87,77
"Voedsel, groen en gastvrijheid","Toerisme en recreatie","BOLVT","3","Noord-Brabant",170,177,122,126,121
"Voedsel, groen en gastvrijheid","Toerisme en recreatie","BOLVT","3","Noord-Holland",350,262,193,170,170
"Voedsel, groen en gastvrijheid","Toerisme en recreatie","BOLVT","3","ONBEKEND",6,-1,-1,-1,-1
"Voedsel, groen en gastvrijheid","Toerisme en recreatie","BOLVT","3","OVERIG BUITENLAND",0,0,0,0,-1
"Voedsel, groen en gastvrijheid","Toerisme en recreatie","BOLVT","3","Overijssel",97,91,85,80,87
"Voedsel, groen en gastvrijheid","Toerisme en recreatie","BOLVT","3","Utrecht",68,52,27,32,24
"Voedsel, groen en gastvrijheid","Toerisme en recreatie","BOLVT","3","Zeeland",24,24,26,26,30
"Voedsel, groen en gastvrijheid","Toerisme en recreatie","BOLVT","3","Zuid-Holland",341,326,288,292,271
"Voedsel, groen en gastvrijheid","Toerisme en recreatie","BOLVT","4","BELGIE",-1,-1,7,7,-1
"Voedsel, groen en gastvrijheid","Toerisme en recreatie","BOLVT","4","DUITSLAND",8,6,5,7,6
"Voedsel, groen en gastvrijheid","Toerisme en recreatie","BOLVT","4","Drenthe",166,141,121,122,112
"Voedsel, groen en gastvrijheid","Toerisme en recreatie","BOLVT","4","Flevoland",191,139,115,102,111
"Voedsel, groen en gastvrijheid","Toerisme en recreatie","BOLVT","4","Friesland",260,240,194,201,212
"Voedsel, groen en gastvrijheid","Toerisme en recreatie","BOLVT","4","Gelderland",570,465,386,400,428
"Voedsel, groen en gastvrijheid","Toerisme en recreatie","BOLVT","4","Groningen",128,121,102,101,110
"Voedsel, groen en gastvrijheid","Toerisme en recreatie","BOLVT","4","Limburg",298,235,212,227,221
"Voedsel, groen en gastvrijheid","Toerisme en recreatie","BOLVT","4","Noord-Brabant",905,841,737,745,765
"Voedsel, groen en gastvrijheid","Toerisme en recreatie","BOLVT","4","Noord-Holland",714,616,507,503,487
"Voedsel, groen en gastvrijheid","Toerisme en recreatie","BOLVT","4","ONBEKEND",6,-1,-1,0,-1
"Voedsel, groen en gastvrijheid","Toerisme en recreatie","BOLVT","4","OVERIG BUITENLAND",0,-1,-1,0,0
"Voedsel, groen en gastvrijheid","Toerisme en recreatie","BOLVT","4","Overijssel",323,318,267,276,268
"Voedsel, groen en gastvrijheid","Toerisme en recreatie","BOLVT","4","Utrecht",244,209,200,144,155
"Voedsel, groen en gastvrijheid","Toerisme en recreatie","BOLVT","4","Zeeland",116,95,83,104,100
"Voedsel, groen en gastvrijheid","Toerisme en recreatie","BOLVT","4","Zuid-Holland",1029,899,775,758,724
"Voedsel, groen en gastvrijheid","Toerisme en recreatie","EX","3","BELGIE",0,-1,0,0,0
"Voedsel, groen en gastvrijheid","Toerisme en recreatie","EX","3","Drenthe",-1,-1,0,-1,-1
"Voedsel, groen en gastvrijheid","Toerisme en recreatie","EX","3","Flevoland",-1,0,0,0,0
"Voedsel, groen en gastvrijheid","Toerisme en recreatie","EX","3","Friesland",0,0,0,0,-1
"Voedsel, groen en gastvrijheid","Toerisme en recreatie","EX","3","Gelderland",0,5,-1,-1,-1
"Voedsel, groen en gastvrijheid","Toerisme en recreatie","EX","3","Groningen",0,-1,0,0,0
"Voedsel, groen en gastvrijheid","Toerisme en recreatie","EX","3","Limburg",7,-1,-1,-1,-1
"Voedsel, groen en gastvrijheid","Toerisme en recreatie","EX","3","Noord-Brabant",8,11,-1,5,7
"Voedsel, groen en gastvrijheid","Toerisme en recreatie","EX","3","Noord-Holland",-1,6,-1,6,-1
"Voedsel, groen en gastvrijheid","Toerisme en recreatie","EX","3","Overijssel",7,5,-1,-1,-1
"Voedsel, groen en gastvrijheid","Toerisme en recreatie","EX","3","Utrecht",-1,-1,0,-1,-1
"Voedsel, groen en gastvrijheid","Toerisme en recreatie","EX","3","Zeeland",-1,-1,-1,-1,-1
"Voedsel, groen en gastvrijheid","Toerisme en recreatie","EX","3","Zuid-Holland",-1,-1,-1,15,9
"Voedsel, groen en gastvrijheid","Toerisme en recreatie","EX","4","BELGIE",0,0,0,0,-1
"Voedsel, groen en gastvrijheid","Toerisme en recreatie","EX","4","Drenthe",0,-1,-1,-1,-1
"Voedsel, groen en gastvrijheid","Toerisme en recreatie","EX","4","Flevoland",-1,-1,-1,-1,-1
"Voedsel, groen en gastvrijheid","Toerisme en recreatie","EX","4","Friesland",-1,-1,0,-1,0
"Voedsel, groen en gastvrijheid","Toerisme en recreatie","EX","4","Gelderland",7,13,6,10,-1
"Voedsel, groen en gastvrijheid","Toerisme en recreatie","EX","4","Groningen",0,-1,0,0,0
"Voedsel, groen en gastvrijheid","Toerisme en recreatie","EX","4","Limburg",-1,6,-1,-1,-1
"Voedsel, groen en gastvrijheid","Toerisme en recreatie","EX","4","Noord-Brabant",11,19,13,8,14
"Voedsel, groen en gastvrijheid","Toerisme en recreatie","EX","4","Noord-Holland",-1,-1,-1,-1,-1
"Voedsel, groen en gastvrijheid","Toerisme en recreatie","EX","4","ONBEKEND",0,-1,-1,0,0
"Voedsel, groen en gastvrijheid","Toerisme en recreatie","EX","4","OVERIG BUITENLAND",0,-1,0,0,0
"Voedsel, groen en gastvrijheid","Toerisme en recreatie","EX","4","Overijssel",-1,5,6,7,9
"Voedsel, groen en gastvrijheid","Toerisme en recreatie","EX","4","Utrecht",-1,-1,8,-1,-1
"Voedsel, groen en gastvrijheid","Toerisme en recreatie","EX","4","Zeeland",-1,-1,-1,-1,-1
"Voedsel, groen en gastvrijheid","Toerisme en recreatie","EX","4","Zuid-Holland",12,11,15,12,13
"Voedsel, groen en gastvrijheid","Uiterlijke verzorging","BBL","2","BELGIE",0,0,-1,0,0
"Voedsel, groen en gastvrijheid","Uiterlijke verzorging","BBL","2","DUITSLAND",0,-1,-1,-1,-1
"Voedsel, groen en gastvrijheid","Uiterlijke verzorging","BBL","2","Drenthe",9,13,14,15,14
"Voedsel, groen en gastvrijheid","Uiterlijke verzorging","BBL","2","Flevoland",5,14,21,27,18
"Voedsel, groen en gastvrijheid","Uiterlijke verzorging","BBL","2","Friesland",5,7,5,6,7
"Voedsel, groen en gastvrijheid","Uiterlijke verzorging","BBL","2","Gelderland",72,60,70,81,90
"Voedsel, groen en gastvrijheid","Uiterlijke verzorging","BBL","2","Groningen",23,17,14,17,19
"Voedsel, groen en gastvrijheid","Uiterlijke verzorging","BBL","2","Limburg",7,15,21,26,26
"Voedsel, groen en gastvrijheid","Uiterlijke verzorging","BBL","2","Noord-Brabant",28,35,42,48,69
"Voedsel, groen en gastvrijheid","Uiterlijke verzorging","BBL","2","Noord-Holland",85,113,110,120,117
"Voedsel, groen en gastvrijheid","Uiterlijke verzorging","BBL","2","ONBEKEND",-1,-1,0,0,0
"Voedsel, groen en gastvrijheid","Uiterlijke verzorging","BBL","2","Overijssel",39,34,50,57,66
"Voedsel, groen en gastvrijheid","Uiterlijke verzorging","BBL","2","Utrecht",54,38,37,56,53
"Voedsel, groen en gastvrijheid","Uiterlijke verzorging","BBL","2","Zeeland",5,-1,8,5,11
"Voedsel, groen en gastvrijheid","Uiterlijke verzorging","BBL","2","Zuid-Holland",64,79,91,101,95
"Voedsel, groen en gastvrijheid","Uiterlijke verzorging","BBL","3","BELGIE",-1,-1,0,0,-1
"Voedsel, groen en gastvrijheid","Uiterlijke verzorging","BBL","3","DUITSLAND",-1,-1,-1,-1,-1
"Voedsel, groen en gastvrijheid","Uiterlijke verzorging","BBL","3","Drenthe",38,33,44,38,37
"Voedsel, groen en gastvrijheid","Uiterlijke verzorging","BBL","3","Flevoland",32,28,31,28,27
"Voedsel, groen en gastvrijheid","Uiterlijke verzorging","BBL","3","Friesland",25,15,18,24,23
"Voedsel, groen en gastvrijheid","Uiterlijke verzorging","BBL","3","Gelderland",229,181,212,209,229
"Voedsel, groen en gastvrijheid","Uiterlijke verzorging","BBL","3","Groningen",51,40,44,46,39
"Voedsel, groen en gastvrijheid","Uiterlijke verzorging","BBL","3","Limburg",36,33,48,41,46
"Voedsel, groen en gastvrijheid","Uiterlijke verzorging","BBL","3","Noord-Brabant",212,214,219,235,240
"Voedsel, groen en gastvrijheid","Uiterlijke verzorging","BBL","3","Noord-Holland",156,136,114,111,117
"Voedsel, groen en gastvrijheid","Uiterlijke verzorging","BBL","3","ONBEKEND",-1,0,-1,0,-1
"Voedsel, groen en gastvrijheid","Uiterlijke verzorging","BBL","3","Overijssel",109,119,116,102,91
"Voedsel, groen en gastvrijheid","Uiterlijke verzorging","BBL","3","Utrecht",105,103,108,79,86
"Voedsel, groen en gastvrijheid","Uiterlijke verzorging","BBL","3","Zeeland",24,24,23,33,23
"Voedsel, groen en gastvrijheid","Uiterlijke verzorging","BBL","3","Zuid-Holland",240,222,264,244,234
"Voedsel, groen en gastvrijheid","Uiterlijke verzorging","BBL","4","DUITSLAND",0,0,-1,0,0
"Voedsel, groen en gastvrijheid","Uiterlijke verzorging","BBL","4","Drenthe",7,9,9,8,7
"Voedsel, groen en gastvrijheid","Uiterlijke verzorging","BBL","4","Flevoland",12,6,5,-1,8
"Voedsel, groen en gastvrijheid","Uiterlijke verzorging","BBL","4","Friesland",11,11,18,14,8
"Voedsel, groen en gastvrijheid","Uiterlijke verzorging","BBL","4","Gelderland",57,82,103,89,69
"Voedsel, groen en gastvrijheid","Uiterlijke verzorging","BBL","4","Groningen",-1,-1,6,6,-1
"Voedsel, groen en gastvrijheid","Uiterlijke verzorging","BBL","4","Limburg",-1,-1,7,18,20
"Voedsel, groen en gastvrijheid","Uiterlijke verzorging","BBL","4","Noord-Brabant",65,60,76,72,51
"Voedsel, groen en gastvrijheid","Uiterlijke verzorging","BBL","4","Noord-Holland",37,28,28,28,24
"Voedsel, groen en gastvrijheid","Uiterlijke verzorging","BBL","4","Overijssel",54,61,70,76,69
"Voedsel, groen en gastvrijheid","Uiterlijke verzorging","BBL","4","Utrecht",18,11,18,19,24
"Voedsel, groen en gastvrijheid","Uiterlijke verzorging","BBL","4","Zeeland",11,16,6,9,16
"Voedsel, groen en gastvrijheid","Uiterlijke verzorging","BBL","4","Zuid-Holland",44,33,34,30,38
"Voedsel, groen en gastvrijheid","Uiterlijke verzorging","BOLVT","2","BELGIE",-1,-1,5,-1,-1
"Voedsel, groen en gastvrijheid","Uiterlijke verzorging","BOLVT","2","DUITSLAND",-1,5,-1,0,-1
"Voedsel, groen en gastvrijheid","Uiterlijke verzorging","BOLVT","2","Drenthe",103,85,81,98,117
"Voedsel, groen en gastvrijheid","Uiterlijke verzorging","BOLVT","2","Flevoland",94,76,73,94,102
"Voedsel, groen en gastvrijheid","Uiterlijke verzorging","BOLVT","2","Friesland",77,77,75,84,92
"Voedsel, groen en gastvrijheid","Uiterlijke verzorging","BOLVT","2","Gelderland",352,287,322,360,383
"Voedsel, groen en gastvrijheid","Uiterlijke verzorging","BOLVT","2","Groningen",92,85,75,79,105
"Voedsel, groen en gastvrijheid","Uiterlijke verzorging","BOLVT","2","Limburg",238,280,255,290,300
"Voedsel, groen en gastvrijheid","Uiterlijke verzorging","BOLVT","2","Noord-Brabant",342,339,371,421,466
"Voedsel, groen en gastvrijheid","Uiterlijke verzorging","BOLVT","2","Noord-Holland",498,428,360,374,455
"Voedsel, groen en gastvrijheid","Uiterlijke verzorging","BOLVT","2","ONBEKEND",-1,6,-1,5,-1
"Voedsel, groen en gastvrijheid","Uiterlijke verzorging","BOLVT","2","Overijssel",246,218,173,180,206
"Voedsel, groen en gastvrijheid","Uiterlijke verzorging","BOLVT","2","Utrecht",195,176,136,153,175
"Voedsel, groen en gastvrijheid","Uiterlijke verzorging","BOLVT","2","Zeeland",53,42,31,39,59
"Voedsel, groen en gastvrijheid","Uiterlijke verzorging","BOLVT","2","Zuid-Holland",519,394,388,538,610
"Voedsel, groen en gastvrijheid","Uiterlijke verzorging","BOLVT","3","BELGIE",-1,-1,-1,-1,-1
"Voedsel, groen en gastvrijheid","Uiterlijke verzorging","BOLVT","3","DUITSLAND",-1,0,-1,-1,0
"Voedsel, groen en gastvrijheid","Uiterlijke verzorging","BOLVT","3","Drenthe",85,74,83,82,100
"Voedsel, groen en gastvrijheid","Uiterlijke verzorging","BOLVT","3","Flevoland",43,48,32,18,29
"Voedsel, groen en gastvrijheid","Uiterlijke verzorging","BOLVT","3","Friesland",127,103,79,90,97
"Voedsel, groen en gastvrijheid","Uiterlijke verzorging","BOLVT","3","Gelderland",271,240,202,214,231
"Voedsel, groen en gastvrijheid","Uiterlijke verzorging","BOLVT","3","Groningen",116,87,93,109,129
"Voedsel, groen en gastvrijheid","Uiterlijke verzorging","BOLVT","3","Limburg",231,153,175,170,198
"Voedsel, groen en gastvrijheid","Uiterlijke verzorging","BOLVT","3","Noord-Brabant",386,340,319,328,392
"Voedsel, groen en gastvrijheid","Uiterlijke verzorging","BOLVT","3","Noord-Holland",224,191,174,143,228
"Voedsel, groen en gastvrijheid","Uiterlijke verzorging","BOLVT","3","ONBEKEND",-1,-1,-1,0,-1
"Voedsel, groen en gastvrijheid","Uiterlijke verzorging","BOLVT","3","Overijssel",133,131,97,70,79
"Voedsel, groen en gastvrijheid","Uiterlijke verzorging","BOLVT","3","Utrecht",101,86,89,75,87
"Voedsel, groen en gastvrijheid","Uiterlijke verzorging","BOLVT","3","Zeeland",43,42,31,32,36
"Voedsel, groen en gastvrijheid","Uiterlijke verzorging","BOLVT","3","Zuid-Holland",479,407,393,368,398
"Voedsel, groen en gastvrijheid","Uiterlijke verzorging","BOLVT","4","BELGIE",-1,-1,0,0,0
"Voedsel, groen en gastvrijheid","Uiterlijke verzorging","BOLVT","4","DUITSLAND",-1,0,0,-1,-1
"Voedsel, groen en gastvrijheid","Uiterlijke verzorging","BOLVT","4","Drenthe",50,44,34,44,47
"Voedsel, groen en gastvrijheid","Uiterlijke verzorging","BOLVT","4","Flevoland",19,15,12,8,10
"Voedsel, groen en gastvrijheid","Uiterlijke verzorging","BOLVT","4","Friesland",72,72,53,52,68
"Voedsel, groen en gastvrijheid","Uiterlijke verzorging","BOLVT","4","Gelderland",134,112,104,82,73
"Voedsel, groen en gastvrijheid","Uiterlijke verzorging","BOLVT","4","Groningen",27,31,37,30,45
"Voedsel, groen en gastvrijheid","Uiterlijke verzorging","BOLVT","4","Limburg",76,70,71,75,57
"Voedsel, groen en gastvrijheid","Uiterlijke verzorging","BOLVT","4","Noord-Brabant",237,201,168,144,156
"Voedsel, groen en gastvrijheid","Uiterlijke verzorging","BOLVT","4","Noord-Holland",31,38,47,36,59
"Voedsel, groen en gastvrijheid","Uiterlijke verzorging","BOLVT","4","ONBEKEND",0,0,-1,0,0
"Voedsel, groen en gastvrijheid","Uiterlijke verzorging","BOLVT","4","Overijssel",88,71,77,75,74
"Voedsel, groen en gastvrijheid","Uiterlijke verzorging","BOLVT","4","Utrecht",88,76,76,86,87
"Voedsel, groen en gastvrijheid","Uiterlijke verzorging","BOLVT","4","Zeeland",20,18,20,25,24
"Voedsel, groen en gastvrijheid","Uiterlijke verzorging","BOLVT","4","Zuid-Holland",163,138,120,127,106
"Voedsel, groen en gastvrijheid","Uiterlijke verzorging","EX","2","Drenthe",0,0,0,-1,-1
"Voedsel, groen en gastvrijheid","Uiterlijke verzorging","EX","2","Flevoland",0,-1,-1,-1,-1
"Voedsel, groen en gastvrijheid","Uiterlijke verzorging","EX","2","Friesland",0,0,0,-1,-1
"Voedsel, groen en gastvrijheid","Uiterlijke verzorging","EX","2","Gelderland",7,-1,-1,-1,10
"Voedsel, groen en gastvrijheid","Uiterlijke verzorging","EX","2","Groningen",-1,0,0,0,0
"Voedsel, groen en gastvrijheid","Uiterlijke verzorging","EX","2","Limburg",-1,-1,-1,-1,-1
"Voedsel, groen en gastvrijheid","Uiterlijke verzorging","EX","2","Noord-Brabant",5,8,9,16,18
"Voedsel, groen en gastvrijheid","Uiterlijke verzorging","EX","2","Noord-Holland",-1,17,7,18,6
"Voedsel, groen en gastvrijheid","Uiterlijke verzorging","EX","2","Overijssel",5,6,-1,-1,-1
"Voedsel, groen en gastvrijheid","Uiterlijke verzorging","EX","2","Utrecht",0,-1,-1,-1,-1
"Voedsel, groen en gastvrijheid","Uiterlijke verzorging","EX","2","Zeeland",-1,0,-1,-1,-1
"Voedsel, groen en gastvrijheid","Uiterlijke verzorging","EX","2","Zuid-Holland",6,16,9,5,9
"Voedsel, groen en gastvrijheid","Uiterlijke verzorging","EX","3","Flevoland",-1,-1,-1,-1,0
"Voedsel, groen en gastvrijheid","Uiterlijke verzorging","EX","3","Friesland",-1,0,0,-1,-1
"Voedsel, groen en gastvrijheid","Uiterlijke verzorging","EX","3","Gelderland",8,20,16,11,18
"Voedsel, groen en gastvrijheid","Uiterlijke verzorging","EX","3","Groningen",-1,-1,0,0,0
"Voedsel, groen en gastvrijheid","Uiterlijke verzorging","EX","3","Limburg",5,-1,-1,-1,-1
"Voedsel, groen en gastvrijheid","Uiterlijke verzorging","EX","3","Noord-Brabant",15,23,14,15,27
"Voedsel, groen en gastvrijheid","Uiterlijke verzorging","EX","3","Noord-Holland",8,5,6,-1,-1
"Voedsel, groen en gastvrijheid","Uiterlijke verzorging","EX","3","ONBEKEND",-1,0,0,0,0
"Voedsel, groen en gastvrijheid","Uiterlijke verzorging","EX","3","Overijssel",5,14,10,-1,-1
"Voedsel, groen en gastvrijheid","Uiterlijke verzorging","EX","3","Utrecht",7,12,0,-1,-1
"Voedsel, groen en gastvrijheid","Uiterlijke verzorging","EX","3","Zeeland",-1,-1,-1,-1,6
"Voedsel, groen en gastvrijheid","Uiterlijke verzorging","EX","3","Zuid-Holland",6,17,12,16,15
"Voedsel, groen en gastvrijheid","Uiterlijke verzorging","EX","4","DUITSLAND",0,-1,0,0,0
"Voedsel, groen en gastvrijheid","Uiterlijke verzorging","EX","4","Drenthe",-1,0,0,0,0
"Voedsel, groen en gastvrijheid","Uiterlijke verzorging","EX","4","Flevoland",0,-1,-1,-1,0
"Voedsel, groen en gastvrijheid","Uiterlijke verzorging","EX","4","Friesland",-1,-1,0,-1,0
"Voedsel, groen en gastvrijheid","Uiterlijke verzorging","EX","4","Gelderland",-1,-1,5,-1,-1
"Voedsel, groen en gastvrijheid","Uiterlijke verzorging","EX","4","Groningen",0,0,0,0,-1
"Voedsel, groen en gastvrijheid","Uiterlijke verzorging","EX","4","Limburg",0,-1,-1,-1,0
"Voedsel, groen en gastvrijheid","Uiterlijke verzorging","EX","4","Noord-Brabant",7,-1,6,6,7
"Voedsel, groen en gastvrijheid","Uiterlijke verzorging","EX","4","Noord-Holland",-1,-1,-1,-1,0
"Voedsel, groen en gastvrijheid","Uiterlijke verzorging","EX","4","Overijssel",-1,6,-1,-1,-1
"Voedsel, groen en gastvrijheid","Uiterlijke verzorging","EX","4","Utrecht",0,-1,0,-1,-1
"Voedsel, groen en gastvrijheid","Uiterlijke verzorging","EX","4","Zuid-Holland",-1,7,-1,-1,-1
"Voedsel, groen en gastvrijheid","Voedsel, natuur en leefomgeving","BBL","2","BELGIE",0,0,-1,-1,-1
"Voedsel, groen en gastvrijheid","Voedsel, natuur en leefomgeving","BBL","2","DUITSLAND",0,0,-1,-1,-1
"Voedsel, groen en gastvrijheid","Voedsel, natuur en leefomgeving","BBL","2","Drenthe",84,91,74,84,85
"Voedsel, groen en gastvrijheid","Voedsel, natuur en leefomgeving","BBL","2","Flevoland",65,64,60,63,60
"Voedsel, groen en gastvrijheid","Voedsel, natuur en leefomgeving","BBL","2","Friesland",112,117,104,103,88
"Voedsel, groen en gastvrijheid","Voedsel, natuur en leefomgeving","BBL","2","Gelderland",269,298,275,242,215
"Voedsel, groen en gastvrijheid","Voedsel, natuur en leefomgeving","BBL","2","Groningen",73,83,68,64,71
"Voedsel, groen en gastvrijheid","Voedsel, natuur en leefomgeving","BBL","2","Limburg",62,61,41,42,34
"Voedsel, groen en gastvrijheid","Voedsel, natuur en leefomgeving","BBL","2","Noord-Brabant",178,177,156,140,127
"Voedsel, groen en gastvrijheid","Voedsel, natuur en leefomgeving","BBL","2","Noord-Holland",218,210,228,190,184
"Voedsel, groen en gastvrijheid","Voedsel, natuur en leefomgeving","BBL","2","ONBEKEND",-1,5,0,-1,-1
"Voedsel, groen en gastvrijheid","Voedsel, natuur en leefomgeving","BBL","2","OVERIG BUITENLAND",0,0,0,0,-1
"Voedsel, groen en gastvrijheid","Voedsel, natuur en leefomgeving","BBL","2","Overijssel",137,129,120,121,112
"Voedsel, groen en gastvrijheid","Voedsel, natuur en leefomgeving","BBL","2","Utrecht",121,124,117,122,109
"Voedsel, groen en gastvrijheid","Voedsel, natuur en leefomgeving","BBL","2","Zeeland",50,48,55,61,51
"Voedsel, groen en gastvrijheid","Voedsel, natuur en leefomgeving","BBL","2","Zuid-Holland",279,303,288,262,250
"Voedsel, groen en gastvrijheid","Voedsel, natuur en leefomgeving","BBL","3","BELGIE",-1,-1,-1,-1,-1
"Voedsel, groen en gastvrijheid","Voedsel, natuur en leefomgeving","BBL","3","DUITSLAND",-1,-1,-1,-1,7
"Voedsel, groen en gastvrijheid","Voedsel, natuur en leefomgeving","BBL","3","Drenthe",121,107,113,120,93
"Voedsel, groen en gastvrijheid","Voedsel, natuur en leefomgeving","BBL","3","Flevoland",61,45,49,60,58
"Voedsel, groen en gastvrijheid","Voedsel, natuur en leefomgeving","BBL","3","Friesland",124,122,106,102,118
"Voedsel, groen en gastvrijheid","Voedsel, natuur en leefomgeving","BBL","3","Gelderland",559,530,535,516,504
"Voedsel, groen en gastvrijheid","Voedsel, natuur en leefomgeving","BBL","3","Groningen",85,81,88,88,55
"Voedsel, groen en gastvrijheid","Voedsel, natuur en leefomgeving","BBL","3","Limburg",119,115,116,102,99
"Voedsel, groen en gastvrijheid","Voedsel, natuur en leefomgeving","BBL","3","Noord-Brabant",348,325,294,302,352
"Voedsel, groen en gastvrijheid","Voedsel, natuur en leefomgeving","BBL","3","Noord-Holland",274,242,228,215,216
"Voedsel, groen en gastvrijheid","Voedsel, natuur en leefomgeving","BBL","3","ONBEKEND",5,7,6,-1,-1
"Voedsel, groen en gastvrijheid","Voedsel, natuur en leefomgeving","BBL","3","Overijssel",252,257,253,215,216
"Voedsel, groen en gastvrijheid","Voedsel, natuur en leefomgeving","BBL","3","Utrecht",212,186,196,198,200
"Voedsel, groen en gastvrijheid","Voedsel, natuur en leefomgeving","BBL","3","Zeeland",87,79,74,67,73
"Voedsel, groen en gastvrijheid","Voedsel, natuur en leefomgeving","BBL","3","Zuid-Holland",543,494,498,437,444
"Voedsel, groen en gastvrijheid","Voedsel, natuur en leefomgeving","BBL","4","BELGIE",-1,-1,-1,0,-1
"Voedsel, groen en gastvrijheid","Voedsel, natuur en leefomgeving","BBL","4","DUITSLAND",0,-1,-1,0,0
"Voedsel, groen en gastvrijheid","Voedsel, natuur en leefomgeving","BBL","4","Drenthe",29,35,56,78,86
"Voedsel, groen en gastvrijheid","Voedsel, natuur en leefomgeving","BBL","4","Flevoland",18,26,26,18,11
"Voedsel, groen en gastvrijheid","Voedsel, natuur en leefomgeving","BBL","4","Friesland",39,48,48,43,42
"Voedsel, groen en gastvrijheid","Voedsel, natuur en leefomgeving","BBL","4","Gelderland",139,172,194,179,187
"Voedsel, groen en gastvrijheid","Voedsel, natuur en leefomgeving","BBL","4","Groningen",13,23,41,40,39
"Voedsel, groen en gastvrijheid","Voedsel, natuur en leefomgeving","BBL","4","Limburg",57,65,54,50,48
"Voedsel, groen en gastvrijheid","Voedsel, natuur en leefomgeving","BBL","4","Noord-Brabant",179,177,190,151,126
"Voedsel, groen en gastvrijheid","Voedsel, natuur en leefomgeving","BBL","4","Noord-Holland",85,85,92,74,89
"Voedsel, groen en gastvrijheid","Voedsel, natuur en leefomgeving","BBL","4","ONBEKEND",0,-1,-1,-1,-1
"Voedsel, groen en gastvrijheid","Voedsel, natuur en leefomgeving","BBL","4","Overijssel",85,110,126,131,128
"Voedsel, groen en gastvrijheid","Voedsel, natuur en leefomgeving","BBL","4","Utrecht",33,45,56,43,48
"Voedsel, groen en gastvrijheid","Voedsel, natuur en leefomgeving","BBL","4","Zeeland",27,27,29,30,19
"Voedsel, groen en gastvrijheid","Voedsel, natuur en leefomgeving","BBL","4","Zuid-Holland",116,118,101,128,129
"Voedsel, groen en gastvrijheid","Voedsel, natuur en leefomgeving","BOLVT","2","BELGIE",-1,-1,-1,-1,-1
"Voedsel, groen en gastvrijheid","Voedsel, natuur en leefomgeving","BOLVT","2","DUITSLAND",-1,-1,-1,-1,0
"Voedsel, groen en gastvrijheid","Voedsel, natuur en leefomgeving","BOLVT","2","Drenthe",112,90,95,99,97
"Voedsel, groen en gastvrijheid","Voedsel, natuur en leefomgeving","BOLVT","2","Flevoland",59,68,59,51,52
"Voedsel, groen en gastvrijheid","Voedsel, natuur en leefomgeving","BOLVT","2","Friesland",166,179,181,204,198
"Voedsel, groen en gastvrijheid","Voedsel, natuur en leefomgeving","BOLVT","2","Gelderland",406,324,318,305,324
"Voedsel, groen en gastvrijheid","Voedsel, natuur en leefomgeving","BOLVT","2","Groningen",110,83,84,91,107
"Voedsel, groen en gastvrijheid","Voedsel, natuur en leefomgeving","BOLVT","2","Limburg",110,123,112,102,109
"Voedsel, groen en gastvrijheid","Voedsel, natuur en leefomgeving","BOLVT","2","Noord-Brabant",338,295,264,280,271
"Voedsel, groen en gastvrijheid","Voedsel, natuur en leefomgeving","BOLVT","2","Noord-Holland",226,194,168,171,177
"Voedsel, groen en gastvrijheid","Voedsel, natuur en leefomgeving","BOLVT","2","ONBEKEND",6,-1,-1,-1,-1
"Voedsel, groen en gastvrijheid","Voedsel, natuur en leefomgeving","BOLVT","2","Overijssel",285,245,228,221,243
"Voedsel, groen en gastvrijheid","Voedsel, natuur en leefomgeving","BOLVT","2","Utrecht",131,106,104,85,103
"Voedsel, groen en gastvrijheid","Voedsel, natuur en leefomgeving","BOLVT","2","Zeeland",62,76,56,75,76
"Voedsel, groen en gastvrijheid","Voedsel, natuur en leefomgeving","BOLVT","2","Zuid-Holland",321,304,275,279,281
"Voedsel, groen en gastvrijheid","Voedsel, natuur en leefomgeving","BOLVT","3","BELGIE",-1,-1,-1,-1,-1
"Voedsel, groen en gastvrijheid","Voedsel, natuur en leefomgeving","BOLVT","3","DUITSLAND",6,-1,-1,5,5
"Voedsel, groen en gastvrijheid","Voedsel, natuur en leefomgeving","BOLVT","3","Drenthe",202,199,158,148,144
"Voedsel, groen en gastvrijheid","Voedsel, natuur en leefomgeving","BOLVT","3","Flevoland",143,116,111,102,117
"Voedsel, groen en gastvrijheid","Voedsel, natuur en leefomgeving","BOLVT","3","Friesland",277,232,220,242,240
"Voedsel, groen en gastvrijheid","Voedsel, natuur en leefomgeving","BOLVT","3","Gelderland",748,717,718,667,610
"Voedsel, groen en gastvrijheid","Voedsel, natuur en leefomgeving","BOLVT","3","Groningen",175,182,142,118,113
"Voedsel, groen en gastvrijheid","Voedsel, natuur en leefomgeving","BOLVT","3","Limburg",215,244,246,236,209
"Voedsel, groen en gastvrijheid","Voedsel, natuur en leefomgeving","BOLVT","3","Noord-Brabant",661,631,593,591,565
"Voedsel, groen en gastvrijheid","Voedsel, natuur en leefomgeving","BOLVT","3","Noord-Holland",432,409,410,387,385
"Voedsel, groen en gastvrijheid","Voedsel, natuur en leefomgeving","BOLVT","3","ONBEKEND",-1,-1,-1,0,0
"Voedsel, groen en gastvrijheid","Voedsel, natuur en leefomgeving","BOLVT","3","OVERIG BUITENLAND",-1,0,-1,0,0
"Voedsel, groen en gastvrijheid","Voedsel, natuur en leefomgeving","BOLVT","3","Overijssel",453,457,461,470,424
"Voedsel, groen en gastvrijheid","Voedsel, natuur en leefomgeving","BOLVT","3","Utrecht",220,271,284,273,260
"Voedsel, groen en gastvrijheid","Voedsel, natuur en leefomgeving","BOLVT","3","Zeeland",77,70,87,92,80
"Voedsel, groen en gastvrijheid","Voedsel, natuur en leefomgeving","BOLVT","3","Zuid-Holland",501,477,470,516,504
"Voedsel, groen en gastvrijheid","Voedsel, natuur en leefomgeving","BOLVT","4","BELGIE",-1,9,13,15,12
"Voedsel, groen en gastvrijheid","Voedsel, natuur en leefomgeving","BOLVT","4","DUITSLAND",11,12,8,11,18
"Voedsel, groen en gastvrijheid","Voedsel, natuur en leefomgeving","BOLVT","4","Drenthe",466,460,454,471,454
"Voedsel, groen en gastvrijheid","Voedsel, natuur en leefomgeving","BOLVT","4","Flevoland",429,391,357,378,360
"Voedsel, groen en gastvrijheid","Voedsel, natuur en leefomgeving","BOLVT","4","Friesland",750,739,754,740,695
"Voedsel, groen en gastvrijheid","Voedsel, natuur en leefomgeving","BOLVT","4","Gelderland",2026,1968,1869,1753,1736
"Voedsel, groen en gastvrijheid","Voedsel, natuur en leefomgeving","BOLVT","4","Groningen",395,387,370,374,385
"Voedsel, groen en gastvrijheid","Voedsel, natuur en leefomgeving","BOLVT","4","Limburg",606,589,613,633,646
"Voedsel, groen en gastvrijheid","Voedsel, natuur en leefomgeving","BOLVT","4","Noord-Brabant",2050,2065,1973,1959,1868
"Voedsel, groen en gastvrijheid","Voedsel, natuur en leefomgeving","BOLVT","4","Noord-Holland",1161,1075,982,952,924
"Voedsel, groen en gastvrijheid","Voedsel, natuur en leefomgeving","BOLVT","4","ONBEKEND",7,9,-1,-1,-1
"Voedsel, groen en gastvrijheid","Voedsel, natuur en leefomgeving","BOLVT","4","OVERIG BUITENLAND",0,0,-1,-1,0
"Voedsel, groen en gastvrijheid","Voedsel, natuur en leefomgeving","BOLVT","4","Overijssel",1040,1004,954,965,997
"Voedsel, groen en gastvrijheid","Voedsel, natuur en leefomgeving","BOLVT","4","Utrecht",690,679,640,657,667
"Voedsel, groen en gastvrijheid","Voedsel, natuur en leefomgeving","BOLVT","4","Zeeland",197,201,198,192,187
"Voedsel, groen en gastvrijheid","Voedsel, natuur en leefomgeving","BOLVT","4","Zuid-Holland",1986,1885,1760,1636,1747
"Voedsel, groen en gastvrijheid","Voedsel, natuur en leefomgeving","EX","2","Drenthe",-1,-1,-1,-1,-1
"Voedsel, groen en gastvrijheid","Voedsel, natuur en leefomgeving","EX","2","Flevoland",-1,-1,0,0,-1
"Voedsel, groen en gastvrijheid","Voedsel, natuur en leefomgeving","EX","2","Friesland",16,7,12,12,10
"Voedsel, groen en gastvrijheid","Voedsel, natuur en leefomgeving","EX","2","Gelderland",9,20,20,9,7
"Voedsel, groen en gastvrijheid","Voedsel, natuur en leefomgeving","EX","2","Groningen",11,-1,-1,0,-1
"Voedsel, groen en gastvrijheid","Voedsel, natuur en leefomgeving","EX","2","Limburg",-1,0,0,-1,-1
"Voedsel, groen en gastvrijheid","Voedsel, natuur en leefomgeving","EX","2","Noord-Brabant",6,12,20,14,14
"Voedsel, groen en gastvrijheid","Voedsel, natuur en leefomgeving","EX","2","Noord-Holland",-1,5,0,5,-1
"Voedsel, groen en gastvrijheid","Voedsel, natuur en leefomgeving","EX","2","ONBEKEND",0,-1,0,0,0
"Voedsel, groen en gastvrijheid","Voedsel, natuur en leefomgeving","EX","2","Overijssel",7,13,8,5,-1
"Voedsel, groen en gastvrijheid","Voedsel, natuur en leefomgeving","EX","2","Utrecht",5,6,-1,-1,-1
"Voedsel, groen en gastvrijheid","Voedsel, natuur en leefomgeving","EX","2","Zeeland",0,6,-1,-1,-1
"Voedsel, groen en gastvrijheid","Voedsel, natuur en leefomgeving","EX","2","Zuid-Holland",10,18,14,11,8
"Voedsel, groen en gastvrijheid","Voedsel, natuur en leefomgeving","EX","3","BELGIE",0,0,0,0,-1
"Voedsel, groen en gastvrijheid","Voedsel, natuur en leefomgeving","EX","3","DUITSLAND",0,-1,-1,-1,0
"Voedsel, groen en gastvrijheid","Voedsel, natuur en leefomgeving","EX","3","Drenthe",7,-1,-1,-1,-1
"Voedsel, groen en gastvrijheid","Voedsel, natuur en leefomgeving","EX","3","Flevoland",-1,-1,0,0,0
"Voedsel, groen en gastvrijheid","Voedsel, natuur en leefomgeving","EX","3","Friesland",18,29,18,25,20
"Voedsel, groen en gastvrijheid","Voedsel, natuur en leefomgeving","EX","3","Gelderland",16,25,18,24,20
"Voedsel, groen en gastvrijheid","Voedsel, natuur en leefomgeving","EX","3","Groningen",6,-1,5,-1,-1
"Voedsel, groen en gastvrijheid","Voedsel, natuur en leefomgeving","EX","3","Limburg",-1,-1,5,5,7
"Voedsel, groen en gastvrijheid","Voedsel, natuur en leefomgeving","EX","3","Noord-Brabant",17,25,30,22,24
"Voedsel, groen en gastvrijheid","Voedsel, natuur en leefomgeving","EX","3","Noord-Holland",6,5,6,-1,-1
"Voedsel, groen en gastvrijheid","Voedsel, natuur en leefomgeving","EX","3","Overijssel",22,28,17,10,10
"Voedsel, groen en gastvrijheid","Voedsel, natuur en leefomgeving","EX","3","Utrecht",6,6,8,8,-1
"Voedsel, groen en gastvrijheid","Voedsel, natuur en leefomgeving","EX","3","Zeeland",-1,-1,0,8,8
"Voedsel, groen en gastvrijheid","Voedsel, natuur en leefomgeving","EX","3","Zuid-Holland",20,36,41,23,12
"Voedsel, groen en gastvrijheid","Voedsel, natuur en leefomgeving","EX","4","BELGIE",0,0,0,-1,-1
"Voedsel, groen en gastvrijheid","Voedsel, natuur en leefomgeving","EX","4","DUITSLAND",0,-1,-1,0,0
"Voedsel, groen en gastvrijheid","Voedsel, natuur en leefomgeving","EX","4","Drenthe",10,15,6,-1,8
"Voedsel, groen en gastvrijheid","Voedsel, natuur en leefomgeving","EX","4","Flevoland",-1,-1,8,-1,-1
"Voedsel, groen en gastvrijheid","Voedsel, natuur en leefomgeving","EX","4","Friesland",16,24,24,11,15
"Voedsel, groen en gastvrijheid","Voedsel, natuur en leefomgeving","EX","4","Gelderland",34,30,53,25,24
"Voedsel, groen en gastvrijheid","Voedsel, natuur en leefomgeving","EX","4","Groningen",7,5,-1,-1,-1
"Voedsel, groen en gastvrijheid","Voedsel, natuur en leefomgeving","EX","4","Limburg",-1,-1,-1,8,12
"Voedsel, groen en gastvrijheid","Voedsel, natuur en leefomgeving","EX","4","Noord-Brabant",52,49,46,44,34
"Voedsel, groen en gastvrijheid","Voedsel, natuur en leefomgeving","EX","4","Noord-Holland",8,10,20,15,-1
"Voedsel, groen en gastvrijheid","Voedsel, natuur en leefomgeving","EX","4","ONBEKEND",-1,-1,0,0,0
"Voedsel, groen en gastvrijheid","Voedsel, natuur en leefomgeving","EX","4","Overijssel",29,30,25,13,13
"Voedsel, groen en gastvrijheid","Voedsel, natuur en leefomgeving","EX","4","Utrecht",-1,12,7,-1,6
"Voedsel, groen en gastvrijheid","Voedsel, natuur en leefomgeving","EX","4","Zeeland",-1,-1,-1,-1,-1
"Voedsel, groen en gastvrijheid","Voedsel, natuur en leefomgeving","EX","4","Zuid-Holland",25,34,20,23,21
"Voedsel, groen en gastvrijheid","Zorg en welzijn","BBL","2","Drenthe",9,5,7,10,5
"Voedsel, groen en gastvrijheid","Zorg en welzijn","BBL","2","Flevoland",-1,7,9,8,7
"Voedsel, groen en gastvrijheid","Zorg en welzijn","BBL","2","Friesland",-1,-1,10,-1,0
"Voedsel, groen en gastvrijheid","Zorg en welzijn","BBL","2","Gelderland",28,18,19,45,26
"Voedsel, groen en gastvrijheid","Zorg en welzijn","BBL","2","Groningen",-1,0,0,0,-1
"Voedsel, groen en gastvrijheid","Zorg en welzijn","BBL","2","Limburg",-1,-1,-1,-1,0
"Voedsel, groen en gastvrijheid","Zorg en welzijn","BBL","2","Noord-Brabant",36,63,71,43,35
"Voedsel, groen en gastvrijheid","Zorg en welzijn","BBL","2","Noord-Holland",49,19,11,22,45
"Voedsel, groen en gastvrijheid","Zorg en welzijn","BBL","2","ONBEKEND",0,0,-1,-1,-1
"Voedsel, groen en gastvrijheid","Zorg en welzijn","BBL","2","Overijssel",35,22,29,37,29
"Voedsel, groen en gastvrijheid","Zorg en welzijn","BBL","2","Utrecht",36,24,18,25,11
"Voedsel, groen en gastvrijheid","Zorg en welzijn","BBL","2","Zeeland",7,17,16,6,-1
"Voedsel, groen en gastvrijheid","Zorg en welzijn","BBL","2","Zuid-Holland",15,24,21,21,27
"Voedsel, groen en gastvrijheid","Zorg en welzijn","BOLVT","2","BELGIE",-1,-1,0,0,0
"Voedsel, groen en gastvrijheid","Zorg en welzijn","BOLVT","2","DUITSLAND",0,0,0,-1,-1
"Voedsel, groen en gastvrijheid","Zorg en welzijn","BOLVT","2","Drenthe",36,30,24,20,30
"Voedsel, groen en gastvrijheid","Zorg en welzijn","BOLVT","2","Flevoland",56,65,82,53,50
"Voedsel, groen en gastvrijheid","Zorg en welzijn","BOLVT","2","Friesland",36,37,36,43,42
"Voedsel, groen en gastvrijheid","Zorg en welzijn","BOLVT","2","Gelderland",151,168,151,119,149
"Voedsel, groen en gastvrijheid","Zorg en welzijn","BOLVT","2","Groningen",29,22,28,77,106
"Voedsel, groen en gastvrijheid","Zorg en welzijn","BOLVT","2","Limburg",12,15,22,32,45
"Voedsel, groen en gastvrijheid","Zorg en welzijn","BOLVT","2","Noord-Brabant",168,172,185,183,169
"Voedsel, groen en gastvrijheid","Zorg en welzijn","BOLVT","2","Noord-Holland",449,489,530,573,605
"Voedsel, groen en gastvrijheid","Zorg en welzijn","BOLVT","2","ONBEKEND",8,5,-1,-1,-1
"Voedsel, groen en gastvrijheid","Zorg en welzijn","BOLVT","2","OVERIG BUITENLAND",0,-1,-1,-1,-1
"Voedsel, groen en gastvrijheid","Zorg en welzijn","BOLVT","2","Overijssel",37,50,64,71,82
"Voedsel, groen en gastvrijheid","Zorg en welzijn","BOLVT","2","Utrecht",99,110,109,111,113
"Voedsel, groen en gastvrijheid","Zorg en welzijn","BOLVT","2","Zeeland",216,82,59,68,67
"Voedsel, groen en gastvrijheid","Zorg en welzijn","BOLVT","2","Zuid-Holland",147,164,172,124,136
"Voedsel, groen en gastvrijheid","Zorg en welzijn","EX","2","Drenthe",0,-1,-1,-1,-1
"Voedsel, groen en gastvrijheid","Zorg en welzijn","EX","2","Flevoland",-1,0,-1,0,-1
"Voedsel, groen en gastvrijheid","Zorg en welzijn","EX","2","Friesland",-1,0,-1,0,0
"Voedsel, groen en gastvrijheid","Zorg en welzijn","EX","2","Gelderland",-1,0,-1,-1,-1
"Voedsel, groen en gastvrijheid","Zorg en welzijn","EX","2","Groningen",-1,0,0,0,-1
"Voedsel, groen en gastvrijheid","Zorg en welzijn","EX","2","Noord-Brabant",-1,-1,0,-1,-1
"Voedsel, groen en gastvrijheid","Zorg en welzijn","EX","2","Noord-Holland",7,-1,6,-1,-1
"Voedsel, groen en gastvrijheid","Zorg en welzijn","EX","2","ONBEKEND",-1,0,0,0,0
"Voedsel, groen en gastvrijheid","Zorg en welzijn","EX","2","Overijssel",-1,-1,-1,0,-1
"Voedsel, groen en gastvrijheid","Zorg en welzijn","EX","2","Utrecht",-1,0,-1,-1,0
"Voedsel, groen en gastvrijheid","Zorg en welzijn","EX","2","Zeeland",-1,0,-1,-1,0
"Voedsel, groen en gastvrijheid","Zorg en welzijn","EX","2","Zuid-Holland",-1,-1,-1,-1,-1
"Zakelijke dienstverlening en veiligheid","Economie en administratie","BBL","2","Drenthe",-1,0,0,0,0
"Zakelijke dienstverlening en veiligheid","Economie en administratie","BBL","2","Flevoland",-1,-1,5,-1,-1
"Zakelijke dienstverlening en veiligheid","Economie en administratie","BBL","2","Friesland",-1,6,-1,0,5
"Zakelijke dienstverlening en veiligheid","Economie en administratie","BBL","2","Gelderland",-1,0,-1,-1,0
"Zakelijke dienstverlening en veiligheid","Economie en administratie","BBL","2","Groningen",0,0,0,0,-1
"Zakelijke dienstverlening en veiligheid","Economie en administratie","BBL","2","Noord-Brabant",-1,-1,-1,0,0
"Zakelijke dienstverlening en veiligheid","Economie en administratie","BBL","2","Noord-Holland",15,8,0,-1,0
"Zakelijke dienstverlening en veiligheid","Economie en administratie","BBL","2","Overijssel",0,0,-1,-1,-1
"Zakelijke dienstverlening en veiligheid","Economie en administratie","BBL","2","Utrecht",-1,-1,0,0,0
"Zakelijke dienstverlening en veiligheid","Economie en administratie","BBL","2","Zeeland",-1,-1,-1,-1,8
"Zakelijke dienstverlening en veiligheid","Economie en administratie","BBL","2","Zuid-Holland",7,13,13,14,25
"Zakelijke dienstverlening en veiligheid","Economie en administratie","BBL","3","BELGIE",0,0,-1,0,0
"Zakelijke dienstverlening en veiligheid","Economie en administratie","BBL","3","Drenthe",-1,6,-1,-1,-1
"Zakelijke dienstverlening en veiligheid","Economie en administratie","BBL","3","Flevoland",9,8,9,10,10
"Zakelijke dienstverlening en veiligheid","Economie en administratie","BBL","3","Friesland",9,11,12,-1,12
"Zakelijke dienstverlening en veiligheid","Economie en administratie","BBL","3","Gelderland",26,20,16,-1,10
"Zakelijke dienstverlening en veiligheid","Economie en administratie","BBL","3","Groningen",9,12,19,12,7
"Zakelijke dienstverlening en veiligheid","Economie en administratie","BBL","3","Limburg",5,-1,5,7,-1
"Zakelijke dienstverlening en veiligheid","Economie en administratie","BBL","3","Noord-Brabant",53,42,49,49,44
"Zakelijke dienstverlening en veiligheid","Economie en administratie","BBL","3","Noord-Holland",-1,-1,0,0,9
"Zakelijke dienstverlening en veiligheid","Economie en administratie","BBL","3","ONBEKEND",-1,0,0,0,0
"Zakelijke dienstverlening en veiligheid","Economie en administratie","BBL","3","OVERIG BUITENLAND",0,0,-1,0,0
"Zakelijke dienstverlening en veiligheid","Economie en administratie","BBL","3","Overijssel",40,39,30,17,14
"Zakelijke dienstverlening en veiligheid","Economie en administratie","BBL","3","Utrecht",12,5,-1,-1,-1
"Zakelijke dienstverlening en veiligheid","Economie en administratie","BBL","3","Zeeland",9,5,-1,-1,-1
"Zakelijke dienstverlening en veiligheid","Economie en administratie","BBL","3","Zuid-Holland",95,54,14,28,39
"Zakelijke dienstverlening en veiligheid","Economie en administratie","BBL","4","BELGIE",0,-1,-1,-1,-1
"Zakelijke dienstverlening en veiligheid","Economie en administratie","BBL","4","DUITSLAND",0,-1,-1,-1,-1
"Zakelijke dienstverlening en veiligheid","Economie en administratie","BBL","4","Drenthe",42,35,26,32,32
"Zakelijke dienstverlening en veiligheid","Economie en administratie","BBL","4","Flevoland",31,19,20,19,24
"Zakelijke dienstverlening en veiligheid","Economie en administratie","BBL","4","Friesland",63,69,53,70,74
"Zakelijke dienstverlening en veiligheid","Economie en administratie","BBL","4","Gelderland",113,119,125,140,150
"Zakelijke dienstverlening en veiligheid","Economie en administratie","BBL","4","Groningen",59,62,60,63,72
"Zakelijke dienstverlening en veiligheid","Economie en administratie","BBL","4","Limburg",46,35,30,36,38
"Zakelijke dienstverlening en veiligheid","Economie en administratie","BBL","4","Noord-Brabant",237,254,265,267,254
"Zakelijke dienstverlening en veiligheid","Economie en administratie","BBL","4","Noord-Holland",37,30,30,88,143
"Zakelijke dienstverlening en veiligheid","Economie en administratie","BBL","4","ONBEKEND",-1,-1,0,0,0
"Zakelijke dienstverlening en veiligheid","Economie en administratie","BBL","4","Overijssel",91,91,97,86,92
"Zakelijke dienstverlening en veiligheid","Economie en administratie","BBL","4","Utrecht",42,36,33,31,38
"Zakelijke dienstverlening en veiligheid","Economie en administratie","BBL","4","Zeeland",30,24,32,42,48
"Zakelijke dienstverlening en veiligheid","Economie en administratie","BBL","4","Zuid-Holland",167,178,191,207,201
"Zakelijke dienstverlening en veiligheid","Economie en administratie","BOLVT","2","BELGIE",-1,-1,0,-1,-1
"Zakelijke dienstverlening en veiligheid","Economie en administratie","BOLVT","2","DUITSLAND",-1,-1,-1,6,5
"Zakelijke dienstverlening en veiligheid","Economie en administratie","BOLVT","2","Drenthe",75,70,74,68,67
"Zakelijke dienstverlening en veiligheid","Economie en administratie","BOLVT","2","Flevoland",135,130,150,109,175
"Zakelijke dienstverlening en veiligheid","Economie en administratie","BOLVT","2","Friesland",90,89,82,90,94
"Zakelijke dienstverlening en veiligheid","Economie en administratie","BOLVT","2","Gelderland",228,235,237,330,373
"Zakelijke dienstverlening en veiligheid","Economie en administratie","BOLVT","2","Groningen",107,87,47,47,67
"Zakelijke dienstverlening en veiligheid","Economie en administratie","BOLVT","2","Limburg",204,233,216,195,206
"Zakelijke dienstverlening en veiligheid","Economie en administratie","BOLVT","2","Noord-Brabant",384,388,406,535,477
"Zakelijke dienstverlening en veiligheid","Economie en administratie","BOLVT","2","Noord-Holland",553,455,375,441,555
"Zakelijke dienstverlening en veiligheid","Economie en administratie","BOLVT","2","ONBEKEND",14,12,-1,5,6
"Zakelijke dienstverlening en veiligheid","Economie en administratie","BOLVT","2","OVERIG BUITENLAND",-1,-1,-1,-1,-1
"Zakelijke dienstverlening en veiligheid","Economie en administratie","BOLVT","2","Overijssel",241,215,235,308,336
"Zakelijke dienstverlening en veiligheid","Economie en administratie","BOLVT","2","Utrecht",143,135,92,233,333
"Zakelijke dienstverlening en veiligheid","Economie en administratie","BOLVT","2","Zeeland",38,36,42,39,50
"Zakelijke dienstverlening en veiligheid","Economie en administratie","BOLVT","2","Zuid-Holland",1128,1078,1084,1292,1474
"Zakelijke dienstverlening en veiligheid","Economie en administratie","BOLVT","3","BELGIE",0,-1,-1,0,-1
"Zakelijke dienstverlening en veiligheid","Economie en administratie","BOLVT","3","DUITSLAND",6,-1,-1,9,8
"Zakelijke dienstverlening en veiligheid","Economie en administratie","BOLVT","3","Drenthe",65,43,33,25,32
"Zakelijke dienstverlening en veiligheid","Economie en administratie","BOLVT","3","Flevoland",82,59,45,34,49
"Zakelijke dienstverlening en veiligheid","Economie en administratie","BOLVT","3","Friesland",115,62,47,40,33
"Zakelijke dienstverlening en veiligheid","Economie en administratie","BOLVT","3","Gelderland",298,185,129,111,95
"Zakelijke dienstverlening en veiligheid","Economie en administratie","BOLVT","3","Groningen",103,93,86,48,41
"Zakelijke dienstverlening en veiligheid","Economie en administratie","BOLVT","3","Limburg",169,93,97,91,90
"Zakelijke dienstverlening en veiligheid","Economie en administratie","BOLVT","3","Noord-Brabant",318,202,186,168,167
"Zakelijke dienstverlening en veiligheid","Economie en administratie","BOLVT","3","Noord-Holland",251,182,141,93,141
"Zakelijke dienstverlening en veiligheid","Economie en administratie","BOLVT","3","ONBEKEND",-1,7,-1,-1,6
"Zakelijke dienstverlening en veiligheid","Economie en administratie","BOLVT","3","OVERIG BUITENLAND",0,-1,0,0,0
"Zakelijke dienstverlening en veiligheid","Economie en administratie","BOLVT","3","Overijssel",260,253,235,230,236
"Zakelijke dienstverlening en veiligheid","Economie en administratie","BOLVT","3","Utrecht",93,63,53,71,62
"Zakelijke dienstverlening en veiligheid","Economie en administratie","BOLVT","3","Zeeland",23,14,23,23,15
"Zakelijke dienstverlening en veiligheid","Economie en administratie","BOLVT","3","Zuid-Holland",660,531,572,605,570
"Zakelijke dienstverlening en veiligheid","Economie en administratie","BOLVT","4","BELGIE",24,31,27,36,23
"Zakelijke dienstverlening en veiligheid","Economie en administratie","BOLVT","4","DUITSLAND",27,27,31,28,30
"Zakelijke dienstverlening en veiligheid","Economie en administratie","BOLVT","4","Drenthe",707,621,527,532,522
"Zakelijke dienstverlening en veiligheid","Economie en administratie","BOLVT","4","Flevoland",1139,1040,1078,1063,1121
"Zakelijke dienstverlening en veiligheid","Economie en administratie","BOLVT","4","Friesland",898,860,784,741,741
"Zakelijke dienstverlening en veiligheid","Economie en administratie","BOLVT","4","Gelderland",3223,2906,2579,2418,2247
"Zakelijke dienstverlening en veiligheid","Economie en administratie","BOLVT","4","Groningen",920,772,677,665,681
"Zakelijke dienstverlening en veiligheid","Economie en administratie","BOLVT","4","Limburg",1531,1429,1302,1308,1251
"Zakelijke dienstverlening en veiligheid","Economie en administratie","BOLVT","4","Noord-Brabant",4264,3838,3471,3477,3286
"Zakelijke dienstverlening en veiligheid","Economie en administratie","BOLVT","4","Noord-Holland",5150,5040,4770,4860,5050
"Zakelijke dienstverlening en veiligheid","Economie en administratie","BOLVT","4","ONBEKEND",36,37,24,7,17
"Zakelijke dienstverlening en veiligheid","Economie en administratie","BOLVT","4","OVERIG BUITENLAND",-1,5,13,5,-1
"Zakelijke dienstverlening en veiligheid","Economie en administratie","BOLVT","4","Overijssel",1983,1737,1578,1536,1528
"Zakelijke dienstverlening en veiligheid","Economie en administratie","BOLVT","4","Utrecht",2588,2234,2014,2085,2089
"Zakelijke dienstverlening en veiligheid","Economie en administratie","BOLVT","4","Zeeland",518,468,462,449,398
"Zakelijke dienstverlening en veiligheid","Economie en administratie","BOLVT","4","Zuid-Holland",6034,5694,5381,5384,5446
"Zakelijke dienstverlening en veiligheid","Economie en administratie","EX","2","Drenthe",-1,-1,-1,-1,0
"Zakelijke dienstverlening en veiligheid","Economie en administratie","EX","2","Flevoland",0,0,-1,-1,-1
"Zakelijke dienstverlening en veiligheid","Economie en administratie","EX","2","Friesland",6,0,-1,0,-1
"Zakelijke dienstverlening en veiligheid","Economie en administratie","EX","2","Gelderland",6,-1,-1,6,12
"Zakelijke dienstverlening en veiligheid","Economie en administratie","EX","2","Groningen",0,0,-1,-1,0
"Zakelijke dienstverlening en veiligheid","Economie en administratie","EX","2","Limburg",-1,0,-1,-1,-1
"Zakelijke dienstverlening en veiligheid","Economie en administratie","EX","2","Noord-Brabant",6,10,8,11,18
"Zakelijke dienstverlening en veiligheid","Economie en administratie","EX","2","Noord-Holland",5,8,-1,-1,-1
"Zakelijke dienstverlening en veiligheid","Economie en administratie","EX","2","ONBEKEND",-1,0,0,0,0
"Zakelijke dienstverlening en veiligheid","Economie en administratie","EX","2","Overijssel",-1,5,0,-1,-1
"Zakelijke dienstverlening en veiligheid","Economie en administratie","EX","2","Utrecht",-1,0,-1,0,0
"Zakelijke dienstverlening en veiligheid","Economie en administratie","EX","2","Zeeland",0,0,-1,0,0
"Zakelijke dienstverlening en veiligheid","Economie en administratie","EX","2","Zuid-Holland",11,6,12,8,16
"Zakelijke dienstverlening en veiligheid","Economie en administratie","EX","3","BELGIE",0,-1,0,0,0
"Zakelijke dienstverlening en veiligheid","Economie en administratie","EX","3","DUITSLAND",0,0,0,0,-1
"Zakelijke dienstverlening en veiligheid","Economie en administratie","EX","3","Drenthe",-1,-1,-1,0,-1
"Zakelijke dienstverlening en veiligheid","Economie en administratie","EX","3","Flevoland",-1,-1,5,6,-1
"Zakelijke dienstverlening en veiligheid","Economie en administratie","EX","3","Friesland",9,-1,-1,6,-1
"Zakelijke dienstverlening en veiligheid","Economie en administratie","EX","3","Gelderland",14,12,9,9,14
"Zakelijke dienstverlening en veiligheid","Economie en administratie","EX","3","Groningen",5,-1,5,0,0
"Zakelijke dienstverlening en veiligheid","Economie en administratie","EX","3","Limburg",6,-1,5,6,-1
"Zakelijke dienstverlening en veiligheid","Economie en administratie","EX","3","Noord-Brabant",18,15,9,6,11
"Zakelijke dienstverlening en veiligheid","Economie en administratie","EX","3","Noord-Holland",12,14,22,-1,-1
"Zakelijke dienstverlening en veiligheid","Economie en administratie","EX","3","ONBEKEND",-1,-1,0,-1,-1
"Zakelijke dienstverlening en veiligheid","Economie en administratie","EX","3","Overijssel",6,8,6,12,11
"Zakelijke dienstverlening en veiligheid","Economie en administratie","EX","3","Utrecht",6,10,9,5,-1
"Zakelijke dienstverlening en veiligheid","Economie en administratie","EX","3","Zeeland",-1,-1,-1,7,-1
"Zakelijke dienstverlening en veiligheid","Economie en administratie","EX","3","Zuid-Holland",55,39,38,41,38
"Zakelijke dienstverlening en veiligheid","Economie en administratie","EX","4","BELGIE",-1,-1,-1,-1,-1
"Zakelijke dienstverlening en veiligheid","Economie en administratie","EX","4","DUITSLAND",-1,-1,-1,-1,-1
"Zakelijke dienstverlening en veiligheid","Economie en administratie","EX","4","Drenthe",15,18,16,11,11
"Zakelijke dienstverlening en veiligheid","Economie en administratie","EX","4","Flevoland",14,16,21,16,20
"Zakelijke dienstverlening en veiligheid","Economie en administratie","EX","4","Friesland",15,12,14,12,-1
"Zakelijke dienstverlening en veiligheid","Economie en administratie","EX","4","Gelderland",100,104,71,79,67
"Zakelijke dienstverlening en veiligheid","Economie en administratie","EX","4","Groningen",11,17,7,11,-1
"Zakelijke dienstverlening en veiligheid","Economie en administratie","EX","4","Limburg",37,46,27,36,21
"Zakelijke dienstverlening en veiligheid","Economie en administratie","EX","4","Noord-Brabant",115,118,105,107,97
"Zakelijke dienstverlening en veiligheid","Economie en administratie","EX","4","Noord-Holland",102,90,101,71,54
"Zakelijke dienstverlening en veiligheid","Economie en administratie","EX","4","ONBEKEND",-1,-1,-1,0,-1
"Zakelijke dienstverlening en veiligheid","Economie en administratie","EX","4","OVERIG BUITENLAND",0,-1,-1,-1,-1
"Zakelijke dienstverlening en veiligheid","Economie en administratie","EX","4","Overijssel",50,46,32,28,16
"Zakelijke dienstverlening en veiligheid","Economie en administratie","EX","4","Utrecht",79,69,50,25,24
"Zakelijke dienstverlening en veiligheid","Economie en administratie","EX","4","Zeeland",14,13,11,14,13
"Zakelijke dienstverlening en veiligheid","Economie en administratie","EX","4","Zuid-Holland",187,174,165,136,112
"Zakelijke dienstverlening en veiligheid","Veiligheid en sport","BBL","2","BELGIE",-1,-1,5,14,11
"Zakelijke dienstverlening en veiligheid","Veiligheid en sport","BBL","2","DUITSLAND",0,-1,-1,-1,6
"Zakelijke dienstverlening en veiligheid","Veiligheid en sport","BBL","2","Drenthe",48,62,83,88,87
"Zakelijke dienstverlening en veiligheid","Veiligheid en sport","BBL","2","Flevoland",26,66,185,156,145
"Zakelijke dienstverlening en veiligheid","Veiligheid en sport","BBL","2","Friesland",10,17,29,43,53
"Zakelijke dienstverlening en veiligheid","Veiligheid en sport","BBL","2","Gelderland",112,120,224,215,219
"Zakelijke dienstverlening en veiligheid","Veiligheid en sport","BBL","2","Groningen",30,103,161,187,191
"Zakelijke dienstverlening en veiligheid","Veiligheid en sport","BBL","2","Limburg",129,207,271,289,224
"Zakelijke dienstverlening en veiligheid","Veiligheid en sport","BBL","2","Noord-Brabant",193,305,437,551,518
"Zakelijke dienstverlening en veiligheid","Veiligheid en sport","BBL","2","Noord-Holland",250,431,912,730,645
"Zakelijke dienstverlening en veiligheid","Veiligheid en sport","BBL","2","ONBEKEND",5,14,23,17,15
"Zakelijke dienstverlening en veiligheid","Veiligheid en sport","BBL","2","OVERIG BUITENLAND",0,0,-1,0,0
"Zakelijke dienstverlening en veiligheid","Veiligheid en sport","BBL","2","Overijssel",23,37,61,65,84
"Zakelijke dienstverlening en veiligheid","Veiligheid en sport","BBL","2","Utrecht",34,68,196,133,128
"Zakelijke dienstverlening en veiligheid","Veiligheid en sport","BBL","2","Zeeland",36,15,13,26,31
"Zakelijke dienstverlening en veiligheid","Veiligheid en sport","BBL","2","Zuid-Holland",268,530,918,671,638
"Zakelijke dienstverlening en veiligheid","Veiligheid en sport","BBL","3","BELGIE",0,0,0,-1,-1
"Zakelijke dienstverlening en veiligheid","Veiligheid en sport","BBL","3","DUITSLAND",-1,-1,-1,-1,-1
"Zakelijke dienstverlening en veiligheid","Veiligheid en sport","BBL","3","Drenthe",5,8,6,7,13
"Zakelijke dienstverlening en veiligheid","Veiligheid en sport","BBL","3","Flevoland",-1,8,15,15,18
"Zakelijke dienstverlening en veiligheid","Veiligheid en sport","BBL","3","Friesland",7,7,-1,6,10
"Zakelijke dienstverlening en veiligheid","Veiligheid en sport","BBL","3","Gelderland",10,16,23,22,38
"Zakelijke dienstverlening en veiligheid","Veiligheid en sport","BBL","3","Groningen",6,-1,21,16,20
"Zakelijke dienstverlening en veiligheid","Veiligheid en sport","BBL","3","Limburg",14,11,25,38,50
"Zakelijke dienstverlening en veiligheid","Veiligheid en sport","BBL","3","Noord-Brabant",38,67,104,109,120
"Zakelijke dienstverlening en veiligheid","Veiligheid en sport","BBL","3","Noord-Holland",32,68,69,86,89
"Zakelijke dienstverlening en veiligheid","Veiligheid en sport","BBL","3","ONBEKEND",0,-1,0,-1,-1
"Zakelijke dienstverlening en veiligheid","Veiligheid en sport","BBL","3","Overijssel",11,10,13,21,31
"Zakelijke dienstverlening en veiligheid","Veiligheid en sport","BBL","3","Utrecht",10,6,16,20,29
"Zakelijke dienstverlening en veiligheid","Veiligheid en sport","BBL","3","Zeeland",7,-1,7,10,7
"Zakelijke dienstverlening en veiligheid","Veiligheid en sport","BBL","3","Zuid-Holland",99,88,183,203,192
"Zakelijke dienstverlening en veiligheid","Veiligheid en sport","BOLVT","2","BELGIE",-1,-1,-1,-1,-1
"Zakelijke dienstverlening en veiligheid","Veiligheid en sport","BOLVT","2","DUITSLAND",5,6,6,9,6
"Zakelijke dienstverlening en veiligheid","Veiligheid en sport","BOLVT","2","Drenthe",178,139,128,192,180
"Zakelijke dienstverlening en veiligheid","Veiligheid en sport","BOLVT","2","Flevoland",288,239,210,217,223
"Zakelijke dienstverlening en veiligheid","Veiligheid en sport","BOLVT","2","Friesland",247,199,205,214,258
"Zakelijke dienstverlening en veiligheid","Veiligheid en sport","BOLVT","2","Gelderland",786,602,552,668,615
"Zakelijke dienstverlening en veiligheid","Veiligheid en sport","BOLVT","2","Groningen",193,161,161,189,192
"Zakelijke dienstverlening en veiligheid","Veiligheid en sport","BOLVT","2","Limburg",332,310,275,275,261
"Zakelijke dienstverlening en veiligheid","Veiligheid en sport","BOLVT","2","Noord-Brabant",633,577,520,585,628
"Zakelijke dienstverlening en veiligheid","Veiligheid en sport","BOLVT","2","Noord-Holland",868,748,698,702,731
"Zakelijke dienstverlening en veiligheid","Veiligheid en sport","BOLVT","2","ONBEKEND",5,-1,5,0,-1
"Zakelijke dienstverlening en veiligheid","Veiligheid en sport","BOLVT","2","OVERIG BUITENLAND",0,0,-1,-1,-1
"Zakelijke dienstverlening en veiligheid","Veiligheid en sport","BOLVT","2","Overijssel",428,383,328,352,341
"Zakelijke dienstverlening en veiligheid","Veiligheid en sport","BOLVT","2","Utrecht",326,309,280,299,271
"Zakelijke dienstverlening en veiligheid","Veiligheid en sport","BOLVT","2","Zeeland",138,105,73,69,76
"Zakelijke dienstverlening en veiligheid","Veiligheid en sport","BOLVT","2","Zuid-Holland",1432,1165,1086,1151,1207
"Zakelijke dienstverlening en veiligheid","Veiligheid en sport","BOLVT","3","BELGIE",7,7,-1,7,-1
"Zakelijke dienstverlening en veiligheid","Veiligheid en sport","BOLVT","3","DUITSLAND",7,-1,-1,8,11
"Zakelijke dienstverlening en veiligheid","Veiligheid en sport","BOLVT","3","Drenthe",234,252,264,234,261
"Zakelijke dienstverlening en veiligheid","Veiligheid en sport","BOLVT","3","Flevoland",240,217,190,203,236
"Zakelijke dienstverlening en veiligheid","Veiligheid en sport","BOLVT","3","Friesland",315,306,320,352,363
"Zakelijke dienstverlening en veiligheid","Veiligheid en sport","BOLVT","3","Gelderland",1078,1053,996,1053,1105
"Zakelijke dienstverlening en veiligheid","Veiligheid en sport","BOLVT","3","Groningen",201,201,205,183,153
"Zakelijke dienstverlening en veiligheid","Veiligheid en sport","BOLVT","3","Limburg",469,464,428,419,457
"Zakelijke dienstverlening en veiligheid","Veiligheid en sport","BOLVT","3","Noord-Brabant",934,925,894,903,890
"Zakelijke dienstverlening en veiligheid","Veiligheid en sport","BOLVT","3","Noord-Holland",884,743,736,897,954
"Zakelijke dienstverlening en veiligheid","Veiligheid en sport","BOLVT","3","ONBEKEND",6,6,5,0,-1
"Zakelijke dienstverlening en veiligheid","Veiligheid en sport","BOLVT","3","OVERIG BUITENLAND",0,0,-1,0,0
"Zakelijke dienstverlening en veiligheid","Veiligheid en sport","BOLVT","3","Overijssel",489,519,563,555,596
"Zakelijke dienstverlening en veiligheid","Veiligheid en sport","BOLVT","3","Utrecht",493,463,485,510,532
"Zakelijke dienstverlening en veiligheid","Veiligheid en sport","BOLVT","3","Zeeland",124,153,152,180,181
"Zakelijke dienstverlening en veiligheid","Veiligheid en sport","BOLVT","3","Zuid-Holland",1096,1168,1083,1132,1243
"Zakelijke dienstverlening en veiligheid","Veiligheid en sport","BOLVT","4","Gelderland",0,0,0,0,-1
"Zakelijke dienstverlening en veiligheid","Veiligheid en sport","BOLVT","4","Overijssel",0,0,0,0,-1
"Zakelijke dienstverlening en veiligheid","Veiligheid en sport","EX","2","BELGIE",0,-1,-1,-1,-1
"Zakelijke dienstverlening en veiligheid","Veiligheid en sport","EX","2","DUITSLAND",0,0,0,0,-1
"Zakelijke dienstverlening en veiligheid","Veiligheid en sport","EX","2","Drenthe",-1,6,21,10,20
"Zakelijke dienstverlening en veiligheid","Veiligheid en sport","EX","2","Flevoland",9,10,15,27,12
"Zakelijke dienstverlening en veiligheid","Veiligheid en sport","EX","2","Friesland",22,27,51,34,26
"Zakelijke dienstverlening en veiligheid","Veiligheid en sport","EX","2","Gelderland",47,74,69,95,70
"Zakelijke dienstverlening en veiligheid","Veiligheid en sport","EX","2","Groningen",-1,-1,18,15,8
"Zakelijke dienstverlening en veiligheid","Veiligheid en sport","EX","2","Limburg",28,34,37,43,65
"Zakelijke dienstverlening en veiligheid","Veiligheid en sport","EX","2","Noord-Brabant",52,74,58,89,112
"Zakelijke dienstverlening en veiligheid","Veiligheid en sport","EX","2","Noord-Holland",51,94,59,165,82
"Zakelijke dienstverlening en veiligheid","Veiligheid en sport","EX","2","ONBEKEND",-1,-1,-1,7,6
"Zakelijke dienstverlening en veiligheid","Veiligheid en sport","EX","2","Overijssel",18,26,23,18,20
"Zakelijke dienstverlening en veiligheid","Veiligheid en sport","EX","2","Utrecht",18,17,22,50,20
"Zakelijke dienstverlening en veiligheid","Veiligheid en sport","EX","2","Zeeland",-1,14,17,11,7
"Zakelijke dienstverlening en veiligheid","Veiligheid en sport","EX","2","Zuid-Holland",80,123,196,205,102
"Zakelijke dienstverlening en veiligheid","Veiligheid en sport","EX","3","BELGIE",0,-1,-1,0,0
"Zakelijke dienstverlening en veiligheid","Veiligheid en sport","EX","3","DUITSLAND",-1,0,0,-1,0
"Zakelijke dienstverlening en veiligheid","Veiligheid en sport","EX","3","Drenthe",5,9,9,17,18
"Zakelijke dienstverlening en veiligheid","Veiligheid en sport","EX","3","Flevoland",8,7,15,16,10
"Zakelijke dienstverlening en veiligheid","Veiligheid en sport","EX","3","Friesland",13,12,17,39,33
"Zakelijke dienstverlening en veiligheid","Veiligheid en sport","EX","3","Gelderland",39,52,44,59,52
"Zakelijke dienstverlening en veiligheid","Veiligheid en sport","EX","3","Groningen",-1,-1,-1,10,22
"Zakelijke dienstverlening en veiligheid","Veiligheid en sport","EX","3","Limburg",-1,8,13,23,21
"Zakelijke dienstverlening en veiligheid","Veiligheid en sport","EX","3","Noord-Brabant",31,32,39,66,60
"Zakelijke dienstverlening en veiligheid","Veiligheid en sport","EX","3","Noord-Holland",36,27,67,29,67
"Zakelijke dienstverlening en veiligheid","Veiligheid en sport","EX","3","ONBEKEND",0,-1,0,0,-1
"Zakelijke dienstverlening en veiligheid","Veiligheid en sport","EX","3","Overijssel",17,12,30,32,25
"Zakelijke dienstverlening en veiligheid","Veiligheid en sport","EX","3","Utrecht",8,18,13,25,17
"Zakelijke dienstverlening en veiligheid","Veiligheid en sport","EX","3","Zeeland",8,13,15,16,19
"Zakelijke dienstverlening en veiligheid","Veiligheid en sport","EX","3","Zuid-Holland",19,48,80,120,116
"Zakelijke dienstverlening en veiligheid","Zorg en welzijn","BBL","2","Drenthe",5,5,7,-1,0
"Zakelijke dienstverlening en veiligheid","Zorg en welzijn","BBL","2","Friesland",0,0,-1,0,0
"Zakelijke dienstverlening en veiligheid","Zorg en welzijn","BBL","2","Gelderland",0,-1,0,0,0
"Zakelijke dienstverlening en veiligheid","Zorg en welzijn","BBL","2","Groningen",39,23,21,11,0
"Zakelijke dienstverlening en veiligheid","Zorg en welzijn","BBL","2","Noord-Holland",-1,25,-1,0,0
"Zakelijke dienstverlening en veiligheid","Zorg en welzijn","BBL","2","Overijssel",0,6,5,0,0
"Zakelijke dienstverlening en veiligheid","Zorg en welzijn","BBL","2","Utrecht",-1,-1,-1,0,0
"Zakelijke dienstverlening en veiligheid","Zorg en welzijn","BBL","2","Zuid-Holland",95,98,38,9,0
"Zakelijke dienstverlening en veiligheid","Zorg en welzijn","BOLVT","2","BELGIE",-1,0,0,0,0
"Zakelijke dienstverlening en veiligheid","Zorg en welzijn","BOLVT","2","DUITSLAND",-1,-1,-1,-1,0
"Zakelijke dienstverlening en veiligheid","Zorg en welzijn","BOLVT","2","Drenthe",58,43,31,14,-1
"Zakelijke dienstverlening en veiligheid","Zorg en welzijn","BOLVT","2","Flevoland",15,13,12,-1,0
"Zakelijke dienstverlening en veiligheid","Zorg en welzijn","BOLVT","2","Friesland",73,59,40,11,0
"Zakelijke dienstverlening en veiligheid","Zorg en welzijn","BOLVT","2","Gelderland",101,96,78,34,-1
"Zakelijke dienstverlening en veiligheid","Zorg en welzijn","BOLVT","2","Groningen",417,325,285,143,11
"Zakelijke dienstverlening en veiligheid","Zorg en welzijn","BOLVT","2","Limburg",-1,0,0,0,0
"Zakelijke dienstverlening en veiligheid","Zorg en welzijn","BOLVT","2","Noord-Brabant",17,14,7,5,-1
"Zakelijke dienstverlening en veiligheid","Zorg en welzijn","BOLVT","2","Noord-Holland",133,156,154,59,-1
"Zakelijke dienstverlening en veiligheid","Zorg en welzijn","BOLVT","2","ONBEKEND",5,-1,-1,0,0
"Zakelijke dienstverlening en veiligheid","Zorg en welzijn","BOLVT","2","OVERIG BUITENLAND",0,0,0,-1,-1
"Zakelijke dienstverlening en veiligheid","Zorg en welzijn","BOLVT","2","Overijssel",74,62,55,39,-1
"Zakelijke dienstverlening en veiligheid","Zorg en welzijn","BOLVT","2","Utrecht",453,450,448,215,15
"Zakelijke dienstverlening en veiligheid","Zorg en welzijn","BOLVT","2","Zeeland",-1,0,-1,-1,0
"Zakelijke dienstverlening en veiligheid","Zorg en welzijn","BOLVT","2","Zuid-Holland",936,892,845,434,41
"Zakelijke dienstverlening en veiligheid","Zorg en welzijn","EX","2","Gelderland",-1,-1,-1,-1,0
"Zakelijke dienstverlening en veiligheid","Zorg en welzijn","EX","2","Groningen",0,0,0,0,-1
"Zakelijke dienstverlening en veiligheid","Zorg en welzijn","EX","2","Noord-Brabant",0,0,-1,0,0
"Zakelijke dienstverlening en veiligheid","Zorg en welzijn","EX","2","Noord-Holland",-1,0,-1,-1,-1
"Zakelijke dienstverlening en veiligheid","Zorg en welzijn","EX","2","Overijssel",-1,5,-1,-1,0
"Zakelijke dienstverlening en veiligheid","Zorg en welzijn","EX","2","Utrecht",-1,0,-1,-1,0
"Zakelijke dienstverlening en veiligheid","Zorg en welzijn","EX","2","Zuid-Holland",0,-1,-1,-1,0
"Zorg, welzijn en sport","Uiterlijke verzorging","BBL","3","Gelderland",0,-1,-1,-1,6
"Zorg, welzijn en sport","Uiterlijke verzorging","BBL","3","Groningen",0,0,0,-1,0
"Zorg, welzijn en sport","Uiterlijke verzorging","BBL","3","Noord-Brabant",0,0,0,0,7
"Zorg, welzijn en sport","Uiterlijke verzorging","BBL","3","Overijssel",0,0,-1,0,-1
"Zorg, welzijn en sport","Uiterlijke verzorging","BBL","4","DUITSLAND",0,0,0,0,-1
"Zorg, welzijn en sport","Uiterlijke verzorging","BBL","4","Gelderland",-1,-1,-1,-1,-1
"Zorg, welzijn en sport","Uiterlijke verzorging","BBL","4","Groningen",0,0,-1,0,0
"Zorg, welzijn en sport","Uiterlijke verzorging","BBL","4","Limburg",0,0,-1,5,-1
"Zorg, welzijn en sport","Uiterlijke verzorging","BBL","4","Noord-Brabant",0,0,6,23,14
"Zorg, welzijn en sport","Uiterlijke verzorging","BBL","4","Noord-Holland",0,0,0,-1,-1
"Zorg, welzijn en sport","Uiterlijke verzorging","BBL","4","Overijssel",-1,0,0,0,0
"Zorg, welzijn en sport","Uiterlijke verzorging","BOLVT","3","BELGIE",-1,-1,0,-1,5
"Zorg, welzijn en sport","Uiterlijke verzorging","BOLVT","3","DUITSLAND",-1,11,6,-1,-1
"Zorg, welzijn en sport","Uiterlijke verzorging","BOLVT","3","Drenthe",106,79,61,62,52
"Zorg, welzijn en sport","Uiterlijke verzorging","BOLVT","3","Flevoland",31,33,56,52,30
"Zorg, welzijn en sport","Uiterlijke verzorging","BOLVT","3","Friesland",106,109,87,102,100
"Zorg, welzijn en sport","Uiterlijke verzorging","BOLVT","3","Gelderland",297,252,246,243,239
"Zorg, welzijn en sport","Uiterlijke verzorging","BOLVT","3","Groningen",72,56,42,57,72
"Zorg, welzijn en sport","Uiterlijke verzorging","BOLVT","3","Limburg",137,139,144,168,169
"Zorg, welzijn en sport","Uiterlijke verzorging","BOLVT","3","Noord-Brabant",203,210,191,204,164
"Zorg, welzijn en sport","Uiterlijke verzorging","BOLVT","3","Noord-Holland",139,188,254,248,233
"Zorg, welzijn en sport","Uiterlijke verzorging","BOLVT","3","ONBEKEND",-1,-1,-1,0,0
"Zorg, welzijn en sport","Uiterlijke verzorging","BOLVT","3","OVERIG BUITENLAND",0,0,-1,-1,0
"Zorg, welzijn en sport","Uiterlijke verzorging","BOLVT","3","Overijssel",95,103,100,95,113
"Zorg, welzijn en sport","Uiterlijke verzorging","BOLVT","3","Utrecht",47,31,63,60,52
"Zorg, welzijn en sport","Uiterlijke verzorging","BOLVT","3","Zeeland",19,16,19,20,19
"Zorg, welzijn en sport","Uiterlijke verzorging","BOLVT","3","Zuid-Holland",463,445,515,508,541
"Zorg, welzijn en sport","Uiterlijke verzorging","BOLVT","4","BELGIE",-1,-1,-1,6,6
"Zorg, welzijn en sport","Uiterlijke verzorging","BOLVT","4","DUITSLAND",7,6,-1,-1,-1
"Zorg, welzijn en sport","Uiterlijke verzorging","BOLVT","4","Drenthe",134,116,96,106,116
"Zorg, welzijn en sport","Uiterlijke verzorging","BOLVT","4","Flevoland",118,101,89,101,107
"Zorg, welzijn en sport","Uiterlijke verzorging","BOLVT","4","Friesland",164,145,162,198,212
"Zorg, welzijn en sport","Uiterlijke verzorging","BOLVT","4","Gelderland",338,329,339,398,396
"Zorg, welzijn en sport","Uiterlijke verzorging","BOLVT","4","Groningen",151,133,148,154,172
"Zorg, welzijn en sport","Uiterlijke verzorging","BOLVT","4","Limburg",250,221,205,209,240
"Zorg, welzijn en sport","Uiterlijke verzorging","BOLVT","4","Noord-Brabant",660,576,561,564,537
"Zorg, welzijn en sport","Uiterlijke verzorging","BOLVT","4","Noord-Holland",548,366,287,323,327
"Zorg, welzijn en sport","Uiterlijke verzorging","BOLVT","4","ONBEKEND",-1,-1,-1,-1,-1
"Zorg, welzijn en sport","Uiterlijke verzorging","BOLVT","4","OVERIG BUITENLAND",0,-1,-1,0,0
"Zorg, welzijn en sport","Uiterlijke verzorging","BOLVT","4","Overijssel",335,316,311,357,320
"Zorg, welzijn en sport","Uiterlijke verzorging","BOLVT","4","Utrecht",251,240,186,194,230
"Zorg, welzijn en sport","Uiterlijke verzorging","BOLVT","4","Zeeland",95,81,88,87,71
"Zorg, welzijn en sport","Uiterlijke verzorging","BOLVT","4","Zuid-Holland",553,511,519,581,611
"Zorg, welzijn en sport","Uiterlijke verzorging","EX","3","BELGIE",0,0,-1,-1,0
"Zorg, welzijn en sport","Uiterlijke verzorging","EX","3","DUITSLAND",0,0,0,-1,-1
"Zorg, welzijn en sport","Uiterlijke verzorging","EX","3","Drenthe",-1,-1,-1,-1,-1
"Zorg, welzijn en sport","Uiterlijke verzorging","EX","3","Flevoland",5,-1,-1,-1,-1
"Zorg, welzijn en sport","Uiterlijke verzorging","EX","3","Friesland",8,-1,-1,-1,-1
"Zorg, welzijn en sport","Uiterlijke verzorging","EX","3","Gelderland",26,19,21,18,9
"Zorg, welzijn en sport","Uiterlijke verzorging","EX","3","Groningen",-1,-1,11,-1,-1
"Zorg, welzijn en sport","Uiterlijke verzorging","EX","3","Limburg",9,6,8,12,10
"Zorg, welzijn en sport","Uiterlijke verzorging","EX","3","Noord-Brabant",36,24,46,46,34
"Zorg, welzijn en sport","Uiterlijke verzorging","EX","3","Noord-Holland",-1,-1,15,15,13
"Zorg, welzijn en sport","Uiterlijke verzorging","EX","3","ONBEKEND",-1,0,0,0,0
"Zorg, welzijn en sport","Uiterlijke verzorging","EX","3","Overijssel",8,13,12,10,19
"Zorg, welzijn en sport","Uiterlijke verzorging","EX","3","Utrecht",8,9,7,5,-1
"Zorg, welzijn en sport","Uiterlijke verzorging","EX","3","Zeeland",-1,7,-1,-1,11
"Zorg, welzijn en sport","Uiterlijke verzorging","EX","3","Zuid-Holland",9,16,14,19,13
"Zorg, welzijn en sport","Uiterlijke verzorging","EX","4","DUITSLAND",-1,0,0,0,0
"Zorg, welzijn en sport","Uiterlijke verzorging","EX","4","Drenthe",-1,-1,-1,-1,-1
"Zorg, welzijn en sport","Uiterlijke verzorging","EX","4","Flevoland",-1,0,0,8,-1
"Zorg, welzijn en sport","Uiterlijke verzorging","EX","4","Friesland",9,-1,-1,0,0
"Zorg, welzijn en sport","Uiterlijke verzorging","EX","4","Gelderland",35,13,20,12,11
"Zorg, welzijn en sport","Uiterlijke verzorging","EX","4","Groningen",-1,0,-1,-1,-1
"Zorg, welzijn en sport","Uiterlijke verzorging","EX","4","Limburg",11,-1,6,-1,-1
"Zorg, welzijn en sport","Uiterlijke verzorging","EX","4","Noord-Brabant",29,19,20,13,15
"Zorg, welzijn en sport","Uiterlijke verzorging","EX","4","Noord-Holland",-1,-1,10,10,5
"Zorg, welzijn en sport","Uiterlijke verzorging","EX","4","ONBEKEND",0,0,-1,0,0
"Zorg, welzijn en sport","Uiterlijke verzorging","EX","4","Overijssel",5,5,-1,-1,14
"Zorg, welzijn en sport","Uiterlijke verzorging","EX","4","Utrecht",-1,9,9,5,-1
"Zorg, welzijn en sport","Uiterlijke verzorging","EX","4","Zeeland",0,-1,5,7,5
"Zorg, welzijn en sport","Uiterlijke verzorging","EX","4","Zuid-Holland",5,13,6,7,10
"Zorg, welzijn en sport","Veiligheid en sport","BBL","3","BELGIE",-1,-1,-1,-1,-1
"Zorg, welzijn en sport","Veiligheid en sport","BBL","3","Flevoland",-1,-1,-1,-1,-1
"Zorg, welzijn en sport","Veiligheid en sport","BBL","3","Gelderland",-1,-1,-1,-1,6
"Zorg, welzijn en sport","Veiligheid en sport","BBL","3","Limburg",-1,-1,-1,-1,-1
"Zorg, welzijn en sport","Veiligheid en sport","BBL","3","Noord-Brabant",10,17,12,10,8
"Zorg, welzijn en sport","Veiligheid en sport","BBL","3","Noord-Holland",31,48,30,38,46
"Zorg, welzijn en sport","Veiligheid en sport","BBL","3","OVERIG BUITENLAND",0,0,-1,0,0
"Zorg, welzijn en sport","Veiligheid en sport","BBL","3","Overijssel",-1,0,0,-1,-1
"Zorg, welzijn en sport","Veiligheid en sport","BBL","3","Utrecht",17,16,5,-1,18
"Zorg, welzijn en sport","Veiligheid en sport","BBL","3","Zuid-Holland",10,15,38,31,37
"Zorg, welzijn en sport","Veiligheid en sport","BBL","4","Flevoland",0,0,0,0,-1
"Zorg, welzijn en sport","Veiligheid en sport","BBL","4","Friesland",-1,0,0,0,-1
"Zorg, welzijn en sport","Veiligheid en sport","BBL","4","Gelderland",6,6,7,6,7
"Zorg, welzijn en sport","Veiligheid en sport","BBL","4","Groningen",-1,0,0,-1,-1
"Zorg, welzijn en sport","Veiligheid en sport","BBL","4","Limburg",0,-1,-1,0,0
"Zorg, welzijn en sport","Veiligheid en sport","BBL","4","Noord-Brabant",-1,-1,-1,-1,5
"Zorg, welzijn en sport","Veiligheid en sport","BBL","4","Noord-Holland",12,8,15,16,37
"Zorg, welzijn en sport","Veiligheid en sport","BBL","4","OVERIG BUITENLAND",0,0,0,0,-1
"Zorg, welzijn en sport","Veiligheid en sport","BBL","4","Overijssel",-1,0,0,-1,-1
"Zorg, welzijn en sport","Veiligheid en sport","BBL","4","Utrecht",-1,-1,-1,-1,-1
"Zorg, welzijn en sport","Veiligheid en sport","BBL","4","Zuid-Holland",12,11,18,24,50
"Zorg, welzijn en sport","Veiligheid en sport","BOLVT","3","BELGIE",-1,-1,-1,-1,-1
"Zorg, welzijn en sport","Veiligheid en sport","BOLVT","3","DUITSLAND",-1,-1,-1,0,-1
"Zorg, welzijn en sport","Veiligheid en sport","BOLVT","3","Drenthe",113,114,140,170,194
"Zorg, welzijn en sport","Veiligheid en sport","BOLVT","3","Flevoland",103,90,99,92,85
"Zorg, welzijn en sport","Veiligheid en sport","BOLVT","3","Friesland",134,126,132,136,115
"Zorg, welzijn en sport","Veiligheid en sport","BOLVT","3","Gelderland",363,367,382,346,339
"Zorg, welzijn en sport","Veiligheid en sport","BOLVT","3","Groningen",154,152,141,130,128
"Zorg, welzijn en sport","Veiligheid en sport","BOLVT","3","Limburg",11,45,53,35,29
"Zorg, welzijn en sport","Veiligheid en sport","BOLVT","3","Noord-Brabant",350,338,268,252,257
"Zorg, welzijn en sport","Veiligheid en sport","BOLVT","3","Noord-Holland",655,662,546,545,401
"Zorg, welzijn en sport","Veiligheid en sport","BOLVT","3","ONBEKEND",5,-1,0,-1,0
"Zorg, welzijn en sport","Veiligheid en sport","BOLVT","3","OVERIG BUITENLAND",-1,0,-1,-1,0
"Zorg, welzijn en sport","Veiligheid en sport","BOLVT","3","Overijssel",265,275,291,308,285
"Zorg, welzijn en sport","Veiligheid en sport","BOLVT","3","Utrecht",310,340,310,248,233
"Zorg, welzijn en sport","Veiligheid en sport","BOLVT","3","Zeeland",100,99,81,37,19
"Zorg, welzijn en sport","Veiligheid en sport","BOLVT","3","Zuid-Holland",886,868,738,655,633
"Zorg, welzijn en sport","Veiligheid en sport","BOLVT","4","BELGIE",5,9,10,17,16
"Zorg, welzijn en sport","Veiligheid en sport","BOLVT","4","DUITSLAND",13,13,13,15,22
"Zorg, welzijn en sport","Veiligheid en sport","BOLVT","4","Drenthe",612,604,583,556,492
"Zorg, welzijn en sport","Veiligheid en sport","BOLVT","4","Flevoland",486,440,432,413,390
"Zorg, welzijn en sport","Veiligheid en sport","BOLVT","4","Friesland",722,693,647,603,620
"Zorg, welzijn en sport","Veiligheid en sport","BOLVT","4","Gelderland",2269,2222,2123,2063,2038
"Zorg, welzijn en sport","Veiligheid en sport","BOLVT","4","Groningen",437,420,360,365,399
"Zorg, welzijn en sport","Veiligheid en sport","BOLVT","4","Limburg",968,899,886,919,914
"Zorg, welzijn en sport","Veiligheid en sport","BOLVT","4","Noord-Brabant",2196,2121,2096,2192,2155
"Zorg, welzijn en sport","Veiligheid en sport","BOLVT","4","Noord-Holland",1827,1761,1705,1641,1811
"Zorg, welzijn en sport","Veiligheid en sport","BOLVT","4","ONBEKEND",12,6,-1,-1,6
"Zorg, welzijn en sport","Veiligheid en sport","BOLVT","4","OVERIG BUITENLAND",-1,-1,7,-1,-1
"Zorg, welzijn en sport","Veiligheid en sport","BOLVT","4","Overijssel",1163,1090,1049,1044,1067
"Zorg, welzijn en sport","Veiligheid en sport","BOLVT","4","Utrecht",1157,1047,1050,1086,1089
"Zorg, welzijn en sport","Veiligheid en sport","BOLVT","4","Zeeland",259,266,220,253,280
"Zorg, welzijn en sport","Veiligheid en sport","BOLVT","4","Zuid-Holland",2251,2190,2167,2191,2106
"Zorg, welzijn en sport","Veiligheid en sport","EX","3","BELGIE",-1,0,-1,0,0
"Zorg, welzijn en sport","Veiligheid en sport","EX","3","DUITSLAND",0,-1,0,0,-1
"Zorg, welzijn en sport","Veiligheid en sport","EX","3","Drenthe",0,-1,-1,-1,-1
"Zorg, welzijn en sport","Veiligheid en sport","EX","3","Flevoland",-1,-1,-1,-1,-1
"Zorg, welzijn en sport","Veiligheid en sport","EX","3","Friesland",-1,-1,0,0,0
"Zorg, welzijn en sport","Veiligheid en sport","EX","3","Gelderland",37,30,42,28,31
"Zorg, welzijn en sport","Veiligheid en sport","EX","3","Groningen",0,-1,-1,-1,-1
"Zorg, welzijn en sport","Veiligheid en sport","EX","3","Limburg",12,25,24,17,14
"Zorg, welzijn en sport","Veiligheid en sport","EX","3","Noord-Brabant",8,15,13,9,11
"Zorg, welzijn en sport","Veiligheid en sport","EX","3","Noord-Holland",7,10,15,19,10
"Zorg, welzijn en sport","Veiligheid en sport","EX","3","OVERIG BUITENLAND",0,0,0,0,-1
"Zorg, welzijn en sport","Veiligheid en sport","EX","3","Overijssel",-1,6,6,8,-1
"Zorg, welzijn en sport","Veiligheid en sport","EX","3","Utrecht",10,11,6,9,7
"Zorg, welzijn en sport","Veiligheid en sport","EX","3","Zeeland",-1,-1,-1,-1,-1
"Zorg, welzijn en sport","Veiligheid en sport","EX","3","Zuid-Holland",-1,9,11,17,9
"Zorg, welzijn en sport","Veiligheid en sport","EX","4","DUITSLAND",0,-1,0,0,-1
"Zorg, welzijn en sport","Veiligheid en sport","EX","4","Drenthe",-1,5,5,-1,-1
"Zorg, welzijn en sport","Veiligheid en sport","EX","4","Flevoland",-1,-1,0,6,6
"Zorg, welzijn en sport","Veiligheid en sport","EX","4","Friesland",-1,-1,-1,-1,-1
"Zorg, welzijn en sport","Veiligheid en sport","EX","4","Gelderland",62,64,33,18,14
"Zorg, welzijn en sport","Veiligheid en sport","EX","4","Groningen",0,0,6,0,0
"Zorg, welzijn en sport","Veiligheid en sport","EX","4","Limburg",34,40,25,21,27
"Zorg, welzijn en sport","Veiligheid en sport","EX","4","Noord-Brabant",33,64,19,16,9
"Zorg, welzijn en sport","Veiligheid en sport","EX","4","Noord-Holland",9,13,12,13,13
"Zorg, welzijn en sport","Veiligheid en sport","EX","4","OVERIG BUITENLAND",0,0,0,0,-1
"Zorg, welzijn en sport","Veiligheid en sport","EX","4","Overijssel",7,22,18,18,17
"Zorg, welzijn en sport","Veiligheid en sport","EX","4","Utrecht",-1,-1,9,6,-1
"Zorg, welzijn en sport","Veiligheid en sport","EX","4","Zeeland",-1,-1,0,-1,0
"Zorg, welzijn en sport","Veiligheid en sport","EX","4","Zuid-Holland",-1,6,5,9,15
"Zorg, welzijn en sport","Zorg en welzijn","BBL","2","BELGIE",-1,5,8,-1,6
"Zorg, welzijn en sport","Zorg en welzijn","BBL","2","DUITSLAND",0,-1,-1,-1,7
"Zorg, welzijn en sport","Zorg en welzijn","BBL","2","Drenthe",75,151,150,94,94
"Zorg, welzijn en sport","Zorg en welzijn","BBL","2","Flevoland",127,126,149,121,133
"Zorg, welzijn en sport","Zorg en welzijn","BBL","2","Friesland",68,79,85,89,129
"Zorg, welzijn en sport","Zorg en welzijn","BBL","2","Gelderland",367,418,482,483,561
"Zorg, welzijn en sport","Zorg en welzijn","BBL","2","Groningen",70,124,101,109,97
"Zorg, welzijn en sport","Zorg en welzijn","BBL","2","Limburg",229,268,319,272,318
"Zorg, welzijn en sport","Zorg en welzijn","BBL","2","Noord-Brabant",344,431,453,501,556
"Zorg, welzijn en sport","Zorg en welzijn","BBL","2","Noord-Holland",475,575,638,641,665
"Zorg, welzijn en sport","Zorg en welzijn","BBL","2","ONBEKEND",6,14,13,13,7
"Zorg, welzijn en sport","Zorg en welzijn","BBL","2","OVERIG BUITENLAND",0,-1,-1,0,-1
"Zorg, welzijn en sport","Zorg en welzijn","BBL","2","Overijssel",265,219,252,217,282
"Zorg, welzijn en sport","Zorg en welzijn","BBL","2","Utrecht",198,227,236,232,298
"Zorg, welzijn en sport","Zorg en welzijn","BBL","2","Zeeland",72,160,132,126,136
"Zorg, welzijn en sport","Zorg en welzijn","BBL","2","Zuid-Holland",428,528,721,683,800
"Zorg, welzijn en sport","Zorg en welzijn","BBL","3","BELGIE",21,25,27,39,42
"Zorg, welzijn en sport","Zorg en welzijn","BBL","3","DUITSLAND",11,14,16,17,15
"Zorg, welzijn en sport","Zorg en welzijn","BBL","3","Drenthe",611,721,686,580,524
"Zorg, welzijn en sport","Zorg en welzijn","BBL","3","Flevoland",607,617,539,506,448
"Zorg, welzijn en sport","Zorg en welzijn","BBL","3","Friesland",768,727,708,559,503
"Zorg, welzijn en sport","Zorg en welzijn","BBL","3","Gelderland",2511,2424,2187,1909,1778
"Zorg, welzijn en sport","Zorg en welzijn","BBL","3","Groningen",608,677,604,528,496
"Zorg, welzijn en sport","Zorg en welzijn","BBL","3","Limburg",1046,1069,928,825,745
"Zorg, welzijn en sport","Zorg en welzijn","BBL","3","Noord-Brabant",2050,1952,1787,1695,1564
"Zorg, welzijn en sport","Zorg en welzijn","BBL","3","Noord-Holland",2163,2278,2170,1862,1767
"Zorg, welzijn en sport","Zorg en welzijn","BBL","3","ONBEKEND",53,60,52,43,38
"Zorg, welzijn en sport","Zorg en welzijn","BBL","3","OVERIG BUITENLAND",0,-1,-1,-1,-1
"Zorg, welzijn en sport","Zorg en welzijn","BBL","3","Overijssel",1313,1392,1244,965,919
"Zorg, welzijn en sport","Zorg en welzijn","BBL","3","Utrecht",1083,1163,1141,954,836
"Zorg, welzijn en sport","Zorg en welzijn","BBL","3","Zeeland",675,611,522,420,346
"Zorg, welzijn en sport","Zorg en welzijn","BBL","3","Zuid-Holland",3309,3211,3022,2777,2733
"Zorg, welzijn en sport","Zorg en welzijn","BBL","4","BELGIE",33,42,54,79,115
"Zorg, welzijn en sport","Zorg en welzijn","BBL","4","DUITSLAND",18,26,25,30,47
"Zorg, welzijn en sport","Zorg en welzijn","BBL","4","Drenthe",904,1099,1218,1155,1002
"Zorg, welzijn en sport","Zorg en welzijn","BBL","4","Flevoland",830,937,965,991,952
"Zorg, welzijn en sport","Zorg en welzijn","BBL","4","Friesland",1005,1271,1340,1198,1129
"Zorg, welzijn en sport","Zorg en welzijn","BBL","4","Gelderland",3106,3486,3774,3683,3664
"Zorg, welzijn en sport","Zorg en welzijn","BBL","4","Groningen",924,1112,1219,1105,966
"Zorg, welzijn en sport","Zorg en welzijn","BBL","4","Limburg",1645,1958,2050,2033,1818
"Zorg, welzijn en sport","Zorg en welzijn","BBL","4","Noord-Brabant",2869,3331,3633,3647,3608
"Zorg, welzijn en sport","Zorg en welzijn","BBL","4","Noord-Holland",3182,3657,3938,3896,3830
"Zorg, welzijn en sport","Zorg en welzijn","BBL","4","ONBEKEND",64,89,65,54,66
"Zorg, welzijn en sport","Zorg en welzijn","BBL","4","OVERIG BUITENLAND",0,-1,-1,0,-1
"Zorg, welzijn en sport","Zorg en welzijn","BBL","4","Overijssel",1709,1938,1963,1829,1851
"Zorg, welzijn en sport","Zorg en welzijn","BBL","4","Utrecht",1744,1804,1828,1957,1999
"Zorg, welzijn en sport","Zorg en welzijn","BBL","4","Zeeland",638,697,762,696,626
"Zorg, welzijn en sport","Zorg en welzijn","BBL","4","Zuid-Holland",5047,5552,5575,5574,5801
"Zorg, welzijn en sport","Zorg en welzijn","BOLDT","3","Groningen",-1,0,0,0,0
"Zorg, welzijn en sport","Zorg en welzijn","BOLVT","2","BELGIE",8,7,6,11,9
"Zorg, welzijn en sport","Zorg en welzijn","BOLVT","2","DUITSLAND",11,10,6,7,9
"Zorg, welzijn en sport","Zorg en welzijn","BOLVT","2","Drenthe",524,486,403,437,457
"Zorg, welzijn en sport","Zorg en welzijn","BOLVT","2","Flevoland",747,614,529,521,501
"Zorg, welzijn en sport","Zorg en welzijn","BOLVT","2","Friesland",767,643,623,679,674
"Zorg, welzijn en sport","Zorg en welzijn","BOLVT","2","Gelderland",2057,1884,1766,1804,1821
"Zorg, welzijn en sport","Zorg en welzijn","BOLVT","2","Groningen",541,503,514,597,611
"Zorg, welzijn en sport","Zorg en welzijn","BOLVT","2","Limburg",865,782,723,765,771
"Zorg, welzijn en sport","Zorg en welzijn","BOLVT","2","Noord-Brabant",1875,1704,1628,1717,1787
"Zorg, welzijn en sport","Zorg en welzijn","BOLVT","2","Noord-Holland",2545,2272,2003,2015,1909
"Zorg, welzijn en sport","Zorg en welzijn","BOLVT","2","ONBEKEND",35,30,10,5,12
"Zorg, welzijn en sport","Zorg en welzijn","BOLVT","2","OVERIG BUITENLAND",-1,-1,-1,-1,5
"Zorg, welzijn en sport","Zorg en welzijn","BOLVT","2","Overijssel",1034,965,866,884,895
"Zorg, welzijn en sport","Zorg en welzijn","BOLVT","2","Utrecht",1241,1126,1024,1128,1249
"Zorg, welzijn en sport","Zorg en welzijn","BOLVT","2","Zeeland",114,198,221,244,262
"Zorg, welzijn en sport","Zorg en welzijn","BOLVT","2","Zuid-Holland",3497,3157,3011,3263,3615
"Zorg, welzijn en sport","Zorg en welzijn","BOLVT","3","BELGIE",-1,-1,7,6,7
"Zorg, welzijn en sport","Zorg en welzijn","BOLVT","3","DUITSLAND",8,7,14,17,13
"Zorg, welzijn en sport","Zorg en welzijn","BOLVT","3","Drenthe",725,620,529,456,432
"Zorg, welzijn en sport","Zorg en welzijn","BOLVT","3","Flevoland",509,475,421,381,330
"Zorg, welzijn en sport","Zorg en welzijn","BOLVT","3","Friesland",1152,1020,804,678,641
"Zorg, welzijn en sport","Zorg en welzijn","BOLVT","3","Gelderland",2153,1853,1650,1538,1551
"Zorg, welzijn en sport","Zorg en welzijn","BOLVT","3","Groningen",969,831,687,618,599
"Zorg, welzijn en sport","Zorg en welzijn","BOLVT","3","Limburg",806,686,627,588,564
"Zorg, welzijn en sport","Zorg en welzijn","BOLVT","3","Noord-Brabant",1802,1601,1268,1082,1003
"Zorg, welzijn en sport","Zorg en welzijn","BOLVT","3","Noord-Holland",1615,1400,1216,920,768
"Zorg, welzijn en sport","Zorg en welzijn","BOLVT","3","ONBEKEND",16,17,10,5,6
"Zorg, welzijn en sport","Zorg en welzijn","BOLVT","3","OVERIG BUITENLAND",0,-1,-1,0,0
"Zorg, welzijn en sport","Zorg en welzijn","BOLVT","3","Overijssel",1611,1370,1267,1190,1189
"Zorg, welzijn en sport","Zorg en welzijn","BOLVT","3","Utrecht",646,613,528,456,435
"Zorg, welzijn en sport","Zorg en welzijn","BOLVT","3","Zeeland",349,252,176,131,154
"Zorg, welzijn en sport","Zorg en welzijn","BOLVT","3","Zuid-Holland",3229,2946,2588,2003,1684
"Zorg, welzijn en sport","Zorg en welzijn","BOLVT","4","BELGIE",38,35,44,49,50
"Zorg, welzijn en sport","Zorg en welzijn","BOLVT","4","DUITSLAND",57,52,48,68,58
"Zorg, welzijn en sport","Zorg en welzijn","BOLVT","4","Drenthe",2745,2525,2393,2333,2324
"Zorg, welzijn en sport","Zorg en welzijn","BOLVT","4","Flevoland",2117,2126,2035,1968,1968
"Zorg, welzijn en sport","Zorg en welzijn","BOLVT","4","Friesland",3586,3301,3160,3136,3194
"Zorg, welzijn en sport","Zorg en welzijn","BOLVT","4","Gelderland",9366,9170,8705,8598,8634
"Zorg, welzijn en sport","Zorg en welzijn","BOLVT","4","Groningen",3344,2980,2769,2651,2591
"Zorg, welzijn en sport","Zorg en welzijn","BOLVT","4","Limburg",4496,4167,4028,3866,3928
"Zorg, welzijn en sport","Zorg en welzijn","BOLVT","4","Noord-Brabant",9774,9458,9035,9060,9187
"Zorg, welzijn en sport","Zorg en welzijn","BOLVT","4","Noord-Holland",8858,8650,8255,8309,8222
"Zorg, welzijn en sport","Zorg en welzijn","BOLVT","4","ONBEKEND",61,49,23,11,33
"Zorg, welzijn en sport","Zorg en welzijn","BOLVT","4","OVERIG BUITENLAND",-1,7,10,7,14
"Zorg, welzijn en sport","Zorg en welzijn","BOLVT","4","Overijssel",6618,6452,6163,5971,5823
"Zorg, welzijn en sport","Zorg en welzijn","BOLVT","4","Utrecht",4774,4640,4465,4479,4487
"Zorg, welzijn en sport","Zorg en welzijn","BOLVT","4","Zeeland",1521,1476,1417,1446,1521
"Zorg, welzijn en sport","Zorg en welzijn","BOLVT","4","Zuid-Holland",15634,15437,15170,15548,15717
"Zorg, welzijn en sport","Zorg en welzijn","EX","2","BELGIE",0,0,-1,-1,-1
"Zorg, welzijn en sport","Zorg en welzijn","EX","2","Drenthe",7,10,6,7,8
"Zorg, welzijn en sport","Zorg en welzijn","EX","2","Flevoland",20,40,32,19,11
"Zorg, welzijn en sport","Zorg en welzijn","EX","2","Friesland",33,24,24,12,6
"Zorg, welzijn en sport","Zorg en welzijn","EX","2","Gelderland",53,49,80,51,33
"Zorg, welzijn en sport","Zorg en welzijn","EX","2","Groningen",9,8,7,8,5
"Zorg, welzijn en sport","Zorg en welzijn","EX","2","Limburg",31,17,20,33,28
"Zorg, welzijn en sport","Zorg en welzijn","EX","2","Noord-Brabant",52,50,66,47,43
"Zorg, welzijn en sport","Zorg en welzijn","EX","2","Noord-Holland",46,64,74,48,35
"Zorg, welzijn en sport","Zorg en welzijn","EX","2","ONBEKEND",0,0,0,0,-1
"Zorg, welzijn en sport","Zorg en welzijn","EX","2","OVERIG BUITENLAND",0,0,0,0,-1
"Zorg, welzijn en sport","Zorg en welzijn","EX","2","Overijssel",29,24,37,29,20
"Zorg, welzijn en sport","Zorg en welzijn","EX","2","Utrecht",18,58,43,29,16
"Zorg, welzijn en sport","Zorg en welzijn","EX","2","Zeeland",5,7,9,5,5
"Zorg, welzijn en sport","Zorg en welzijn","EX","2","Zuid-Holland",89,97,102,112,97
"Zorg, welzijn en sport","Zorg en welzijn","EX","3","BELGIE",0,0,0,-1,0
"Zorg, welzijn en sport","Zorg en welzijn","EX","3","Drenthe",-1,-1,-1,7,6
"Zorg, welzijn en sport","Zorg en welzijn","EX","3","Flevoland",-1,6,10,11,-1
"Zorg, welzijn en sport","Zorg en welzijn","EX","3","Friesland",34,9,9,9,-1
"Zorg, welzijn en sport","Zorg en welzijn","EX","3","Gelderland",23,25,27,22,16
"Zorg, welzijn en sport","Zorg en welzijn","EX","3","Groningen",10,-1,-1,-1,-1
"Zorg, welzijn en sport","Zorg en welzijn","EX","3","Limburg",9,5,5,6,6
"Zorg, welzijn en sport","Zorg en welzijn","EX","3","Noord-Brabant",20,26,19,9,16
"Zorg, welzijn en sport","Zorg en welzijn","EX","3","Noord-Holland",17,13,17,23,22
"Zorg, welzijn en sport","Zorg en welzijn","EX","3","OVERIG BUITENLAND",-1,-1,0,0,-1
"Zorg, welzijn en sport","Zorg en welzijn","EX","3","Overijssel",27,20,14,15,9
"Zorg, welzijn en sport","Zorg en welzijn","EX","3","Utrecht",20,11,24,27,18
"Zorg, welzijn en sport","Zorg en welzijn","EX","3","Zeeland",0,-1,-1,-1,0
"Zorg, welzijn en sport","Zorg en welzijn","EX","3","Zuid-Holland",17,27,21,27,17
"Zorg, welzijn en sport","Zorg en welzijn","EX","4","BELGIE",0,0,-1,0,0
"Zorg, welzijn en sport","Zorg en welzijn","EX","4","DUITSLAND",-1,0,-1,-1,-1
"Zorg, welzijn en sport","Zorg en welzijn","EX","4","Drenthe",15,11,5,15,24
"Zorg, welzijn en sport","Zorg en welzijn","EX","4","Flevoland",14,21,18,18,14
"Zorg, welzijn en sport","Zorg en welzijn","EX","4","Friesland",50,37,44,41,26
"Zorg, welzijn en sport","Zorg en welzijn","EX","4","Gelderland",87,76,96,106,62
"Zorg, welzijn en sport","Zorg en welzijn","EX","4","Groningen",7,10,15,7,23
"Zorg, welzijn en sport","Zorg en welzijn","EX","4","Limburg",16,17,20,16,22
"Zorg, welzijn en sport","Zorg en welzijn","EX","4","Noord-Brabant",55,39,65,67,55
"Zorg, welzijn en sport","Zorg en welzijn","EX","4","Noord-Holland",59,64,72,54,62
"Zorg, welzijn en sport","Zorg en welzijn","EX","4","ONBEKEND",0,-1,-1,-1,-1
"Zorg, welzijn en sport","Zorg en welzijn","EX","4","OVERIG BUITENLAND",26,51,13,11,16
"Zorg, welzijn en sport","Zorg en welzijn","EX","4","Overijssel",66,40,49,49,41
"Zorg, welzijn en sport","Zorg en welzijn","EX","4","Utrecht",55,90,67,71,42
"Zorg, welzijn en sport","Zorg en welzijn","EX","4","Zeeland",5,8,8,6,9
"Zorg, welzijn en sport","Zorg en welzijn","EX","4","Zuid-Holland",67,91,95,108,68
"niet gespecificeerd naar sector","Economie en administratie","BOLVT","2","DUITSLAND",0,-1,0,0,0
"niet gespecificeerd naar sector","Economie en administratie","BOLVT","2","Flevoland",0,0,0,0,-1
"niet gespecificeerd naar sector","Economie en administratie","BOLVT","2","Limburg",32,36,25,7,6
"niet gespecificeerd naar sector","Economie en administratie","BOLVT","2","Noord-Brabant",-1,-1,-1,-1,-1
"niet gespecificeerd naar sector","Economie en administratie","BOLVT","2","Noord-Holland",0,0,0,-1,75
"niet gespecificeerd naar sector","Economie en administratie","BOLVT","2","Utrecht",0,0,0,-1,-1
"niet gespecificeerd naar sector","Economie en administratie","BOLVT","2","Zeeland",0,0,0,-1,12
"niet gespecificeerd naar sector","Economie en administratie","BOLVT","2","Zuid-Holland",0,0,0,-1,86
"niet gespecificeerd naar sector","Economie en administratie","BOLVT","3","Flevoland",0,0,0,0,-1
"niet gespecificeerd naar sector","Economie en administratie","BOLVT","3","Gelderland",0,0,0,0,-1
"niet gespecificeerd naar sector","Economie en administratie","BOLVT","3","Limburg",7,0,0,-1,-1
"niet gespecificeerd naar sector","Economie en administratie","BOLVT","3","Noord-Brabant",0,0,0,0,-1
"niet gespecificeerd naar sector","Economie en administratie","BOLVT","3","Noord-Holland",-1,0,-1,0,22
"niet gespecificeerd naar sector","Economie en administratie","BOLVT","3","Utrecht",0,-1,-1,0,-1
"niet gespecificeerd naar sector","Economie en administratie","BOLVT","3","Zeeland",0,0,-1,0,0
"niet gespecificeerd naar sector","Economie en administratie","BOLVT","3","Zuid-Holland",0,0,0,-1,-1
"niet gespecificeerd naar sector","Economie en administratie","BOLVT","4","Drenthe",42,87,15,11,9
"niet gespecificeerd naar sector","Economie en administratie","BOLVT","4","Flevoland",6,-1,0,0,-1
"niet gespecificeerd naar sector","Economie en administratie","BOLVT","4","Friesland",-1,0,0,0,0
"niet gespecificeerd naar sector","Economie en administratie","BOLVT","4","Gelderland",-1,10,6,-1,6
"niet gespecificeerd naar sector","Economie en administratie","BOLVT","4","Limburg",0,-1,0,15,23
"niet gespecificeerd naar sector","Economie en administratie","BOLVT","4","Noord-Brabant",17,10,7,36,52
"niet gespecificeerd naar sector","Economie en administratie","BOLVT","4","Noord-Holland",521,116,-1,0,48
"niet gespecificeerd naar sector","Economie en administratie","BOLVT","4","ONBEKEND",0,0,-1,0,0
"niet gespecificeerd naar sector","Economie en administratie","BOLVT","4","Overijssel",-1,-1,0,0,0
"niet gespecificeerd naar sector","Economie en administratie","BOLVT","4","Utrecht",9,16,6,0,17
"niet gespecificeerd naar sector","Economie en administratie","BOLVT","4","Zeeland",0,0,0,0,-1
"niet gespecificeerd naar sector","Economie en administratie","BOLVT","4","Zuid-Holland",-1,-1,0,212,232
"niet gespecificeerd naar sector","Handel en ondernemerschap","BOLVT","3","Drenthe",0,0,-1,0,-1
"niet gespecificeerd naar sector","Handel en ondernemerschap","BOLVT","3","Gelderland",0,-1,-1,0,0
"niet gespecificeerd naar sector","Handel en ondernemerschap","BOLVT","3","Groningen",0,0,0,0,-1
"niet gespecificeerd naar sector","Handel en ondernemerschap","BOLVT","3","Utrecht",0,-1,5,0,0
"niet gespecificeerd naar sector","Handel en ondernemerschap","BOLVT","4","Drenthe",24,8,24,44,20
"niet gespecificeerd naar sector","Handel en ondernemerschap","BOLVT","4","Flevoland",0,-1,-1,0,0
"niet gespecificeerd naar sector","Handel en ondernemerschap","BOLVT","4","Gelderland",0,6,13,0,0
"niet gespecificeerd naar sector","Handel en ondernemerschap","BOLVT","4","Groningen",0,0,-1,-1,7
"niet gespecificeerd naar sector","Handel en ondernemerschap","BOLVT","4","Noord-Holland",0,-1,28,18,0
"niet gespecificeerd naar sector","Handel en ondernemerschap","BOLVT","4","Overijssel",-1,0,-1,-1,-1
"niet gespecificeerd naar sector","Handel en ondernemerschap","BOLVT","4","Utrecht",0,23,58,-1,-1
"niet gespecificeerd naar sector","Handel en ondernemerschap","BOLVT","4","Zuid-Holland",0,0,-1,42,45
"niet gespecificeerd naar sector","Media en vormgeving","BOLVT","2","Gelderland",0,0,0,0,6
"niet gespecificeerd naar sector","Media en vormgeving","BOLVT","4","Flevoland",0,-1,0,0,0
"niet gespecificeerd naar sector","Media en vormgeving","BOLVT","4","Gelderland",5,6,-1,0,0
"niet gespecificeerd naar sector","Media en vormgeving","BOLVT","4","Limburg",-1,0,0,0,0
"niet gespecificeerd naar sector","Media en vormgeving","BOLVT","4","Noord-Brabant",-1,0,0,0,0
"niet gespecificeerd naar sector","Media en vormgeving","BOLVT","4","Noord-Holland",0,-1,0,0,0
"niet gespecificeerd naar sector","Media en vormgeving","BOLVT","4","Overijssel",0,-1,0,0,0
"niet gespecificeerd naar sector","Media en vormgeving","BOLVT","4","Utrecht",12,18,-1,0,0
"niet gespecificeerd naar sector","Media en vormgeving","BOLVT","4","Zuid-Holland",5,-1,-1,0,0
"niet gespecificeerd naar sector","Techniek en procesindustrie","BOLVT","2","Gelderland",0,0,-1,5,-1
"niet gespecificeerd naar sector","Techniek en procesindustrie","BOLVT","2","Noord-Brabant",0,0,13,14,8
"niet gespecificeerd naar sector","Toerisme en recreatie","BOLVT","3","Utrecht",0,0,-1,0,0
"niet gespecificeerd naar sector","Toerisme en recreatie","BOLVT","4","Noord-Holland",0,0,-1,13,18
"niet gespecificeerd naar sector","Toerisme en recreatie","BOLVT","4","Utrecht",0,-1,-1,-1,0
"niet gespecificeerd naar sector","Toerisme en recreatie","BOLVT","4","Zuid-Holland",0,0,0,-1,-1
"niet gespecificeerd naar sector","Uiterlijke verzorging","BOLVT","2","Utrecht",0,0,-1,0,0
"niet gespecificeerd naar sector","Uiterlijke verzorging","BOLVT","3","Noord-Holland",0,-1,0,0,0
"niet gespecificeerd naar sector","Uiterlijke verzorging","BOLVT","3","Utrecht",0,-1,7,0,0
"niet gespecificeerd naar sector","Uiterlijke verzorging","BOLVT","4","Flevoland",0,0,-1,0,0
"niet gespecificeerd naar sector","Uiterlijke verzorging","BOLVT","4","Gelderland",0,-1,-1,0,0
"niet gespecificeerd naar sector","Uiterlijke verzorging","BOLVT","4","Noord-Holland",0,-1,-1,0,0
"niet gespecificeerd naar sector","Uiterlijke verzorging","BOLVT","4","Utrecht",0,-1,14,0,0
"niet gespecificeerd naar sector","Voedsel, natuur en leefomgeving","BOLVT","2","Zuid-Holland",0,0,0,0,-1
"niet gespecificeerd naar sector","Zorg en welzijn","BOLVT","2","Gelderland",0,0,0,12,38
"niet gespecificeerd naar sector","Zorg en welzijn","BOLVT","2","Groningen",0,0,0,0,-1
"niet gespecificeerd naar sector","Zorg en welzijn","BOLVT","2","Noord-Brabant",6,0,-1,-1,-1
"niet gespecificeerd naar sector","Zorg en welzijn","BOLVT","2","Noord-Holland",0,0,0,0,13
"niet gespecificeerd naar sector","Zorg en welzijn","BOLVT","2","ONBEKEND",0,0,0,0,-1
"niet gespecificeerd naar sector","Zorg en welzijn","BOLVT","2","Overijssel",0,0,0,0,-1
"niet gespecificeerd naar sector","Zorg en welzijn","BOLVT","2","Utrecht",0,0,0,-1,0
"niet gespecificeerd naar sector","Zorg en welzijn","BOLVT","3","Gelderland",0,0,0,0,6
"niet gespecificeerd naar sector","Zorg en welzijn","BOLVT","3","Noord-Brabant",0,0,0,0,5
"niet gespecificeerd naar sector","Zorg en welzijn","BOLVT","3","Noord-Holland",0,0,0,0,-1
"niet gespecificeerd naar sector","Zorg en welzijn","BOLVT","4","Drenthe",0,0,0,-1,8
"niet gespecificeerd naar sector","Zorg en welzijn","BOLVT","4","Flevoland",0,0,0,0,6
"niet gespecificeerd naar sector","Zorg en welzijn","BOLVT","4","Gelderland",0,0,0,35,15
"niet gespecificeerd naar sector","Zorg en welzijn","BOLVT","4","Groningen",0,0,0,15,19
"niet gespecificeerd naar sector","Zorg en welzijn","BOLVT","4","Noord-Brabant",0,0,0,0,9
"niet gespecificeerd naar sector","Zorg en welzijn","BOLVT","4","Noord-Holland",0,0,0,0,-1
"niet gespecificeerd naar sector","Zorg en welzijn","BOLVT","4","Overijssel",0,0,0,15,22
"niet gespecificeerd naar sector","Zorg en welzijn","BOLVT","4","Utrecht",0,0,0,-1,9
"niet gespecificeerd naar sector","Zorg en welzijn","BOLVT","4","Zuid-Holland",0,0,0,0,-1
